location,parameter,date,value,unit
US Diplomatic Post: Jakarta South,pm25,2016-01-29T17:00:00Z,41.5,µg/m³
US Diplomatic Post: Jakarta South,pm25,2016-01-30T17:00:00Z,24.3,µg/m³
US Diplomatic Post: Jakarta South,pm25,2016-01-31T17:00:00Z,32.7,µg/m³
US Diplomatic Post: Jakarta South,pm25,2016-02-01T17:00:00Z,32.9,µg/m³
US Diplomatic Post: Jakarta South,pm25,2016-02-02T17:00:00Z,34.1,µg/m³
US Diplomatic Post: Jakarta South,pm25,2016-02-03T17:00:00Z,37.4,µg/m³
US Diplomatic Post: Jakarta South,pm25,2016-02-04T17:00:00Z,38.6,µg/m³
US Diplomatic Post: Jakarta South,pm25,2016-02-05T17:00:00Z,54.3,µg/m³
US Diplomatic Post: Jakarta South,pm25,2016-02-06T17:00:00Z,41.2,µg/m³
US Diplomatic Post: Jakarta South,pm25,2016-02-07T17:00:00Z,29.8,µg/m³
US Diplomatic Post: Jakarta South,pm25,2016-02-08T17:00:00Z,16.1,µg/m³
US Diplomatic Post: Jakarta South,pm25,2016-02-09T17:00:00Z,25.5,µg/m³
US Diplomatic Post: Jakarta South,pm25,2016-02-10T17:00:00Z,25.0,µg/m³
US Diplomatic Post: Jakarta South,pm25,2016-02-11T17:00:00Z,35.8,µg/m³
US Diplomatic Post: Jakarta South,pm25,2016-02-12T17:00:00Z,57.2,µg/m³
US Diplomatic Post: Jakarta South,pm25,2016-02-13T17:00:00Z,39.6,µg/m³
US Diplomatic Post: Jakarta South,pm25,2016-02-14T17:00:00Z,44.3,µg/m³
US Diplomatic Post: Jakarta South,pm25,2016-02-15T17:00:00Z,35.5,µg/m³
US Diplomatic Post: Jakarta South,pm25,2016-02-16T17:00:00Z,51.5,µg/m³
US Diplomatic Post: Jakarta South,pm25,2016-02-17T17:00:00Z,54.8,µg/m³
US Diplomatic Post: Jakarta South,pm25,2016-02-18T17:00:00Z,57.0,µg/m³
US Diplomatic Post: Jakarta South,pm25,2016-02-19T17:00:00Z,76.8,µg/m³
US Diplomatic Post: Jakarta South,pm25,2016-02-20T17:00:00Z,41.0,µg/m³
US Diplomatic Post: Jakarta South,pm25,2016-02-21T17:00:00Z,46.8,µg/m³
US Diplomatic Post: Jakarta South,pm25,2016-02-22T17:00:00Z,53.8,µg/m³
US Diplomatic Post: Jakarta South,pm25,2016-02-23T17:00:00Z,50.0,µg/m³
US Diplomatic Post: Jakarta South,pm25,2016-02-24T17:00:00Z,25.8,µg/m³
US Diplomatic Post: Jakarta South,pm25,2016-02-25T17:00:00Z,21.7,µg/m³
US Diplomatic Post: Jakarta South,pm25,2016-02-26T17:00:00Z,25.2,µg/m³
US Diplomatic Post: Jakarta South,pm25,2016-02-27T17:00:00Z,28.9,µg/m³
US Diplomatic Post: Jakarta South,pm25,2016-02-28T17:00:00Z,24.8,µg/m³
US Diplomatic Post: Jakarta South,pm25,2016-02-29T17:00:00Z,26.6,µg/m³
US Diplomatic Post: Jakarta South,pm25,2016-03-01T17:00:00Z,32.1,µg/m³
US Diplomatic Post: Jakarta South,pm25,2016-03-02T17:00:00Z,33.9,µg/m³
US Diplomatic Post: Jakarta South,pm25,2016-03-03T17:00:00Z,33.7,µg/m³
US Diplomatic Post: Jakarta South,pm25,2016-03-04T17:00:00Z,35.2,µg/m³
US Diplomatic Post: Jakarta South,pm25,2016-03-05T17:00:00Z,49.7,µg/m³
US Diplomatic Post: Jakarta South,pm25,2016-03-06T17:00:00Z,35.6,µg/m³
US Diplomatic Post: Jakarta South,pm25,2016-03-07T17:00:00Z,40.5,µg/m³
US Diplomatic Post: Jakarta South,pm25,2016-03-08T17:00:00Z,45.9,µg/m³
US Diplomatic Post: Jakarta South,pm25,2016-03-09T17:00:00Z,48.0,µg/m³
US Diplomatic Post: Jakarta South,pm25,2016-03-10T17:00:00Z,41.5,µg/m³
US Diplomatic Post: Jakarta South,pm25,2016-03-11T17:00:00Z,51.5,µg/m³
US Diplomatic Post: Jakarta South,pm25,2016-03-12T17:00:00Z,40.4,µg/m³
US Diplomatic Post: Jakarta South,pm25,2016-03-13T17:00:00Z,47.6,µg/m³
US Diplomatic Post: Jakarta South,pm25,2016-03-14T17:00:00Z,56.7,µg/m³
US Diplomatic Post: Jakarta South,pm25,2016-03-15T17:00:00Z,42.4,µg/m³
US Diplomatic Post: Jakarta South,pm25,2016-03-16T17:00:00Z,49.3,µg/m³
US Diplomatic Post: Jakarta South,pm25,2016-03-17T17:00:00Z,39.0,µg/m³
US Diplomatic Post: Jakarta South,pm25,2016-03-18T17:00:00Z,48.4,µg/m³
US Diplomatic Post: Jakarta South,pm25,2016-03-19T17:00:00Z,34.5,µg/m³
US Diplomatic Post: Jakarta South,pm25,2016-03-20T17:00:00Z,60.7,µg/m³
US Diplomatic Post: Jakarta South,pm25,2016-03-21T17:00:00Z,42.9,µg/m³
US Diplomatic Post: Jakarta South,pm25,2016-03-22T17:00:00Z,24.5,µg/m³
US Diplomatic Post: Jakarta South,pm25,2016-03-23T17:00:00Z,38.3,µg/m³
US Diplomatic Post: Jakarta South,pm25,2016-03-24T17:00:00Z,66.8,µg/m³
US Diplomatic Post: Jakarta South,pm25,2016-03-25T17:00:00Z,35.5,µg/m³
US Diplomatic Post: Jakarta South,pm25,2016-03-26T17:00:00Z,46.9,µg/m³
US Diplomatic Post: Jakarta South,pm25,2016-03-27T17:00:00Z,38.5,µg/m³
US Diplomatic Post: Jakarta South,pm25,2016-03-28T17:00:00Z,58.4,µg/m³
US Diplomatic Post: Jakarta South,pm25,2016-03-29T17:00:00Z,39.6,µg/m³
US Diplomatic Post: Jakarta South,pm25,2016-03-30T17:00:00Z,69.0,µg/m³
US Diplomatic Post: Jakarta South,pm25,2016-03-31T17:00:00Z,64.2,µg/m³
US Diplomatic Post: Jakarta South,pm25,2016-04-01T17:00:00Z,24.8,µg/m³
US Diplomatic Post: Jakarta South,pm25,2016-04-02T17:00:00Z,33.1,µg/m³
US Diplomatic Post: Jakarta South,pm25,2016-04-03T17:00:00Z,28.6,µg/m³
US Diplomatic Post: Jakarta South,pm25,2016-04-04T17:00:00Z,37.8,µg/m³
US Diplomatic Post: Jakarta South,pm25,2016-04-05T17:00:00Z,40.5,µg/m³
US Diplomatic Post: Jakarta South,pm25,2016-04-06T17:00:00Z,33.8,µg/m³
US Diplomatic Post: Jakarta South,pm25,2016-04-07T17:00:00Z,45.9,µg/m³
US Diplomatic Post: Jakarta South,pm25,2016-04-08T17:00:00Z,43.5,µg/m³
US Diplomatic Post: Jakarta South,pm25,2016-04-09T17:00:00Z,41.3,µg/m³
US Diplomatic Post: Jakarta South,pm25,2016-04-10T17:00:00Z,63.3,µg/m³
US Diplomatic Post: Jakarta South,pm25,2016-04-11T17:00:00Z,53.3,µg/m³
US Diplomatic Post: Jakarta South,pm25,2016-04-12T17:00:00Z,38.1,µg/m³
US Diplomatic Post: Jakarta South,pm25,2016-04-13T17:00:00Z,44.5,µg/m³
US Diplomatic Post: Jakarta South,pm25,2016-04-14T17:00:00Z,54.3,µg/m³
US Diplomatic Post: Jakarta South,pm25,2016-04-15T17:00:00Z,46.7,µg/m³
US Diplomatic Post: Jakarta South,pm25,2016-04-16T17:00:00Z,31.2,µg/m³
US Diplomatic Post: Jakarta South,pm25,2016-04-17T17:00:00Z,35.0,µg/m³
US Diplomatic Post: Jakarta South,pm25,2016-04-18T17:00:00Z,39.0,µg/m³
US Diplomatic Post: Jakarta South,pm25,2016-04-19T17:00:00Z,38.1,µg/m³
US Diplomatic Post: Jakarta South,pm25,2016-04-20T17:00:00Z,32.7,µg/m³
US Diplomatic Post: Jakarta South,pm25,2016-04-21T17:00:00Z,31.9,µg/m³
US Diplomatic Post: Jakarta South,pm25,2016-04-22T17:00:00Z,36.2,µg/m³
US Diplomatic Post: Jakarta South,pm25,2016-04-23T17:00:00Z,36.5,µg/m³
US Diplomatic Post: Jakarta South,pm25,2016-04-24T17:00:00Z,48.3,µg/m³
US Diplomatic Post: Jakarta South,pm25,2016-04-25T17:00:00Z,66.4,µg/m³
US Diplomatic Post: Jakarta South,pm25,2016-04-26T17:00:00Z,46.0,µg/m³
US Diplomatic Post: Jakarta South,pm25,2016-04-27T17:00:00Z,56.1,µg/m³
US Diplomatic Post: Jakarta South,pm25,2016-04-28T17:00:00Z,43.1,µg/m³
US Diplomatic Post: Jakarta South,pm25,2016-04-29T17:00:00Z,44.2,µg/m³
US Diplomatic Post: Jakarta South,pm25,2016-04-30T17:00:00Z,38.1,µg/m³
US Diplomatic Post: Jakarta South,pm25,2016-05-01T17:00:00Z,43.7,µg/m³
US Diplomatic Post: Jakarta South,pm25,2016-05-02T17:00:00Z,42.4,µg/m³
US Diplomatic Post: Jakarta South,pm25,2016-05-03T17:00:00Z,40.5,µg/m³
US Diplomatic Post: Jakarta South,pm25,2016-05-04T17:00:00Z,48.4,µg/m³
US Diplomatic Post: Jakarta South,pm25,2016-05-05T17:00:00Z,76.1,µg/m³
US Diplomatic Post: Jakarta South,pm25,2016-05-06T17:00:00Z,67.3,µg/m³
US Diplomatic Post: Jakarta South,pm25,2016-05-07T17:00:00Z,59.7,µg/m³
US Diplomatic Post: Jakarta South,pm25,2016-05-08T17:00:00Z,47.9,µg/m³
US Diplomatic Post: Jakarta South,pm25,2016-05-09T17:00:00Z,48.8,µg/m³
US Diplomatic Post: Jakarta South,pm25,2016-05-10T17:00:00Z,49.3,µg/m³
US Diplomatic Post: Jakarta South,pm25,2016-05-11T17:00:00Z,57.6,µg/m³
US Diplomatic Post: Jakarta South,pm25,2016-05-12T17:00:00Z,40.9,µg/m³
US Diplomatic Post: Jakarta South,pm25,2016-05-13T17:00:00Z,48.1,µg/m³
US Diplomatic Post: Jakarta South,pm25,2016-05-14T17:00:00Z,28.7,µg/m³
US Diplomatic Post: Jakarta South,pm25,2016-05-15T17:00:00Z,48.7,µg/m³
US Diplomatic Post: Jakarta South,pm25,2016-05-16T17:00:00Z,70.0,µg/m³
US Diplomatic Post: Jakarta South,pm25,2016-05-17T17:00:00Z,51.0,µg/m³
US Diplomatic Post: Jakarta South,pm25,2016-05-18T17:00:00Z,58.5,µg/m³
US Diplomatic Post: Jakarta South,pm25,2016-05-19T17:00:00Z,60.5,µg/m³
US Diplomatic Post: Jakarta South,pm25,2016-05-20T17:00:00Z,42.8,µg/m³
US Diplomatic Post: Jakarta South,pm25,2016-05-21T17:00:00Z,55.4,µg/m³
US Diplomatic Post: Jakarta South,pm25,2016-05-22T17:00:00Z,56.5,µg/m³
US Diplomatic Post: Jakarta South,pm25,2016-05-23T17:00:00Z,45.5,µg/m³
US Diplomatic Post: Jakarta South,pm25,2016-05-24T17:00:00Z,39.6,µg/m³
US Diplomatic Post: Jakarta South,pm25,2016-05-25T17:00:00Z,48.6,µg/m³
US Diplomatic Post: Jakarta South,pm25,2016-05-26T17:00:00Z,79.9,µg/m³
US Diplomatic Post: Jakarta South,pm25,2016-05-27T17:00:00Z,123.0,µg/m³
US Diplomatic Post: Jakarta South,pm25,2016-05-28T17:00:00Z,33.0,µg/m³
US Diplomatic Post: Jakarta South,pm25,2016-05-29T17:00:00Z,48.2,µg/m³
US Diplomatic Post: Jakarta South,pm25,2016-05-30T17:00:00Z,48.6,µg/m³
US Diplomatic Post: Jakarta South,pm25,2016-05-31T17:00:00Z,64.5,µg/m³
US Diplomatic Post: Jakarta South,pm25,2016-06-01T17:00:00Z,37.8,µg/m³
US Diplomatic Post: Jakarta South,pm25,2016-06-02T17:00:00Z,40.6,µg/m³
US Diplomatic Post: Jakarta South,pm25,2016-06-03T17:00:00Z,62.8,µg/m³
US Diplomatic Post: Jakarta South,pm25,2016-06-04T17:00:00Z,72.5,µg/m³
US Diplomatic Post: Jakarta South,pm25,2016-06-05T17:00:00Z,86.2,µg/m³
US Diplomatic Post: Jakarta South,pm25,2016-06-06T17:00:00Z,47.5,µg/m³
US Diplomatic Post: Jakarta South,pm25,2016-06-07T17:00:00Z,26.3,µg/m³
US Diplomatic Post: Jakarta South,pm25,2016-06-08T17:00:00Z,58.2,µg/m³
US Diplomatic Post: Jakarta South,pm25,2016-06-09T17:00:00Z,37.8,µg/m³
US Diplomatic Post: Jakarta South,pm25,2016-06-10T17:00:00Z,53.8,µg/m³
US Diplomatic Post: Jakarta South,pm25,2016-06-11T17:00:00Z,65.3,µg/m³
US Diplomatic Post: Jakarta South,pm25,2016-06-12T17:00:00Z,56.2,µg/m³
US Diplomatic Post: Jakarta South,pm25,2016-06-13T17:00:00Z,53.9,µg/m³
US Diplomatic Post: Jakarta South,pm25,2016-06-14T17:00:00Z,47.8,µg/m³
US Diplomatic Post: Jakarta South,pm25,2016-06-15T17:00:00Z,46.7,µg/m³
US Diplomatic Post: Jakarta South,pm25,2016-06-16T17:00:00Z,44.7,µg/m³
US Diplomatic Post: Jakarta South,pm25,2016-06-17T17:00:00Z,25.1,µg/m³
US Diplomatic Post: Jakarta South,pm25,2016-06-18T17:00:00Z,50.9,µg/m³
US Diplomatic Post: Jakarta South,pm25,2016-06-19T17:00:00Z,68.8,µg/m³
US Diplomatic Post: Jakarta South,pm25,2016-06-20T17:00:00Z,64.0,µg/m³
US Diplomatic Post: Jakarta South,pm25,2016-06-21T17:00:00Z,31.5,µg/m³
US Diplomatic Post: Jakarta South,pm25,2016-06-22T17:00:00Z,30.8,µg/m³
US Diplomatic Post: Jakarta South,pm25,2016-06-23T17:00:00Z,48.5,µg/m³
US Diplomatic Post: Jakarta South,pm25,2016-06-24T17:00:00Z,64.0,µg/m³
US Diplomatic Post: Jakarta South,pm25,2016-06-25T17:00:00Z,61.2,µg/m³
US Diplomatic Post: Jakarta South,pm25,2016-06-26T17:00:00Z,66.6,µg/m³
US Diplomatic Post: Jakarta South,pm25,2016-06-27T17:00:00Z,47.2,µg/m³
US Diplomatic Post: Jakarta South,pm25,2016-06-28T17:00:00Z,56.4,µg/m³
US Diplomatic Post: Jakarta South,pm25,2016-06-29T17:00:00Z,42.9,µg/m³
US Diplomatic Post: Jakarta South,pm25,2016-06-30T17:00:00Z,49.5,µg/m³
US Diplomatic Post: Jakarta South,pm25,2016-07-01T17:00:00Z,47.3,µg/m³
US Diplomatic Post: Jakarta South,pm25,2016-07-02T17:00:00Z,45.0,µg/m³
US Diplomatic Post: Jakarta South,pm25,2016-07-03T17:00:00Z,31.2,µg/m³
US Diplomatic Post: Jakarta South,pm25,2016-07-04T17:00:00Z,44.0,µg/m³
US Diplomatic Post: Jakarta South,pm25,2016-07-05T17:00:00Z,53.3,µg/m³
US Diplomatic Post: Jakarta South,pm25,2016-07-06T17:00:00Z,33.4,µg/m³
US Diplomatic Post: Jakarta South,pm25,2016-07-07T17:00:00Z,36.6,µg/m³
US Diplomatic Post: Jakarta South,pm25,2016-07-08T17:00:00Z,42.8,µg/m³
US Diplomatic Post: Jakarta South,pm25,2016-07-09T17:00:00Z,55.8,µg/m³
US Diplomatic Post: Jakarta South,pm25,2016-07-10T17:00:00Z,52.5,µg/m³
US Diplomatic Post: Jakarta South,pm25,2016-07-11T17:00:00Z,42.6,µg/m³
US Diplomatic Post: Jakarta South,pm25,2016-07-12T17:00:00Z,53.1,µg/m³
US Diplomatic Post: Jakarta South,pm25,2016-07-13T17:00:00Z,48.0,µg/m³
US Diplomatic Post: Jakarta South,pm25,2016-07-14T17:00:00Z,32.0,µg/m³
US Diplomatic Post: Jakarta South,pm25,2016-07-15T17:00:00Z,37.3,µg/m³
US Diplomatic Post: Jakarta South,pm25,2016-07-16T17:00:00Z,47.4,µg/m³
US Diplomatic Post: Jakarta South,pm25,2016-07-17T17:00:00Z,42.1,µg/m³
US Diplomatic Post: Jakarta South,pm25,2016-07-18T17:00:00Z,47.4,µg/m³
US Diplomatic Post: Jakarta South,pm25,2016-07-19T17:00:00Z,30.8,µg/m³
US Diplomatic Post: Jakarta South,pm25,2016-07-20T17:00:00Z,34.0,µg/m³
US Diplomatic Post: Jakarta South,pm25,2016-07-21T17:00:00Z,41.8,µg/m³
US Diplomatic Post: Jakarta South,pm25,2016-07-22T17:00:00Z,40.8,µg/m³
US Diplomatic Post: Jakarta South,pm25,2016-07-23T17:00:00Z,53.3,µg/m³
US Diplomatic Post: Jakarta South,pm25,2016-07-24T17:00:00Z,33.7,µg/m³
US Diplomatic Post: Jakarta South,pm25,2016-07-25T17:00:00Z,47.6,µg/m³
US Diplomatic Post: Jakarta South,pm25,2016-07-26T17:00:00Z,46.0,µg/m³
US Diplomatic Post: Jakarta South,pm25,2016-07-27T17:00:00Z,45.0,µg/m³
US Diplomatic Post: Jakarta South,pm25,2016-07-28T17:00:00Z,50.9,µg/m³
US Diplomatic Post: Jakarta South,pm25,2016-07-29T17:00:00Z,42.9,µg/m³
US Diplomatic Post: Jakarta South,pm25,2016-07-30T17:00:00Z,62.5,µg/m³
US Diplomatic Post: Jakarta South,pm25,2016-07-31T17:00:00Z,41.1,µg/m³
US Diplomatic Post: Jakarta South,pm25,2016-08-01T17:00:00Z,36.3,µg/m³
US Diplomatic Post: Jakarta South,pm25,2016-08-02T17:00:00Z,24.2,µg/m³
US Diplomatic Post: Jakarta South,pm25,2016-08-03T17:00:00Z,48.8,µg/m³
US Diplomatic Post: Jakarta South,pm25,2016-08-04T17:00:00Z,68.0,µg/m³
US Diplomatic Post: Jakarta South,pm25,2016-08-05T17:00:00Z,56.4,µg/m³
US Diplomatic Post: Jakarta South,pm25,2016-08-06T17:00:00Z,39.7,µg/m³
US Diplomatic Post: Jakarta South,pm25,2016-08-07T17:00:00Z,36.8,µg/m³
US Diplomatic Post: Jakarta South,pm25,2016-08-08T17:00:00Z,39.4,µg/m³
US Diplomatic Post: Jakarta South,pm25,2016-08-09T17:00:00Z,49.5,µg/m³
US Diplomatic Post: Jakarta South,pm25,2016-08-10T17:00:00Z,53.5,µg/m³
US Diplomatic Post: Jakarta South,pm25,2016-08-11T17:00:00Z,53.0,µg/m³
US Diplomatic Post: Jakarta South,pm25,2016-08-12T17:00:00Z,43.8,µg/m³
US Diplomatic Post: Jakarta South,pm25,2016-08-13T17:00:00Z,33.6,µg/m³
US Diplomatic Post: Jakarta South,pm25,2016-08-14T17:00:00Z,39.6,µg/m³
US Diplomatic Post: Jakarta South,pm25,2016-08-15T17:00:00Z,50.8,µg/m³
US Diplomatic Post: Jakarta South,pm25,2016-08-16T17:00:00Z,50.0,µg/m³
US Diplomatic Post: Jakarta South,pm25,2016-08-17T17:00:00Z,51.6,µg/m³
US Diplomatic Post: Jakarta South,pm25,2016-08-18T17:00:00Z,37.8,µg/m³
US Diplomatic Post: Jakarta South,pm25,2016-08-19T17:00:00Z,30.3,µg/m³
US Diplomatic Post: Jakarta South,pm25,2016-08-20T17:00:00Z,41.8,µg/m³
US Diplomatic Post: Jakarta South,pm25,2016-08-21T17:00:00Z,38.9,µg/m³
US Diplomatic Post: Jakarta South,pm25,2016-08-22T17:00:00Z,38.0,µg/m³
US Diplomatic Post: Jakarta South,pm25,2016-08-23T17:00:00Z,38.9,µg/m³
US Diplomatic Post: Jakarta South,pm25,2016-08-24T17:00:00Z,49.6,µg/m³
US Diplomatic Post: Jakarta South,pm25,2016-08-25T17:00:00Z,51.1,µg/m³
US Diplomatic Post: Jakarta South,pm25,2016-08-26T17:00:00Z,39.4,µg/m³
US Diplomatic Post: Jakarta South,pm25,2016-08-27T17:00:00Z,57.2,µg/m³
US Diplomatic Post: Jakarta South,pm25,2016-08-28T17:00:00Z,77.6,µg/m³
US Diplomatic Post: Jakarta South,pm25,2016-08-29T17:00:00Z,69.4,µg/m³
US Diplomatic Post: Jakarta South,pm25,2016-08-30T17:00:00Z,56.4,µg/m³
US Diplomatic Post: Jakarta South,pm25,2016-08-31T17:00:00Z,47.7,µg/m³
US Diplomatic Post: Jakarta South,pm25,2016-09-01T17:00:00Z,61.1,µg/m³
US Diplomatic Post: Jakarta South,pm25,2016-09-02T17:00:00Z,51.0,µg/m³
US Diplomatic Post: Jakarta South,pm25,2016-09-03T17:00:00Z,54.0,µg/m³
US Diplomatic Post: Jakarta South,pm25,2016-09-04T17:00:00Z,28.4,µg/m³
US Diplomatic Post: Jakarta South,pm25,2016-09-05T17:00:00Z,51.4,µg/m³
US Diplomatic Post: Jakarta South,pm25,2016-09-06T17:00:00Z,35.2,µg/m³
US Diplomatic Post: Jakarta South,pm25,2016-09-07T17:00:00Z,49.0,µg/m³
US Diplomatic Post: Jakarta South,pm25,2016-09-08T17:00:00Z,50.3,µg/m³
US Diplomatic Post: Jakarta South,pm25,2016-09-09T17:00:00Z,49.3,µg/m³
US Diplomatic Post: Jakarta South,pm25,2016-09-10T17:00:00Z,47.8,µg/m³
US Diplomatic Post: Jakarta South,pm25,2016-09-11T17:00:00Z,47.2,µg/m³
US Diplomatic Post: Jakarta South,pm25,2016-09-12T17:00:00Z,36.0,µg/m³
US Diplomatic Post: Jakarta South,pm25,2016-09-13T17:00:00Z,35.2,µg/m³
US Diplomatic Post: Jakarta South,pm25,2016-09-14T17:00:00Z,37.8,µg/m³
US Diplomatic Post: Jakarta South,pm25,2016-09-15T17:00:00Z,55.0,µg/m³
US Diplomatic Post: Jakarta South,pm25,2016-09-16T17:00:00Z,36.3,µg/m³
US Diplomatic Post: Jakarta South,pm25,2016-09-17T17:00:00Z,47.9,µg/m³
US Diplomatic Post: Jakarta South,pm25,2016-09-18T17:00:00Z,48.3,µg/m³
US Diplomatic Post: Jakarta South,pm25,2016-09-19T17:00:00Z,37.4,µg/m³
US Diplomatic Post: Jakarta South,pm25,2016-09-20T17:00:00Z,25.0,µg/m³
US Diplomatic Post: Jakarta South,pm25,2016-09-21T17:00:00Z,28.8,µg/m³
US Diplomatic Post: Jakarta South,pm25,2016-09-22T17:00:00Z,29.9,µg/m³
US Diplomatic Post: Jakarta South,pm25,2016-09-23T17:00:00Z,30.0,µg/m³
US Diplomatic Post: Jakarta South,pm25,2016-09-24T17:00:00Z,55.1,µg/m³
US Diplomatic Post: Jakarta South,pm25,2016-09-25T17:00:00Z,22.8,µg/m³
US Diplomatic Post: Jakarta South,pm25,2016-09-26T17:00:00Z,57.9,µg/m³
US Diplomatic Post: Jakarta South,pm25,2016-09-27T17:00:00Z,26.7,µg/m³
US Diplomatic Post: Jakarta South,pm25,2016-09-28T17:00:00Z,23.3,µg/m³
US Diplomatic Post: Jakarta South,pm25,2016-09-29T17:00:00Z,34.1,µg/m³
US Diplomatic Post: Jakarta South,pm25,2016-09-30T17:00:00Z,30.5,µg/m³
US Diplomatic Post: Jakarta South,pm25,2016-10-01T17:00:00Z,18.2,µg/m³
US Diplomatic Post: Jakarta South,pm25,2016-10-02T17:00:00Z,45.6,µg/m³
US Diplomatic Post: Jakarta South,pm25,2016-10-03T17:00:00Z,41.6,µg/m³
US Diplomatic Post: Jakarta South,pm25,2016-10-04T17:00:00Z,45.3,µg/m³
US Diplomatic Post: Jakarta South,pm25,2016-10-05T17:00:00Z,30.7,µg/m³
US Diplomatic Post: Jakarta South,pm25,2016-10-06T17:00:00Z,44.3,µg/m³
US Diplomatic Post: Jakarta South,pm25,2016-10-07T17:00:00Z,29.4,µg/m³
US Diplomatic Post: Jakarta South,pm25,2016-10-08T17:00:00Z,22.9,µg/m³
US Diplomatic Post: Jakarta South,pm25,2016-10-09T17:00:00Z,49.0,µg/m³
US Diplomatic Post: Jakarta South,pm25,2016-10-10T17:00:00Z,49.7,µg/m³
US Diplomatic Post: Jakarta South,pm25,2016-10-11T17:00:00Z,57.0,µg/m³
US Diplomatic Post: Jakarta South,pm25,2016-10-12T17:00:00Z,58.7,µg/m³
US Diplomatic Post: Jakarta South,pm25,2016-10-13T17:00:00Z,28.4,µg/m³
US Diplomatic Post: Jakarta South,pm25,2016-10-14T17:00:00Z,33.9,µg/m³
US Diplomatic Post: Jakarta South,pm25,2016-10-15T17:00:00Z,29.1,µg/m³
US Diplomatic Post: Jakarta South,pm25,2016-10-16T17:00:00Z,46.7,µg/m³
US Diplomatic Post: Jakarta South,pm25,2016-10-17T17:00:00Z,49.3,µg/m³
US Diplomatic Post: Jakarta South,pm25,2016-10-18T17:00:00Z,41.1,µg/m³
US Diplomatic Post: Jakarta South,pm25,2016-10-19T17:00:00Z,54.7,µg/m³
US Diplomatic Post: Jakarta South,pm25,2016-10-20T17:00:00Z,76.4,µg/m³
US Diplomatic Post: Jakarta South,pm25,2016-10-21T17:00:00Z,56.2,µg/m³
US Diplomatic Post: Jakarta South,pm25,2016-10-22T17:00:00Z,22.0,µg/m³
US Diplomatic Post: Jakarta South,pm25,2016-10-23T17:00:00Z,49.0,µg/m³
US Diplomatic Post: Jakarta South,pm25,2016-10-24T17:00:00Z,48.3,µg/m³
US Diplomatic Post: Jakarta South,pm25,2016-10-25T17:00:00Z,31.7,µg/m³
US Diplomatic Post: Jakarta South,pm25,2016-10-26T17:00:00Z,35.3,µg/m³
US Diplomatic Post: Jakarta South,pm25,2016-10-27T17:00:00Z,47.4,µg/m³
US Diplomatic Post: Jakarta South,pm25,2016-10-28T17:00:00Z,31.8,µg/m³
US Diplomatic Post: Jakarta South,pm25,2016-10-29T17:00:00Z,38.0,µg/m³
US Diplomatic Post: Jakarta South,pm25,2016-10-30T17:00:00Z,33.7,µg/m³
US Diplomatic Post: Jakarta South,pm25,2016-10-31T17:00:00Z,20.4,µg/m³
US Diplomatic Post: Jakarta South,pm25,2016-11-01T17:00:00Z,25.7,µg/m³
US Diplomatic Post: Jakarta South,pm25,2016-11-02T17:00:00Z,35.7,µg/m³
US Diplomatic Post: Jakarta South,pm25,2016-11-03T17:00:00Z,62.3,µg/m³
US Diplomatic Post: Jakarta South,pm25,2016-11-04T17:00:00Z,73.1,µg/m³
US Diplomatic Post: Jakarta South,pm25,2016-11-05T17:00:00Z,91.6,µg/m³
US Diplomatic Post: Jakarta South,pm25,2016-11-06T17:00:00Z,56.4,µg/m³
US Diplomatic Post: Jakarta South,pm25,2016-11-07T17:00:00Z,54.0,µg/m³
US Diplomatic Post: Jakarta South,pm25,2016-11-08T17:00:00Z,41.0,µg/m³
US Diplomatic Post: Jakarta Central,pm25,2016-01-29T17:00:00Z,12.1,µg/m³
US Diplomatic Post: Jakarta Central,pm25,2016-01-30T17:00:00Z,8.5,µg/m³
US Diplomatic Post: Jakarta Central,pm25,2016-01-31T17:00:00Z,10.8,µg/m³
US Diplomatic Post: Jakarta Central,pm25,2016-02-01T17:00:00Z,16.2,µg/m³
US Diplomatic Post: Jakarta Central,pm25,2016-02-02T17:00:00Z,12.3,µg/m³
US Diplomatic Post: Jakarta Central,pm25,2016-02-03T17:00:00Z,22.6,µg/m³
US Diplomatic Post: Jakarta Central,pm25,2016-02-04T17:00:00Z,78.3,µg/m³
US Diplomatic Post: Jakarta Central,pm25,2016-02-05T17:00:00Z,34.9,µg/m³
US Diplomatic Post: Jakarta Central,pm25,2016-02-06T17:00:00Z,23.1,µg/m³
US Diplomatic Post: Jakarta Central,pm25,2016-02-07T17:00:00Z,12.8,µg/m³
US Diplomatic Post: Jakarta Central,pm25,2016-02-08T17:00:00Z,93.8,µg/m³
US Diplomatic Post: Jakarta Central,pm25,2016-02-09T17:00:00Z,55.7,µg/m³
US Diplomatic Post: Jakarta Central,pm25,2016-02-10T17:00:00Z,17.1,µg/m³
US Diplomatic Post: Jakarta Central,pm25,2016-02-11T17:00:00Z,18.3,µg/m³
US Diplomatic Post: Jakarta Central,pm25,2016-02-12T17:00:00Z,40.3,µg/m³
US Diplomatic Post: Jakarta Central,pm25,2016-02-13T17:00:00Z,33.1,µg/m³
US Diplomatic Post: Jakarta Central,pm25,2016-02-14T17:00:00Z,32.8,µg/m³
US Diplomatic Post: Jakarta Central,pm25,2016-02-15T17:00:00Z,21.0,µg/m³
US Diplomatic Post: Jakarta Central,pm25,2016-02-16T17:00:00Z,18.3,µg/m³
US Diplomatic Post: Jakarta Central,pm25,2016-02-17T17:00:00Z,42.3,µg/m³
US Diplomatic Post: Jakarta Central,pm25,2016-02-18T17:00:00Z,45.4,µg/m³
US Diplomatic Post: Jakarta Central,pm25,2016-02-19T17:00:00Z,56.6,µg/m³
US Diplomatic Post: Jakarta Central,pm25,2016-02-20T17:00:00Z,32.4,µg/m³
US Diplomatic Post: Jakarta Central,pm25,2016-02-21T17:00:00Z,28.8,µg/m³
US Diplomatic Post: Jakarta Central,pm25,2016-02-22T17:00:00Z,42.9,µg/m³
US Diplomatic Post: Jakarta Central,pm25,2016-02-23T17:00:00Z,34.2,µg/m³
US Diplomatic Post: Jakarta Central,pm25,2016-02-24T17:00:00Z,17.1,µg/m³
US Diplomatic Post: Jakarta Central,pm25,2016-02-25T17:00:00Z,17.3,µg/m³
US Diplomatic Post: Jakarta Central,pm25,2016-02-26T17:00:00Z,19.5,µg/m³
US Diplomatic Post: Jakarta Central,pm25,2016-02-27T17:00:00Z,29.4,µg/m³
US Diplomatic Post: Jakarta Central,pm25,2016-02-28T17:00:00Z,20.8,µg/m³
US Diplomatic Post: Jakarta Central,pm25,2016-02-29T17:00:00Z,16.7,µg/m³
US Diplomatic Post: Jakarta Central,pm25,2016-03-01T17:00:00Z,27.3,µg/m³
US Diplomatic Post: Jakarta Central,pm25,2016-03-02T17:00:00Z,20.1,µg/m³
US Diplomatic Post: Jakarta Central,pm25,2016-03-03T17:00:00Z,18.3,µg/m³
US Diplomatic Post: Jakarta Central,pm25,2016-03-04T17:00:00Z,26.1,µg/m³
US Diplomatic Post: Jakarta Central,pm25,2016-03-05T17:00:00Z,37.7,µg/m³
US Diplomatic Post: Jakarta Central,pm25,2016-03-06T17:00:00Z,25.9,µg/m³
US Diplomatic Post: Jakarta Central,pm25,2016-03-07T17:00:00Z,28.3,µg/m³
US Diplomatic Post: Jakarta Central,pm25,2016-03-08T17:00:00Z,37.2,µg/m³
US Diplomatic Post: Jakarta Central,pm25,2016-03-09T17:00:00Z,41.1,µg/m³
US Diplomatic Post: Jakarta Central,pm25,2016-03-10T17:00:00Z,37.9,µg/m³
US Diplomatic Post: Jakarta Central,pm25,2016-03-11T17:00:00Z,39.3,µg/m³
US Diplomatic Post: Jakarta Central,pm25,2016-03-12T17:00:00Z,35.2,µg/m³
US Diplomatic Post: Jakarta Central,pm25,2016-03-13T17:00:00Z,77.5,µg/m³
US Diplomatic Post: Jakarta Central,pm25,2016-03-14T17:00:00Z,46.3,µg/m³
US Diplomatic Post: Jakarta Central,pm25,2016-03-15T17:00:00Z,31.7,µg/m³
US Diplomatic Post: Jakarta Central,pm25,2016-03-16T17:00:00Z,36.0,µg/m³
US Diplomatic Post: Jakarta Central,pm25,2016-03-17T17:00:00Z,16.9,µg/m³
US Diplomatic Post: Jakarta Central,pm25,2016-03-18T17:00:00Z,29.0,µg/m³
US Diplomatic Post: Jakarta Central,pm25,2016-03-19T17:00:00Z,20.0,µg/m³
US Diplomatic Post: Jakarta Central,pm25,2016-03-20T17:00:00Z,38.6,µg/m³
US Diplomatic Post: Jakarta Central,pm25,2016-03-21T17:00:00Z,36.5,µg/m³
US Diplomatic Post: Jakarta Central,pm25,2016-03-22T17:00:00Z,19.3,µg/m³
US Diplomatic Post: Jakarta Central,pm25,2016-03-23T17:00:00Z,33.4,µg/m³
US Diplomatic Post: Jakarta Central,pm25,2016-03-24T17:00:00Z,51.7,µg/m³
US Diplomatic Post: Jakarta Central,pm25,2016-03-25T17:00:00Z,29.7,µg/m³
US Diplomatic Post: Jakarta Central,pm25,2016-03-26T17:00:00Z,32.4,µg/m³
US Diplomatic Post: Jakarta Central,pm25,2016-03-27T17:00:00Z,26.1,µg/m³
US Diplomatic Post: Jakarta Central,pm25,2016-03-28T17:00:00Z,35.9,µg/m³
US Diplomatic Post: Jakarta Central,pm25,2016-03-29T17:00:00Z,26.6,µg/m³
US Diplomatic Post: Jakarta Central,pm25,2016-03-30T17:00:00Z,53.4,µg/m³
US Diplomatic Post: Jakarta Central,pm25,2016-03-31T17:00:00Z,43.2,µg/m³
US Diplomatic Post: Jakarta Central,pm25,2016-04-01T17:00:00Z,18.8,µg/m³
US Diplomatic Post: Jakarta Central,pm25,2016-04-02T17:00:00Z,29.7,µg/m³
US Diplomatic Post: Jakarta Central,pm25,2016-04-03T17:00:00Z,26.7,µg/m³
US Diplomatic Post: Jakarta Central,pm25,2016-04-04T17:00:00Z,33.1,µg/m³
US Diplomatic Post: Jakarta Central,pm25,2016-04-05T17:00:00Z,42.1,µg/m³
US Diplomatic Post: Jakarta Central,pm25,2016-04-06T17:00:00Z,34.0,µg/m³
US Diplomatic Post: Jakarta Central,pm25,2016-04-07T17:00:00Z,34.7,µg/m³
US Diplomatic Post: Jakarta Central,pm25,2016-04-08T17:00:00Z,38.1,µg/m³
US Diplomatic Post: Jakarta Central,pm25,2016-04-09T17:00:00Z,39.8,µg/m³
US Diplomatic Post: Jakarta Central,pm25,2016-04-10T17:00:00Z,49.3,µg/m³
US Diplomatic Post: Jakarta Central,pm25,2016-04-11T17:00:00Z,43.9,µg/m³
US Diplomatic Post: Jakarta Central,pm25,2016-04-12T17:00:00Z,35.4,µg/m³
US Diplomatic Post: Jakarta Central,pm25,2016-04-13T17:00:00Z,38.8,µg/m³
US Diplomatic Post: Jakarta Central,pm25,2016-04-14T17:00:00Z,41.0,µg/m³
US Diplomatic Post: Jakarta Central,pm25,2016-04-15T17:00:00Z,38.9,µg/m³
US Diplomatic Post: Jakarta Central,pm25,2016-04-16T17:00:00Z,28.8,µg/m³
US Diplomatic Post: Jakarta Central,pm25,2016-04-17T17:00:00Z,33.3,µg/m³
US Diplomatic Post: Jakarta Central,pm25,2016-04-18T17:00:00Z,36.0,µg/m³
US Diplomatic Post: Jakarta Central,pm25,2016-04-19T17:00:00Z,31.0,µg/m³
US Diplomatic Post: Jakarta Central,pm25,2016-04-20T17:00:00Z,31.6,µg/m³
US Diplomatic Post: Jakarta Central,pm25,2016-04-21T17:00:00Z,29.6,µg/m³
US Diplomatic Post: Jakarta Central,pm25,2016-04-22T17:00:00Z,32.5,µg/m³
US Diplomatic Post: Jakarta Central,pm25,2016-04-23T17:00:00Z,31.5,µg/m³
US Diplomatic Post: Jakarta Central,pm25,2016-04-24T17:00:00Z,39.2,µg/m³
US Diplomatic Post: Jakarta Central,pm25,2016-04-25T17:00:00Z,49.0,µg/m³
US Diplomatic Post: Jakarta Central,pm25,2016-04-26T17:00:00Z,39.3,µg/m³
US Diplomatic Post: Jakarta Central,pm25,2016-04-27T17:00:00Z,50.4,µg/m³
US Diplomatic Post: Jakarta Central,pm25,2016-04-28T17:00:00Z,42.0,µg/m³
US Diplomatic Post: Jakarta Central,pm25,2016-04-29T17:00:00Z,37.1,µg/m³
US Diplomatic Post: Jakarta Central,pm25,2016-04-30T17:00:00Z,33.8,µg/m³
US Diplomatic Post: Jakarta Central,pm25,2016-05-01T17:00:00Z,40.5,µg/m³
US Diplomatic Post: Jakarta Central,pm25,2016-05-02T17:00:00Z,32.9,µg/m³
US Diplomatic Post: Jakarta Central,pm25,2016-05-03T17:00:00Z,33.1,µg/m³
US Diplomatic Post: Jakarta Central,pm25,2016-05-04T17:00:00Z,44.3,µg/m³
US Diplomatic Post: Jakarta Central,pm25,2016-05-05T17:00:00Z,58.7,µg/m³
US Diplomatic Post: Jakarta Central,pm25,2016-05-06T17:00:00Z,58.5,µg/m³
US Diplomatic Post: Jakarta Central,pm25,2016-05-07T17:00:00Z,53.5,µg/m³
US Diplomatic Post: Jakarta Central,pm25,2016-05-08T17:00:00Z,48.5,µg/m³
US Diplomatic Post: Jakarta Central,pm25,2016-05-09T17:00:00Z,44.6,µg/m³
US Diplomatic Post: Jakarta Central,pm25,2016-05-10T17:00:00Z,46.8,µg/m³
US Diplomatic Post: Jakarta Central,pm25,2016-05-11T17:00:00Z,55.0,µg/m³
US Diplomatic Post: Jakarta Central,pm25,2016-05-12T17:00:00Z,41.5,µg/m³
US Diplomatic Post: Jakarta Central,pm25,2016-05-13T17:00:00Z,40.9,µg/m³
US Diplomatic Post: Jakarta Central,pm25,2016-05-14T17:00:00Z,28.5,µg/m³
US Diplomatic Post: Jakarta Central,pm25,2016-05-15T17:00:00Z,81.0,µg/m³
US Diplomatic Post: Jakarta Central,pm25,2016-05-16T17:00:00Z,68.8,µg/m³
US Diplomatic Post: Jakarta Central,pm25,2016-05-17T17:00:00Z,57.5,µg/m³
US Diplomatic Post: Jakarta Central,pm25,2016-05-18T17:00:00Z,57.8,µg/m³
US Diplomatic Post: Jakarta Central,pm25,2016-05-19T17:00:00Z,57.0,µg/m³
US Diplomatic Post: Jakarta Central,pm25,2016-05-20T17:00:00Z,42.1,µg/m³
US Diplomatic Post: Jakarta Central,pm25,2016-05-21T17:00:00Z,48.6,µg/m³
US Diplomatic Post: Jakarta Central,pm25,2016-05-22T17:00:00Z,57.3,µg/m³
US Diplomatic Post: Jakarta Central,pm25,2016-05-23T17:00:00Z,46.7,µg/m³
US Diplomatic Post: Jakarta Central,pm25,2016-05-24T17:00:00Z,43.0,µg/m³
US Diplomatic Post: Jakarta Central,pm25,2016-05-25T17:00:00Z,59.1,µg/m³
US Diplomatic Post: Jakarta Central,pm25,2016-05-26T17:00:00Z,82.6,µg/m³
US Diplomatic Post: Jakarta Central,pm25,2016-05-27T17:00:00Z,129.0,µg/m³
US Diplomatic Post: Jakarta Central,pm25,2016-05-28T17:00:00Z,38.5,µg/m³
US Diplomatic Post: Jakarta Central,pm25,2016-05-29T17:00:00Z,53.1,µg/m³
US Diplomatic Post: Jakarta Central,pm25,2016-05-30T17:00:00Z,53.9,µg/m³
US Diplomatic Post: Jakarta Central,pm25,2016-05-31T17:00:00Z,47.4,µg/m³
US Diplomatic Post: Jakarta Central,pm25,2016-06-01T17:00:00Z,118.0,µg/m³
US Diplomatic Post: Jakarta Central,pm25,2016-06-02T17:00:00Z,90.3,µg/m³
US Diplomatic Post: Jakarta Central,pm25,2016-06-03T17:00:00Z,304.0,µg/m³
US Diplomatic Post: Jakarta Central,pm25,2016-06-04T17:00:00Z,301.0,µg/m³
US Diplomatic Post: Jakarta Central,pm25,2016-06-05T17:00:00Z,164.0,µg/m³
US Diplomatic Post: Jakarta Central,pm25,2016-06-06T17:00:00Z,132.0,µg/m³
US Diplomatic Post: Jakarta Central,pm25,2016-06-07T17:00:00Z,30.5,µg/m³
US Diplomatic Post: Jakarta Central,pm25,2016-06-08T17:00:00Z,59.9,µg/m³
US Diplomatic Post: Jakarta Central,pm25,2016-06-09T17:00:00Z,41.9,µg/m³
US Diplomatic Post: Jakarta Central,pm25,2016-06-10T17:00:00Z,58.3,µg/m³
US Diplomatic Post: Jakarta Central,pm25,2016-06-11T17:00:00Z,71.8,µg/m³
US Diplomatic Post: Jakarta Central,pm25,2016-06-12T17:00:00Z,61.8,µg/m³
US Diplomatic Post: Jakarta Central,pm25,2016-06-13T17:00:00Z,56.4,µg/m³
US Diplomatic Post: Jakarta Central,pm25,2016-06-14T17:00:00Z,57.4,µg/m³
US Diplomatic Post: Jakarta Central,pm25,2016-06-15T17:00:00Z,50.9,µg/m³
US Diplomatic Post: Jakarta Central,pm25,2016-06-16T17:00:00Z,48.8,µg/m³
US Diplomatic Post: Jakarta Central,pm25,2016-06-17T17:00:00Z,27.8,µg/m³
US Diplomatic Post: Jakarta Central,pm25,2016-06-18T17:00:00Z,56.5,µg/m³
US Diplomatic Post: Jakarta Central,pm25,2016-06-19T17:00:00Z,67.1,µg/m³
US Diplomatic Post: Jakarta Central,pm25,2016-06-20T17:00:00Z,72.3,µg/m³
US Diplomatic Post: Jakarta Central,pm25,2016-06-21T17:00:00Z,41.8,µg/m³
US Diplomatic Post: Jakarta Central,pm25,2016-06-22T17:00:00Z,41.3,µg/m³
US Diplomatic Post: Jakarta Central,pm25,2016-06-23T17:00:00Z,54.2,µg/m³
US Diplomatic Post: Jakarta Central,pm25,2016-06-24T17:00:00Z,66.8,µg/m³
US Diplomatic Post: Jakarta Central,pm25,2016-06-25T17:00:00Z,68.4,µg/m³
US Diplomatic Post: Jakarta Central,pm25,2016-06-26T17:00:00Z,65.0,µg/m³
US Diplomatic Post: Jakarta Central,pm25,2016-06-27T17:00:00Z,45.9,µg/m³
US Diplomatic Post: Jakarta Central,pm25,2016-06-28T17:00:00Z,55.9,µg/m³
US Diplomatic Post: Jakarta Central,pm25,2016-06-29T17:00:00Z,40.9,µg/m³
US Diplomatic Post: Jakarta Central,pm25,2016-06-30T17:00:00Z,57.2,µg/m³
US Diplomatic Post: Jakarta Central,pm25,2016-07-01T17:00:00Z,51.0,µg/m³
US Diplomatic Post: Jakarta Central,pm25,2016-07-02T17:00:00Z,42.1,µg/m³
US Diplomatic Post: Jakarta Central,pm25,2016-07-03T17:00:00Z,37.3,µg/m³
US Diplomatic Post: Jakarta Central,pm25,2016-07-04T17:00:00Z,51.0,µg/m³
US Diplomatic Post: Jakarta Central,pm25,2016-07-05T17:00:00Z,51.4,µg/m³
US Diplomatic Post: Jakarta Central,pm25,2016-07-06T17:00:00Z,37.6,µg/m³
US Diplomatic Post: Jakarta Central,pm25,2016-07-07T17:00:00Z,41.9,µg/m³
US Diplomatic Post: Jakarta Central,pm25,2016-07-08T17:00:00Z,48.4,µg/m³
US Diplomatic Post: Jakarta Central,pm25,2016-07-09T17:00:00Z,58.1,µg/m³
US Diplomatic Post: Jakarta Central,pm25,2016-07-10T17:00:00Z,51.6,µg/m³
US Diplomatic Post: Jakarta Central,pm25,2016-07-11T17:00:00Z,47.5,µg/m³
US Diplomatic Post: Jakarta Central,pm25,2016-07-12T17:00:00Z,68.0,µg/m³
US Diplomatic Post: Jakarta Central,pm25,2016-07-13T17:00:00Z,55.1,µg/m³
US Diplomatic Post: Jakarta Central,pm25,2016-07-14T17:00:00Z,39.5,µg/m³
US Diplomatic Post: Jakarta Central,pm25,2016-07-15T17:00:00Z,45.9,µg/m³
US Diplomatic Post: Jakarta Central,pm25,2016-07-16T17:00:00Z,50.0,µg/m³
US Diplomatic Post: Jakarta Central,pm25,2016-07-17T17:00:00Z,48.5,µg/m³
US Diplomatic Post: Jakarta Central,pm25,2016-07-18T17:00:00Z,47.3,µg/m³
US Diplomatic Post: Jakarta Central,pm25,2016-07-19T17:00:00Z,34.3,µg/m³
US Diplomatic Post: Jakarta Central,pm25,2016-07-20T17:00:00Z,44.6,µg/m³
US Diplomatic Post: Jakarta Central,pm25,2016-07-21T17:00:00Z,43.1,µg/m³
US Diplomatic Post: Jakarta Central,pm25,2016-07-22T17:00:00Z,41.8,µg/m³
US Diplomatic Post: Jakarta Central,pm25,2016-07-23T17:00:00Z,51.8,µg/m³
US Diplomatic Post: Jakarta Central,pm25,2016-07-24T17:00:00Z,33.2,µg/m³
US Diplomatic Post: Jakarta Central,pm25,2016-07-25T17:00:00Z,46.8,µg/m³
US Diplomatic Post: Jakarta Central,pm25,2016-07-26T17:00:00Z,45.1,µg/m³
US Diplomatic Post: Jakarta Central,pm25,2016-07-27T17:00:00Z,41.5,µg/m³
US Diplomatic Post: Jakarta Central,pm25,2016-07-28T17:00:00Z,55.4,µg/m³
US Diplomatic Post: Jakarta Central,pm25,2016-07-29T17:00:00Z,46.8,µg/m³
US Diplomatic Post: Jakarta Central,pm25,2016-07-30T17:00:00Z,48.3,µg/m³
US Diplomatic Post: Jakarta Central,pm25,2016-07-31T17:00:00Z,47.8,µg/m³
US Diplomatic Post: Jakarta Central,pm25,2016-08-01T17:00:00Z,46.8,µg/m³
US Diplomatic Post: Jakarta Central,pm25,2016-08-02T17:00:00Z,46.8,µg/m³
US Diplomatic Post: Jakarta Central,pm25,2016-08-03T17:00:00Z,47.5,µg/m³
US Diplomatic Post: Jakarta Central,pm25,2016-08-04T17:00:00Z,70.3,µg/m³
US Diplomatic Post: Jakarta Central,pm25,2016-08-05T17:00:00Z,54.0,µg/m³
US Diplomatic Post: Jakarta Central,pm25,2016-08-06T17:00:00Z,39.3,µg/m³
US Diplomatic Post: Jakarta Central,pm25,2016-08-07T17:00:00Z,41.1,µg/m³
US Diplomatic Post: Jakarta Central,pm25,2016-08-08T17:00:00Z,41.0,µg/m³
US Diplomatic Post: Jakarta Central,pm25,2016-08-09T17:00:00Z,361.0,µg/m³
US Diplomatic Post: Jakarta Central,pm25,2016-08-10T17:00:00Z,430.0,µg/m³
US Diplomatic Post: Jakarta Central,pm25,2016-08-11T17:00:00Z,44.2,µg/m³
US Diplomatic Post: Jakarta Central,pm25,2016-08-12T17:00:00Z,43.7,µg/m³
US Diplomatic Post: Jakarta Central,pm25,2016-08-13T17:00:00Z,30.9,µg/m³
US Diplomatic Post: Jakarta Central,pm25,2016-08-14T17:00:00Z,38.0,µg/m³
US Diplomatic Post: Jakarta Central,pm25,2016-08-15T17:00:00Z,54.2,µg/m³
US Diplomatic Post: Jakarta Central,pm25,2016-08-16T17:00:00Z,46.0,µg/m³
US Diplomatic Post: Jakarta Central,pm25,2016-08-17T17:00:00Z,42.3,µg/m³
US Diplomatic Post: Jakarta Central,pm25,2016-08-18T17:00:00Z,44.3,µg/m³
US Diplomatic Post: Jakarta Central,pm25,2016-08-19T17:00:00Z,36.7,µg/m³
US Diplomatic Post: Jakarta Central,pm25,2016-08-20T17:00:00Z,40.5,µg/m³
US Diplomatic Post: Jakarta Central,pm25,2016-08-21T17:00:00Z,39.4,µg/m³
US Diplomatic Post: Jakarta Central,pm25,2016-08-22T17:00:00Z,36.6,µg/m³
US Diplomatic Post: Jakarta Central,pm25,2016-08-23T17:00:00Z,33.0,µg/m³
US Diplomatic Post: Jakarta Central,pm25,2016-08-24T17:00:00Z,52.9,µg/m³
US Diplomatic Post: Jakarta Central,pm25,2016-08-25T17:00:00Z,52.1,µg/m³
US Diplomatic Post: Jakarta Central,pm25,2016-08-26T17:00:00Z,30.7,µg/m³
US Diplomatic Post: Jakarta Central,pm25,2016-08-27T17:00:00Z,33.4,µg/m³
US Diplomatic Post: Jakarta Central,pm25,2016-08-28T17:00:00Z,56.0,µg/m³
US Diplomatic Post: Jakarta Central,pm25,2016-08-29T17:00:00Z,55.2,µg/m³
US Diplomatic Post: Jakarta Central,pm25,2016-08-30T17:00:00Z,49.9,µg/m³
US Diplomatic Post: Jakarta Central,pm25,2016-08-31T17:00:00Z,42.9,µg/m³
US Diplomatic Post: Jakarta Central,pm25,2016-09-01T17:00:00Z,57.4,µg/m³
US Diplomatic Post: Jakarta Central,pm25,2016-09-02T17:00:00Z,49.5,µg/m³
US Diplomatic Post: Jakarta Central,pm25,2016-09-03T17:00:00Z,46.0,µg/m³
US Diplomatic Post: Jakarta Central,pm25,2016-09-04T17:00:00Z,27.7,µg/m³
US Diplomatic Post: Jakarta Central,pm25,2016-09-05T17:00:00Z,44.0,µg/m³
US Diplomatic Post: Jakarta Central,pm25,2016-09-06T17:00:00Z,34.6,µg/m³
US Diplomatic Post: Jakarta Central,pm25,2016-09-07T17:00:00Z,51.5,µg/m³
US Diplomatic Post: Jakarta Central,pm25,2016-09-08T17:00:00Z,55.3,µg/m³
US Diplomatic Post: Jakarta Central,pm25,2016-09-09T17:00:00Z,54.4,µg/m³
US Diplomatic Post: Jakarta Central,pm25,2016-09-10T17:00:00Z,50.7,µg/m³
US Diplomatic Post: Jakarta Central,pm25,2016-09-11T17:00:00Z,40.9,µg/m³
US Diplomatic Post: Jakarta Central,pm25,2016-09-12T17:00:00Z,35.8,µg/m³
US Diplomatic Post: Jakarta Central,pm25,2016-09-13T17:00:00Z,37.1,µg/m³
US Diplomatic Post: Jakarta Central,pm25,2016-09-14T17:00:00Z,42.8,µg/m³
US Diplomatic Post: Jakarta Central,pm25,2016-09-15T17:00:00Z,53.3,µg/m³
US Diplomatic Post: Jakarta Central,pm25,2016-09-16T17:00:00Z,34.3,µg/m³
US Diplomatic Post: Jakarta Central,pm25,2016-09-17T17:00:00Z,40.0,µg/m³
US Diplomatic Post: Jakarta Central,pm25,2016-09-18T17:00:00Z,45.4,µg/m³
US Diplomatic Post: Jakarta Central,pm25,2016-09-19T17:00:00Z,37.3,µg/m³
US Diplomatic Post: Jakarta Central,pm25,2016-09-20T17:00:00Z,24.3,µg/m³
US Diplomatic Post: Jakarta Central,pm25,2016-09-21T17:00:00Z,24.8,µg/m³
US Diplomatic Post: Jakarta Central,pm25,2016-09-22T17:00:00Z,30.3,µg/m³
US Diplomatic Post: Jakarta Central,pm25,2016-09-23T17:00:00Z,33.3,µg/m³
US Diplomatic Post: Jakarta Central,pm25,2016-09-24T17:00:00Z,53.3,µg/m³
US Diplomatic Post: Jakarta Central,pm25,2016-09-25T17:00:00Z,22.2,µg/m³
US Diplomatic Post: Jakarta Central,pm25,2016-09-26T17:00:00Z,57.5,µg/m³
US Diplomatic Post: Jakarta Central,pm25,2016-09-27T17:00:00Z,26.4,µg/m³
US Diplomatic Post: Jakarta Central,pm25,2016-09-28T17:00:00Z,24.3,µg/m³
US Diplomatic Post: Jakarta Central,pm25,2016-09-29T17:00:00Z,36.1,µg/m³
US Diplomatic Post: Jakarta Central,pm25,2016-09-30T17:00:00Z,27.3,µg/m³
US Diplomatic Post: Jakarta Central,pm25,2016-10-01T17:00:00Z,19.5,µg/m³
US Diplomatic Post: Jakarta Central,pm25,2016-10-02T17:00:00Z,42.0,µg/m³
US Diplomatic Post: Jakarta Central,pm25,2016-10-03T17:00:00Z,47.2,µg/m³
US Diplomatic Post: Jakarta Central,pm25,2016-10-04T17:00:00Z,45.6,µg/m³
US Diplomatic Post: Jakarta Central,pm25,2016-10-05T17:00:00Z,33.2,µg/m³
US Diplomatic Post: Jakarta Central,pm25,2016-10-06T17:00:00Z,49.7,µg/m³
US Diplomatic Post: Jakarta Central,pm25,2016-10-07T17:00:00Z,33.0,µg/m³
US Diplomatic Post: Jakarta Central,pm25,2016-10-08T17:00:00Z,25.7,µg/m³
US Diplomatic Post: Jakarta Central,pm25,2016-10-09T17:00:00Z,40.7,µg/m³
US Diplomatic Post: Jakarta Central,pm25,2016-10-10T17:00:00Z,47.9,µg/m³
US Diplomatic Post: Jakarta Central,pm25,2016-10-11T17:00:00Z,96.5,µg/m³
US Diplomatic Post: Jakarta Central,pm25,2016-10-12T17:00:00Z,50.2,µg/m³
US Diplomatic Post: Jakarta Central,pm25,2016-10-13T17:00:00Z,28.2,µg/m³
US Diplomatic Post: Jakarta Central,pm25,2016-10-14T17:00:00Z,36.5,µg/m³
US Diplomatic Post: Jakarta Central,pm25,2016-10-15T17:00:00Z,34.9,µg/m³
US Diplomatic Post: Jakarta Central,pm25,2016-10-16T17:00:00Z,50.2,µg/m³
US Diplomatic Post: Jakarta Central,pm25,2016-10-17T17:00:00Z,53.4,µg/m³
US Diplomatic Post: Jakarta Central,pm25,2016-10-18T17:00:00Z,45.5,µg/m³
US Diplomatic Post: Jakarta Central,pm25,2016-10-19T17:00:00Z,59.7,µg/m³
US Diplomatic Post: Jakarta Central,pm25,2016-10-20T17:00:00Z,84.2,µg/m³
US Diplomatic Post: Jakarta Central,pm25,2016-10-21T17:00:00Z,63.7,µg/m³
US Diplomatic Post: Jakarta Central,pm25,2016-10-22T17:00:00Z,28.0,µg/m³
US Diplomatic Post: Jakarta Central,pm25,2016-10-23T17:00:00Z,55.2,µg/m³
US Diplomatic Post: Jakarta Central,pm25,2016-10-24T17:00:00Z,50.2,µg/m³
US Diplomatic Post: Jakarta Central,pm25,2016-10-25T17:00:00Z,38.3,µg/m³
US Diplomatic Post: Jakarta Central,pm25,2016-10-26T17:00:00Z,39.6,µg/m³
US Diplomatic Post: Jakarta Central,pm25,2016-10-27T17:00:00Z,52.0,µg/m³
US Diplomatic Post: Jakarta Central,pm25,2016-10-28T17:00:00Z,35.1,µg/m³
US Diplomatic Post: Jakarta Central,pm25,2016-10-29T17:00:00Z,39.6,µg/m³
US Diplomatic Post: Jakarta Central,pm25,2016-10-30T17:00:00Z,36.7,µg/m³
US Diplomatic Post: Jakarta Central,pm25,2016-10-31T17:00:00Z,25.9,µg/m³
US Diplomatic Post: Jakarta Central,pm25,2016-11-01T17:00:00Z,29.1,µg/m³
US Diplomatic Post: Jakarta Central,pm25,2016-11-02T17:00:00Z,37.3,µg/m³
US Diplomatic Post: Jakarta Central,pm25,2016-11-03T17:00:00Z,60.7,µg/m³
US Diplomatic Post: Jakarta Central,pm25,2016-11-04T17:00:00Z,77.3,µg/m³
US Diplomatic Post: Jakarta Central,pm25,2016-11-05T17:00:00Z,142.0,µg/m³
US Diplomatic Post: Jakarta Central,pm25,2016-11-06T17:00:00Z,74.3,µg/m³
US Diplomatic Post: Jakarta Central,pm25,2016-11-07T17:00:00Z,76.8,µg/m³
US Diplomatic Post: Jakarta Central,pm25,2016-11-08T17:00:00Z,53.7,µg/m³
Jakarta South,pm25,2022-10-03T17:00:00Z,27.7,µg/m³
Jakarta South,pm25,2022-10-04T17:00:00Z,39.0,µg/m³
Jakarta South,pm25,2023-05-06T17:00:00Z,,µg/m³
Jakarta South,pm25,2023-05-07T17:00:00Z,,µg/m³
Jakarta South,pm25,2023-05-08T17:00:00Z,45.9,µg/m³
Jakarta South,pm25,2023-05-09T17:00:00Z,52.5,µg/m³
Jakarta South,pm25,2023-05-10T17:00:00Z,28.8,µg/m³
Jakarta South,pm25,2023-05-11T17:00:00Z,13.3,µg/m³
Jakarta South,pm25,2023-05-12T17:00:00Z,37.7,µg/m³
Jakarta South,pm25,2023-05-13T17:00:00Z,27.5,µg/m³
Jakarta South,pm25,2023-05-14T17:00:00Z,42.3,µg/m³
Jakarta South,pm25,2023-05-15T17:00:00Z,34.0,µg/m³
Jakarta South,pm25,2023-05-16T17:00:00Z,42.2,µg/m³
Jakarta South,pm25,2023-05-17T17:00:00Z,46.4,µg/m³
Jakarta South,pm25,2023-05-18T17:00:00Z,62.0,µg/m³
Jakarta South,pm25,2023-05-19T17:00:00Z,43.6,µg/m³
Jakarta South,pm25,2023-05-20T17:00:00Z,55.0,µg/m³
Jakarta South,pm25,2023-05-21T17:00:00Z,53.3,µg/m³
Jakarta South,pm25,2023-05-22T17:00:00Z,,µg/m³
Jakarta South,pm25,2023-05-23T17:00:00Z,,µg/m³
Jakarta South,pm25,2023-05-24T17:00:00Z,,µg/m³
Jakarta South,pm25,2023-05-25T17:00:00Z,,µg/m³
Jakarta South,pm25,2023-05-26T17:00:00Z,,µg/m³
Jakarta South,pm25,2023-05-27T17:00:00Z,,µg/m³
Jakarta South,pm25,2023-05-28T17:00:00Z,,µg/m³
Jakarta South,pm25,2023-05-29T17:00:00Z,,µg/m³
Jakarta South,pm25,2023-05-30T17:00:00Z,,µg/m³
Jakarta South,pm25,2023-05-31T17:00:00Z,,µg/m³
Jakarta South,pm25,2023-06-01T17:00:00Z,,µg/m³
Jakarta South,pm25,2023-06-02T17:00:00Z,,µg/m³
Jakarta South,pm25,2023-06-03T17:00:00Z,,µg/m³
Jakarta South,pm25,2023-06-04T17:00:00Z,,µg/m³
Jakarta South,pm25,2023-06-05T17:00:00Z,,µg/m³
Jakarta South,pm25,2023-06-06T17:00:00Z,,µg/m³
Jakarta South,pm25,2023-06-07T17:00:00Z,,µg/m³
Jakarta South,pm25,2023-06-08T17:00:00Z,,µg/m³
Jakarta South,pm25,2023-06-09T17:00:00Z,,µg/m³
Jakarta South,pm25,2023-06-10T17:00:00Z,,µg/m³
Jakarta South,pm25,2023-06-11T17:00:00Z,,µg/m³
Jakarta South,pm25,2023-06-12T17:00:00Z,,µg/m³
Jakarta South,pm25,2023-06-13T17:00:00Z,,µg/m³
Jakarta South,pm25,2023-06-14T17:00:00Z,,µg/m³
Jakarta South,pm25,2023-06-15T17:00:00Z,,µg/m³
Jakarta South,pm25,2023-06-16T17:00:00Z,,µg/m³
Jakarta South,pm25,2023-06-17T17:00:00Z,,µg/m³
Jakarta South,pm25,2023-06-18T17:00:00Z,,µg/m³
Jakarta South,pm25,2023-06-19T17:00:00Z,,µg/m³
Jakarta South,pm25,2023-06-20T17:00:00Z,,µg/m³
Jakarta South,pm25,2023-06-21T17:00:00Z,,µg/m³
Jakarta South,pm25,2023-06-22T17:00:00Z,,µg/m³
Jakarta South,pm25,2023-06-23T17:00:00Z,,µg/m³
Jakarta South,pm25,2023-06-24T17:00:00Z,,µg/m³
Jakarta South,pm25,2023-06-25T17:00:00Z,,µg/m³
Jakarta South,pm25,2023-06-26T17:00:00Z,,µg/m³
Jakarta South,pm25,2023-06-27T17:00:00Z,,µg/m³
Jakarta South,pm25,2023-06-28T17:00:00Z,,µg/m³
Jakarta South,pm25,2023-06-29T17:00:00Z,,µg/m³
Jakarta South,pm25,2023-06-30T17:00:00Z,,µg/m³
Jakarta South,pm25,2023-07-01T17:00:00Z,,µg/m³
Jakarta South,pm25,2023-07-02T17:00:00Z,,µg/m³
Jakarta South,pm25,2023-07-03T17:00:00Z,,µg/m³
Jakarta South,pm25,2023-07-04T17:00:00Z,,µg/m³
Jakarta South,pm25,2023-07-05T17:00:00Z,,µg/m³
Jakarta South,pm25,2023-07-06T17:00:00Z,,µg/m³
Jakarta South,pm25,2023-07-07T17:00:00Z,,µg/m³
Jakarta South,pm25,2023-07-08T17:00:00Z,,µg/m³
Jakarta South,pm25,2023-07-09T17:00:00Z,,µg/m³
Jakarta South,pm25,2023-07-10T17:00:00Z,,µg/m³
Jakarta South,pm25,2023-07-11T17:00:00Z,,µg/m³
Jakarta South,pm25,2023-07-12T17:00:00Z,,µg/m³
Jakarta South,pm25,2023-07-13T17:00:00Z,,µg/m³
Jakarta South,pm25,2023-07-15T17:00:00Z,,µg/m³
Jakarta South,pm25,2023-07-16T17:00:00Z,,µg/m³
Jakarta South,pm25,2023-07-17T17:00:00Z,,µg/m³
Jakarta South,pm25,2023-07-18T17:00:00Z,,µg/m³
Jakarta South,pm25,2023-07-19T17:00:00Z,,µg/m³
Jakarta South,pm25,2023-07-20T17:00:00Z,,µg/m³
Jakarta South,pm25,2023-07-21T17:00:00Z,,µg/m³
Jakarta South,pm25,2023-07-22T17:00:00Z,,µg/m³
Jakarta South,pm25,2023-07-23T17:00:00Z,,µg/m³
Jakarta South,pm25,2023-07-24T17:00:00Z,,µg/m³
Jakarta South,pm25,2023-07-25T17:00:00Z,,µg/m³
Jakarta South,pm25,2023-07-26T17:00:00Z,,µg/m³
Jakarta South,pm25,2023-07-27T17:00:00Z,,µg/m³
Jakarta South,pm25,2023-07-28T17:00:00Z,,µg/m³
Jakarta South,pm25,2023-07-29T17:00:00Z,,µg/m³
Jakarta South,pm25,2023-07-30T17:00:00Z,,µg/m³
Jakarta South,pm25,2023-07-31T17:00:00Z,,µg/m³
Jakarta South,pm25,2023-08-01T17:00:00Z,,µg/m³
Jakarta South,pm25,2023-08-02T17:00:00Z,,µg/m³
Jakarta South,pm25,2023-08-03T17:00:00Z,,µg/m³
Jakarta South,pm25,2023-08-04T17:00:00Z,,µg/m³
Jakarta South,pm25,2023-08-05T17:00:00Z,,µg/m³
Jakarta South,pm25,2023-08-06T17:00:00Z,,µg/m³
Jakarta South,pm25,2023-08-07T17:00:00Z,,µg/m³
Jakarta South,pm25,2023-08-08T17:00:00Z,,µg/m³
Jakarta South,pm25,2023-08-09T17:00:00Z,,µg/m³
Jakarta South,pm25,2023-08-10T17:00:00Z,,µg/m³
Jakarta South,pm25,2023-08-11T17:00:00Z,,µg/m³
Jakarta South,pm25,2023-08-12T17:00:00Z,,µg/m³
Jakarta South,pm25,2023-08-13T17:00:00Z,,µg/m³
Jakarta South,pm25,2023-08-14T17:00:00Z,,µg/m³
Jakarta South,pm25,2023-08-15T17:00:00Z,,µg/m³
Jakarta South,pm25,2023-08-16T17:00:00Z,,µg/m³
Jakarta South,pm25,2023-08-17T17:00:00Z,,µg/m³
Jakarta South,pm25,2023-08-18T17:00:00Z,,µg/m³
Jakarta South,pm25,2023-08-23T17:00:00Z,,µg/m³
Jakarta South,pm25,2023-08-24T17:00:00Z,,µg/m³
Jakarta South,pm25,2023-08-25T17:00:00Z,,µg/m³
Jakarta South,pm25,2023-08-26T17:00:00Z,,µg/m³
Jakarta South,pm25,2023-08-27T17:00:00Z,,µg/m³
Jakarta South,pm25,2023-08-28T17:00:00Z,,µg/m³
Jakarta South,pm25,2023-08-29T17:00:00Z,,µg/m³
Jakarta South,pm25,2023-08-30T17:00:00Z,74.4,µg/m³
Jakarta South,pm25,2023-08-31T17:00:00Z,59.5,µg/m³
Jakarta South,pm25,2023-09-01T17:00:00Z,61.9,µg/m³
Jakarta South,pm25,2023-09-02T17:00:00Z,49.9,µg/m³
Jakarta South,pm25,2023-09-03T17:00:00Z,35.9,µg/m³
Jakarta South,pm25,2023-09-04T17:00:00Z,48.0,µg/m³
Jakarta South,pm25,2023-09-05T17:00:00Z,47.7,µg/m³
Jakarta South,pm25,2023-09-06T17:00:00Z,49.0,µg/m³
Jakarta South,pm25,2023-09-07T17:00:00Z,55.7,µg/m³
Jakarta South,pm25,2023-09-08T17:00:00Z,50.6,µg/m³
Jakarta South,pm25,2023-09-09T17:00:00Z,41.3,µg/m³
Jakarta South,pm25,2023-09-10T17:00:00Z,41.8,µg/m³
Jakarta South,pm25,2023-09-11T17:00:00Z,19.0,µg/m³
Jakarta South,pm25,2023-09-12T17:00:00Z,,µg/m³
Jakarta South,pm25,2023-09-13T17:00:00Z,31.6,µg/m³
Jakarta South,pm25,2023-09-14T17:00:00Z,42.3,µg/m³
Jakarta South,pm25,2023-09-15T17:00:00Z,45.7,µg/m³
Jakarta South,pm25,2023-09-16T17:00:00Z,36.5,µg/m³
Jakarta South,pm25,2023-09-17T17:00:00Z,,µg/m³
Jakarta South,pm25,2023-09-18T17:00:00Z,,µg/m³
Jakarta South,pm25,2023-09-19T17:00:00Z,,µg/m³
Jakarta South,pm25,2023-09-20T17:00:00Z,51.1,µg/m³
Jakarta South,pm25,2023-09-21T17:00:00Z,43.4,µg/m³
Jakarta South,pm25,2023-09-22T17:00:00Z,34.6,µg/m³
Jakarta South,pm25,2023-09-23T17:00:00Z,36.0,µg/m³
Jakarta South,pm25,2023-09-24T17:00:00Z,40.8,µg/m³
Jakarta South,pm25,2023-09-25T17:00:00Z,38.9,µg/m³
Jakarta South,pm25,2023-09-26T17:00:00Z,36.0,µg/m³
Jakarta South,pm25,2023-09-27T17:00:00Z,42.4,µg/m³
Jakarta South,pm25,2023-09-28T17:00:00Z,44.0,µg/m³
Jakarta South,pm25,2023-09-29T17:00:00Z,55.6,µg/m³
Jakarta South,pm25,2023-09-30T17:00:00Z,67.7,µg/m³
Jakarta South,pm25,2023-10-01T17:00:00Z,60.7,µg/m³
Jakarta South,pm25,2023-10-02T17:00:00Z,35.8,µg/m³
Jakarta South,pm25,2023-10-03T17:00:00Z,49.5,µg/m³
Jakarta South,pm25,2023-10-04T17:00:00Z,43.5,µg/m³
Jakarta South,pm25,2023-10-05T17:00:00Z,47.4,µg/m³
Jakarta South,pm25,2023-10-06T17:00:00Z,66.2,µg/m³
Jakarta South,pm25,2023-10-07T17:00:00Z,46.1,µg/m³
Jakarta South,pm25,2023-10-08T17:00:00Z,44.1,µg/m³
Jakarta South,pm25,2023-10-09T17:00:00Z,38.7,µg/m³
Jakarta South,pm25,2023-10-10T17:00:00Z,38.1,µg/m³
Jakarta South,pm25,2023-10-11T17:00:00Z,52.5,µg/m³
Jakarta South,pm25,2023-10-12T17:00:00Z,54.2,µg/m³
Jakarta South,pm25,2023-10-13T17:00:00Z,52.4,µg/m³
Jakarta South,pm25,2023-10-14T17:00:00Z,42.4,µg/m³
Jakarta South,pm25,2023-10-15T17:00:00Z,46.5,µg/m³
Jakarta South,pm25,2023-10-16T17:00:00Z,67.3,µg/m³
Jakarta South,pm25,2023-10-17T17:00:00Z,,µg/m³
Jakarta South,pm25,2023-10-18T17:00:00Z,,µg/m³
Jakarta South,pm25,2023-10-19T17:00:00Z,1.0,µg/m³
Jakarta South,pm25,2023-10-20T17:00:00Z,,µg/m³
Jakarta South,pm25,2023-10-21T17:00:00Z,,µg/m³
Jakarta South,pm25,2023-10-22T17:00:00Z,0.5,µg/m³
Jakarta South,pm25,2023-10-23T17:00:00Z,34.5,µg/m³
Jakarta South,pm25,2023-10-24T17:00:00Z,41.2,µg/m³
Jakarta South,pm25,2023-10-25T17:00:00Z,,µg/m³
Jakarta South,pm25,2023-10-26T17:00:00Z,,µg/m³
Jakarta South,pm25,2023-10-27T17:00:00Z,72.5,µg/m³
Jakarta South,pm25,2023-10-28T17:00:00Z,39.0,µg/m³
Jakarta South,pm25,2023-10-29T17:00:00Z,54.0,µg/m³
Jakarta South,pm25,2023-10-30T17:00:00Z,,µg/m³
Jakarta South,pm25,2023-10-31T17:00:00Z,52.8,µg/m³
Jakarta South,pm25,2023-11-01T17:00:00Z,,µg/m³
Jakarta South,pm25,2023-11-02T17:00:00Z,50.5,µg/m³
Jakarta South,pm25,2023-11-03T17:00:00Z,52.6,µg/m³
Jakarta South,pm25,2023-11-04T17:00:00Z,36.3,µg/m³
Jakarta South,pm25,2023-11-05T17:00:00Z,46.0,µg/m³
Jakarta South,pm25,2023-11-06T17:00:00Z,46.7,µg/m³
Jakarta South,pm25,2023-11-07T17:00:00Z,53.8,µg/m³
Jakarta South,pm25,2023-11-08T17:00:00Z,56.3,µg/m³
Jakarta South,pm25,2023-11-09T17:00:00Z,59.0,µg/m³
Jakarta South,pm25,2023-11-10T17:00:00Z,53.0,µg/m³
Jakarta South,pm25,2023-11-11T17:00:00Z,41.0,µg/m³
Jakarta South,pm25,2023-11-12T17:00:00Z,41.0,µg/m³
Jakarta South,pm25,2023-11-13T17:00:00Z,36.2,µg/m³
Jakarta South,pm25,2023-11-14T17:00:00Z,33.9,µg/m³
Jakarta South,pm25,2023-11-15T17:00:00Z,38.4,µg/m³
Jakarta South,pm25,2023-11-16T17:00:00Z,38.5,µg/m³
Jakarta South,pm25,2023-11-17T17:00:00Z,40.8,µg/m³
Jakarta South,pm25,2023-11-18T17:00:00Z,37.8,µg/m³
Jakarta South,pm25,2023-11-19T17:00:00Z,35.8,µg/m³
Jakarta South,pm25,2023-11-20T17:00:00Z,37.3,µg/m³
Jakarta South,pm25,2023-11-21T17:00:00Z,33.8,µg/m³
Jakarta South,pm25,2023-11-22T17:00:00Z,52.9,µg/m³
Jakarta South,pm25,2023-11-23T17:00:00Z,73.3,µg/m³
Jakarta South,pm25,2023-11-24T17:00:00Z,41.7,µg/m³
Jakarta South,pm25,2023-11-25T17:00:00Z,40.9,µg/m³
Jakarta South,pm25,2023-11-26T17:00:00Z,36.8,µg/m³
Jakarta South,pm25,2023-11-27T17:00:00Z,53.5,µg/m³
Jakarta South,pm25,2023-11-28T17:00:00Z,37.5,µg/m³
Jakarta South,pm25,2023-11-29T17:00:00Z,35.0,µg/m³
Jakarta South,pm25,2023-11-30T17:00:00Z,42.8,µg/m³
Jakarta South,pm25,2023-12-01T17:00:00Z,40.1,µg/m³
Jakarta South,pm25,2023-12-02T17:00:00Z,26.4,µg/m³
Jakarta South,pm25,2023-12-03T17:00:00Z,49.2,µg/m³
Jakarta South,pm25,2023-12-04T17:00:00Z,47.1,µg/m³
Jakarta South,pm25,2023-12-05T17:00:00Z,40.7,µg/m³
Jakarta South,pm25,2023-12-06T17:00:00Z,43.9,µg/m³
Jakarta South,pm25,2023-12-07T17:00:00Z,50.8,µg/m³
Jakarta South,pm25,2023-12-08T17:00:00Z,40.7,µg/m³
Jakarta South,pm25,2023-12-09T17:00:00Z,48.3,µg/m³
Jakarta South,pm25,2023-12-10T17:00:00Z,35.8,µg/m³
Jakarta South,pm25,2023-12-11T17:00:00Z,43.0,µg/m³
Jakarta South,pm25,2023-12-12T17:00:00Z,45.9,µg/m³
Jakarta South,pm25,2023-12-13T17:00:00Z,36.8,µg/m³
Jakarta South,pm25,2023-12-16T17:00:00Z,36.0,µg/m³
Jakarta South,pm25,2023-12-17T17:00:00Z,34.3,µg/m³
Jakarta South,pm25,2023-12-18T17:00:00Z,29.0,µg/m³
Jakarta South,pm25,2023-12-19T17:00:00Z,30.3,µg/m³
Jakarta South,pm25,2023-12-20T17:00:00Z,36.2,µg/m³
Jakarta South,pm25,2023-12-21T17:00:00Z,39.0,µg/m³
Jakarta South,pm25,2023-12-22T17:00:00Z,56.7,µg/m³
Jakarta South,pm25,2023-12-23T17:00:00Z,68.1,µg/m³
Jakarta South,pm25,2023-12-24T17:00:00Z,44.7,µg/m³
Jakarta South,pm25,2023-12-25T17:00:00Z,49.2,µg/m³
Jakarta South,pm25,2023-12-26T17:00:00Z,49.4,µg/m³
Jakarta South,pm25,2023-12-27T17:00:00Z,42.7,µg/m³
Jakarta South,pm25,2023-12-28T17:00:00Z,51.2,µg/m³
Jakarta South,pm25,2023-12-29T17:00:00Z,51.2,µg/m³
Jakarta South,pm25,2023-12-30T17:00:00Z,53.5,µg/m³
Jakarta South,pm25,2023-12-31T17:00:00Z,50.6,µg/m³
Jakarta South,pm25,2024-01-01T17:00:00Z,32.9,µg/m³
Jakarta South,pm25,2024-01-02T17:00:00Z,34.1,µg/m³
Jakarta South,pm25,2024-01-03T17:00:00Z,20.7,µg/m³
Jakarta South,pm25,2024-01-04T17:00:00Z,28.8,µg/m³
Jakarta South,pm25,2024-01-05T17:00:00Z,42.0,µg/m³
Jakarta South,pm25,2024-01-06T17:00:00Z,45.4,µg/m³
Jakarta South,pm25,2024-01-07T17:00:00Z,29.4,µg/m³
Jakarta South,pm25,2024-01-08T17:00:00Z,34.0,µg/m³
Jakarta South,pm25,2024-01-09T17:00:00Z,40.5,µg/m³
Jakarta South,pm25,2024-01-10T17:00:00Z,25.8,µg/m³
Jakarta South,pm25,2024-01-11T17:00:00Z,17.7,µg/m³
Jakarta South,pm25,2024-01-12T17:00:00Z,24.1,µg/m³
Jakarta South,pm25,2024-01-13T17:00:00Z,32.6,µg/m³
Jakarta South,pm25,2024-01-14T17:00:00Z,28.3,µg/m³
Jakarta South,pm25,2024-01-15T17:00:00Z,19.6,µg/m³
Jakarta South,pm25,2024-01-16T17:00:00Z,35.9,µg/m³
Jakarta South,pm25,2024-01-17T17:00:00Z,16.8,µg/m³
Jakarta South,pm25,2024-01-18T17:00:00Z,12.9,µg/m³
Jakarta South,pm25,2024-01-19T17:00:00Z,16.5,µg/m³
Jakarta South,pm25,2024-01-20T17:00:00Z,18.0,µg/m³
Jakarta South,pm25,2024-01-21T17:00:00Z,16.8,µg/m³
Jakarta South,pm25,2024-01-22T17:00:00Z,17.9,µg/m³
Jakarta South,pm25,2024-01-23T17:00:00Z,17.2,µg/m³
Jakarta South,pm25,2024-01-24T17:00:00Z,24.6,µg/m³
Jakarta South,pm25,2024-01-25T17:00:00Z,25.9,µg/m³
Jakarta South,pm25,2024-01-26T17:00:00Z,20.8,µg/m³
Jakarta South,pm25,2024-01-27T17:00:00Z,27.5,µg/m³
Jakarta South,pm25,2024-01-28T17:00:00Z,30.0,µg/m³
Jakarta South,pm25,2024-01-29T17:00:00Z,30.5,µg/m³
Jakarta South,pm25,2024-01-30T17:00:00Z,32.0,µg/m³
Jakarta South,pm25,2024-01-31T17:00:00Z,47.5,µg/m³
Jakarta South,pm25,2024-02-01T17:00:00Z,27.3,µg/m³
Jakarta South,pm25,2024-02-02T17:00:00Z,20.7,µg/m³
Jakarta South,pm25,2024-02-03T17:00:00Z,16.7,µg/m³
Jakarta South,pm25,2024-02-04T17:00:00Z,39.5,µg/m³
Jakarta South,pm25,2024-02-05T17:00:00Z,29.5,µg/m³
Jakarta South,pm25,2024-02-06T17:00:00Z,28.9,µg/m³
Jakarta South,pm25,2024-02-07T17:00:00Z,35.6,µg/m³
Jakarta South,pm25,2024-02-08T17:00:00Z,43.2,µg/m³
Jakarta South,pm25,2024-02-09T17:00:00Z,28.7,µg/m³
Jakarta South,pm25,2024-02-10T17:00:00Z,32.6,µg/m³
Jakarta South,pm25,2024-02-11T17:00:00Z,29.0,µg/m³
Jakarta South,pm25,2024-02-12T17:00:00Z,21.7,µg/m³
Jakarta South,pm25,2024-02-13T17:00:00Z,19.9,µg/m³
Jakarta South,pm25,2024-02-14T17:00:00Z,38.7,µg/m³
Jakarta South,pm25,2024-02-15T17:00:00Z,46.5,µg/m³
Jakarta South,pm25,2024-02-16T17:00:00Z,27.4,µg/m³
Jakarta South,pm25,2024-02-27T17:00:00Z,27.3,µg/m³
Jakarta South,pm25,2024-02-28T17:00:00Z,31.7,µg/m³
Jakarta South,pm25,2024-02-29T17:00:00Z,34.3,µg/m³
Jakarta South,pm25,2024-03-01T17:00:00Z,34.4,µg/m³
Jakarta South,pm25,2024-03-02T17:00:00Z,29.2,µg/m³
Jakarta South,pm25,2024-03-03T17:00:00Z,23.6,µg/m³
Jakarta South,pm25,2024-03-04T17:00:00Z,17.6,µg/m³
Jakarta South,pm25,2024-03-05T17:00:00Z,15.8,µg/m³
Jakarta South,pm25,2024-03-06T17:00:00Z,12.2,µg/m³
Jakarta South,pm25,2024-03-07T17:00:00Z,11.5,µg/m³
Jakarta South,pm25,2024-03-08T17:00:00Z,34.3,µg/m³
Jakarta South,pm25,2024-03-09T17:00:00Z,42.9,µg/m³
Jakarta South,pm25,2024-03-10T17:00:00Z,27.0,µg/m³
Jakarta South,pm25,2024-03-11T17:00:00Z,32.7,µg/m³
Jakarta South,pm25,2024-03-12T17:00:00Z,32.6,µg/m³
Jakarta South,pm25,2024-03-13T17:00:00Z,28.9,µg/m³
Jakarta South,pm25,2024-03-14T17:00:00Z,17.2,µg/m³
Jakarta South,pm25,2024-03-15T17:00:00Z,16.4,µg/m³
Jakarta South,pm25,2024-03-16T17:00:00Z,15.9,µg/m³
Jakarta South,pm25,2024-03-17T17:00:00Z,21.5,µg/m³
Jakarta South,pm25,2024-03-18T17:00:00Z,20.7,µg/m³
Jakarta South,pm25,2024-03-19T17:00:00Z,16.8,µg/m³
Jakarta South,pm25,2024-03-20T17:00:00Z,22.5,µg/m³
Jakarta South,pm25,2024-03-21T17:00:00Z,26.4,µg/m³
Jakarta South,pm25,2024-03-22T17:00:00Z,58.6,µg/m³
Jakarta South,pm25,2024-03-23T17:00:00Z,40.9,µg/m³
Jakarta South,pm25,2024-03-24T17:00:00Z,31.8,µg/m³
Jakarta South,pm25,2024-03-25T17:00:00Z,46.4,µg/m³
Jakarta South,pm25,2024-03-26T17:00:00Z,53.8,µg/m³
Jakarta South,pm25,2024-03-27T17:00:00Z,70.3,µg/m³
Jakarta South,pm25,2024-03-28T17:00:00Z,50.5,µg/m³
Jakarta South,pm25,2024-03-29T17:00:00Z,50.1,µg/m³
Jakarta South,pm25,2024-03-30T17:00:00Z,63.2,µg/m³
Jakarta South,pm25,2024-03-31T17:00:00Z,77.3,µg/m³
Jakarta South,pm25,2024-04-01T17:00:00Z,50.2,µg/m³
Jakarta South,pm25,2024-04-02T17:00:00Z,41.0,µg/m³
Jakarta South,pm25,2024-04-03T17:00:00Z,50.0,µg/m³
Jakarta South,pm25,2024-04-04T17:00:00Z,,µg/m³
Jakarta South,pm25,2024-04-05T17:00:00Z,,µg/m³
Jakarta South,pm25,2024-04-06T17:00:00Z,,µg/m³
Jakarta South,pm25,2024-04-07T17:00:00Z,,µg/m³
Jakarta South,pm25,2024-04-08T17:00:00Z,49.6,µg/m³
Jakarta South,pm25,2024-04-09T17:00:00Z,47.4,µg/m³
Jakarta South,pm25,2024-04-10T17:00:00Z,26.2,µg/m³
Jakarta South,pm25,2024-04-11T17:00:00Z,21.0,µg/m³
Jakarta South,pm25,2024-04-12T17:00:00Z,31.5,µg/m³
Jakarta South,pm25,2024-04-13T17:00:00Z,22.9,µg/m³
Jakarta South,pm25,2024-04-14T17:00:00Z,18.4,µg/m³
Jakarta South,pm25,2024-04-15T17:00:00Z,31.8,µg/m³
Jakarta South,pm25,2024-04-16T17:00:00Z,35.9,µg/m³
Jakarta South,pm25,2024-04-17T17:00:00Z,35.5,µg/m³
Jakarta South,pm25,2024-04-18T17:00:00Z,26.5,µg/m³
Jakarta South,pm25,2024-04-19T17:00:00Z,61.0,µg/m³
Jakarta South,pm25,2024-04-20T17:00:00Z,42.5,µg/m³
Jakarta South,pm25,2024-04-21T17:00:00Z,50.4,µg/m³
Jakarta South,pm25,2024-04-22T17:00:00Z,37.2,µg/m³
Jakarta South,pm25,2024-04-23T17:00:00Z,52.5,µg/m³
Jakarta South,pm25,2024-04-24T17:00:00Z,35.5,µg/m³
Jakarta South,pm25,2024-04-25T17:00:00Z,34.3,µg/m³
Jakarta South,pm25,2024-04-26T17:00:00Z,38.1,µg/m³
Jakarta South,pm25,2024-04-27T17:00:00Z,40.6,µg/m³
Jakarta South,pm25,2024-04-28T17:00:00Z,31.3,µg/m³
Jakarta South,pm25,2024-04-29T17:00:00Z,41.2,µg/m³
Jakarta South,pm25,2024-04-30T17:00:00Z,36.4,µg/m³
Jakarta South,pm25,2024-05-01T17:00:00Z,45.4,µg/m³
Jakarta South,pm25,2024-05-02T17:00:00Z,59.0,µg/m³
Jakarta South,pm25,2024-05-03T17:00:00Z,54.7,µg/m³
Jakarta South,pm25,2024-05-04T17:00:00Z,59.9,µg/m³
Jakarta South,pm25,2024-05-05T17:00:00Z,56.4,µg/m³
Jakarta South,pm25,2024-05-06T17:00:00Z,64.0,µg/m³
Jakarta South,pm25,2024-05-07T17:00:00Z,64.6,µg/m³
Jakarta South,pm25,2024-05-08T17:00:00Z,62.3,µg/m³
Jakarta South,pm25,2024-05-09T17:00:00Z,51.3,µg/m³
Jakarta South,pm25,2024-05-10T17:00:00Z,45.1,µg/m³
Jakarta South,pm25,2024-05-11T17:00:00Z,47.9,µg/m³
Jakarta South,pm25,2024-05-12T17:00:00Z,48.9,µg/m³
Jakarta South,pm25,2024-05-13T17:00:00Z,68.6,µg/m³
Jakarta South,pm25,2024-05-14T17:00:00Z,64.0,µg/m³
Jakarta South,pm25,2024-05-15T17:00:00Z,85.5,µg/m³
Jakarta South,pm25,2024-05-16T17:00:00Z,,µg/m³
Jakarta South,pm25,2024-05-17T17:00:00Z,,µg/m³
Jakarta South,pm25,2024-05-18T17:00:00Z,,µg/m³
Jakarta South,pm25,2024-05-19T17:00:00Z,,µg/m³
Jakarta South,pm25,2024-05-20T17:00:00Z,,µg/m³
Jakarta South,pm25,2024-05-21T17:00:00Z,,µg/m³
Jakarta South,pm25,2024-05-22T17:00:00Z,,µg/m³
Jakarta South,pm25,2024-05-23T17:00:00Z,,µg/m³
Jakarta South,pm25,2024-05-24T17:00:00Z,,µg/m³
Jakarta South,pm25,2024-05-25T17:00:00Z,,µg/m³
Jakarta South,pm25,2024-05-26T17:00:00Z,,µg/m³
Jakarta South,pm25,2024-05-27T17:00:00Z,50.3,µg/m³
Jakarta South,pm25,2024-05-28T17:00:00Z,59.3,µg/m³
Jakarta South,pm25,2024-05-29T17:00:00Z,55.0,µg/m³
Jakarta South,pm25,2024-05-30T17:00:00Z,73.3,µg/m³
Jakarta South,pm25,2024-05-31T17:00:00Z,71.8,µg/m³
Jakarta South,pm25,2024-06-01T17:00:00Z,50.6,µg/m³
Jakarta South,pm25,2024-06-02T17:00:00Z,32.9,µg/m³
Jakarta South,pm25,2024-06-03T17:00:00Z,68.1,µg/m³
Jakarta South,pm25,2024-06-04T17:00:00Z,49.2,µg/m³
Jakarta South,pm25,2024-06-05T17:00:00Z,43.4,µg/m³
Jakarta South,pm25,2024-06-06T17:00:00Z,73.5,µg/m³
Jakarta South,pm25,2024-06-07T17:00:00Z,56.8,µg/m³
Jakarta South,pm25,2024-06-08T17:00:00Z,61.5,µg/m³
Jakarta South,pm25,2024-06-09T17:00:00Z,56.4,µg/m³
Jakarta South,pm25,2024-06-10T17:00:00Z,53.9,µg/m³
Jakarta South,pm25,2024-06-11T17:00:00Z,27.2,µg/m³
Jakarta South,pm25,2024-06-12T17:00:00Z,34.8,µg/m³
Jakarta South,pm25,2024-06-13T17:00:00Z,35.5,µg/m³
Jakarta South,pm25,2024-06-14T17:00:00Z,55.6,µg/m³
Jakarta South,pm25,2024-06-15T17:00:00Z,,µg/m³
Jakarta South,pm25,2024-06-16T17:00:00Z,,µg/m³
Jakarta South,pm25,2024-06-17T17:00:00Z,,µg/m³
Jakarta South,pm25,2024-06-18T17:00:00Z,,µg/m³
Jakarta South,pm25,2024-06-19T17:00:00Z,,µg/m³
Jakarta South,pm25,2024-06-20T17:00:00Z,,µg/m³
Jakarta South,pm25,2024-06-21T17:00:00Z,,µg/m³
Jakarta South,pm25,2024-06-22T17:00:00Z,,µg/m³
Jakarta South,pm25,2024-06-23T17:00:00Z,48.8,µg/m³
Jakarta South,pm25,2024-06-24T17:00:00Z,31.3,µg/m³
Jakarta South,pm25,2024-06-25T17:00:00Z,34.4,µg/m³
Jakarta South,pm25,2024-06-26T17:00:00Z,39.4,µg/m³
Jakarta South,pm25,2024-06-27T17:00:00Z,32.0,µg/m³
Jakarta South,pm25,2024-06-28T17:00:00Z,36.0,µg/m³
Jakarta South,pm25,2024-06-29T17:00:00Z,28.9,µg/m³
Jakarta South,pm25,2024-06-30T17:00:00Z,45.6,µg/m³
Jakarta South,pm25,2024-07-01T17:00:00Z,48.0,µg/m³
Jakarta South,pm25,2024-07-02T17:00:00Z,70.0,µg/m³
Jakarta South,pm25,2024-07-03T17:00:00Z,41.9,µg/m³
Jakarta South,pm25,2024-07-04T17:00:00Z,32.4,µg/m³
Jakarta South,pm25,2024-07-05T17:00:00Z,18.3,µg/m³
Jakarta South,pm25,2024-07-06T17:00:00Z,14.1,µg/m³
Jakarta South,pm25,2024-07-07T17:00:00Z,26.2,µg/m³
Jakarta South,pm25,2024-07-08T17:00:00Z,42.3,µg/m³
Jakarta South,pm25,2024-07-09T17:00:00Z,50.3,µg/m³
Jakarta South,pm25,2024-07-10T17:00:00Z,53.4,µg/m³
Jakarta South,pm25,2024-07-11T17:00:00Z,43.1,µg/m³
Jakarta South,pm25,2024-07-12T17:00:00Z,57.7,µg/m³
Jakarta South,pm25,2024-07-13T17:00:00Z,45.3,µg/m³
Jakarta South,pm25,2024-07-14T17:00:00Z,50.3,µg/m³
Jakarta South,pm25,2024-07-15T17:00:00Z,41.8,µg/m³
Jakarta South,pm25,2024-07-16T17:00:00Z,48.3,µg/m³
Jakarta South,pm25,2024-07-17T17:00:00Z,46.3,µg/m³
Jakarta South,pm25,2024-07-18T17:00:00Z,45.6,µg/m³
Jakarta South,pm25,2024-07-19T17:00:00Z,62.5,µg/m³
Jakarta South,pm25,2024-07-20T17:00:00Z,,µg/m³
Jakarta South,pm25,2024-07-21T17:00:00Z,,µg/m³
Jakarta South,pm25,2024-07-22T17:00:00Z,,µg/m³
Jakarta South,pm25,2024-07-23T17:00:00Z,,µg/m³
Jakarta South,pm25,2024-07-24T17:00:00Z,,µg/m³
Jakarta South,pm25,2024-07-25T17:00:00Z,,µg/m³
Jakarta South,pm25,2024-07-26T17:00:00Z,,µg/m³
Jakarta South,pm25,2024-07-27T17:00:00Z,,µg/m³
Jakarta South,pm25,2024-07-28T17:00:00Z,,µg/m³
Jakarta South,pm25,2024-07-29T17:00:00Z,,µg/m³
Jakarta South,pm25,2024-07-30T17:00:00Z,,µg/m³
Jakarta South,pm25,2024-07-31T17:00:00Z,,µg/m³
Jakarta South,pm25,2024-08-01T17:00:00Z,,µg/m³
Jakarta South,pm25,2024-08-02T17:00:00Z,,µg/m³
Jakarta South,pm25,2024-08-03T17:00:00Z,,µg/m³
Jakarta South,pm25,2024-08-04T17:00:00Z,,µg/m³
Jakarta South,pm25,2024-08-05T17:00:00Z,34.3,µg/m³
Jakarta South,pm25,2024-08-06T17:00:00Z,41.2,µg/m³
Jakarta South,pm25,2024-08-07T17:00:00Z,63.3,µg/m³
Jakarta South,pm25,2024-08-08T17:00:00Z,48.7,µg/m³
Jakarta South,pm25,2024-08-09T17:00:00Z,38.5,µg/m³
Jakarta South,pm25,2024-08-10T17:00:00Z,40.6,µg/m³
Jakarta South,pm25,2024-08-11T17:00:00Z,40.3,µg/m³
Jakarta South,pm25,2024-08-12T17:00:00Z,58.0,µg/m³
Jakarta South,pm25,2024-08-13T17:00:00Z,71.0,µg/m³
Jakarta South,pm25,2024-08-14T17:00:00Z,53.7,µg/m³
Jakarta South,pm25,2024-08-15T17:00:00Z,58.5,µg/m³
Jakarta South,pm25,2024-08-16T17:00:00Z,55.8,µg/m³
Jakarta South,pm25,2024-08-17T17:00:00Z,53.9,µg/m³
Jakarta South,pm25,2024-08-18T17:00:00Z,50.8,µg/m³
Jakarta South,pm25,2024-08-19T17:00:00Z,63.1,µg/m³
Jakarta South,pm25,2024-08-20T17:00:00Z,66.2,µg/m³
Jakarta South,pm25,2024-08-21T17:00:00Z,43.6,µg/m³
Jakarta South,pm25,2024-08-22T17:00:00Z,52.4,µg/m³
Jakarta South,pm25,2024-08-23T17:00:00Z,60.9,µg/m³
Jakarta South,pm25,2024-08-24T17:00:00Z,40.0,µg/m³
Jakarta South,pm25,2024-08-25T17:00:00Z,61.5,µg/m³
Jakarta South,pm25,2024-08-26T17:00:00Z,66.6,µg/m³
Jakarta South,pm25,2024-08-27T17:00:00Z,46.4,µg/m³
Jakarta South,pm25,2024-08-28T17:00:00Z,74.0,µg/m³
Jakarta South,pm25,2024-08-29T17:00:00Z,36.6,µg/m³
Jakarta South,pm25,2024-08-30T17:00:00Z,36.1,µg/m³
Jakarta South,pm25,2024-08-31T17:00:00Z,41.7,µg/m³
Jakarta South,pm25,2024-09-01T17:00:00Z,44.7,µg/m³
Jakarta South,pm25,2024-09-02T17:00:00Z,46.8,µg/m³
Jakarta South,pm25,2024-09-03T17:00:00Z,35.0,µg/m³
Jakarta South,pm25,2024-09-04T17:00:00Z,41.8,µg/m³
Jakarta South,pm25,2024-09-05T17:00:00Z,37.3,µg/m³
Jakarta South,pm25,2024-09-06T17:00:00Z,36.2,µg/m³
Jakarta South,pm25,2024-09-07T17:00:00Z,32.9,µg/m³
Jakarta South,pm25,2024-09-08T17:00:00Z,40.9,µg/m³
Jakarta South,pm25,2024-09-09T17:00:00Z,40.5,µg/m³
Jakarta South,pm25,2024-09-10T17:00:00Z,34.2,µg/m³
Jakarta South,pm25,2024-09-11T17:00:00Z,56.1,µg/m³
Jakarta South,pm25,2024-09-12T17:00:00Z,39.3,µg/m³
Jakarta South,pm25,2024-09-13T17:00:00Z,40.3,µg/m³
Jakarta South,pm25,2024-09-14T17:00:00Z,44.3,µg/m³
Jakarta South,pm25,2024-09-15T17:00:00Z,58.9,µg/m³
Jakarta South,pm25,2024-09-16T17:00:00Z,43.4,µg/m³
Jakarta South,pm25,2024-09-17T17:00:00Z,45.8,µg/m³
Jakarta South,pm25,2024-09-18T17:00:00Z,40.4,µg/m³
Jakarta South,pm25,2024-09-19T17:00:00Z,44.5,µg/m³
Jakarta South,pm25,2024-09-20T17:00:00Z,67.6,µg/m³
Jakarta South,pm25,2024-09-21T17:00:00Z,60.3,µg/m³
Jakarta South,pm25,2024-09-22T17:00:00Z,47.1,µg/m³
Jakarta South,pm25,2024-09-23T17:00:00Z,49.9,µg/m³
Jakarta South,pm25,2024-09-24T17:00:00Z,42.7,µg/m³
Jakarta South,pm25,2024-09-25T17:00:00Z,43.8,µg/m³
Jakarta South,pm25,2024-09-26T17:00:00Z,38.3,µg/m³
Jakarta South,pm25,2024-09-27T17:00:00Z,57.0,µg/m³
Jakarta South,pm25,2024-09-28T17:00:00Z,44.9,µg/m³
Jakarta South,pm25,2024-09-29T17:00:00Z,37.6,µg/m³
Jakarta South,pm25,2024-09-30T17:00:00Z,57.9,µg/m³
Jakarta South,pm25,2024-10-01T17:00:00Z,47.3,µg/m³
Jakarta South,pm25,2024-10-02T17:00:00Z,47.1,µg/m³
Jakarta South,pm25,2024-10-03T17:00:00Z,43.9,µg/m³
Jakarta South,pm25,2024-10-04T17:00:00Z,43.4,µg/m³
Jakarta South,pm25,2024-10-05T17:00:00Z,56.5,µg/m³
Jakarta South,pm25,2024-10-06T17:00:00Z,71.6,µg/m³
Jakarta South,pm25,2024-10-07T17:00:00Z,40.7,µg/m³
Jakarta South,pm25,2024-10-08T17:00:00Z,46.1,µg/m³
Jakarta South,pm25,2024-10-09T17:00:00Z,50.0,µg/m³
Jakarta South,pm25,2024-10-10T17:00:00Z,46.2,µg/m³
Jakarta South,pm25,2024-10-11T17:00:00Z,49.8,µg/m³
Jakarta South,pm25,2024-10-12T17:00:00Z,67.8,µg/m³
Jakarta South,pm25,2024-10-13T17:00:00Z,50.9,µg/m³
Jakarta South,pm25,2024-10-14T17:00:00Z,53.4,µg/m³
Jakarta South,pm25,2024-10-15T17:00:00Z,69.0,µg/m³
Jakarta South,pm25,2024-10-16T17:00:00Z,2.67,µg/m³
Jakarta South,pm25,2024-10-17T17:00:00Z,0.6,µg/m³
Jakarta South,pm25,2024-10-18T17:00:00Z,1.17,µg/m³
Jakarta South,pm25,2024-10-19T17:00:00Z,1.29,µg/m³
Jakarta South,pm25,2024-10-20T17:00:00Z,30.1,µg/m³
Jakarta South,pm25,2024-10-21T17:00:00Z,43.2,µg/m³
Jakarta South,pm25,2024-10-22T17:00:00Z,35.4,µg/m³
Jakarta South,pm25,2024-10-23T17:00:00Z,38.3,µg/m³
Jakarta South,pm25,2024-10-24T17:00:00Z,37.0,µg/m³
Jakarta South,pm25,2024-10-25T17:00:00Z,32.2,µg/m³
Jakarta South,pm25,2024-10-26T17:00:00Z,38.5,µg/m³
Jakarta South,pm25,2024-10-27T17:00:00Z,39.9,µg/m³
Jakarta South,pm25,2024-10-28T17:00:00Z,42.6,µg/m³
Jakarta South,pm25,2024-10-29T17:00:00Z,41.2,µg/m³
Jakarta South,pm25,2024-10-30T17:00:00Z,38.5,µg/m³
Jakarta South,pm25,2024-10-31T17:00:00Z,48.0,µg/m³
Jakarta South,pm25,2024-11-01T17:00:00Z,46.1,µg/m³
Jakarta South,pm25,2024-11-02T17:00:00Z,33.1,µg/m³
Jakarta South,pm25,2024-11-03T17:00:00Z,30.2,µg/m³
Jakarta South,pm25,2024-11-04T17:00:00Z,34.7,µg/m³
Jakarta South,pm25,2024-11-05T17:00:00Z,30.9,µg/m³
Jakarta South,pm25,2024-11-06T17:00:00Z,51.6,µg/m³
Jakarta South,pm25,2024-11-07T17:00:00Z,51.8,µg/m³
Jakarta South,pm25,2024-11-08T17:00:00Z,50.5,µg/m³
Jakarta South,pm25,2024-11-09T17:00:00Z,35.2,µg/m³
Jakarta South,pm25,2024-11-10T17:00:00Z,33.3,µg/m³
Jakarta South,pm25,2024-11-11T17:00:00Z,28.6,µg/m³
Jakarta South,pm25,2024-11-12T17:00:00Z,40.3,µg/m³
Jakarta South,pm25,2024-11-13T17:00:00Z,57.5,µg/m³
Jakarta South,pm25,2024-11-14T17:00:00Z,71.3,µg/m³
Jakarta South,pm25,2024-11-15T17:00:00Z,84.8,µg/m³
Jakarta South,pm25,2024-11-16T17:00:00Z,63.4,µg/m³
Jakarta South,pm25,2024-11-17T17:00:00Z,,µg/m³
Jakarta South,pm25,2024-11-18T17:00:00Z,,µg/m³
Jakarta South,pm25,2024-11-19T17:00:00Z,,µg/m³
Jakarta South,pm25,2024-11-20T17:00:00Z,27.9,µg/m³
Jakarta South,pm25,2024-11-21T17:00:00Z,18.1,µg/m³
Jakarta South,pm25,2024-11-22T17:00:00Z,20.6,µg/m³
Jakarta South,pm25,2024-11-23T17:00:00Z,19.5,µg/m³
Jakarta South,pm25,2024-11-24T17:00:00Z,17.1,µg/m³
Jakarta South,pm25,2024-11-25T17:00:00Z,29.7,µg/m³
Jakarta South,pm25,2024-11-26T17:00:00Z,15.1,µg/m³
Jakarta South,pm25,2024-11-27T17:00:00Z,14.5,µg/m³
Jakarta South,pm25,2024-11-28T17:00:00Z,12.2,µg/m³
Jakarta South,pm25,2024-11-29T17:00:00Z,15.3,µg/m³
Jakarta South,pm25,2024-11-30T17:00:00Z,13.6,µg/m³
Jakarta South,pm25,2024-12-01T17:00:00Z,8.6,µg/m³
Jakarta South,pm25,2024-12-02T17:00:00Z,7.4,µg/m³
Jakarta South,pm25,2024-12-03T17:00:00Z,9.23,µg/m³
Jakarta South,pm25,2024-12-04T17:00:00Z,10.2,µg/m³
Jakarta South,pm25,2024-12-05T17:00:00Z,26.4,µg/m³
Jakarta South,pm25,2024-12-06T17:00:00Z,40.7,µg/m³
Jakarta South,pm25,2024-12-07T17:00:00Z,25.5,µg/m³
Jakarta South,pm25,2024-12-08T17:00:00Z,28.1,µg/m³
Jakarta South,pm25,2024-12-09T17:00:00Z,10.6,µg/m³
Jakarta South,pm25,2024-12-10T17:00:00Z,17.4,µg/m³
Jakarta South,pm25,2024-12-11T17:00:00Z,8.75,µg/m³
Jakarta South,pm25,2024-12-12T17:00:00Z,10.6,µg/m³
Jakarta South,pm25,2024-12-13T17:00:00Z,5.64,µg/m³
Jakarta South,pm25,2024-12-14T17:00:00Z,8.6,µg/m³
Jakarta South,pm25,2024-12-15T17:00:00Z,8.23,µg/m³
Jakarta South,pm25,2024-12-16T17:00:00Z,6.27,µg/m³
Jakarta South,pm25,2024-12-17T17:00:00Z,4.11,µg/m³
Jakarta South,pm25,2024-12-18T17:00:00Z,10.1,µg/m³
Jakarta South,pm25,2024-12-19T17:00:00Z,9.1,µg/m³
Jakarta South,pm25,2024-12-20T17:00:00Z,13.8,µg/m³
Jakarta South,pm25,2024-12-21T17:00:00Z,14.6,µg/m³
Jakarta South,pm25,2024-12-22T17:00:00Z,24.9,µg/m³
Jakarta South,pm25,2024-12-23T17:00:00Z,5.63,µg/m³
Jakarta South,pm25,2024-12-24T17:00:00Z,23.6,µg/m³
Jakarta South,pm25,2024-12-25T17:00:00Z,12.9,µg/m³
Jakarta South,pm25,2024-12-26T17:00:00Z,30.5,µg/m³
Jakarta South,pm25,2024-12-27T17:00:00Z,14.9,µg/m³
Jakarta South,pm25,2024-12-28T17:00:00Z,26.2,µg/m³
Jakarta South,pm25,2024-12-29T17:00:00Z,6.78,µg/m³
Jakarta South,pm25,2024-12-30T17:00:00Z,11.6,µg/m³
Jakarta South,pm25,2024-12-31T17:00:00Z,10.2,µg/m³
Jakarta South,pm25,2025-01-01T17:00:00Z,13.7,µg/m³
Jakarta South,pm25,2025-01-02T17:00:00Z,19.5,µg/m³
Jakarta South,pm25,2025-01-03T17:00:00Z,,µg/m³
Jakarta South,pm25,2025-01-04T17:00:00Z,,µg/m³
Jakarta South,pm25,2025-01-05T17:00:00Z,,µg/m³
Jakarta South,pm25,2025-01-06T17:00:00Z,,µg/m³
Jakarta South,pm25,2025-01-07T17:00:00Z,,µg/m³
Jakarta South,pm25,2025-01-08T17:00:00Z,,µg/m³
Jakarta South,pm25,2025-01-09T17:00:00Z,,µg/m³
Jakarta South,pm25,2025-01-10T17:00:00Z,,µg/m³
Jakarta South,pm25,2025-01-11T17:00:00Z,,µg/m³
Jakarta South,pm25,2025-01-12T17:00:00Z,,µg/m³
Jakarta South,pm25,2025-01-13T17:00:00Z,,µg/m³
Jakarta South,pm25,2025-01-14T17:00:00Z,,µg/m³
Jakarta South,pm25,2025-01-15T17:00:00Z,,µg/m³
Jakarta South,pm25,2025-01-16T17:00:00Z,,µg/m³
Jakarta South,pm25,2025-01-17T17:00:00Z,,µg/m³
Jakarta South,pm25,2025-01-18T17:00:00Z,9.0,µg/m³
Jakarta South,pm25,2025-01-19T17:00:00Z,,µg/m³
Jakarta South,pm25,2025-01-20T17:00:00Z,,µg/m³
Jakarta South,pm25,2025-01-21T17:00:00Z,,µg/m³
Jakarta South,pm25,2025-01-22T17:00:00Z,,µg/m³
Jakarta South,pm25,2025-01-23T17:00:00Z,,µg/m³
Jakarta South,pm25,2025-01-24T17:00:00Z,,µg/m³
Jakarta South,pm25,2025-01-25T17:00:00Z,,µg/m³
Jakarta South,pm25,2025-01-26T17:00:00Z,8.0,µg/m³
Jakarta South,pm25,2025-01-27T17:00:00Z,4.0,µg/m³
Jakarta South,pm25,2025-01-28T17:00:00Z,6.5,µg/m³
Jakarta South,pm25,2025-01-29T17:00:00Z,8.4,µg/m³
Jakarta South,pm25,2025-01-30T17:00:00Z,,µg/m³
Jakarta South,pm25,2025-01-31T17:00:00Z,,µg/m³
Jakarta South,pm25,2025-02-01T17:00:00Z,,µg/m³
Jakarta South,pm25,2025-02-02T17:00:00Z,,µg/m³
Jakarta South,pm25,2025-02-03T17:00:00Z,,µg/m³
Jakarta South,pm25,2025-02-04T17:00:00Z,,µg/m³
Jakarta South,pm25,2025-02-05T17:00:00Z,,µg/m³
Jakarta South,pm25,2025-02-06T17:00:00Z,,µg/m³
Jakarta South,pm25,2025-02-07T17:00:00Z,,µg/m³
Jakarta South,pm25,2025-02-08T17:00:00Z,,µg/m³
Jakarta South,pm25,2025-02-09T17:00:00Z,,µg/m³
Jakarta South,pm25,2025-02-10T17:00:00Z,,µg/m³
Jakarta South,pm25,2025-02-11T17:00:00Z,,µg/m³
Jakarta South,pm25,2025-02-12T17:00:00Z,,µg/m³
Jakarta South,pm25,2025-02-13T17:00:00Z,,µg/m³
Jakarta South,pm25,2025-02-14T17:00:00Z,,µg/m³
Jakarta South,pm25,2025-02-15T17:00:00Z,,µg/m³
Jakarta South,pm25,2025-02-16T17:00:00Z,,µg/m³
Jakarta South,pm25,2025-02-17T17:00:00Z,,µg/m³
Jakarta South,pm25,2025-02-18T17:00:00Z,8.0,µg/m³
Jakarta South,pm25,2025-02-19T17:00:00Z,11.0,µg/m³
Jakarta South,pm25,2025-02-20T17:00:00Z,,µg/m³
Jakarta South,pm25,2025-02-21T17:00:00Z,,µg/m³
Jakarta South,pm25,2025-02-22T17:00:00Z,,µg/m³
Jakarta South,pm25,2025-02-23T17:00:00Z,7.0,µg/m³
Jakarta South,pm25,2025-02-24T17:00:00Z,16.0,µg/m³
Jakarta South,pm25,2025-02-25T17:00:00Z,15.7,µg/m³
Jakarta South,pm25,2025-02-26T17:00:00Z,39.5,µg/m³
Jakarta South,pm25,2025-02-27T17:00:00Z,30.8,µg/m³
Jakarta South,pm25,2025-02-28T17:00:00Z,34.0,µg/m³
Jakarta South,pm25,2025-03-01T17:00:00Z,,µg/m³
Jakarta South,pm25,2025-03-02T17:00:00Z,,µg/m³
Jakarta South,pm25,2025-03-03T17:00:00Z,18.4,µg/m³
Jakarta South,pm25,2025-03-04T17:00:00Z,26.1,µg/m³
Jakarta South,pm25,2025-03-05T17:00:00Z,40.2,µg/m³
Jakarta South,pm25,2025-03-06T17:00:00Z,12.3,µg/m³
Jakarta South,pm25,2025-03-07T17:00:00Z,25.5,µg/m³
Jakarta South,pm25,2025-03-08T17:00:00Z,24.0,µg/m³
Jakarta South,pm25,2025-03-09T17:00:00Z,33.9,µg/m³
Jakarta South,pm25,2025-03-10T17:00:00Z,31.8,µg/m³
Jakarta South,pm25,2025-03-11T17:00:00Z,19.0,µg/m³
Jakarta South,pm25,2025-03-12T17:00:00Z,34.3,µg/m³
Jakarta South,pm25,2025-03-13T17:00:00Z,18.1,µg/m³
Jakarta South,pm25,2025-03-14T17:00:00Z,12.6,µg/m³
Jakarta South,pm25,2025-03-15T17:00:00Z,10.6,µg/m³
Jakarta South,pm25,2025-03-16T17:00:00Z,17.5,µg/m³
Jakarta South,pm25,2025-03-19T17:00:00Z,22.1,µg/m³
Jakarta South,pm25,2025-03-20T17:00:00Z,14.8,µg/m³
Jakarta South,pm25,2025-03-21T17:00:00Z,37.0,µg/m³
Jakarta South,pm25,2025-03-22T17:00:00Z,23.5,µg/m³
Jakarta South,pm25,2025-03-23T17:00:00Z,19.9,µg/m³
Jakarta South,pm25,2025-03-24T17:00:00Z,17.4,µg/m³
Jakarta South,pm25,2025-03-25T17:00:00Z,36.8,µg/m³
Jakarta South,pm25,2025-03-26T17:00:00Z,32.9,µg/m³
Jakarta South,pm25,2025-03-27T17:00:00Z,8.21,µg/m³
Jakarta South,pm25,2025-03-28T17:00:00Z,6.96,µg/m³
Jakarta South,pm25,2025-03-29T17:00:00Z,11.8,µg/m³
Jakarta South,pm25,2025-03-30T17:00:00Z,10.0,µg/m³
Jakarta South,pm25,2025-03-31T17:00:00Z,15.2,µg/m³
Jakarta South,pm25,2025-04-01T17:00:00Z,10.5,µg/m³
Jakarta South,pm25,2025-04-02T17:00:00Z,16.8,µg/m³
Jakarta South,pm25,2025-04-03T17:00:00Z,22.8,µg/m³
Jakarta South,pm25,2025-04-04T17:00:00Z,30.1,µg/m³
Jakarta South,pm25,2025-04-05T17:00:00Z,28.3,µg/m³
Jakarta South,pm25,2025-04-06T17:00:00Z,27.5,µg/m³
Jakarta South,pm25,2025-04-07T17:00:00Z,28.0,µg/m³
Jakarta South,pm25,2025-04-08T17:00:00Z,33.4,µg/m³
Jakarta South,pm25,2025-04-09T17:00:00Z,44.2,µg/m³
Jakarta South,pm25,2025-04-10T17:00:00Z,43.2,µg/m³
Jakarta South,pm25,2025-04-11T17:00:00Z,41.3,µg/m³
Jakarta South,pm25,2025-04-12T17:00:00Z,25.6,µg/m³
Jakarta South,pm25,2025-04-13T17:00:00Z,13.0,µg/m³
Jakarta South,pm25,2025-04-14T17:00:00Z,26.2,µg/m³
Jakarta South,pm25,2025-04-15T17:00:00Z,41.8,µg/m³
Jakarta South,pm25,2025-04-16T17:00:00Z,40.7,µg/m³
Jakarta South,pm25,2025-04-17T17:00:00Z,33.4,µg/m³
Jakarta South,pm25,2025-04-18T17:00:00Z,26.0,µg/m³
Jakarta South,pm25,2025-04-19T17:00:00Z,21.0,µg/m³
Jakarta South,pm25,2025-04-20T17:00:00Z,25.7,µg/m³
Jakarta South,pm25,2025-04-21T17:00:00Z,35.7,µg/m³
Jakarta South,pm25,2025-04-22T17:00:00Z,21.4,µg/m³
Jakarta South,pm25,2025-04-23T17:00:00Z,14.2,µg/m³
Jakarta South,pm25,2025-04-24T17:00:00Z,25.2,µg/m³
Jakarta South,pm25,2025-04-25T17:00:00Z,31.3,µg/m³
Jakarta South,pm25,2025-04-26T17:00:00Z,34.8,µg/m³
Jakarta South,pm25,2025-04-27T17:00:00Z,26.6,µg/m³
Jakarta South,pm25,2025-04-28T17:00:00Z,33.6,µg/m³
Jakarta South,pm25,2025-04-29T17:00:00Z,38.4,µg/m³
Jakarta South,pm25,2025-04-30T17:00:00Z,47.9,µg/m³
Jakarta South,pm25,2025-05-01T17:00:00Z,30.6,µg/m³
Jakarta South,pm25,2025-05-02T17:00:00Z,36.0,µg/m³
Jakarta South,pm25,2025-05-03T17:00:00Z,38.7,µg/m³
Jakarta South,pm25,2025-05-04T17:00:00Z,48.3,µg/m³
Jakarta South,pm25,2025-05-05T17:00:00Z,41.0,µg/m³
Jakarta South,pm25,2025-05-06T17:00:00Z,48.3,µg/m³
Jakarta South,pm25,2025-05-07T17:00:00Z,51.0,µg/m³
Jakarta South,pm25,2025-05-08T17:00:00Z,33.6,µg/m³
Jakarta South,pm25,2025-05-09T17:00:00Z,49.6,µg/m³
Jakarta South,pm25,2025-05-10T17:00:00Z,41.2,µg/m³
Jakarta South,pm25,2025-05-11T17:00:00Z,17.7,µg/m³
Jakarta South,pm25,2025-05-12T17:00:00Z,22.6,µg/m³
Jakarta South,pm25,2025-05-13T17:00:00Z,34.3,µg/m³
Jakarta South,pm25,2025-05-14T17:00:00Z,27.6,µg/m³
Jakarta South,pm25,2025-05-15T17:00:00Z,38.0,µg/m³
Jakarta South,pm25,2025-05-16T17:00:00Z,33.7,µg/m³
Jakarta South,pm25,2025-05-17T17:00:00Z,34.2,µg/m³
Jakarta South,pm25,2025-05-18T17:00:00Z,38.7,µg/m³
Jakarta South,pm25,2025-05-19T17:00:00Z,36.6,µg/m³
Jakarta South,pm25,2025-05-20T17:00:00Z,45.4,µg/m³
Jakarta South,pm25,2025-05-21T17:00:00Z,35.0,µg/m³
Jakarta South,pm25,2025-05-22T17:00:00Z,20.8,µg/m³
Jakarta South,pm25,2025-05-23T17:00:00Z,20.3,µg/m³
Jakarta South,pm25,2025-05-24T17:00:00Z,46.1,µg/m³
Jakarta South,pm25,2025-05-25T17:00:00Z,39.3,µg/m³
Jakarta South,pm25,2025-05-26T17:00:00Z,15.9,µg/m³
Jakarta South,pm25,2025-05-27T17:00:00Z,54.6,µg/m³
Jakarta South,pm25,2025-05-28T17:00:00Z,37.7,µg/m³
Jakarta South,pm25,2025-05-29T17:00:00Z,33.8,µg/m³
Jakarta South,pm25,2025-05-30T17:00:00Z,50.7,µg/m³
Jakarta South,pm25,2025-05-31T17:00:00Z,49.9,µg/m³
Jakarta South,pm25,2025-06-01T17:00:00Z,52.7,µg/m³
Jakarta South,pm25,2025-06-02T17:00:00Z,61.5,µg/m³
Jakarta South,pm25,2025-06-03T17:00:00Z,76.6,µg/m³
Jakarta South,pm25,2025-06-04T17:00:00Z,58.5,µg/m³
Jakarta South,pm25,2025-06-05T17:00:00Z,39.9,µg/m³
Jakarta South,pm25,2025-06-06T17:00:00Z,74.2,µg/m³
Jakarta South,pm25,2025-06-07T17:00:00Z,47.7,µg/m³
Jakarta South,pm25,2025-06-08T17:00:00Z,47.6,µg/m³
Jakarta South,pm25,2025-06-09T17:00:00Z,46.9,µg/m³
Jakarta South,pm25,2025-06-10T17:00:00Z,38.0,µg/m³
Jakarta South,pm25,2025-06-11T17:00:00Z,45.8,µg/m³
Jakarta South,pm25,2025-06-12T17:00:00Z,43.7,µg/m³
Jakarta South,pm25,2025-06-13T17:00:00Z,34.8,µg/m³
Jakarta South,pm25,2025-06-14T17:00:00Z,40.6,µg/m³
Jakarta South,pm25,2025-06-15T17:00:00Z,30.8,µg/m³
Jakarta South,pm25,2025-06-16T17:00:00Z,21.7,µg/m³
Jakarta South,pm25,2025-06-17T17:00:00Z,25.4,µg/m³
Jakarta South,pm25,2025-06-18T17:00:00Z,39.5,µg/m³
Jakarta South,pm25,2025-06-19T17:00:00Z,36.7,µg/m³
Jakarta South,pm25,2025-06-20T17:00:00Z,38.8,µg/m³
Jakarta South,pm25,2025-06-21T17:00:00Z,50.1,µg/m³
Jakarta South,pm25,2025-06-22T17:00:00Z,39.0,µg/m³
Jakarta South,pm25,2025-06-23T17:00:00Z,54.4,µg/m³
Jakarta South,pm25,2025-06-24T17:00:00Z,59.3,µg/m³
Jakarta South,pm25,2025-06-25T17:00:00Z,44.4,µg/m³
Jakarta South,pm25,2025-06-26T17:00:00Z,55.1,µg/m³
Jakarta South,pm25,2025-06-27T17:00:00Z,57.5,µg/m³
Jakarta South,pm25,2025-06-28T17:00:00Z,68.1,µg/m³
Jakarta South,pm25,2025-06-29T17:00:00Z,31.7,µg/m³
Jakarta South,pm25,2025-06-30T17:00:00Z,13.8,µg/m³
Jakarta South,pm25,2025-07-01T17:00:00Z,30.5,µg/m³
Jakarta South,pm25,2025-07-02T17:00:00Z,35.8,µg/m³
Jakarta South,pm25,2025-07-03T17:00:00Z,33.8,µg/m³
Jakarta South,pm25,2025-07-04T17:00:00Z,34.5,µg/m³
Jakarta South,pm25,2025-07-05T17:00:00Z,20.5,µg/m³
Jakarta South,pm25,2025-07-06T17:00:00Z,25.3,µg/m³
Jakarta South,pm25,2025-07-07T17:00:00Z,22.5,µg/m³
Jakarta South,pm25,2025-07-08T17:00:00Z,34.3,µg/m³
Jakarta South,pm25,2025-07-09T17:00:00Z,33.2,µg/m³
Jakarta South,pm25,2025-07-10T17:00:00Z,46.7,µg/m³
Jakarta South,pm25,2025-07-11T17:00:00Z,70.8,µg/m³
Jakarta South,pm25,2025-07-12T17:00:00Z,47.6,µg/m³
Jakarta South,pm25,2025-07-13T17:00:00Z,44.0,µg/m³
Jakarta South,pm25,2025-07-14T17:00:00Z,48.9,µg/m³
Jakarta South,pm25,2025-07-15T17:00:00Z,54.7,µg/m³
Jakarta South,pm25,2025-07-16T17:00:00Z,42.8,µg/m³
Jakarta South,pm25,2025-07-17T17:00:00Z,46.0,µg/m³
Jakarta South,pm25,2025-07-18T17:00:00Z,44.7,µg/m³
Jakarta South,pm25,2025-07-19T17:00:00Z,36.2,µg/m³
Jakarta South,pm25,2025-07-20T17:00:00Z,35.9,µg/m³
Jakarta South,pm25,2025-07-21T17:00:00Z,47.7,µg/m³
Jakarta South,pm25,2025-07-22T17:00:00Z,50.5,µg/m³
Jakarta South,pm25,2025-07-23T17:00:00Z,53.8,µg/m³
Jakarta South,pm25,2025-07-24T17:00:00Z,56.6,µg/m³
Jakarta South,pm25,2025-07-25T17:00:00Z,53.9,µg/m³
Jakarta South,pm25,2025-07-26T17:00:00Z,62.4,µg/m³
Jakarta South,pm25,2025-07-27T17:00:00Z,42.1,µg/m³
Jakarta South,pm25,2025-07-28T17:00:00Z,32.9,µg/m³
Jakarta South,pm25,2025-07-29T17:00:00Z,30.5,µg/m³
Jakarta South,pm25,2025-07-30T17:00:00Z,25.5,µg/m³
Jakarta South,pm25,2025-07-31T17:00:00Z,37.0,µg/m³
Jakarta South,pm25,2025-08-01T17:00:00Z,44.9,µg/m³
Jakarta South,pm25,2025-08-02T17:00:00Z,44.9,µg/m³
Jakarta South,pm25,2025-08-03T17:00:00Z,28.5,µg/m³
Jakarta South,pm25,2025-08-04T17:00:00Z,38.1,µg/m³
Jakarta South,pm25,2025-08-05T17:00:00Z,35.5,µg/m³
Jakarta South,pm25,2025-08-06T17:00:00Z,45.1,µg/m³
Jakarta South,pm25,2025-08-07T17:00:00Z,37.2,µg/m³
Jakarta South,pm25,2025-08-08T17:00:00Z,38.0,µg/m³
Jakarta South,pm25,2025-08-09T17:00:00Z,40.8,µg/m³
Jakarta South,pm25,2025-08-10T17:00:00Z,44.0,µg/m³
Jakarta South,pm25,2025-08-11T17:00:00Z,44.9,µg/m³
Jakarta South,pm25,2025-08-12T17:00:00Z,40.7,µg/m³
Jakarta South,pm25,2025-08-13T17:00:00Z,33.0,µg/m³
Jakarta South,pm25,2025-08-14T17:00:00Z,31.1,µg/m³
Jakarta South,pm25,2025-08-15T17:00:00Z,42.5,µg/m³
Jakarta South,pm25,2025-08-16T17:00:00Z,39.8,µg/m³
Jakarta South,pm25,2025-08-17T17:00:00Z,30.0,µg/m³
Jakarta South,pm25,2025-08-18T17:00:00Z,47.8,µg/m³
Jakarta South,pm25,2025-08-19T17:00:00Z,39.8,µg/m³
Jakarta South,pm25,2025-08-20T17:00:00Z,33.8,µg/m³
Jakarta South,pm25,2025-08-21T17:00:00Z,35.7,µg/m³
Jakarta South,pm25,2025-08-22T17:00:00Z,40.4,µg/m³
Jakarta South,pm25,2025-08-23T17:00:00Z,42.4,µg/m³
Jakarta South,pm25,2025-08-24T17:00:00Z,48.5,µg/m³
Jakarta South,pm25,2025-08-25T17:00:00Z,39.0,µg/m³
Jakarta South,pm25,2025-08-26T17:00:00Z,45.4,µg/m³
Jakarta South,pm25,2025-08-27T17:00:00Z,20.2,µg/m³
Jakarta South,pm25,2025-08-28T17:00:00Z,20.7,µg/m³
Jakarta South,pm25,2025-08-29T17:00:00Z,27.2,µg/m³
Jakarta South,pm25,2025-08-30T17:00:00Z,27.2,µg/m³
Jakarta South,pm25,2025-08-31T17:00:00Z,37.4,µg/m³
Jakarta South,pm25,2025-09-01T17:00:00Z,35.6,µg/m³
Jakarta South,pm25,2025-09-02T17:00:00Z,32.4,µg/m³
Jakarta South,pm25,2025-09-03T17:00:00Z,29.2,µg/m³
Jakarta South,pm25,2025-09-04T17:00:00Z,45.8,µg/m³
Jakarta South,pm25,2025-09-05T17:00:00Z,39.0,µg/m³
Jakarta South,pm25,2025-09-06T17:00:00Z,29.1,µg/m³
Jakarta South,pm25,2025-09-07T17:00:00Z,44.3,µg/m³
Jakarta South,pm25,2025-09-08T17:00:00Z,38.0,µg/m³
Jakarta South,pm25,2025-09-09T17:00:00Z,32.4,µg/m³
Jakarta South,pm25,2025-09-10T17:00:00Z,38.4,µg/m³
Jakarta South,pm25,2025-09-11T17:00:00Z,26.0,µg/m³
Jakarta South,pm25,2025-09-12T17:00:00Z,28.8,µg/m³
Jakarta South,pm25,2025-09-13T17:00:00Z,38.4,µg/m³
Jakarta South,pm25,2025-09-14T17:00:00Z,31.4,µg/m³
Jakarta South,pm25,2025-09-15T17:00:00Z,50.6,µg/m³
Jakarta South,pm25,2025-09-16T17:00:00Z,43.6,µg/m³
Jakarta South,pm25,2025-09-17T17:00:00Z,41.7,µg/m³
Jakarta South,pm25,2025-09-18T17:00:00Z,62.8,µg/m³
Jakarta South,pm25,2025-09-19T17:00:00Z,42.5,µg/m³
Jakarta South,pm25,2025-09-20T17:00:00Z,32.0,µg/m³
Jakarta South,pm25,2025-09-21T17:00:00Z,36.6,µg/m³
Jakarta South,pm25,2025-09-22T17:00:00Z,38.4,µg/m³
Jakarta South,pm25,2025-09-23T17:00:00Z,51.5,µg/m³
Jakarta South,pm25,2025-09-24T17:00:00Z,58.3,µg/m³
Jakarta South,pm25,2025-09-25T17:00:00Z,32.4,µg/m³
Jakarta South,pm25,2025-09-26T17:00:00Z,33.1,µg/m³
Jakarta South,pm25,2025-09-27T17:00:00Z,30.3,µg/m³
Jakarta South,pm25,2025-09-28T17:00:00Z,41.8,µg/m³
Jakarta South,pm25,2025-09-29T17:00:00Z,32.1,µg/m³
Jakarta South,pm25,2025-09-30T17:00:00Z,28.5,µg/m³
Jakarta South,pm25,2025-10-01T17:00:00Z,28.2,µg/m³
Jakarta South,pm25,2025-10-02T17:00:00Z,24.8,µg/m³
Jakarta South,pm25,2025-10-03T17:00:00Z,2.56,µg/m³
Jakarta South,pm25,2025-10-04T17:00:00Z,2.2,µg/m³
Jakarta South,pm25,2025-10-05T17:00:00Z,2.17,µg/m³
Jakarta South,pm25,2025-10-06T17:00:00Z,20.6,µg/m³
Jakarta South,pm25,2025-10-07T17:00:00Z,42.6,µg/m³
Jakarta South,pm25,2025-10-08T17:00:00Z,43.5,µg/m³
Jakarta South,pm25,2025-10-09T17:00:00Z,40.0,µg/m³
Jakarta South,pm25,2025-10-10T17:00:00Z,35.2,µg/m³
Jakarta South,pm25,2025-10-11T17:00:00Z,35.6,µg/m³
Jakarta South,pm25,2025-10-12T17:00:00Z,36.6,µg/m³
Jakarta South,pm25,2025-10-13T17:00:00Z,29.5,µg/m³
Jakarta South,pm25,2025-10-14T17:00:00Z,29.2,µg/m³
Jakarta South,pm25,2025-10-15T17:00:00Z,49.2,µg/m³
Jakarta South,pm25,2025-10-16T17:00:00Z,44.5,µg/m³
Jakarta South,pm25,2025-10-17T17:00:00Z,40.2,µg/m³
Jakarta South,pm25,2025-10-18T17:00:00Z,40.1,µg/m³
Jakarta South,pm25,2025-10-19T17:00:00Z,58.1,µg/m³
Jakarta South,pm25,2025-10-20T17:00:00Z,39.9,µg/m³
Jakarta South,pm25,2025-10-21T17:00:00Z,19.7,µg/m³
Jakarta South,pm25,2025-10-22T17:00:00Z,25.3,µg/m³
Jakarta South,pm25,2025-10-23T17:00:00Z,12.5,µg/m³
Jakarta South,pm25,2025-10-24T17:00:00Z,11.7,µg/m³
Jakarta South,pm25,2025-10-25T17:00:00Z,16.3,µg/m³
Jakarta South,pm25,2025-10-26T17:00:00Z,27.7,µg/m³
Jakarta South,pm25,2025-10-27T17:00:00Z,29.3,µg/m³
Jakarta South,pm25,2025-10-28T17:00:00Z,34.8,µg/m³
Jakarta South,pm25,2025-10-29T17:00:00Z,19.0,µg/m³
Jakarta South,pm25,2025-10-30T17:00:00Z,28.0,µg/m³
Jakarta South,pm25,2025-10-31T17:00:00Z,24.9,µg/m³
Jakarta South,pm25,2025-11-01T17:00:00Z,25.8,µg/m³
Jakarta South,pm25,2025-11-02T17:00:00Z,28.5,µg/m³
Jakarta South,pm25,2025-11-03T17:00:00Z,31.8,µg/m³
Jakarta South,pm25,2025-11-04T17:00:00Z,16.8,µg/m³
Jakarta Central,o3,2022-11-03T17:00:00Z,0.0361,ppm
Jakarta Central,o3,2022-11-04T17:00:00Z,0.002,ppm
Jakarta Central,o3,2022-11-05T17:00:00Z,,ppm
Jakarta Central,o3,2022-11-06T17:00:00Z,,ppm
Jakarta Central,o3,2022-11-07T17:00:00Z,,ppm
Jakarta Central,o3,2022-11-08T17:00:00Z,,ppm
Jakarta Central,o3,2022-11-09T17:00:00Z,,ppm
Jakarta Central,o3,2022-11-10T17:00:00Z,,ppm
Jakarta Central,o3,2022-11-11T17:00:00Z,,ppm
Jakarta Central,o3,2022-11-12T17:00:00Z,,ppm
Jakarta Central,o3,2022-11-13T17:00:00Z,,ppm
Jakarta Central,o3,2022-11-14T17:00:00Z,,ppm
Jakarta Central,o3,2022-11-15T17:00:00Z,,ppm
Jakarta Central,o3,2022-11-16T17:00:00Z,,ppm
Jakarta Central,o3,2022-11-17T17:00:00Z,,ppm
Jakarta Central,o3,2022-11-18T17:00:00Z,,ppm
Jakarta Central,o3,2022-11-19T17:00:00Z,,ppm
Jakarta Central,o3,2022-11-20T17:00:00Z,,ppm
Jakarta Central,o3,2022-11-21T17:00:00Z,,ppm
Jakarta Central,o3,2022-11-22T17:00:00Z,,ppm
Jakarta Central,o3,2022-11-23T17:00:00Z,,ppm
Jakarta Central,o3,2022-11-24T17:00:00Z,,ppm
Jakarta Central,o3,2022-11-25T17:00:00Z,,ppm
Jakarta Central,o3,2022-11-26T17:00:00Z,,ppm
Jakarta Central,o3,2022-11-27T17:00:00Z,,ppm
Jakarta Central,o3,2022-11-28T17:00:00Z,,ppm
Jakarta Central,o3,2022-11-29T17:00:00Z,,ppm
Jakarta Central,o3,2022-11-30T17:00:00Z,,ppm
Jakarta Central,o3,2022-12-01T17:00:00Z,,ppm
Jakarta Central,o3,2022-12-02T17:00:00Z,,ppm
Jakarta Central,o3,2022-12-03T17:00:00Z,,ppm
Jakarta Central,o3,2022-12-04T17:00:00Z,,ppm
Jakarta Central,o3,2022-12-05T17:00:00Z,,ppm
Jakarta Central,o3,2022-12-06T17:00:00Z,,ppm
Jakarta Central,o3,2022-12-07T17:00:00Z,,ppm
Jakarta Central,o3,2022-12-08T17:00:00Z,,ppm
Jakarta Central,o3,2022-12-09T17:00:00Z,,ppm
Jakarta Central,o3,2022-12-10T17:00:00Z,,ppm
Jakarta Central,o3,2022-12-11T17:00:00Z,,ppm
Jakarta Central,o3,2022-12-12T17:00:00Z,,ppm
Jakarta Central,o3,2022-12-13T17:00:00Z,,ppm
Jakarta Central,o3,2022-12-14T17:00:00Z,,ppm
Jakarta Central,o3,2022-12-15T17:00:00Z,,ppm
Jakarta Central,o3,2022-12-16T17:00:00Z,,ppm
Jakarta Central,o3,2022-12-17T17:00:00Z,,ppm
Jakarta Central,o3,2022-12-18T17:00:00Z,,ppm
Jakarta Central,o3,2022-12-19T17:00:00Z,,ppm
Jakarta Central,o3,2022-12-20T17:00:00Z,,ppm
Jakarta Central,o3,2022-12-21T17:00:00Z,,ppm
Jakarta Central,o3,2022-12-22T17:00:00Z,,ppm
Jakarta Central,o3,2022-12-23T17:00:00Z,,ppm
Jakarta Central,o3,2022-12-24T17:00:00Z,,ppm
Jakarta Central,o3,2022-12-25T17:00:00Z,,ppm
Jakarta Central,o3,2022-12-26T17:00:00Z,,ppm
Jakarta Central,o3,2022-12-27T17:00:00Z,,ppm
Jakarta Central,o3,2022-12-28T17:00:00Z,,ppm
Jakarta Central,o3,2022-12-29T17:00:00Z,,ppm
Jakarta Central,o3,2022-12-30T17:00:00Z,,ppm
Jakarta Central,o3,2022-12-31T17:00:00Z,,ppm
Jakarta Central,o3,2023-01-01T17:00:00Z,,ppm
Jakarta Central,o3,2023-01-02T17:00:00Z,,ppm
Jakarta Central,o3,2023-01-03T17:00:00Z,,ppm
Jakarta Central,o3,2023-01-04T17:00:00Z,,ppm
Jakarta Central,o3,2023-01-05T17:00:00Z,,ppm
Jakarta Central,o3,2023-01-06T17:00:00Z,,ppm
Jakarta Central,o3,2023-01-07T17:00:00Z,,ppm
Jakarta Central,o3,2023-01-08T17:00:00Z,,ppm
Jakarta Central,o3,2023-01-09T17:00:00Z,,ppm
Jakarta Central,o3,2023-01-10T17:00:00Z,,ppm
Jakarta Central,o3,2023-01-11T17:00:00Z,,ppm
Jakarta Central,o3,2023-01-15T17:00:00Z,0.0129,ppm
Jakarta Central,o3,2023-01-16T17:00:00Z,0.003,ppm
Jakarta Central,o3,2023-01-17T17:00:00Z,,ppm
Jakarta Central,o3,2023-01-18T17:00:00Z,0.007,ppm
Jakarta Central,o3,2023-01-19T17:00:00Z,,ppm
Jakarta Central,o3,2023-01-20T17:00:00Z,,ppm
Jakarta Central,o3,2023-01-21T17:00:00Z,,ppm
Jakarta Central,o3,2023-01-22T17:00:00Z,0.012,ppm
Jakarta Central,o3,2023-01-23T17:00:00Z,0.015,ppm
Jakarta Central,o3,2023-01-24T17:00:00Z,0.005,ppm
Jakarta Central,o3,2023-01-25T17:00:00Z,,ppm
Jakarta Central,o3,2023-01-26T17:00:00Z,0.012,ppm
Jakarta Central,o3,2023-01-27T17:00:00Z,0.004,ppm
Jakarta Central,o3,2023-01-28T17:00:00Z,,ppm
Jakarta Central,o3,2023-01-29T17:00:00Z,0.019,ppm
Jakarta Central,o3,2023-01-30T17:00:00Z,,ppm
Jakarta Central,o3,2023-01-31T17:00:00Z,,ppm
Jakarta Central,o3,2023-02-01T17:00:00Z,,ppm
Jakarta Central,o3,2023-02-13T17:00:00Z,,ppm
Jakarta Central,o3,2023-02-14T17:00:00Z,0.0035,ppm
Jakarta Central,o3,2023-02-15T17:00:00Z,,ppm
Jakarta Central,o3,2023-03-18T17:00:00Z,,ppm
Jakarta Central,o3,2023-03-19T17:00:00Z,,ppm
Jakarta Central,o3,2023-03-20T17:00:00Z,,ppm
Jakarta Central,o3,2023-03-21T17:00:00Z,0.025,ppm
Jakarta Central,o3,2023-03-22T17:00:00Z,,ppm
Jakarta Central,o3,2023-03-23T17:00:00Z,,ppm
Jakarta Central,o3,2023-03-24T17:00:00Z,0.005,ppm
Jakarta Central,o3,2023-03-25T17:00:00Z,,ppm
Jakarta Central,o3,2023-03-26T17:00:00Z,,ppm
Jakarta Central,o3,2023-03-27T17:00:00Z,,ppm
Jakarta Central,o3,2023-03-28T17:00:00Z,0.003,ppm
Jakarta Central,o3,2023-03-29T17:00:00Z,0.023,ppm
Jakarta Central,o3,2023-03-30T17:00:00Z,,ppm
Jakarta Central,o3,2023-03-31T17:00:00Z,0.006,ppm
Jakarta Central,o3,2023-04-01T17:00:00Z,,ppm
Jakarta Central,o3,2023-04-02T17:00:00Z,0.08,ppm
Jakarta Central,o3,2023-04-03T17:00:00Z,,ppm
Jakarta Central,o3,2023-04-04T17:00:00Z,,ppm
Jakarta Central,o3,2023-04-05T17:00:00Z,0.0134,ppm
Jakarta Central,o3,2023-04-06T17:00:00Z,0.034,ppm
Jakarta Central,o3,2023-04-07T17:00:00Z,0.0173,ppm
Jakarta Central,o3,2023-04-08T17:00:00Z,0.0128,ppm
Jakarta Central,o3,2023-04-09T17:00:00Z,0.00967,ppm
Jakarta Central,o3,2023-04-10T17:00:00Z,0.0035,ppm
Jakarta Central,o3,2023-04-11T17:00:00Z,,ppm
Jakarta Central,o3,2023-04-12T17:00:00Z,0.0123,ppm
Jakarta Central,o3,2023-04-13T17:00:00Z,0.00631,ppm
Jakarta Central,o3,2023-04-14T17:00:00Z,0.019,ppm
Jakarta Central,o3,2023-04-15T17:00:00Z,0.044,ppm
Jakarta Central,o3,2023-04-16T17:00:00Z,0.005,ppm
Jakarta Central,o3,2023-04-17T17:00:00Z,0.0242,ppm
Jakarta Central,o3,2023-04-18T17:00:00Z,0.012,ppm
Jakarta Central,o3,2023-04-19T17:00:00Z,0.019,ppm
Jakarta Central,o3,2023-04-20T17:00:00Z,,ppm
Jakarta Central,o3,2023-04-21T17:00:00Z,,ppm
Jakarta Central,o3,2023-04-22T17:00:00Z,0.003,ppm
Jakarta Central,o3,2023-04-23T17:00:00Z,0.049,ppm
Jakarta Central,o3,2023-04-24T17:00:00Z,,ppm
Jakarta Central,o3,2023-04-25T17:00:00Z,,ppm
Jakarta Central,o3,2023-04-26T17:00:00Z,0.0086,ppm
Jakarta Central,o3,2023-04-27T17:00:00Z,0.0175,ppm
Jakarta Central,o3,2023-04-28T17:00:00Z,,ppm
Jakarta Central,o3,2023-04-29T17:00:00Z,0.03,ppm
Jakarta Central,o3,2023-04-30T17:00:00Z,,ppm
Jakarta Central,o3,2023-05-01T17:00:00Z,0.033,ppm
Jakarta Central,o3,2023-05-02T17:00:00Z,,ppm
Jakarta Central,o3,2023-05-03T17:00:00Z,0.016,ppm
Jakarta Central,o3,2023-05-04T17:00:00Z,0.006,ppm
Jakarta Central,o3,2023-05-05T17:00:00Z,0.014,ppm
Jakarta Central,o3,2023-05-06T17:00:00Z,0.003,ppm
Jakarta Central,o3,2023-05-07T17:00:00Z,0.0194,ppm
Jakarta Central,o3,2023-05-08T17:00:00Z,0.0286,ppm
Jakarta Central,o3,2023-05-09T17:00:00Z,0.0214,ppm
Jakarta Central,o3,2023-05-10T17:00:00Z,0.018,ppm
Jakarta Central,o3,2023-05-11T17:00:00Z,,ppm
Jakarta Central,o3,2023-05-12T17:00:00Z,0.0172,ppm
Jakarta Central,o3,2023-05-13T17:00:00Z,0.022,ppm
Jakarta Central,o3,2023-05-14T17:00:00Z,0.0287,ppm
Jakarta Central,o3,2023-05-15T17:00:00Z,0.0183,ppm
Jakarta Central,o3,2023-05-16T17:00:00Z,0.009,ppm
Jakarta Central,o3,2023-05-17T17:00:00Z,0.0175,ppm
Jakarta Central,o3,2023-05-18T17:00:00Z,0.0279,ppm
Jakarta Central,o3,2023-05-19T17:00:00Z,0.00525,ppm
Jakarta Central,o3,2023-05-20T17:00:00Z,0.011,ppm
Jakarta Central,o3,2023-05-21T17:00:00Z,0.006,ppm
Jakarta Central,o3,2023-05-22T17:00:00Z,0.0212,ppm
Jakarta Central,o3,2023-05-23T17:00:00Z,0.0134,ppm
Jakarta Central,o3,2023-05-24T17:00:00Z,0.013,ppm
Jakarta Central,o3,2023-05-25T17:00:00Z,,ppm
Jakarta Central,o3,2023-05-26T17:00:00Z,,ppm
Jakarta Central,o3,2023-05-27T17:00:00Z,,ppm
Jakarta Central,o3,2023-05-28T17:00:00Z,,ppm
Jakarta Central,o3,2023-05-29T17:00:00Z,,ppm
Jakarta Central,o3,2023-05-30T17:00:00Z,0.0423,ppm
Jakarta Central,o3,2023-05-31T17:00:00Z,0.038,ppm
Jakarta Central,o3,2023-06-01T17:00:00Z,0.0411,ppm
Jakarta Central,o3,2023-06-02T17:00:00Z,0.0155,ppm
Jakarta Central,o3,2023-06-03T17:00:00Z,0.048,ppm
Jakarta Central,o3,2023-06-04T17:00:00Z,,ppm
Jakarta Central,o3,2023-06-05T17:00:00Z,0.0213,ppm
Jakarta Central,o3,2023-06-06T17:00:00Z,0.00738,ppm
Jakarta Central,o3,2023-06-07T17:00:00Z,0.006,ppm
Jakarta Central,o3,2023-06-08T17:00:00Z,0.011,ppm
Jakarta Central,o3,2023-06-09T17:00:00Z,0.025,ppm
Jakarta Central,o3,2023-06-10T17:00:00Z,0.021,ppm
Jakarta Central,o3,2023-06-11T17:00:00Z,0.0254,ppm
Jakarta Central,o3,2023-06-12T17:00:00Z,0.0202,ppm
Jakarta Central,o3,2023-06-13T17:00:00Z,0.0303,ppm
Jakarta Central,o3,2023-06-14T17:00:00Z,0.0301,ppm
Jakarta Central,o3,2023-06-15T17:00:00Z,0.0111,ppm
Jakarta Central,o3,2023-06-16T17:00:00Z,0.00723,ppm
Jakarta Central,o3,2023-06-17T17:00:00Z,0.0104,ppm
Jakarta Central,o3,2023-06-18T17:00:00Z,0.0147,ppm
Jakarta Central,o3,2023-06-19T17:00:00Z,0.0182,ppm
Jakarta Central,o3,2023-06-20T17:00:00Z,0.0242,ppm
Jakarta Central,o3,2023-06-21T17:00:00Z,0.0497,ppm
Jakarta Central,o3,2023-06-22T17:00:00Z,0.0225,ppm
Jakarta Central,o3,2023-06-23T17:00:00Z,0.0266,ppm
Jakarta Central,o3,2023-06-24T17:00:00Z,0.0306,ppm
Jakarta Central,o3,2023-06-25T17:00:00Z,0.0189,ppm
Jakarta Central,o3,2023-06-26T17:00:00Z,0.026,ppm
Jakarta Central,o3,2023-06-27T17:00:00Z,0.0219,ppm
Jakarta Central,o3,2023-06-28T17:00:00Z,0.0327,ppm
Jakarta Central,o3,2023-06-29T17:00:00Z,0.0271,ppm
Jakarta Central,o3,2023-06-30T17:00:00Z,0.0287,ppm
Jakarta Central,o3,2023-07-01T17:00:00Z,0.0316,ppm
Jakarta Central,o3,2023-07-02T17:00:00Z,0.0241,ppm
Jakarta Central,o3,2023-07-03T17:00:00Z,0.0341,ppm
Jakarta Central,o3,2023-07-04T17:00:00Z,0.0379,ppm
Jakarta Central,o3,2023-07-05T17:00:00Z,0.0153,ppm
Jakarta Central,o3,2023-07-06T17:00:00Z,0.0193,ppm
Jakarta Central,o3,2023-07-07T17:00:00Z,0.004,ppm
Jakarta Central,o3,2023-07-08T17:00:00Z,0.003,ppm
Jakarta Central,o3,2023-07-09T17:00:00Z,0.0157,ppm
Jakarta Central,o3,2023-07-10T17:00:00Z,0.0247,ppm
Jakarta Central,o3,2023-07-11T17:00:00Z,0.0463,ppm
Jakarta Central,o3,2023-07-12T17:00:00Z,0.0471,ppm
Jakarta Central,o3,2023-07-13T17:00:00Z,0.0453,ppm
Jakarta Central,o3,2023-07-14T17:00:00Z,0.0348,ppm
Jakarta Central,o3,2023-07-15T17:00:00Z,0.0274,ppm
Jakarta Central,o3,2023-07-16T17:00:00Z,0.0178,ppm
Jakarta Central,o3,2023-07-17T17:00:00Z,,ppm
Jakarta Central,o3,2023-07-18T17:00:00Z,,ppm
Jakarta Central,o3,2023-07-19T17:00:00Z,,ppm
Jakarta Central,o3,2023-07-20T17:00:00Z,,ppm
Jakarta Central,o3,2023-07-21T17:00:00Z,,ppm
Jakarta Central,o3,2023-07-22T17:00:00Z,,ppm
Jakarta Central,o3,2023-07-23T17:00:00Z,0.0225,ppm
Jakarta Central,o3,2023-07-24T17:00:00Z,0.026,ppm
Jakarta Central,o3,2023-07-25T17:00:00Z,0.0285,ppm
Jakarta Central,o3,2023-07-26T17:00:00Z,0.0309,ppm
Jakarta Central,o3,2023-07-27T17:00:00Z,0.0245,ppm
Jakarta Central,o3,2023-07-28T17:00:00Z,0.0266,ppm
Jakarta Central,o3,2023-07-29T17:00:00Z,0.0307,ppm
Jakarta Central,o3,2023-07-30T17:00:00Z,0.0245,ppm
Jakarta Central,o3,2023-07-31T17:00:00Z,0.0198,ppm
Jakarta Central,o3,2023-08-01T17:00:00Z,0.0195,ppm
Jakarta Central,o3,2023-08-02T17:00:00Z,0.0227,ppm
Jakarta Central,o3,2023-08-03T17:00:00Z,0.0318,ppm
Jakarta Central,o3,2023-08-04T17:00:00Z,0.0286,ppm
Jakarta Central,o3,2023-08-05T17:00:00Z,0.0352,ppm
Jakarta Central,o3,2023-08-06T17:00:00Z,0.0271,ppm
Jakarta Central,o3,2023-08-07T17:00:00Z,0.0218,ppm
Jakarta Central,o3,2023-08-08T17:00:00Z,0.0252,ppm
Jakarta Central,o3,2023-08-09T17:00:00Z,0.0341,ppm
Jakarta Central,o3,2023-08-10T17:00:00Z,0.0324,ppm
Jakarta Central,o3,2023-08-11T17:00:00Z,0.031,ppm
Jakarta Central,o3,2023-08-12T17:00:00Z,0.027,ppm
Jakarta Central,o3,2023-08-13T17:00:00Z,0.0325,ppm
Jakarta Central,o3,2023-08-14T17:00:00Z,0.0291,ppm
Jakarta Central,o3,2023-08-15T17:00:00Z,,ppm
Jakarta Central,o3,2023-08-16T17:00:00Z,,ppm
Jakarta Central,o3,2023-08-17T17:00:00Z,,ppm
Jakarta Central,o3,2023-08-18T17:00:00Z,0.034,ppm
Jakarta Central,o3,2023-08-19T17:00:00Z,0.0328,ppm
Jakarta Central,o3,2023-08-20T17:00:00Z,0.0257,ppm
Jakarta Central,o3,2023-08-21T17:00:00Z,0.031,ppm
Jakarta Central,o3,2023-08-22T17:00:00Z,0.0355,ppm
Jakarta Central,o3,2023-08-23T17:00:00Z,0.0292,ppm
Jakarta Central,o3,2023-08-24T17:00:00Z,0.0319,ppm
Jakarta Central,o3,2023-08-25T17:00:00Z,,ppm
Jakarta Central,o3,2023-08-26T17:00:00Z,,ppm
Jakarta Central,o3,2023-08-27T17:00:00Z,,ppm
Jakarta Central,o3,2023-08-28T17:00:00Z,,ppm
Jakarta Central,o3,2023-08-29T17:00:00Z,,ppm
Jakarta Central,o3,2023-08-30T17:00:00Z,,ppm
Jakarta Central,o3,2023-08-31T17:00:00Z,0.0095,ppm
Jakarta Central,o3,2023-09-01T17:00:00Z,,ppm
Jakarta Central,o3,2023-09-02T17:00:00Z,,ppm
Jakarta Central,o3,2023-09-03T17:00:00Z,,ppm
Jakarta Central,o3,2023-09-04T17:00:00Z,,ppm
Jakarta Central,o3,2023-09-05T17:00:00Z,,ppm
Jakarta Central,o3,2023-09-06T17:00:00Z,,ppm
Jakarta Central,o3,2023-09-07T17:00:00Z,,ppm
Jakarta Central,o3,2023-09-08T17:00:00Z,,ppm
Jakarta Central,o3,2023-09-09T17:00:00Z,,ppm
Jakarta Central,o3,2023-09-10T17:00:00Z,,ppm
Jakarta Central,o3,2023-09-11T17:00:00Z,,ppm
Jakarta Central,o3,2023-09-12T17:00:00Z,,ppm
Jakarta Central,o3,2023-09-13T17:00:00Z,,ppm
Jakarta Central,o3,2023-09-14T17:00:00Z,,ppm
Jakarta Central,o3,2023-09-15T17:00:00Z,,ppm
Jakarta Central,o3,2023-09-16T17:00:00Z,,ppm
Jakarta Central,o3,2023-09-17T17:00:00Z,,ppm
Jakarta Central,o3,2023-09-18T17:00:00Z,0.02,ppm
Jakarta Central,o3,2023-09-19T17:00:00Z,0.00833,ppm
Jakarta Central,o3,2023-09-20T17:00:00Z,0.013,ppm
Jakarta Central,o3,2023-09-21T17:00:00Z,,ppm
Jakarta Central,o3,2023-09-22T17:00:00Z,,ppm
Jakarta Central,o3,2023-09-23T17:00:00Z,,ppm
Jakarta Central,o3,2023-09-24T17:00:00Z,,ppm
Jakarta Central,o3,2023-09-25T17:00:00Z,,ppm
Jakarta Central,o3,2023-09-26T17:00:00Z,,ppm
Jakarta Central,o3,2023-09-27T17:00:00Z,0.0113,ppm
Jakarta Central,o3,2023-09-28T17:00:00Z,0.0215,ppm
Jakarta Central,o3,2023-09-29T17:00:00Z,0.005,ppm
Jakarta Central,o3,2023-09-30T17:00:00Z,0.0332,ppm
Jakarta Central,o3,2023-10-01T17:00:00Z,0.0035,ppm
Jakarta Central,o3,2023-10-02T17:00:00Z,0.0283,ppm
Jakarta Central,o3,2023-10-03T17:00:00Z,0.003,ppm
Jakarta Central,o3,2023-10-04T17:00:00Z,0.01,ppm
Jakarta Central,o3,2023-10-05T17:00:00Z,0.0114,ppm
Jakarta Central,o3,2023-10-06T17:00:00Z,,ppm
Jakarta Central,o3,2023-10-07T17:00:00Z,0.0143,ppm
Jakarta Central,o3,2023-10-08T17:00:00Z,0.00825,ppm
Jakarta Central,o3,2023-10-09T17:00:00Z,0.0253,ppm
Jakarta Central,o3,2023-10-10T17:00:00Z,0.00867,ppm
Jakarta Central,o3,2023-10-11T17:00:00Z,0.0282,ppm
Jakarta Central,o3,2023-10-12T17:00:00Z,0.011,ppm
Jakarta Central,o3,2023-10-13T17:00:00Z,,ppm
Jakarta Central,o3,2023-10-14T17:00:00Z,,ppm
Jakarta Central,o3,2023-10-15T17:00:00Z,0.003,ppm
Jakarta Central,o3,2023-10-16T17:00:00Z,0.0308,ppm
Jakarta Central,o3,2023-10-17T17:00:00Z,0.0312,ppm
Jakarta Central,o3,2023-10-18T17:00:00Z,0.0265,ppm
Jakarta Central,o3,2023-10-19T17:00:00Z,0.0254,ppm
Jakarta Central,o3,2023-10-20T17:00:00Z,0.0244,ppm
Jakarta Central,o3,2023-10-21T17:00:00Z,0.0322,ppm
Jakarta Central,o3,2023-10-22T17:00:00Z,0.0315,ppm
Jakarta Central,o3,2023-10-23T17:00:00Z,0.0239,ppm
Jakarta Central,o3,2023-10-24T17:00:00Z,0.0203,ppm
Jakarta Central,o3,2023-10-25T17:00:00Z,,ppm
Jakarta Central,o3,2023-10-26T17:00:00Z,,ppm
Jakarta Central,o3,2023-10-27T17:00:00Z,0.029,ppm
Jakarta Central,o3,2023-10-28T17:00:00Z,,ppm
Jakarta Central,o3,2023-10-29T17:00:00Z,,ppm
Jakarta Central,o3,2023-10-30T17:00:00Z,,ppm
Jakarta Central,o3,2023-10-31T17:00:00Z,0.0,ppm
Jakarta Central,o3,2023-11-01T17:00:00Z,,ppm
Jakarta Central,o3,2023-11-02T17:00:00Z,,ppm
Jakarta Central,o3,2023-11-03T17:00:00Z,,ppm
Jakarta Central,o3,2023-11-04T17:00:00Z,0.006,ppm
Jakarta Central,o3,2023-11-05T17:00:00Z,,ppm
Jakarta Central,o3,2023-11-06T17:00:00Z,0.001,ppm
Jakarta Central,o3,2023-11-07T17:00:00Z,,ppm
Jakarta Central,o3,2023-11-08T17:00:00Z,0.0105,ppm
Jakarta Central,o3,2023-11-09T17:00:00Z,,ppm
Jakarta Central,o3,2023-11-10T17:00:00Z,0.0,ppm
Jakarta Central,o3,2023-11-11T17:00:00Z,,ppm
Jakarta Central,o3,2023-11-12T17:00:00Z,,ppm
Jakarta Central,o3,2023-11-13T17:00:00Z,,ppm
Jakarta Central,o3,2023-11-14T17:00:00Z,,ppm
Jakarta Central,o3,2023-11-15T17:00:00Z,,ppm
Jakarta Central,o3,2023-11-16T17:00:00Z,,ppm
Jakarta Central,o3,2023-11-17T17:00:00Z,,ppm
Jakarta Central,o3,2023-11-18T17:00:00Z,,ppm
Jakarta Central,o3,2023-11-19T17:00:00Z,,ppm
Jakarta Central,o3,2023-11-20T17:00:00Z,,ppm
Jakarta Central,o3,2023-11-21T17:00:00Z,0.061,ppm
Jakarta Central,o3,2023-11-22T17:00:00Z,,ppm
Jakarta Central,o3,2023-11-23T17:00:00Z,0.008,ppm
Jakarta Central,o3,2023-11-24T17:00:00Z,,ppm
Jakarta Central,o3,2023-11-25T17:00:00Z,,ppm
Jakarta Central,o3,2023-11-26T17:00:00Z,,ppm
Jakarta Central,o3,2023-11-27T17:00:00Z,,ppm
Jakarta Central,o3,2023-11-28T17:00:00Z,,ppm
Jakarta Central,o3,2023-11-29T17:00:00Z,,ppm
Jakarta Central,o3,2023-11-30T17:00:00Z,,ppm
Jakarta Central,o3,2023-12-01T17:00:00Z,,ppm
Jakarta Central,o3,2023-12-02T17:00:00Z,,ppm
Jakarta Central,o3,2023-12-03T17:00:00Z,,ppm
Jakarta Central,o3,2023-12-04T17:00:00Z,,ppm
Jakarta Central,o3,2023-12-05T17:00:00Z,0.003,ppm
Jakarta Central,o3,2023-12-06T17:00:00Z,,ppm
Jakarta Central,o3,2023-12-07T17:00:00Z,,ppm
Jakarta Central,o3,2023-12-08T17:00:00Z,0.056,ppm
Jakarta Central,o3,2023-12-09T17:00:00Z,,ppm
Jakarta Central,o3,2023-12-10T17:00:00Z,0.068,ppm
Jakarta Central,o3,2023-12-11T17:00:00Z,,ppm
Jakarta Central,o3,2023-12-12T17:00:00Z,,ppm
Jakarta Central,o3,2023-12-13T17:00:00Z,0.007,ppm
Jakarta Central,o3,2023-12-14T17:00:00Z,0.102,ppm
Jakarta Central,o3,2023-12-15T17:00:00Z,,ppm
Jakarta Central,o3,2023-12-16T17:00:00Z,,ppm
Jakarta Central,o3,2023-12-17T17:00:00Z,0.001,ppm
Jakarta Central,o3,2023-12-18T17:00:00Z,,ppm
Jakarta Central,o3,2023-12-19T17:00:00Z,,ppm
Jakarta Central,o3,2023-12-20T17:00:00Z,,ppm
Jakarta Central,o3,2023-12-21T17:00:00Z,0.02,ppm
Jakarta Central,o3,2023-12-22T17:00:00Z,,ppm
Jakarta Central,o3,2023-12-23T17:00:00Z,,ppm
Jakarta Central,o3,2023-12-24T17:00:00Z,,ppm
Jakarta Central,o3,2023-12-25T17:00:00Z,,ppm
Jakarta Central,o3,2023-12-26T17:00:00Z,,ppm
Jakarta Central,o3,2023-12-27T17:00:00Z,,ppm
Jakarta Central,o3,2023-12-28T17:00:00Z,,ppm
Jakarta Central,o3,2023-12-29T17:00:00Z,,ppm
Jakarta Central,o3,2023-12-30T17:00:00Z,,ppm
Jakarta Central,o3,2023-12-31T17:00:00Z,,ppm
Jakarta Central,o3,2024-01-01T17:00:00Z,,ppm
Jakarta Central,o3,2024-01-02T17:00:00Z,,ppm
Jakarta Central,o3,2024-01-03T17:00:00Z,,ppm
Jakarta Central,o3,2024-01-04T17:00:00Z,,ppm
Jakarta Central,o3,2024-01-05T17:00:00Z,,ppm
Jakarta Central,o3,2024-01-06T17:00:00Z,,ppm
Jakarta Central,o3,2024-01-07T17:00:00Z,,ppm
Jakarta Central,o3,2024-01-08T17:00:00Z,,ppm
Jakarta Central,o3,2024-01-09T17:00:00Z,,ppm
Jakarta Central,o3,2024-01-10T17:00:00Z,,ppm
Jakarta Central,o3,2024-01-11T17:00:00Z,,ppm
Jakarta Central,o3,2024-01-12T17:00:00Z,,ppm
Jakarta Central,o3,2024-01-13T17:00:00Z,,ppm
Jakarta Central,o3,2024-01-14T17:00:00Z,,ppm
Jakarta Central,o3,2024-01-15T17:00:00Z,,ppm
Jakarta Central,o3,2024-01-16T17:00:00Z,0.005,ppm
Jakarta Central,o3,2024-01-17T17:00:00Z,,ppm
Jakarta Central,o3,2024-01-18T17:00:00Z,0.004,ppm
Jakarta Central,o3,2024-01-19T17:00:00Z,,ppm
Jakarta Central,o3,2024-01-20T17:00:00Z,0.0,ppm
Jakarta Central,o3,2024-01-21T17:00:00Z,0.004,ppm
Jakarta Central,o3,2024-01-22T17:00:00Z,0.0005,ppm
Jakarta Central,o3,2024-01-23T17:00:00Z,,ppm
Jakarta Central,o3,2024-01-24T17:00:00Z,,ppm
Jakarta Central,o3,2024-01-25T17:00:00Z,,ppm
Jakarta Central,o3,2024-01-26T17:00:00Z,,ppm
Jakarta Central,o3,2024-01-27T17:00:00Z,,ppm
Jakarta Central,o3,2024-01-28T17:00:00Z,,ppm
Jakarta Central,o3,2024-01-29T17:00:00Z,0.0,ppm
Jakarta Central,o3,2024-01-30T17:00:00Z,,ppm
Jakarta Central,o3,2024-01-31T17:00:00Z,,ppm
Jakarta Central,o3,2024-02-01T17:00:00Z,0.00652,ppm
Jakarta Central,o3,2024-02-02T17:00:00Z,0.0,ppm
Jakarta Central,o3,2024-02-03T17:00:00Z,0.015,ppm
Jakarta Central,o3,2024-02-04T17:00:00Z,,ppm
Jakarta Central,o3,2024-02-05T17:00:00Z,,ppm
Jakarta Central,o3,2024-02-06T17:00:00Z,,ppm
Jakarta Central,o3,2024-02-07T17:00:00Z,,ppm
Jakarta Central,o3,2024-02-08T17:00:00Z,0.015,ppm
Jakarta Central,o3,2024-02-09T17:00:00Z,,ppm
Jakarta Central,o3,2024-02-10T17:00:00Z,0.0065,ppm
Jakarta Central,o3,2024-02-11T17:00:00Z,,ppm
Jakarta Central,o3,2024-02-12T17:00:00Z,,ppm
Jakarta Central,o3,2024-02-13T17:00:00Z,,ppm
Jakarta Central,o3,2024-02-14T17:00:00Z,,ppm
Jakarta Central,o3,2024-02-15T17:00:00Z,0.002,ppm
Jakarta Central,o3,2024-02-16T17:00:00Z,,ppm
Jakarta Central,o3,2024-02-17T17:00:00Z,,ppm
Jakarta Central,o3,2024-02-18T17:00:00Z,,ppm
Jakarta Central,o3,2024-02-19T17:00:00Z,,ppm
Jakarta Central,o3,2024-02-20T17:00:00Z,,ppm
Jakarta Central,o3,2024-02-21T17:00:00Z,,ppm
Jakarta Central,o3,2024-02-22T17:00:00Z,,ppm
Jakarta Central,o3,2024-02-23T17:00:00Z,,ppm
Jakarta Central,o3,2024-02-24T17:00:00Z,,ppm
Jakarta Central,o3,2024-02-25T17:00:00Z,,ppm
Jakarta Central,o3,2024-02-26T17:00:00Z,,ppm
Jakarta Central,o3,2024-02-27T17:00:00Z,,ppm
Jakarta Central,o3,2024-02-28T17:00:00Z,,ppm
Jakarta Central,o3,2024-02-29T17:00:00Z,,ppm
Jakarta Central,o3,2024-03-01T17:00:00Z,,ppm
Jakarta Central,o3,2024-03-02T17:00:00Z,,ppm
Jakarta Central,o3,2024-03-03T17:00:00Z,,ppm
Jakarta Central,o3,2024-03-04T17:00:00Z,0.002,ppm
Jakarta Central,o3,2024-03-05T17:00:00Z,0.001,ppm
Jakarta Central,o3,2024-03-06T17:00:00Z,,ppm
Jakarta Central,o3,2024-03-07T17:00:00Z,0.00682,ppm
Jakarta Central,o3,2024-03-08T17:00:00Z,0.00135,ppm
Jakarta Central,o3,2024-03-09T17:00:00Z,0.00883,ppm
Jakarta Central,o3,2024-03-10T17:00:00Z,0.00554,ppm
Jakarta Central,o3,2024-03-11T17:00:00Z,0.00617,ppm
Jakarta Central,o3,2024-03-12T17:00:00Z,,ppm
Jakarta Central,o3,2024-03-13T17:00:00Z,,ppm
Jakarta Central,o3,2024-03-14T17:00:00Z,,ppm
Jakarta Central,o3,2024-03-15T17:00:00Z,,ppm
Jakarta Central,o3,2024-03-16T17:00:00Z,,ppm
Jakarta Central,o3,2024-03-17T17:00:00Z,,ppm
Jakarta Central,o3,2024-03-18T17:00:00Z,,ppm
Jakarta Central,o3,2024-03-19T17:00:00Z,0.00663,ppm
Jakarta Central,o3,2024-03-20T17:00:00Z,0.00744,ppm
Jakarta Central,o3,2024-03-21T17:00:00Z,0.00313,ppm
Jakarta Central,o3,2024-03-22T17:00:00Z,,ppm
Jakarta Central,o3,2024-03-23T17:00:00Z,0.0203,ppm
Jakarta Central,o3,2024-03-24T17:00:00Z,0.013,ppm
Jakarta Central,o3,2024-03-25T17:00:00Z,0.0173,ppm
Jakarta Central,o3,2024-03-26T17:00:00Z,0.001,ppm
Jakarta Central,o3,2024-03-27T17:00:00Z,,ppm
Jakarta Central,o3,2024-03-28T17:00:00Z,0.012,ppm
Jakarta Central,o3,2024-03-29T17:00:00Z,,ppm
Jakarta Central,o3,2024-03-30T17:00:00Z,0.0,ppm
Jakarta Central,o3,2024-03-31T17:00:00Z,0.0,ppm
Jakarta Central,o3,2024-04-01T17:00:00Z,0.0,ppm
Jakarta Central,o3,2024-04-02T17:00:00Z,0.0165,ppm
Jakarta Central,o3,2024-04-03T17:00:00Z,,ppm
Jakarta Central,o3,2024-04-04T17:00:00Z,,ppm
Jakarta Central,o3,2024-04-05T17:00:00Z,,ppm
Jakarta Central,o3,2024-04-06T17:00:00Z,,ppm
Jakarta Central,o3,2024-04-07T17:00:00Z,,ppm
Jakarta Central,o3,2024-04-08T17:00:00Z,0.0286,ppm
Jakarta Central,o3,2024-04-09T17:00:00Z,0.0,ppm
Jakarta Central,o3,2024-04-10T17:00:00Z,0.0375,ppm
Jakarta Central,o3,2024-04-11T17:00:00Z,0.0,ppm
Jakarta Central,o3,2024-04-12T17:00:00Z,,ppm
Jakarta Central,o3,2024-04-13T17:00:00Z,0.022,ppm
Jakarta Central,o3,2024-04-14T17:00:00Z,0.002,ppm
Jakarta Central,o3,2024-04-15T17:00:00Z,,ppm
Jakarta Central,o3,2024-04-16T17:00:00Z,,ppm
Jakarta Central,o3,2024-04-17T17:00:00Z,,ppm
Jakarta Central,o3,2024-04-18T17:00:00Z,,ppm
Jakarta Central,o3,2024-04-19T17:00:00Z,,ppm
Jakarta Central,o3,2024-04-20T17:00:00Z,,ppm
Jakarta Central,o3,2024-04-21T17:00:00Z,,ppm
Jakarta Central,o3,2024-04-22T17:00:00Z,,ppm
Jakarta Central,o3,2024-04-23T17:00:00Z,,ppm
Jakarta Central,o3,2024-04-24T17:00:00Z,,ppm
Jakarta Central,o3,2024-04-25T17:00:00Z,,ppm
Jakarta Central,o3,2024-04-26T17:00:00Z,,ppm
Jakarta Central,o3,2024-04-27T17:00:00Z,,ppm
Jakarta Central,o3,2024-04-28T17:00:00Z,,ppm
Jakarta Central,o3,2024-04-29T17:00:00Z,,ppm
Jakarta Central,o3,2024-04-30T17:00:00Z,,ppm
Jakarta Central,o3,2024-05-01T17:00:00Z,0.048,ppm
Jakarta Central,o3,2024-05-02T17:00:00Z,,ppm
Jakarta Central,o3,2024-05-03T17:00:00Z,,ppm
Jakarta Central,o3,2024-05-04T17:00:00Z,0.022,ppm
Jakarta Central,o3,2024-05-05T17:00:00Z,,ppm
Jakarta Central,o3,2024-05-06T17:00:00Z,,ppm
Jakarta Central,o3,2024-05-07T17:00:00Z,,ppm
Jakarta Central,o3,2024-05-08T17:00:00Z,,ppm
Jakarta Central,o3,2024-05-09T17:00:00Z,,ppm
Jakarta Central,o3,2024-05-10T17:00:00Z,,ppm
Jakarta Central,o3,2024-05-11T17:00:00Z,0.017,ppm
Jakarta Central,o3,2024-05-12T17:00:00Z,,ppm
Jakarta Central,o3,2024-05-13T17:00:00Z,,ppm
Jakarta Central,o3,2024-05-14T17:00:00Z,,ppm
Jakarta Central,o3,2024-05-15T17:00:00Z,,ppm
Jakarta Central,o3,2024-05-16T17:00:00Z,0.016,ppm
Jakarta Central,o3,2024-05-17T17:00:00Z,,ppm
Jakarta Central,o3,2024-05-18T17:00:00Z,0.041,ppm
Jakarta Central,o3,2024-05-19T17:00:00Z,,ppm
Jakarta Central,o3,2024-05-20T17:00:00Z,,ppm
Jakarta Central,o3,2024-05-21T17:00:00Z,0.034,ppm
Jakarta Central,o3,2024-05-22T17:00:00Z,,ppm
Jakarta Central,o3,2024-05-23T17:00:00Z,,ppm
Jakarta Central,o3,2024-05-24T17:00:00Z,,ppm
Jakarta Central,o3,2024-05-25T17:00:00Z,,ppm
Jakarta Central,o3,2024-05-26T17:00:00Z,0.028,ppm
Jakarta Central,o3,2024-05-27T17:00:00Z,,ppm
Jakarta Central,o3,2024-05-28T17:00:00Z,,ppm
Jakarta Central,o3,2024-05-29T17:00:00Z,0.017,ppm
Jakarta Central,o3,2024-05-30T17:00:00Z,,ppm
Jakarta Central,o3,2024-05-31T17:00:00Z,0.0377,ppm
Jakarta Central,o3,2024-06-01T17:00:00Z,0.028,ppm
Jakarta Central,o3,2024-06-02T17:00:00Z,0.0154,ppm
Jakarta Central,o3,2024-06-03T17:00:00Z,,ppm
Jakarta Central,o3,2024-06-04T17:00:00Z,,ppm
Jakarta Central,o3,2024-06-05T17:00:00Z,0.044,ppm
Jakarta Central,o3,2024-06-06T17:00:00Z,,ppm
Jakarta Central,o3,2024-06-07T17:00:00Z,,ppm
Jakarta Central,o3,2024-06-08T17:00:00Z,,ppm
Jakarta Central,o3,2024-06-09T17:00:00Z,,ppm
Jakarta Central,o3,2024-06-10T17:00:00Z,,ppm
Jakarta Central,o3,2024-06-11T17:00:00Z,,ppm
Jakarta Central,o3,2024-06-12T17:00:00Z,,ppm
Jakarta Central,o3,2024-06-13T17:00:00Z,0.0198,ppm
Jakarta Central,o3,2024-06-14T17:00:00Z,0.041,ppm
Jakarta Central,o3,2024-06-15T17:00:00Z,0.052,ppm
Jakarta Central,o3,2024-06-16T17:00:00Z,0.0302,ppm
Jakarta Central,o3,2024-06-17T17:00:00Z,0.011,ppm
Jakarta Central,o3,2024-06-18T17:00:00Z,,ppm
Jakarta Central,o3,2024-06-19T17:00:00Z,,ppm
Jakarta Central,o3,2024-06-20T17:00:00Z,,ppm
Jakarta Central,o3,2024-06-21T17:00:00Z,,ppm
Jakarta Central,o3,2024-06-22T17:00:00Z,0.025,ppm
Jakarta Central,o3,2024-06-23T17:00:00Z,0.0583,ppm
Jakarta Central,o3,2024-06-24T17:00:00Z,,ppm
Jakarta Central,o3,2024-06-25T17:00:00Z,,ppm
Jakarta Central,o3,2024-06-26T17:00:00Z,,ppm
Jakarta Central,o3,2024-06-27T17:00:00Z,,ppm
Jakarta Central,o3,2024-06-28T17:00:00Z,,ppm
Jakarta Central,o3,2024-06-29T17:00:00Z,,ppm
Jakarta Central,o3,2024-06-30T17:00:00Z,,ppm
Jakarta Central,o3,2024-07-01T17:00:00Z,,ppm
Jakarta Central,o3,2024-07-02T17:00:00Z,,ppm
Jakarta Central,o3,2024-07-03T17:00:00Z,,ppm
Jakarta Central,o3,2024-07-04T17:00:00Z,,ppm
Jakarta Central,o3,2024-07-05T17:00:00Z,0.006,ppm
Jakarta Central,o3,2024-07-06T17:00:00Z,,ppm
Jakarta Central,o3,2024-07-07T17:00:00Z,,ppm
Jakarta Central,o3,2024-07-08T17:00:00Z,0.01,ppm
Jakarta Central,o3,2024-07-09T17:00:00Z,,ppm
Jakarta Central,o3,2024-07-10T17:00:00Z,0.01,ppm
Jakarta Central,o3,2024-07-11T17:00:00Z,0.00933,ppm
Jakarta Central,o3,2024-07-12T17:00:00Z,0.057,ppm
Jakarta Central,o3,2024-07-13T17:00:00Z,,ppm
Jakarta Central,o3,2024-07-14T17:00:00Z,,ppm
Jakarta Central,o3,2024-07-15T17:00:00Z,0.066,ppm
Jakarta Central,o3,2024-07-16T17:00:00Z,,ppm
Jakarta Central,o3,2024-07-17T17:00:00Z,,ppm
Jakarta Central,o3,2024-07-18T17:00:00Z,0.032,ppm
Jakarta Central,o3,2024-07-19T17:00:00Z,,ppm
Jakarta Central,o3,2024-07-20T17:00:00Z,0.046,ppm
Jakarta Central,o3,2024-07-21T17:00:00Z,0.01,ppm
Jakarta Central,o3,2024-07-22T17:00:00Z,0.007,ppm
Jakarta Central,o3,2024-07-23T17:00:00Z,,ppm
Jakarta Central,o3,2024-07-24T17:00:00Z,,ppm
Jakarta Central,o3,2024-07-25T17:00:00Z,,ppm
Jakarta Central,o3,2024-07-26T17:00:00Z,0.062,ppm
Jakarta Central,o3,2024-07-27T17:00:00Z,,ppm
Jakarta Central,o3,2024-07-28T17:00:00Z,0.027,ppm
Jakarta Central,o3,2024-07-29T17:00:00Z,0.069,ppm
Jakarta Central,o3,2024-07-30T17:00:00Z,0.0427,ppm
Jakarta Central,o3,2024-07-31T17:00:00Z,0.0173,ppm
Jakarta Central,o3,2024-08-01T17:00:00Z,0.009,ppm
Jakarta Central,o3,2024-08-02T17:00:00Z,0.0241,ppm
Jakarta Central,o3,2024-08-03T17:00:00Z,0.0381,ppm
Jakarta Central,o3,2024-08-04T17:00:00Z,0.0155,ppm
Jakarta Central,o3,2024-08-05T17:00:00Z,,ppm
Jakarta Central,o3,2024-08-06T17:00:00Z,0.048,ppm
Jakarta Central,o3,2024-08-07T17:00:00Z,,ppm
Jakarta Central,o3,2024-08-08T17:00:00Z,,ppm
Jakarta Central,o3,2024-08-09T17:00:00Z,0.038,ppm
Jakarta Central,o3,2024-08-10T17:00:00Z,0.048,ppm
Jakarta Central,o3,2024-08-11T17:00:00Z,,ppm
Jakarta Central,o3,2024-08-12T17:00:00Z,,ppm
Jakarta Central,o3,2024-08-13T17:00:00Z,,ppm
Jakarta Central,o3,2024-08-14T17:00:00Z,,ppm
Jakarta Central,o3,2024-08-15T17:00:00Z,0.0726,ppm
Jakarta Central,o3,2024-08-16T17:00:00Z,0.048,ppm
Jakarta Central,o3,2024-08-17T17:00:00Z,0.0343,ppm
Jakarta Central,o3,2024-08-18T17:00:00Z,0.0473,ppm
Jakarta Central,o3,2024-08-19T17:00:00Z,0.0473,ppm
Jakarta Central,o3,2024-08-20T17:00:00Z,0.0603,ppm
Jakarta Central,o3,2024-08-21T17:00:00Z,,ppm
Jakarta Central,o3,2024-08-22T17:00:00Z,,ppm
Jakarta Central,o3,2024-08-23T17:00:00Z,,ppm
Jakarta Central,o3,2024-08-24T17:00:00Z,0.02,ppm
Jakarta Central,o3,2024-08-25T17:00:00Z,,ppm
Jakarta Central,o3,2024-08-26T17:00:00Z,,ppm
Jakarta Central,o3,2024-08-27T17:00:00Z,0.05,ppm
Jakarta Central,o3,2024-08-28T17:00:00Z,,ppm
Jakarta Central,o3,2024-08-29T17:00:00Z,,ppm
Jakarta Central,o3,2024-08-30T17:00:00Z,0.0233,ppm
Jakarta Central,o3,2024-08-31T17:00:00Z,,ppm
Jakarta Central,o3,2024-09-01T17:00:00Z,0.033,ppm
Jakarta Central,o3,2024-09-02T17:00:00Z,0.01,ppm
Jakarta Central,o3,2024-09-03T17:00:00Z,,ppm
Jakarta Central,o3,2024-09-04T17:00:00Z,0.0345,ppm
Jakarta Central,o3,2024-09-05T17:00:00Z,0.068,ppm
Jakarta Central,o3,2024-09-06T17:00:00Z,0.0445,ppm
Jakarta Central,o3,2024-09-07T17:00:00Z,,ppm
Jakarta Central,o3,2024-09-08T17:00:00Z,0.0123,ppm
Jakarta Central,o3,2024-09-09T17:00:00Z,0.0145,ppm
Jakarta Central,o3,2024-09-10T17:00:00Z,,ppm
Jakarta Central,o3,2024-09-11T17:00:00Z,0.031,ppm
Jakarta Central,o3,2024-09-12T17:00:00Z,0.0405,ppm
Jakarta Central,o3,2024-09-13T17:00:00Z,0.067,ppm
Jakarta Central,o3,2024-09-14T17:00:00Z,0.078,ppm
Jakarta Central,o3,2024-09-15T17:00:00Z,0.016,ppm
Jakarta Central,o3,2024-09-16T17:00:00Z,,ppm
Jakarta Central,o3,2024-09-17T17:00:00Z,0.0905,ppm
Jakarta Central,o3,2024-09-18T17:00:00Z,0.0435,ppm
Jakarta Central,o3,2024-09-19T17:00:00Z,0.044,ppm
Jakarta Central,o3,2024-09-20T17:00:00Z,0.027,ppm
Jakarta Central,o3,2024-09-21T17:00:00Z,,ppm
Jakarta Central,o3,2024-09-22T17:00:00Z,0.019,ppm
Jakarta Central,o3,2024-09-23T17:00:00Z,0.0155,ppm
Jakarta Central,o3,2024-09-24T17:00:00Z,,ppm
Jakarta Central,o3,2024-09-25T17:00:00Z,,ppm
Jakarta Central,o3,2024-09-26T17:00:00Z,0.013,ppm
Jakarta Central,o3,2024-09-27T17:00:00Z,0.0339,ppm
Jakarta Central,o3,2024-09-28T17:00:00Z,0.0345,ppm
Jakarta Central,o3,2024-09-29T17:00:00Z,0.022,ppm
Jakarta Central,o3,2024-09-30T17:00:00Z,0.048,ppm
Jakarta Central,o3,2024-10-01T17:00:00Z,0.0246,ppm
Jakarta Central,o3,2024-10-02T17:00:00Z,0.021,ppm
Jakarta Central,o3,2024-10-03T17:00:00Z,0.0299,ppm
Jakarta Central,o3,2024-10-04T17:00:00Z,0.014,ppm
Jakarta Central,o3,2024-10-05T17:00:00Z,0.0263,ppm
Jakarta Central,o3,2024-10-06T17:00:00Z,0.02,ppm
Jakarta Central,o3,2024-10-07T17:00:00Z,0.027,ppm
Jakarta Central,o3,2024-10-08T17:00:00Z,0.0264,ppm
Jakarta Central,o3,2024-10-09T17:00:00Z,0.03,ppm
Jakarta Central,o3,2024-10-10T17:00:00Z,0.0275,ppm
Jakarta Central,o3,2024-10-11T17:00:00Z,0.0264,ppm
Jakarta Central,o3,2024-10-12T17:00:00Z,0.0285,ppm
Jakarta Central,o3,2024-10-13T17:00:00Z,0.0456,ppm
Jakarta Central,o3,2024-10-14T17:00:00Z,,ppm
Jakarta Central,o3,2024-10-15T17:00:00Z,,ppm
Jakarta Central,o3,2024-10-16T17:00:00Z,,ppm
Jakarta Central,o3,2024-10-17T17:00:00Z,,ppm
Jakarta Central,o3,2024-10-18T17:00:00Z,0.021,ppm
Jakarta Central,o3,2024-10-19T17:00:00Z,0.037,ppm
Jakarta Central,o3,2024-10-20T17:00:00Z,0.025,ppm
Jakarta Central,o3,2024-10-21T17:00:00Z,0.0763,ppm
Jakarta Central,o3,2024-10-22T17:00:00Z,0.062,ppm
Jakarta Central,o3,2024-10-23T17:00:00Z,0.014,ppm
Jakarta Central,o3,2024-10-24T17:00:00Z,0.032,ppm
Jakarta Central,o3,2024-10-25T17:00:00Z,,ppm
Jakarta Central,o3,2024-10-26T17:00:00Z,,ppm
Jakarta Central,o3,2024-10-27T17:00:00Z,,ppm
Jakarta Central,o3,2024-10-28T17:00:00Z,,ppm
Jakarta Central,o3,2024-10-29T17:00:00Z,0.016,ppm
Jakarta Central,o3,2024-10-30T17:00:00Z,0.037,ppm
Jakarta Central,o3,2024-10-31T17:00:00Z,0.07,ppm
Jakarta Central,o3,2024-11-01T17:00:00Z,0.011,ppm
Jakarta Central,o3,2024-11-02T17:00:00Z,,ppm
Jakarta Central,o3,2024-11-03T17:00:00Z,,ppm
Jakarta Central,o3,2024-11-04T17:00:00Z,0.012,ppm
Jakarta Central,o3,2024-11-05T17:00:00Z,,ppm
Jakarta Central,o3,2024-11-06T17:00:00Z,,ppm
Jakarta Central,o3,2024-11-07T17:00:00Z,0.026,ppm
Jakarta Central,o3,2024-11-08T17:00:00Z,,ppm
Jakarta Central,o3,2024-11-09T17:00:00Z,0.003,ppm
Jakarta Central,o3,2024-11-10T17:00:00Z,,ppm
Jakarta Central,o3,2024-11-11T17:00:00Z,0.015,ppm
Jakarta Central,o3,2024-11-12T17:00:00Z,0.013,ppm
Jakarta Central,o3,2024-11-13T17:00:00Z,,ppm
Jakarta Central,o3,2024-11-14T17:00:00Z,,ppm
Jakarta Central,o3,2024-11-15T17:00:00Z,,ppm
Jakarta Central,o3,2024-11-16T17:00:00Z,0.029,ppm
Jakarta Central,o3,2024-11-17T17:00:00Z,0.004,ppm
Jakarta Central,o3,2024-11-18T17:00:00Z,,ppm
Jakarta Central,o3,2024-11-19T17:00:00Z,0.003,ppm
Jakarta Central,o3,2024-11-20T17:00:00Z,0.005,ppm
Jakarta Central,o3,2024-11-21T17:00:00Z,0.004,ppm
Jakarta Central,o3,2024-11-22T17:00:00Z,0.005,ppm
Jakarta Central,o3,2024-11-23T17:00:00Z,0.003,ppm
Jakarta Central,o3,2024-11-24T17:00:00Z,,ppm
Jakarta Central,o3,2024-11-25T17:00:00Z,,ppm
Jakarta Central,o3,2024-11-26T17:00:00Z,0.003,ppm
Jakarta Central,o3,2024-11-27T17:00:00Z,,ppm
Jakarta Central,o3,2024-11-28T17:00:00Z,,ppm
Jakarta Central,o3,2024-11-29T17:00:00Z,0.007,ppm
Jakarta Central,o3,2024-11-30T17:00:00Z,,ppm
Jakarta Central,o3,2024-12-01T17:00:00Z,0.009,ppm
Jakarta Central,o3,2024-12-02T17:00:00Z,,ppm
Jakarta Central,o3,2024-12-03T17:00:00Z,,ppm
Jakarta Central,o3,2024-12-04T17:00:00Z,0.014,ppm
Jakarta Central,o3,2024-12-05T17:00:00Z,0.008,ppm
Jakarta Central,o3,2024-12-06T17:00:00Z,,ppm
Jakarta Central,o3,2024-12-07T17:00:00Z,,ppm
Jakarta Central,o3,2024-12-08T17:00:00Z,,ppm
Jakarta Central,o3,2024-12-09T17:00:00Z,,ppm
Jakarta Central,o3,2024-12-10T17:00:00Z,0.004,ppm
Jakarta Central,o3,2024-12-11T17:00:00Z,0.0107,ppm
Jakarta Central,o3,2024-12-12T17:00:00Z,0.004,ppm
Jakarta Central,o3,2024-12-13T17:00:00Z,0.008,ppm
Jakarta Central,o3,2024-12-14T17:00:00Z,,ppm
Jakarta Central,o3,2024-12-15T17:00:00Z,,ppm
Jakarta Central,o3,2024-12-16T17:00:00Z,,ppm
Jakarta Central,o3,2024-12-17T17:00:00Z,0.015,ppm
Jakarta Central,o3,2024-12-18T17:00:00Z,,ppm
Jakarta Central,o3,2024-12-19T17:00:00Z,,ppm
Jakarta Central,o3,2024-12-20T17:00:00Z,,ppm
Jakarta Central,o3,2024-12-21T17:00:00Z,,ppm
Jakarta Central,o3,2024-12-22T17:00:00Z,,ppm
Jakarta Central,o3,2024-12-23T17:00:00Z,0.003,ppm
Jakarta Central,o3,2024-12-24T17:00:00Z,,ppm
Jakarta Central,o3,2024-12-25T17:00:00Z,,ppm
Jakarta Central,o3,2024-12-26T17:00:00Z,0.01,ppm
Jakarta Central,o3,2024-12-27T17:00:00Z,,ppm
Jakarta Central,o3,2024-12-28T17:00:00Z,0.004,ppm
Jakarta Central,o3,2024-12-29T17:00:00Z,,ppm
Jakarta Central,o3,2024-12-30T17:00:00Z,0.007,ppm
Jakarta Central,o3,2024-12-31T17:00:00Z,,ppm
Jakarta Central,o3,2025-01-01T17:00:00Z,0.008,ppm
Jakarta Central,o3,2025-01-02T17:00:00Z,,ppm
Jakarta Central,o3,2025-01-03T17:00:00Z,0.0055,ppm
Jakarta Central,o3,2025-01-04T17:00:00Z,,ppm
Jakarta Central,o3,2025-01-05T17:00:00Z,,ppm
Jakarta Central,o3,2025-01-06T17:00:00Z,,ppm
Jakarta Central,o3,2025-01-07T17:00:00Z,0.003,ppm
Jakarta Central,o3,2025-01-08T17:00:00Z,,ppm
Jakarta Central,o3,2025-01-09T17:00:00Z,,ppm
Jakarta Central,o3,2025-01-10T17:00:00Z,,ppm
Jakarta Central,o3,2025-01-11T17:00:00Z,,ppm
Jakarta Central,o3,2025-01-12T17:00:00Z,,ppm
Jakarta Central,o3,2025-01-13T17:00:00Z,,ppm
Jakarta Central,o3,2025-01-14T17:00:00Z,,ppm
Jakarta Central,o3,2025-01-15T17:00:00Z,,ppm
Jakarta Central,o3,2025-01-16T17:00:00Z,,ppm
Jakarta Central,o3,2025-01-17T17:00:00Z,,ppm
Jakarta Central,o3,2025-01-18T17:00:00Z,,ppm
Jakarta Central,o3,2025-01-19T17:00:00Z,,ppm
Jakarta Central,o3,2025-01-20T17:00:00Z,,ppm
Jakarta Central,o3,2025-01-21T17:00:00Z,,ppm
Jakarta Central,o3,2025-01-22T17:00:00Z,,ppm
Jakarta Central,o3,2025-01-23T17:00:00Z,,ppm
Jakarta Central,o3,2025-01-24T17:00:00Z,,ppm
Jakarta Central,o3,2025-01-25T17:00:00Z,,ppm
Jakarta Central,o3,2025-01-26T17:00:00Z,,ppm
Jakarta Central,o3,2025-01-27T17:00:00Z,,ppm
Jakarta Central,o3,2025-01-28T17:00:00Z,,ppm
Jakarta Central,o3,2025-01-29T17:00:00Z,,ppm
Jakarta Central,o3,2025-01-30T17:00:00Z,,ppm
Jakarta Central,o3,2025-01-31T17:00:00Z,,ppm
Jakarta Central,o3,2025-02-01T17:00:00Z,,ppm
Jakarta Central,o3,2025-02-02T17:00:00Z,,ppm
Jakarta Central,o3,2025-02-03T17:00:00Z,,ppm
Jakarta Central,o3,2025-02-04T17:00:00Z,,ppm
Jakarta Central,o3,2025-02-05T17:00:00Z,,ppm
Jakarta Central,o3,2025-02-06T17:00:00Z,,ppm
Jakarta Central,o3,2025-02-07T17:00:00Z,,ppm
Jakarta Central,o3,2025-02-08T17:00:00Z,,ppm
Jakarta Central,o3,2025-02-09T17:00:00Z,,ppm
Jakarta Central,o3,2025-02-10T17:00:00Z,,ppm
Jakarta Central,o3,2025-02-11T17:00:00Z,,ppm
Jakarta Central,o3,2025-02-12T17:00:00Z,,ppm
Jakarta Central,o3,2025-02-13T17:00:00Z,,ppm
Jakarta Central,o3,2025-02-14T17:00:00Z,,ppm
Jakarta Central,o3,2025-02-15T17:00:00Z,,ppm
Jakarta Central,o3,2025-02-16T17:00:00Z,,ppm
Jakarta Central,o3,2025-02-17T17:00:00Z,,ppm
Jakarta Central,o3,2025-02-18T17:00:00Z,,ppm
Jakarta Central,o3,2025-02-19T17:00:00Z,,ppm
Jakarta Central,o3,2025-02-20T17:00:00Z,,ppm
Jakarta Central,o3,2025-02-21T17:00:00Z,,ppm
Jakarta Central,o3,2025-02-22T17:00:00Z,,ppm
Jakarta Central,o3,2025-02-23T17:00:00Z,,ppm
Jakarta Central,o3,2025-02-24T17:00:00Z,,ppm
Jakarta Central,o3,2025-02-25T17:00:00Z,,ppm
Jakarta Central,o3,2025-02-26T17:00:00Z,,ppm
Jakarta Central,o3,2025-02-27T17:00:00Z,,ppm
Jakarta Central,o3,2025-02-28T17:00:00Z,,ppm
Jakarta Central,o3,2025-03-01T17:00:00Z,,ppm
Jakarta Central,o3,2025-03-02T17:00:00Z,,ppm
Jakarta Central,o3,2025-03-03T17:00:00Z,0.007,ppm
Jakarta Central,o3,2025-03-04T17:00:00Z,0.0137,ppm
Jakarta Central,o3,2025-03-05T17:00:00Z,0.017,ppm
Jakarta Central,o3,2025-03-06T17:00:00Z,0.0123,ppm
Jakarta Central,o3,2025-03-07T17:00:00Z,0.0155,ppm
Jakarta Central,o3,2025-03-08T17:00:00Z,0.0151,ppm
Jakarta Central,o3,2025-03-09T17:00:00Z,0.00829,ppm
Jakarta Central,o3,2025-03-10T17:00:00Z,0.0126,ppm
Jakarta Central,o3,2025-03-11T17:00:00Z,0.0144,ppm
Jakarta Central,o3,2025-03-12T17:00:00Z,0.0118,ppm
Jakarta Central,o3,2025-03-13T17:00:00Z,0.00729,ppm
Jakarta Central,o3,2025-03-14T17:00:00Z,0.0085,ppm
Jakarta Central,o3,2025-03-15T17:00:00Z,0.00904,ppm
Jakarta Central,o3,2025-03-16T17:00:00Z,0.00638,ppm
Jakarta Central,o3,2025-03-17T17:00:00Z,0.00975,ppm
Jakarta Central,o3,2025-03-18T17:00:00Z,0.0153,ppm
Jakarta Central,o3,2025-03-19T17:00:00Z,0.0141,ppm
Jakarta Central,o3,2025-03-20T17:00:00Z,0.0183,ppm
Jakarta Central,o3,2025-03-21T17:00:00Z,0.0113,ppm
Jakarta Central,o3,2025-03-22T17:00:00Z,0.0122,ppm
Jakarta Central,o3,2025-03-23T17:00:00Z,0.00746,ppm
Jakarta Central,o3,2025-03-24T17:00:00Z,0.00708,ppm
Jakarta Central,o3,2025-03-25T17:00:00Z,0.0101,ppm
Jakarta Central,o3,2025-03-26T17:00:00Z,0.0083,ppm
Jakarta Central,o3,2025-03-27T17:00:00Z,0.007,ppm
Jakarta Central,o3,2025-03-28T17:00:00Z,0.00996,ppm
Jakarta Central,o3,2025-03-29T17:00:00Z,0.011,ppm
Jakarta Central,o3,2025-03-30T17:00:00Z,0.00854,ppm
Jakarta Central,o3,2025-03-31T17:00:00Z,0.00708,ppm
Jakarta Central,o3,2025-04-01T17:00:00Z,0.00638,ppm
Jakarta Central,o3,2025-04-02T17:00:00Z,0.016,ppm
Jakarta Central,o3,2025-04-03T17:00:00Z,0.0152,ppm
Jakarta Central,o3,2025-04-04T17:00:00Z,0.0133,ppm
Jakarta Central,o3,2025-04-05T17:00:00Z,0.0155,ppm
Jakarta Central,o3,2025-04-06T17:00:00Z,0.0218,ppm
Jakarta Central,o3,2025-04-07T17:00:00Z,0.0128,ppm
Jakarta Central,o3,2025-04-08T17:00:00Z,0.0156,ppm
Jakarta Central,pm25,2016-11-09T17:00:00Z,50.1,µg/m³
Jakarta Central,pm25,2016-11-10T17:00:00Z,46.6,µg/m³
Jakarta Central,pm25,2016-11-11T17:00:00Z,34.0,µg/m³
Jakarta Central,pm25,2016-11-12T17:00:00Z,23.1,µg/m³
Jakarta Central,pm25,2016-11-13T17:00:00Z,34.9,µg/m³
Jakarta Central,pm25,2016-11-14T17:00:00Z,20.1,µg/m³
Jakarta Central,pm25,2016-11-15T17:00:00Z,35.4,µg/m³
Jakarta Central,pm25,2016-11-16T17:00:00Z,41.2,µg/m³
Jakarta Central,pm25,2016-11-17T17:00:00Z,45.6,µg/m³
Jakarta Central,pm25,2016-11-18T17:00:00Z,39.6,µg/m³
Jakarta Central,pm25,2016-11-19T17:00:00Z,39.7,µg/m³
Jakarta Central,pm25,2016-11-20T17:00:00Z,44.8,µg/m³
Jakarta Central,pm25,2016-11-21T17:00:00Z,52.0,µg/m³
Jakarta Central,pm25,2016-11-22T17:00:00Z,41.5,µg/m³
Jakarta Central,pm25,2016-11-23T17:00:00Z,63.8,µg/m³
Jakarta Central,pm25,2016-11-24T17:00:00Z,23.1,µg/m³
Jakarta Central,pm25,2016-11-25T17:00:00Z,70.0,µg/m³
Jakarta Central,pm25,2016-11-26T17:00:00Z,72.6,µg/m³
Jakarta Central,pm25,2016-11-27T17:00:00Z,40.5,µg/m³
Jakarta Central,pm25,2016-11-28T17:00:00Z,27.7,µg/m³
Jakarta Central,pm25,2016-11-29T17:00:00Z,44.1,µg/m³
Jakarta Central,pm25,2016-11-30T17:00:00Z,29.2,µg/m³
Jakarta Central,pm25,2016-12-01T17:00:00Z,19.5,µg/m³
Jakarta Central,pm25,2016-12-02T17:00:00Z,16.9,µg/m³
Jakarta Central,pm25,2016-12-03T17:00:00Z,16.1,µg/m³
Jakarta Central,pm25,2016-12-04T17:00:00Z,14.0,µg/m³
Jakarta Central,pm25,2016-12-05T17:00:00Z,20.0,µg/m³
Jakarta Central,pm25,2016-12-06T17:00:00Z,30.9,µg/m³
Jakarta Central,pm25,2016-12-07T17:00:00Z,34.9,µg/m³
Jakarta Central,pm25,2016-12-08T17:00:00Z,20.7,µg/m³
Jakarta Central,pm25,2016-12-09T17:00:00Z,18.7,µg/m³
Jakarta Central,pm25,2016-12-10T17:00:00Z,19.4,µg/m³
Jakarta Central,pm25,2016-12-11T17:00:00Z,25.0,µg/m³
Jakarta Central,pm25,2016-12-12T17:00:00Z,22.0,µg/m³
Jakarta Central,pm25,2016-12-13T17:00:00Z,24.2,µg/m³
Jakarta Central,pm25,2016-12-14T17:00:00Z,21.7,µg/m³
Jakarta Central,pm25,2016-12-15T17:00:00Z,21.4,µg/m³
Jakarta Central,pm25,2016-12-16T17:00:00Z,27.6,µg/m³
Jakarta Central,pm25,2016-12-17T17:00:00Z,19.2,µg/m³
Jakarta Central,pm25,2016-12-18T17:00:00Z,19.4,µg/m³
Jakarta Central,pm25,2016-12-19T17:00:00Z,16.8,µg/m³
Jakarta Central,pm25,2016-12-20T17:00:00Z,17.4,µg/m³
Jakarta Central,pm25,2016-12-21T17:00:00Z,16.9,µg/m³
Jakarta Central,pm25,2016-12-22T17:00:00Z,14.0,µg/m³
Jakarta Central,pm25,2016-12-23T17:00:00Z,12.4,µg/m³
Jakarta Central,pm25,2016-12-24T17:00:00Z,22.7,µg/m³
Jakarta Central,pm25,2016-12-25T17:00:00Z,34.5,µg/m³
Jakarta Central,pm25,2016-12-26T17:00:00Z,15.5,µg/m³
Jakarta Central,pm25,2016-12-27T17:00:00Z,18.3,µg/m³
Jakarta Central,pm25,2016-12-28T17:00:00Z,21.5,µg/m³
Jakarta Central,pm25,2016-12-29T17:00:00Z,40.3,µg/m³
Jakarta Central,pm25,2016-12-30T17:00:00Z,41.9,µg/m³
Jakarta Central,pm25,2016-12-31T17:00:00Z,41.5,µg/m³
Jakarta Central,pm25,2017-01-01T17:00:00Z,23.4,µg/m³
Jakarta Central,pm25,2017-01-02T17:00:00Z,23.8,µg/m³
Jakarta Central,pm25,2017-01-03T17:00:00Z,23.2,µg/m³
Jakarta Central,pm25,2017-01-04T17:00:00Z,22.2,µg/m³
Jakarta Central,pm25,2017-01-05T17:00:00Z,20.5,µg/m³
Jakarta Central,pm25,2017-01-06T17:00:00Z,22.2,µg/m³
Jakarta Central,pm25,2017-01-07T17:00:00Z,24.5,µg/m³
Jakarta Central,pm25,2017-01-08T17:00:00Z,23.3,µg/m³
Jakarta Central,pm25,2017-01-09T17:00:00Z,18.3,µg/m³
Jakarta Central,pm25,2017-01-10T17:00:00Z,19.2,µg/m³
Jakarta Central,pm25,2017-01-11T17:00:00Z,12.8,µg/m³
Jakarta Central,pm25,2017-01-12T17:00:00Z,10.3,µg/m³
Jakarta Central,pm25,2017-01-13T17:00:00Z,,µg/m³
Jakarta Central,pm25,2017-01-14T17:00:00Z,,µg/m³
Jakarta Central,pm25,2017-01-15T17:00:00Z,,µg/m³
Jakarta Central,pm25,2017-01-16T17:00:00Z,17.9,µg/m³
Jakarta Central,pm25,2017-01-17T17:00:00Z,15.2,µg/m³
Jakarta Central,pm25,2017-01-18T17:00:00Z,13.7,µg/m³
Jakarta Central,pm25,2017-01-19T17:00:00Z,14.3,µg/m³
Jakarta Central,pm25,2017-01-20T17:00:00Z,30.6,µg/m³
Jakarta Central,pm25,2017-01-21T17:00:00Z,27.4,µg/m³
Jakarta Central,pm25,2017-01-22T17:00:00Z,24.5,µg/m³
Jakarta Central,pm25,2017-01-23T17:00:00Z,28.3,µg/m³
Jakarta Central,pm25,2017-01-24T17:00:00Z,19.5,µg/m³
Jakarta Central,pm25,2017-01-25T17:00:00Z,21.0,µg/m³
Jakarta Central,pm25,2017-01-26T17:00:00Z,28.3,µg/m³
Jakarta Central,pm25,2017-01-27T17:00:00Z,19.4,µg/m³
Jakarta Central,pm25,2017-01-28T17:00:00Z,13.7,µg/m³
Jakarta Central,pm25,2017-01-29T17:00:00Z,22.6,µg/m³
Jakarta Central,pm25,2017-01-30T17:00:00Z,17.1,µg/m³
Jakarta Central,pm25,2017-01-31T17:00:00Z,24.4,µg/m³
Jakarta Central,pm25,2017-02-01T17:00:00Z,32.4,µg/m³
Jakarta Central,pm25,2017-02-02T17:00:00Z,19.2,µg/m³
Jakarta Central,pm25,2017-02-03T17:00:00Z,14.5,µg/m³
Jakarta Central,pm25,2017-02-04T17:00:00Z,15.1,µg/m³
Jakarta Central,pm25,2017-02-05T17:00:00Z,14.8,µg/m³
Jakarta Central,pm25,2017-02-06T17:00:00Z,26.7,µg/m³
Jakarta Central,pm25,2017-02-07T17:00:00Z,20.1,µg/m³
Jakarta Central,pm25,2017-02-08T17:00:00Z,27.7,µg/m³
Jakarta Central,pm25,2017-02-09T17:00:00Z,23.2,µg/m³
Jakarta Central,pm25,2017-02-10T17:00:00Z,23.5,µg/m³
Jakarta Central,pm25,2017-02-11T17:00:00Z,18.6,µg/m³
Jakarta Central,pm25,2017-02-12T17:00:00Z,27.6,µg/m³
Jakarta Central,pm25,2017-02-13T17:00:00Z,25.3,µg/m³
Jakarta Central,pm25,2017-02-14T17:00:00Z,15.0,µg/m³
Jakarta Central,pm25,2017-02-15T17:00:00Z,25.3,µg/m³
Jakarta Central,pm25,2017-02-16T17:00:00Z,27.5,µg/m³
Jakarta Central,pm25,2017-02-17T17:00:00Z,50.0,µg/m³
Jakarta Central,pm25,2017-02-18T17:00:00Z,36.1,µg/m³
Jakarta Central,pm25,2017-02-19T17:00:00Z,33.5,µg/m³
Jakarta Central,pm25,2017-02-20T17:00:00Z,29.8,µg/m³
Jakarta Central,pm25,2017-02-21T17:00:00Z,52.7,µg/m³
Jakarta Central,pm25,2017-02-22T17:00:00Z,39.0,µg/m³
Jakarta Central,pm25,2017-02-23T17:00:00Z,41.6,µg/m³
Jakarta Central,pm25,2017-02-24T17:00:00Z,35.7,µg/m³
Jakarta Central,pm25,2017-02-25T17:00:00Z,36.7,µg/m³
Jakarta Central,pm25,2017-02-26T17:00:00Z,27.7,µg/m³
Jakarta Central,pm25,2017-02-27T17:00:00Z,,µg/m³
Jakarta Central,pm25,2017-02-28T17:00:00Z,,µg/m³
Jakarta Central,pm25,2017-03-01T17:00:00Z,,µg/m³
Jakarta Central,pm25,2017-03-02T17:00:00Z,22.5,µg/m³
Jakarta Central,pm25,2017-03-03T17:00:00Z,21.5,µg/m³
Jakarta Central,pm25,2017-03-04T17:00:00Z,28.1,µg/m³
Jakarta Central,pm25,2017-03-05T17:00:00Z,22.7,µg/m³
Jakarta Central,pm25,2017-03-06T17:00:00Z,15.5,µg/m³
Jakarta Central,pm25,2017-03-07T17:00:00Z,17.0,µg/m³
Jakarta Central,pm25,2017-03-08T17:00:00Z,34.0,µg/m³
Jakarta Central,pm25,2017-03-09T17:00:00Z,34.2,µg/m³
Jakarta Central,pm25,2017-03-10T17:00:00Z,34.7,µg/m³
Jakarta Central,pm25,2017-03-11T17:00:00Z,21.4,µg/m³
Jakarta Central,pm25,2017-03-12T17:00:00Z,26.0,µg/m³
Jakarta Central,pm25,2017-03-13T17:00:00Z,44.3,µg/m³
Jakarta Central,pm25,2017-03-14T17:00:00Z,12.6,µg/m³
Jakarta Central,pm25,2017-03-15T17:00:00Z,35.0,µg/m³
Jakarta Central,pm25,2017-03-16T17:00:00Z,57.2,µg/m³
Jakarta Central,pm25,2017-03-17T17:00:00Z,20.3,µg/m³
Jakarta Central,pm25,2017-03-18T17:00:00Z,32.1,µg/m³
Jakarta Central,pm25,2017-03-19T17:00:00Z,49.6,µg/m³
Jakarta Central,pm25,2017-03-20T17:00:00Z,12.0,µg/m³
Jakarta Central,pm25,2017-03-21T17:00:00Z,16.8,µg/m³
Jakarta Central,pm25,2017-03-22T17:00:00Z,29.8,µg/m³
Jakarta Central,pm25,2017-03-23T17:00:00Z,87.4,µg/m³
Jakarta Central,pm25,2017-03-24T17:00:00Z,11.2,µg/m³
Jakarta Central,pm25,2017-03-25T17:00:00Z,31.3,µg/m³
Jakarta Central,pm25,2017-03-26T17:00:00Z,30.2,µg/m³
Jakarta Central,pm25,2017-03-27T17:00:00Z,47.1,µg/m³
Jakarta Central,pm25,2017-03-28T17:00:00Z,22.8,µg/m³
Jakarta Central,pm25,2017-03-29T17:00:00Z,6.81,µg/m³
Jakarta Central,pm25,2017-03-30T17:00:00Z,6.35,µg/m³
Jakarta Central,pm25,2017-03-31T17:00:00Z,16.0,µg/m³
Jakarta Central,pm25,2017-04-01T17:00:00Z,23.7,µg/m³
Jakarta Central,pm25,2017-04-02T17:00:00Z,24.7,µg/m³
Jakarta Central,pm25,2017-04-03T17:00:00Z,28.4,µg/m³
Jakarta Central,pm25,2017-04-04T17:00:00Z,13.0,µg/m³
Jakarta Central,pm25,2017-04-05T17:00:00Z,9.19,µg/m³
Jakarta Central,pm25,2017-04-06T17:00:00Z,5.14,µg/m³
Jakarta Central,pm25,2017-04-07T17:00:00Z,1.92,µg/m³
Jakarta Central,pm25,2017-04-08T17:00:00Z,8.0,µg/m³
Jakarta Central,pm25,2017-04-09T17:00:00Z,21.5,µg/m³
Jakarta Central,pm25,2017-04-10T17:00:00Z,23.9,µg/m³
Jakarta Central,pm25,2017-04-11T17:00:00Z,12.2,µg/m³
Jakarta Central,pm25,2017-04-12T17:00:00Z,21.3,µg/m³
Jakarta Central,pm25,2017-04-13T17:00:00Z,26.3,µg/m³
Jakarta Central,pm25,2017-04-14T17:00:00Z,34.7,µg/m³
Jakarta Central,pm25,2017-04-15T17:00:00Z,39.3,µg/m³
Jakarta Central,pm25,2017-04-16T17:00:00Z,60.1,µg/m³
Jakarta Central,pm25,2017-04-17T17:00:00Z,56.6,µg/m³
Jakarta Central,pm25,2017-04-18T17:00:00Z,35.3,µg/m³
Jakarta Central,pm25,2017-04-19T17:00:00Z,18.3,µg/m³
Jakarta Central,pm25,2017-04-20T17:00:00Z,41.1,µg/m³
Jakarta Central,pm25,2017-04-21T17:00:00Z,41.8,µg/m³
Jakarta Central,pm25,2017-04-22T17:00:00Z,19.6,µg/m³
Jakarta Central,pm25,2017-04-23T17:00:00Z,30.9,µg/m³
Jakarta Central,pm25,2017-04-24T17:00:00Z,32.5,µg/m³
Jakarta Central,pm25,2017-04-25T17:00:00Z,26.5,µg/m³
Jakarta Central,pm25,2017-04-26T17:00:00Z,38.8,µg/m³
Jakarta Central,pm25,2017-04-27T17:00:00Z,,µg/m³
Jakarta Central,pm25,2017-04-28T17:00:00Z,,µg/m³
Jakarta Central,pm25,2017-04-29T17:00:00Z,,µg/m³
Jakarta Central,pm25,2017-04-30T17:00:00Z,,µg/m³
Jakarta Central,pm25,2017-05-01T17:00:00Z,,µg/m³
Jakarta Central,pm25,2017-05-02T17:00:00Z,,µg/m³
Jakarta Central,pm25,2017-05-03T17:00:00Z,,µg/m³
Jakarta Central,pm25,2017-05-04T17:00:00Z,25.0,µg/m³
Jakarta Central,pm25,2017-05-05T17:00:00Z,30.0,µg/m³
Jakarta Central,pm25,2017-05-06T17:00:00Z,36.0,µg/m³
Jakarta Central,pm25,2017-05-07T17:00:00Z,112.0,µg/m³
Jakarta Central,pm25,2017-05-08T17:00:00Z,40.0,µg/m³
Jakarta Central,pm25,2017-05-09T17:00:00Z,47.7,µg/m³
Jakarta Central,pm25,2017-05-10T17:00:00Z,126.0,µg/m³
Jakarta Central,pm25,2017-05-11T17:00:00Z,117.0,µg/m³
Jakarta Central,pm25,2017-05-12T17:00:00Z,35.6,µg/m³
Jakarta Central,pm25,2017-05-13T17:00:00Z,34.7,µg/m³
Jakarta Central,pm25,2017-05-14T17:00:00Z,43.1,µg/m³
Jakarta Central,pm25,2017-05-15T17:00:00Z,48.0,µg/m³
Jakarta Central,pm25,2017-05-16T17:00:00Z,52.6,µg/m³
Jakarta Central,pm25,2017-05-17T17:00:00Z,37.5,µg/m³
Jakarta Central,pm25,2017-05-18T17:00:00Z,49.2,µg/m³
Jakarta Central,pm25,2017-05-19T17:00:00Z,36.6,µg/m³
Jakarta Central,pm25,2017-05-20T17:00:00Z,38.0,µg/m³
Jakarta Central,pm25,2017-05-21T17:00:00Z,37.7,µg/m³
Jakarta Central,pm25,2017-05-22T17:00:00Z,33.4,µg/m³
Jakarta Central,pm25,2017-05-23T17:00:00Z,45.9,µg/m³
Jakarta Central,pm25,2017-05-24T17:00:00Z,53.4,µg/m³
Jakarta Central,pm25,2017-05-25T17:00:00Z,58.0,µg/m³
Jakarta Central,pm25,2017-05-26T17:00:00Z,59.6,µg/m³
Jakarta Central,pm25,2017-05-27T17:00:00Z,34.5,µg/m³
Jakarta Central,pm25,2017-05-28T17:00:00Z,18.9,µg/m³
Jakarta Central,pm25,2017-05-29T17:00:00Z,27.4,µg/m³
Jakarta Central,pm25,2017-05-30T17:00:00Z,21.1,µg/m³
Jakarta Central,pm25,2017-05-31T17:00:00Z,9.88,µg/m³
Jakarta Central,pm25,2017-06-01T17:00:00Z,23.7,µg/m³
Jakarta Central,pm25,2017-06-02T17:00:00Z,33.6,µg/m³
Jakarta Central,pm25,2017-06-03T17:00:00Z,37.8,µg/m³
Jakarta Central,pm25,2017-06-04T17:00:00Z,35.7,µg/m³
Jakarta Central,pm25,2017-06-05T17:00:00Z,18.2,µg/m³
Jakarta Central,pm25,2017-06-06T17:00:00Z,22.3,µg/m³
Jakarta Central,pm25,2017-06-07T17:00:00Z,21.9,µg/m³
Jakarta Central,pm25,2017-06-08T17:00:00Z,20.0,µg/m³
Jakarta Central,pm25,2017-06-09T17:00:00Z,30.6,µg/m³
Jakarta Central,pm25,2017-06-10T17:00:00Z,28.8,µg/m³
Jakarta Central,pm25,2017-06-11T17:00:00Z,25.2,µg/m³
Jakarta Central,pm25,2017-06-12T17:00:00Z,40.0,µg/m³
Jakarta Central,pm25,2017-06-13T17:00:00Z,32.0,µg/m³
Jakarta Central,pm25,2017-06-14T17:00:00Z,33.0,µg/m³
Jakarta Central,pm25,2017-06-15T17:00:00Z,16.1,µg/m³
Jakarta Central,pm25,2017-06-16T17:00:00Z,21.6,µg/m³
Jakarta Central,pm25,2017-06-17T17:00:00Z,22.9,µg/m³
Jakarta Central,pm25,2017-06-18T17:00:00Z,23.3,µg/m³
Jakarta Central,pm25,2017-06-19T17:00:00Z,27.3,µg/m³
Jakarta Central,pm25,2017-06-20T17:00:00Z,80.0,µg/m³
Jakarta Central,pm25,2017-06-21T17:00:00Z,69.5,µg/m³
Jakarta Central,pm25,2017-06-22T17:00:00Z,29.6,µg/m³
Jakarta Central,pm25,2017-06-23T17:00:00Z,19.9,µg/m³
Jakarta Central,pm25,2017-06-24T17:00:00Z,32.4,µg/m³
Jakarta Central,pm25,2017-06-25T17:00:00Z,3.67,µg/m³
Jakarta Central,pm25,2017-06-26T17:00:00Z,295.0,µg/m³
Jakarta Central,pm25,2017-06-27T17:00:00Z,20.4,µg/m³
Jakarta Central,pm25,2017-06-28T17:00:00Z,119.0,µg/m³
Jakarta Central,pm25,2017-06-29T17:00:00Z,5.13,µg/m³
Jakarta Central,pm25,2017-06-30T17:00:00Z,19.6,µg/m³
Jakarta Central,pm25,2017-07-01T17:00:00Z,19.5,µg/m³
Jakarta Central,pm25,2017-07-02T17:00:00Z,13.8,µg/m³
Jakarta Central,pm25,2017-07-03T17:00:00Z,28.8,µg/m³
Jakarta Central,pm25,2017-07-04T17:00:00Z,73.0,µg/m³
Jakarta Central,pm25,2017-07-05T17:00:00Z,27.3,µg/m³
Jakarta Central,pm25,2017-07-06T17:00:00Z,56.5,µg/m³
Jakarta Central,pm25,2017-07-07T17:00:00Z,60.5,µg/m³
Jakarta Central,pm25,2017-07-08T17:00:00Z,498.0,µg/m³
Jakarta Central,pm25,2017-07-09T17:00:00Z,418.0,µg/m³
Jakarta Central,pm25,2017-07-10T17:00:00Z,20.3,µg/m³
Jakarta Central,pm25,2017-07-11T17:00:00Z,23.5,µg/m³
Jakarta Central,pm25,2017-07-12T17:00:00Z,28.2,µg/m³
Jakarta Central,pm25,2017-07-13T17:00:00Z,40.4,µg/m³
Jakarta Central,pm25,2017-07-14T17:00:00Z,38.5,µg/m³
Jakarta Central,pm25,2017-07-15T17:00:00Z,34.2,µg/m³
Jakarta Central,pm25,2017-07-16T17:00:00Z,25.5,µg/m³
Jakarta Central,pm25,2017-07-17T17:00:00Z,59.0,µg/m³
Jakarta Central,pm25,2017-07-18T17:00:00Z,65.4,µg/m³
Jakarta Central,pm25,2017-07-19T17:00:00Z,37.6,µg/m³
Jakarta Central,pm25,2017-07-20T17:00:00Z,32.2,µg/m³
Jakarta Central,pm25,2017-08-10T17:00:00Z,29.6,µg/m³
Jakarta Central,pm25,2017-08-11T17:00:00Z,22.0,µg/m³
Jakarta Central,pm25,2017-08-12T17:00:00Z,35.8,µg/m³
Jakarta Central,pm25,2017-08-13T17:00:00Z,52.7,µg/m³
Jakarta Central,pm25,2017-08-14T17:00:00Z,53.3,µg/m³
Jakarta Central,pm25,2017-08-15T17:00:00Z,24.8,µg/m³
Jakarta Central,pm25,2017-08-16T17:00:00Z,27.9,µg/m³
Jakarta Central,pm25,2017-08-17T17:00:00Z,26.5,µg/m³
Jakarta Central,pm25,2017-08-18T17:00:00Z,21.2,µg/m³
Jakarta Central,pm25,2017-08-19T17:00:00Z,22.4,µg/m³
Jakarta Central,pm25,2017-08-20T17:00:00Z,34.2,µg/m³
Jakarta Central,pm25,2017-08-21T17:00:00Z,31.5,µg/m³
Jakarta Central,pm25,2017-08-22T17:00:00Z,45.7,µg/m³
Jakarta Central,pm25,2017-08-23T17:00:00Z,26.6,µg/m³
Jakarta Central,pm25,2017-08-24T17:00:00Z,32.3,µg/m³
Jakarta Central,pm25,2017-08-25T17:00:00Z,24.0,µg/m³
Jakarta Central,pm25,2017-08-26T17:00:00Z,30.2,µg/m³
Jakarta Central,pm25,2017-08-27T17:00:00Z,64.0,µg/m³
Jakarta Central,pm25,2017-08-28T17:00:00Z,38.7,µg/m³
Jakarta Central,pm25,2017-08-29T17:00:00Z,18.9,µg/m³
Jakarta Central,pm25,2017-08-30T17:00:00Z,29.3,µg/m³
Jakarta Central,pm25,2017-08-31T17:00:00Z,32.0,µg/m³
Jakarta Central,pm25,2017-09-01T17:00:00Z,38.6,µg/m³
Jakarta Central,pm25,2017-09-02T17:00:00Z,41.2,µg/m³
Jakarta Central,pm25,2017-09-03T17:00:00Z,47.4,µg/m³
Jakarta Central,pm25,2017-09-04T17:00:00Z,36.6,µg/m³
Jakarta Central,pm25,2017-09-05T17:00:00Z,30.3,µg/m³
Jakarta Central,pm25,2017-09-06T17:00:00Z,34.4,µg/m³
Jakarta Central,pm25,2017-09-07T17:00:00Z,33.3,µg/m³
Jakarta Central,pm25,2017-09-08T17:00:00Z,36.9,µg/m³
Jakarta Central,pm25,2017-09-09T17:00:00Z,32.9,µg/m³
Jakarta Central,pm25,2017-09-10T17:00:00Z,38.3,µg/m³
Jakarta Central,pm25,2017-09-11T17:00:00Z,33.1,µg/m³
Jakarta Central,pm25,2017-09-12T17:00:00Z,36.0,µg/m³
Jakarta Central,pm25,2017-09-13T17:00:00Z,45.7,µg/m³
Jakarta Central,pm25,2017-09-14T17:00:00Z,47.8,µg/m³
Jakarta Central,pm25,2017-09-15T17:00:00Z,37.5,µg/m³
Jakarta Central,pm25,2017-09-16T17:00:00Z,26.8,µg/m³
Jakarta Central,pm25,2017-09-17T17:00:00Z,33.4,µg/m³
Jakarta Central,pm25,2017-09-18T17:00:00Z,32.0,µg/m³
Jakarta Central,pm25,2017-09-19T17:00:00Z,28.7,µg/m³
Jakarta Central,pm25,2017-09-20T17:00:00Z,29.8,µg/m³
Jakarta Central,pm25,2017-09-21T17:00:00Z,56.6,µg/m³
Jakarta Central,pm25,2017-09-22T17:00:00Z,48.5,µg/m³
Jakarta Central,pm25,2017-09-23T17:00:00Z,33.0,µg/m³
Jakarta Central,pm25,2017-09-24T17:00:00Z,40.5,µg/m³
Jakarta Central,pm25,2017-09-25T17:00:00Z,26.5,µg/m³
Jakarta Central,pm25,2017-09-26T17:00:00Z,28.4,µg/m³
Jakarta Central,pm25,2017-09-27T17:00:00Z,33.1,µg/m³
Jakarta Central,pm25,2017-09-28T17:00:00Z,28.8,µg/m³
Jakarta Central,pm25,2017-09-29T17:00:00Z,22.3,µg/m³
Jakarta Central,pm25,2017-09-30T17:00:00Z,15.9,µg/m³
Jakarta Central,pm25,2017-10-01T17:00:00Z,18.1,µg/m³
Jakarta Central,pm25,2017-10-02T17:00:00Z,26.7,µg/m³
Jakarta Central,pm25,2017-10-03T17:00:00Z,19.2,µg/m³
Jakarta Central,pm25,2017-10-04T17:00:00Z,31.6,µg/m³
Jakarta Central,pm25,2017-10-05T17:00:00Z,28.1,µg/m³
Jakarta Central,pm25,2017-10-06T17:00:00Z,31.7,µg/m³
Jakarta Central,pm25,2017-10-07T17:00:00Z,22.1,µg/m³
Jakarta Central,pm25,2017-10-08T17:00:00Z,48.1,µg/m³
Jakarta Central,pm25,2017-10-09T17:00:00Z,41.0,µg/m³
Jakarta Central,pm25,2017-10-10T17:00:00Z,33.7,µg/m³
Jakarta Central,pm25,2017-10-11T17:00:00Z,38.1,µg/m³
Jakarta Central,pm25,2017-10-12T17:00:00Z,33.4,µg/m³
Jakarta Central,pm25,2017-10-13T17:00:00Z,23.4,µg/m³
Jakarta Central,pm25,2017-10-14T17:00:00Z,21.2,µg/m³
Jakarta Central,pm25,2017-10-15T17:00:00Z,13.5,µg/m³
Jakarta Central,pm25,2017-10-16T17:00:00Z,18.0,µg/m³
Jakarta Central,pm25,2017-10-17T17:00:00Z,22.1,µg/m³
Jakarta Central,pm25,2017-10-18T17:00:00Z,19.7,µg/m³
Jakarta Central,pm25,2017-10-19T17:00:00Z,26.6,µg/m³
Jakarta Central,pm25,2017-10-20T17:00:00Z,31.3,µg/m³
Jakarta Central,pm25,2017-10-21T17:00:00Z,30.1,µg/m³
Jakarta Central,pm25,2017-10-22T17:00:00Z,21.7,µg/m³
Jakarta Central,pm25,2017-10-23T17:00:00Z,26.1,µg/m³
Jakarta Central,pm25,2017-10-24T17:00:00Z,26.5,µg/m³
Jakarta Central,pm25,2017-10-25T17:00:00Z,20.7,µg/m³
Jakarta Central,pm25,2017-10-26T17:00:00Z,23.7,µg/m³
Jakarta Central,pm25,2017-10-27T17:00:00Z,33.2,µg/m³
Jakarta Central,pm25,2017-10-28T17:00:00Z,47.9,µg/m³
Jakarta Central,pm25,2017-10-29T17:00:00Z,37.4,µg/m³
Jakarta Central,pm25,2017-10-30T17:00:00Z,27.6,µg/m³
Jakarta Central,pm25,2017-10-31T17:00:00Z,185.0,µg/m³
Jakarta Central,pm25,2017-11-01T17:00:00Z,431.0,µg/m³
Jakarta Central,pm25,2017-11-02T17:00:00Z,51.6,µg/m³
Jakarta Central,pm25,2017-11-03T17:00:00Z,540.0,µg/m³
Jakarta Central,pm25,2017-11-04T17:00:00Z,339.0,µg/m³
Jakarta Central,pm25,2017-11-05T17:00:00Z,23.0,µg/m³
Jakarta Central,pm25,2017-11-06T17:00:00Z,18.8,µg/m³
Jakarta Central,pm25,2017-11-07T17:00:00Z,24.1,µg/m³
Jakarta Central,pm25,2017-11-08T17:00:00Z,33.6,µg/m³
Jakarta Central,pm25,2017-11-09T17:00:00Z,28.3,µg/m³
Jakarta Central,pm25,2017-11-10T17:00:00Z,42.5,µg/m³
Jakarta Central,pm25,2017-11-11T17:00:00Z,25.9,µg/m³
Jakarta Central,pm25,2017-11-12T17:00:00Z,26.3,µg/m³
Jakarta Central,pm25,2017-11-13T17:00:00Z,34.3,µg/m³
Jakarta Central,pm25,2017-11-14T17:00:00Z,31.6,µg/m³
Jakarta Central,pm25,2017-11-15T17:00:00Z,34.6,µg/m³
Jakarta Central,pm25,2017-11-16T17:00:00Z,37.8,µg/m³
Jakarta Central,pm25,2017-11-17T17:00:00Z,37.6,µg/m³
Jakarta Central,pm25,2017-11-18T17:00:00Z,36.8,µg/m³
Jakarta Central,pm25,2017-11-19T17:00:00Z,24.7,µg/m³
Jakarta Central,pm25,2017-11-20T17:00:00Z,25.6,µg/m³
Jakarta Central,pm25,2017-11-21T17:00:00Z,39.4,µg/m³
Jakarta Central,pm25,2017-11-22T17:00:00Z,33.5,µg/m³
Jakarta Central,pm25,2017-11-23T17:00:00Z,14.0,µg/m³
Jakarta Central,pm25,2017-11-24T17:00:00Z,12.2,µg/m³
Jakarta Central,pm25,2017-11-25T17:00:00Z,8.0,µg/m³
Jakarta Central,pm25,2017-11-26T17:00:00Z,6.63,µg/m³
Jakarta Central,pm25,2017-11-27T17:00:00Z,6.62,µg/m³
Jakarta Central,pm25,2017-11-28T17:00:00Z,10.1,µg/m³
Jakarta Central,pm25,2017-11-29T17:00:00Z,118.0,µg/m³
Jakarta Central,pm25,2017-11-30T17:00:00Z,8.53,µg/m³
Jakarta Central,pm25,2017-12-01T17:00:00Z,13.5,µg/m³
Jakarta Central,pm25,2017-12-02T17:00:00Z,13.2,µg/m³
Jakarta Central,pm25,2017-12-03T17:00:00Z,9.74,µg/m³
Jakarta Central,pm25,2017-12-04T17:00:00Z,11.4,µg/m³
Jakarta Central,pm25,2017-12-05T17:00:00Z,26.8,µg/m³
Jakarta Central,pm25,2017-12-26T17:00:00Z,12.4,µg/m³
Jakarta Central,pm25,2017-12-27T17:00:00Z,14.0,µg/m³
Jakarta Central,pm25,2017-12-28T17:00:00Z,34.4,µg/m³
Jakarta Central,pm25,2017-12-29T17:00:00Z,45.3,µg/m³
Jakarta Central,pm25,2017-12-30T17:00:00Z,25.1,µg/m³
Jakarta Central,pm25,2017-12-31T17:00:00Z,27.3,µg/m³
Jakarta Central,pm25,2018-01-01T17:00:00Z,62.6,µg/m³
Jakarta Central,pm25,2018-01-02T17:00:00Z,27.2,µg/m³
Jakarta Central,pm25,2018-01-03T17:00:00Z,23.7,µg/m³
Jakarta Central,pm25,2018-01-04T17:00:00Z,5.82,µg/m³
Jakarta Central,pm25,2018-01-05T17:00:00Z,5.41,µg/m³
Jakarta Central,pm25,2018-01-06T17:00:00Z,14.4,µg/m³
Jakarta Central,pm25,2018-01-07T17:00:00Z,23.6,µg/m³
Jakarta Central,pm25,2018-01-08T17:00:00Z,13.7,µg/m³
Jakarta Central,pm25,2018-01-09T17:00:00Z,13.6,µg/m³
Jakarta Central,pm25,2018-01-10T17:00:00Z,15.4,µg/m³
Jakarta Central,pm25,2018-01-11T17:00:00Z,17.1,µg/m³
Jakarta Central,pm25,2018-01-12T17:00:00Z,22.8,µg/m³
Jakarta Central,pm25,2018-01-13T17:00:00Z,323.0,µg/m³
Jakarta Central,pm25,2018-01-14T17:00:00Z,645.0,µg/m³
Jakarta Central,pm25,2018-01-15T17:00:00Z,384.0,µg/m³
Jakarta Central,pm25,2018-01-16T17:00:00Z,165.0,µg/m³
Jakarta Central,pm25,2018-01-17T17:00:00Z,985.0,µg/m³
Jakarta Central,pm25,2018-01-18T17:00:00Z,10.0,µg/m³
Jakarta Central,pm25,2018-01-19T17:00:00Z,10.1,µg/m³
Jakarta Central,pm25,2018-01-20T17:00:00Z,10.4,µg/m³
Jakarta Central,pm25,2018-01-21T17:00:00Z,6.82,µg/m³
Jakarta Central,pm25,2018-01-22T17:00:00Z,12.5,µg/m³
Jakarta Central,pm25,2018-01-23T17:00:00Z,16.0,µg/m³
Jakarta Central,pm25,2018-01-24T17:00:00Z,9.33,µg/m³
Jakarta Central,pm25,2018-01-25T17:00:00Z,12.7,µg/m³
Jakarta Central,pm25,2018-01-26T17:00:00Z,14.8,µg/m³
Jakarta Central,pm25,2018-01-27T17:00:00Z,13.1,µg/m³
Jakarta Central,pm25,2018-01-28T17:00:00Z,11.4,µg/m³
Jakarta Central,pm25,2018-01-29T17:00:00Z,17.8,µg/m³
Jakarta Central,pm25,2018-01-30T17:00:00Z,13.2,µg/m³
Jakarta Central,pm25,2018-01-31T17:00:00Z,22.2,µg/m³
Jakarta Central,pm25,2018-02-01T17:00:00Z,22.2,µg/m³
Jakarta Central,pm25,2018-02-02T17:00:00Z,11.3,µg/m³
Jakarta Central,pm25,2018-02-03T17:00:00Z,18.1,µg/m³
Jakarta Central,pm25,2018-02-04T17:00:00Z,16.0,µg/m³
Jakarta Central,pm25,2018-02-05T17:00:00Z,26.8,µg/m³
Jakarta Central,pm25,2018-02-06T17:00:00Z,35.1,µg/m³
Jakarta Central,pm25,2018-02-07T17:00:00Z,23.6,µg/m³
Jakarta Central,pm25,2018-02-08T17:00:00Z,91.1,µg/m³
Jakarta Central,pm25,2018-02-09T17:00:00Z,20.4,µg/m³
Jakarta Central,pm25,2018-02-10T17:00:00Z,19.7,µg/m³
Jakarta Central,pm25,2018-02-11T17:00:00Z,39.1,µg/m³
Jakarta Central,pm25,2018-02-12T17:00:00Z,36.9,µg/m³
Jakarta Central,pm25,2018-02-13T17:00:00Z,24.7,µg/m³
Jakarta Central,pm25,2018-02-14T17:00:00Z,17.4,µg/m³
Jakarta Central,pm25,2018-02-15T17:00:00Z,15.0,µg/m³
Jakarta Central,pm25,2018-02-16T17:00:00Z,35.4,µg/m³
Jakarta Central,pm25,2018-02-17T17:00:00Z,18.1,µg/m³
Jakarta Central,pm25,2018-02-18T17:00:00Z,15.5,µg/m³
Jakarta Central,pm25,2018-02-19T17:00:00Z,30.4,µg/m³
Jakarta Central,pm25,2018-02-20T17:00:00Z,27.7,µg/m³
Jakarta Central,pm25,2018-02-21T17:00:00Z,37.3,µg/m³
Jakarta Central,pm25,2018-02-22T17:00:00Z,41.6,µg/m³
Jakarta Central,pm25,2018-02-23T17:00:00Z,15.5,µg/m³
Jakarta Central,pm25,2018-02-24T17:00:00Z,19.7,µg/m³
Jakarta Central,pm25,2018-02-25T17:00:00Z,29.1,µg/m³
Jakarta Central,pm25,2018-02-26T17:00:00Z,24.2,µg/m³
Jakarta Central,pm25,2018-02-27T17:00:00Z,31.0,µg/m³
Jakarta Central,pm25,2018-02-28T17:00:00Z,36.5,µg/m³
Jakarta Central,pm25,2018-03-01T17:00:00Z,29.0,µg/m³
Jakarta Central,pm25,2018-03-02T17:00:00Z,37.3,µg/m³
Jakarta Central,pm25,2018-03-03T17:00:00Z,31.0,µg/m³
Jakarta Central,pm25,2018-03-04T17:00:00Z,16.7,µg/m³
Jakarta Central,pm25,2018-03-05T17:00:00Z,25.2,µg/m³
Jakarta Central,pm25,2018-03-06T17:00:00Z,13.4,µg/m³
Jakarta Central,pm25,2018-03-07T17:00:00Z,24.1,µg/m³
Jakarta Central,pm25,2018-03-08T17:00:00Z,46.6,µg/m³
Jakarta Central,pm25,2018-03-09T17:00:00Z,17.4,µg/m³
Jakarta Central,pm25,2018-03-10T17:00:00Z,14.0,µg/m³
Jakarta Central,pm25,2018-03-11T17:00:00Z,10.0,µg/m³
Jakarta Central,pm25,2018-03-12T17:00:00Z,11.2,µg/m³
Jakarta Central,pm25,2018-03-13T17:00:00Z,27.9,µg/m³
Jakarta Central,pm25,2018-03-14T17:00:00Z,36.3,µg/m³
Jakarta Central,pm25,2018-03-15T17:00:00Z,49.6,µg/m³
Jakarta Central,pm25,2018-03-16T17:00:00Z,,µg/m³
Jakarta Central,pm25,2018-03-17T17:00:00Z,,µg/m³
Jakarta Central,pm25,2018-03-18T17:00:00Z,,µg/m³
Jakarta Central,pm25,2018-03-19T17:00:00Z,36.7,µg/m³
Jakarta Central,pm25,2018-03-20T17:00:00Z,16.1,µg/m³
Jakarta Central,pm25,2018-03-21T17:00:00Z,64.5,µg/m³
Jakarta Central,pm25,2018-03-22T17:00:00Z,44.3,µg/m³
Jakarta Central,pm25,2018-03-23T17:00:00Z,35.4,µg/m³
Jakarta Central,pm25,2018-03-24T17:00:00Z,8.63,µg/m³
Jakarta Central,pm25,2018-03-25T17:00:00Z,18.3,µg/m³
Jakarta Central,pm25,2018-03-26T17:00:00Z,24.0,µg/m³
Jakarta Central,pm25,2018-03-27T17:00:00Z,35.8,µg/m³
Jakarta Central,pm25,2018-03-28T17:00:00Z,15.9,µg/m³
Jakarta Central,pm25,2018-03-29T17:00:00Z,18.2,µg/m³
Jakarta Central,pm25,2018-03-30T17:00:00Z,9.45,µg/m³
Jakarta Central,pm25,2018-03-31T17:00:00Z,10.6,µg/m³
Jakarta Central,pm25,2018-04-01T17:00:00Z,16.9,µg/m³
Jakarta Central,pm25,2018-04-02T17:00:00Z,19.2,µg/m³
Jakarta Central,pm25,2018-04-03T17:00:00Z,17.9,µg/m³
Jakarta Central,pm25,2018-04-04T17:00:00Z,60.9,µg/m³
Jakarta Central,pm25,2018-04-05T17:00:00Z,27.6,µg/m³
Jakarta Central,pm25,2018-04-06T17:00:00Z,38.2,µg/m³
Jakarta Central,pm25,2018-04-07T17:00:00Z,20.3,µg/m³
Jakarta Central,pm25,2018-04-08T17:00:00Z,24.4,µg/m³
Jakarta Central,pm25,2018-04-09T17:00:00Z,25.5,µg/m³
Jakarta Central,pm25,2018-04-10T17:00:00Z,47.4,µg/m³
Jakarta Central,pm25,2018-04-11T17:00:00Z,37.0,µg/m³
Jakarta Central,pm25,2018-04-12T17:00:00Z,24.5,µg/m³
Jakarta Central,pm25,2018-04-13T17:00:00Z,33.1,µg/m³
Jakarta Central,pm25,2018-04-14T17:00:00Z,39.9,µg/m³
Jakarta Central,pm25,2018-04-15T17:00:00Z,37.1,µg/m³
Jakarta Central,pm25,2018-04-16T17:00:00Z,30.4,µg/m³
Jakarta Central,pm25,2018-04-17T17:00:00Z,88.5,µg/m³
Jakarta Central,pm25,2018-04-18T17:00:00Z,44.4,µg/m³
Jakarta Central,pm25,2018-04-19T17:00:00Z,35.7,µg/m³
Jakarta Central,pm25,2018-04-20T17:00:00Z,56.6,µg/m³
Jakarta Central,pm25,2018-04-21T17:00:00Z,43.8,µg/m³
Jakarta Central,pm25,2018-04-22T17:00:00Z,34.5,µg/m³
Jakarta Central,pm25,2018-04-23T17:00:00Z,34.3,µg/m³
Jakarta Central,pm25,2018-04-24T17:00:00Z,44.0,µg/m³
Jakarta Central,pm25,2018-04-25T17:00:00Z,46.7,µg/m³
Jakarta Central,pm25,2018-04-26T17:00:00Z,18.2,µg/m³
Jakarta Central,pm25,2018-04-27T17:00:00Z,21.7,µg/m³
Jakarta Central,pm25,2018-04-28T17:00:00Z,43.5,µg/m³
Jakarta Central,pm25,2018-04-29T17:00:00Z,55.3,µg/m³
Jakarta Central,pm25,2018-04-30T17:00:00Z,53.2,µg/m³
Jakarta Central,pm25,2018-05-01T17:00:00Z,61.1,µg/m³
Jakarta Central,pm25,2018-05-02T17:00:00Z,74.9,µg/m³
Jakarta Central,pm25,2018-05-03T17:00:00Z,69.0,µg/m³
Jakarta Central,pm25,2018-05-04T17:00:00Z,57.1,µg/m³
Jakarta Central,pm25,2018-05-05T17:00:00Z,866.0,µg/m³
Jakarta Central,pm25,2018-05-06T17:00:00Z,506.0,µg/m³
Jakarta Central,pm25,2018-05-07T17:00:00Z,47.1,µg/m³
Jakarta Central,pm25,2018-05-08T17:00:00Z,45.0,µg/m³
Jakarta Central,pm25,2018-05-09T17:00:00Z,50.2,µg/m³
Jakarta Central,pm25,2018-05-10T17:00:00Z,50.5,µg/m³
Jakarta Central,pm25,2018-05-11T17:00:00Z,58.0,µg/m³
Jakarta Central,pm25,2018-05-12T17:00:00Z,65.6,µg/m³
Jakarta Central,pm25,2018-05-13T17:00:00Z,65.7,µg/m³
Jakarta Central,pm25,2018-05-14T17:00:00Z,68.3,µg/m³
Jakarta Central,pm25,2018-05-15T17:00:00Z,56.4,µg/m³
Jakarta Central,pm25,2018-05-16T17:00:00Z,47.2,µg/m³
Jakarta Central,pm25,2018-05-17T17:00:00Z,59.1,µg/m³
Jakarta Central,pm25,2018-05-18T17:00:00Z,25.9,µg/m³
Jakarta Central,pm25,2018-05-19T17:00:00Z,33.9,µg/m³
Jakarta Central,pm25,2018-05-20T17:00:00Z,34.0,µg/m³
Jakarta Central,pm25,2018-05-21T17:00:00Z,29.3,µg/m³
Jakarta Central,pm25,2018-05-22T17:00:00Z,19.2,µg/m³
Jakarta Central,pm25,2018-05-23T17:00:00Z,11.9,µg/m³
Jakarta Central,pm25,2018-05-24T17:00:00Z,44.4,µg/m³
Jakarta Central,pm25,2018-05-25T17:00:00Z,48.7,µg/m³
Jakarta Central,pm25,2018-05-26T17:00:00Z,44.2,µg/m³
Jakarta Central,pm25,2018-05-27T17:00:00Z,62.6,µg/m³
Jakarta Central,pm25,2018-05-28T17:00:00Z,64.3,µg/m³
Jakarta Central,pm25,2018-05-29T17:00:00Z,61.0,µg/m³
Jakarta Central,pm25,2018-05-30T17:00:00Z,54.8,µg/m³
Jakarta Central,pm25,2018-05-31T17:00:00Z,47.1,µg/m³
Jakarta Central,pm25,2018-06-01T17:00:00Z,49.8,µg/m³
Jakarta Central,pm25,2018-06-02T17:00:00Z,53.8,µg/m³
Jakarta Central,pm25,2018-06-03T17:00:00Z,53.3,µg/m³
Jakarta Central,pm25,2018-06-04T17:00:00Z,41.9,µg/m³
Jakarta Central,pm25,2018-06-05T17:00:00Z,46.0,µg/m³
Jakarta Central,pm25,2018-06-06T17:00:00Z,58.2,µg/m³
Jakarta Central,pm25,2018-06-07T17:00:00Z,52.5,µg/m³
Jakarta Central,pm25,2018-06-08T17:00:00Z,64.0,µg/m³
Jakarta Central,pm25,2018-06-09T17:00:00Z,62.5,µg/m³
Jakarta Central,pm25,2018-06-10T17:00:00Z,52.5,µg/m³
Jakarta Central,pm25,2018-06-11T17:00:00Z,46.2,µg/m³
Jakarta Central,pm25,2018-06-12T17:00:00Z,36.6,µg/m³
Jakarta Central,pm25,2018-06-13T17:00:00Z,33.8,µg/m³
Jakarta Central,pm25,2018-06-14T17:00:00Z,40.2,µg/m³
Jakarta Central,pm25,2018-06-15T17:00:00Z,60.0,µg/m³
Jakarta Central,pm25,2018-06-16T17:00:00Z,,µg/m³
Jakarta Central,pm25,2018-06-17T17:00:00Z,33.0,µg/m³
Jakarta Central,pm25,2018-06-18T17:00:00Z,35.6,µg/m³
Jakarta Central,pm25,2018-06-19T17:00:00Z,30.0,µg/m³
Jakarta Central,pm25,2018-06-20T17:00:00Z,22.5,µg/m³
Jakarta Central,pm25,2018-06-21T17:00:00Z,38.6,µg/m³
Jakarta Central,pm25,2018-06-22T17:00:00Z,33.2,µg/m³
Jakarta Central,pm25,2018-06-23T17:00:00Z,28.3,µg/m³
Jakarta Central,pm25,2018-06-24T17:00:00Z,18.0,µg/m³
Jakarta Central,pm25,2018-06-25T17:00:00Z,37.6,µg/m³
Jakarta Central,pm25,2018-06-26T17:00:00Z,37.7,µg/m³
Jakarta Central,pm25,2018-06-27T17:00:00Z,48.2,µg/m³
Jakarta Central,pm25,2018-06-28T17:00:00Z,96.0,µg/m³
Jakarta Central,pm25,2018-06-29T17:00:00Z,44.9,µg/m³
Jakarta Central,pm25,2018-06-30T17:00:00Z,58.2,µg/m³
Jakarta Central,pm25,2018-07-01T17:00:00Z,50.9,µg/m³
Jakarta Central,pm25,2018-07-02T17:00:00Z,76.3,µg/m³
Jakarta Central,pm25,2018-07-03T17:00:00Z,69.8,µg/m³
Jakarta Central,pm25,2018-07-04T17:00:00Z,37.6,µg/m³
Jakarta Central,pm25,2018-07-05T17:00:00Z,23.5,µg/m³
Jakarta Central,pm25,2018-07-06T17:00:00Z,59.8,µg/m³
Jakarta Central,pm25,2018-07-07T17:00:00Z,71.3,µg/m³
Jakarta Central,pm25,2018-07-08T17:00:00Z,89.4,µg/m³
Jakarta Central,pm25,2018-07-09T17:00:00Z,55.5,µg/m³
Jakarta Central,pm25,2018-07-10T17:00:00Z,57.0,µg/m³
Jakarta Central,pm25,2018-07-11T17:00:00Z,50.7,µg/m³
Jakarta Central,pm25,2018-07-12T17:00:00Z,48.9,µg/m³
Jakarta Central,pm25,2018-07-13T17:00:00Z,65.8,µg/m³
Jakarta Central,pm25,2018-07-14T17:00:00Z,25.2,µg/m³
Jakarta Central,pm25,2018-07-15T17:00:00Z,35.3,µg/m³
Jakarta Central,pm25,2018-07-16T17:00:00Z,67.1,µg/m³
Jakarta Central,pm25,2018-07-17T17:00:00Z,50.5,µg/m³
Jakarta Central,pm25,2018-07-18T17:00:00Z,61.8,µg/m³
Jakarta Central,pm25,2018-07-19T17:00:00Z,52.8,µg/m³
Jakarta Central,pm25,2018-07-20T17:00:00Z,57.0,µg/m³
Jakarta Central,pm25,2018-07-21T17:00:00Z,55.2,µg/m³
Jakarta Central,pm25,2018-07-22T17:00:00Z,52.2,µg/m³
Jakarta Central,pm25,2018-07-23T17:00:00Z,46.8,µg/m³
Jakarta Central,pm25,2018-07-24T17:00:00Z,58.9,µg/m³
Jakarta Central,pm25,2018-07-25T17:00:00Z,60.5,µg/m³
Jakarta Central,pm25,2018-07-26T17:00:00Z,62.5,µg/m³
Jakarta Central,pm25,2018-07-27T17:00:00Z,67.4,µg/m³
Jakarta Central,pm25,2018-07-28T17:00:00Z,67.8,µg/m³
Jakarta Central,pm25,2018-07-29T17:00:00Z,123.0,µg/m³
Jakarta Central,pm25,2018-07-30T17:00:00Z,68.4,µg/m³
Jakarta Central,pm25,2018-07-31T17:00:00Z,69.2,µg/m³
Jakarta Central,pm25,2018-08-01T17:00:00Z,53.3,µg/m³
Jakarta Central,pm25,2018-08-02T17:00:00Z,517.0,µg/m³
Jakarta Central,pm25,2018-08-03T17:00:00Z,780.0,µg/m³
Jakarta Central,pm25,2018-08-04T17:00:00Z,788.0,µg/m³
Jakarta Central,pm25,2018-08-05T17:00:00Z,420.0,µg/m³
Jakarta Central,pm25,2018-08-06T17:00:00Z,59.3,µg/m³
Jakarta Central,pm25,2018-08-07T17:00:00Z,74.4,µg/m³
Jakarta Central,pm25,2018-08-08T17:00:00Z,60.6,µg/m³
Jakarta Central,pm25,2018-08-09T17:00:00Z,44.7,µg/m³
Jakarta Central,pm25,2018-08-10T17:00:00Z,33.8,µg/m³
Jakarta Central,pm25,2018-08-11T17:00:00Z,42.8,µg/m³
Jakarta Central,pm25,2018-08-12T17:00:00Z,36.7,µg/m³
Jakarta Central,pm25,2018-08-13T17:00:00Z,54.3,µg/m³
Jakarta Central,pm25,2018-08-14T17:00:00Z,43.8,µg/m³
Jakarta Central,pm25,2018-08-15T17:00:00Z,56.6,µg/m³
Jakarta Central,pm25,2018-08-16T17:00:00Z,38.6,µg/m³
Jakarta Central,pm25,2018-08-17T17:00:00Z,39.3,µg/m³
Jakarta Central,pm25,2018-08-18T17:00:00Z,52.8,µg/m³
Jakarta Central,pm25,2018-08-19T17:00:00Z,36.6,µg/m³
Jakarta Central,pm25,2018-08-20T17:00:00Z,43.8,µg/m³
Jakarta Central,pm25,2018-08-21T17:00:00Z,39.5,µg/m³
Jakarta Central,pm25,2018-08-22T17:00:00Z,39.1,µg/m³
Jakarta Central,pm25,2018-08-23T17:00:00Z,50.0,µg/m³
Jakarta Central,pm25,2018-08-24T17:00:00Z,45.2,µg/m³
Jakarta Central,pm25,2018-08-25T17:00:00Z,46.3,µg/m³
Jakarta Central,pm25,2018-08-26T17:00:00Z,51.9,µg/m³
Jakarta Central,pm25,2018-08-27T17:00:00Z,53.0,µg/m³
Jakarta Central,pm25,2018-08-28T17:00:00Z,54.5,µg/m³
Jakarta Central,pm25,2018-08-29T17:00:00Z,48.8,µg/m³
Jakarta Central,pm25,2018-08-30T17:00:00Z,40.6,µg/m³
Jakarta Central,pm25,2018-08-31T17:00:00Z,38.3,µg/m³
Jakarta Central,pm25,2018-09-01T17:00:00Z,42.5,µg/m³
Jakarta Central,pm25,2018-09-02T17:00:00Z,30.8,µg/m³
Jakarta Central,pm25,2018-09-03T17:00:00Z,28.7,µg/m³
Jakarta Central,pm25,2018-09-04T17:00:00Z,38.7,µg/m³
Jakarta Central,pm25,2018-09-05T17:00:00Z,49.1,µg/m³
Jakarta Central,pm25,2018-09-06T17:00:00Z,37.2,µg/m³
Jakarta Central,pm25,2018-09-07T17:00:00Z,29.8,µg/m³
Jakarta Central,pm25,2018-09-08T17:00:00Z,41.0,µg/m³
Jakarta Central,pm25,2018-09-09T17:00:00Z,512.0,µg/m³
Jakarta Central,pm25,2018-09-10T17:00:00Z,35.3,µg/m³
Jakarta Central,pm25,2018-09-11T17:00:00Z,39.5,µg/m³
Jakarta Central,pm25,2018-09-12T17:00:00Z,44.9,µg/m³
Jakarta Central,pm25,2018-09-13T17:00:00Z,48.0,µg/m³
Jakarta Central,pm25,2018-09-14T17:00:00Z,41.5,µg/m³
Jakarta Central,pm25,2018-09-15T17:00:00Z,29.7,µg/m³
Jakarta Central,pm25,2018-09-16T17:00:00Z,34.3,µg/m³
Jakarta Central,pm25,2018-09-17T17:00:00Z,31.5,µg/m³
Jakarta Central,pm25,2018-09-18T17:00:00Z,34.3,µg/m³
Jakarta Central,pm25,2018-09-19T17:00:00Z,42.8,µg/m³
Jakarta Central,pm25,2018-09-20T17:00:00Z,43.0,µg/m³
Jakarta Central,pm25,2018-09-21T17:00:00Z,21.8,µg/m³
Jakarta Central,pm25,2018-09-22T17:00:00Z,59.4,µg/m³
Jakarta Central,pm25,2018-09-23T17:00:00Z,46.9,µg/m³
Jakarta Central,pm25,2018-09-24T17:00:00Z,52.0,µg/m³
Jakarta Central,pm25,2018-09-25T17:00:00Z,59.7,µg/m³
Jakarta Central,pm25,2018-09-26T17:00:00Z,53.1,µg/m³
Jakarta Central,pm25,2018-09-27T17:00:00Z,47.8,µg/m³
Jakarta Central,pm25,2018-09-28T17:00:00Z,39.7,µg/m³
Jakarta Central,pm25,2018-09-29T17:00:00Z,42.1,µg/m³
Jakarta Central,pm25,2018-09-30T17:00:00Z,38.4,µg/m³
Jakarta Central,pm25,2018-10-01T17:00:00Z,44.0,µg/m³
Jakarta Central,pm25,2018-10-02T17:00:00Z,50.5,µg/m³
Jakarta Central,pm25,2018-10-03T17:00:00Z,40.5,µg/m³
Jakarta Central,pm25,2018-10-04T17:00:00Z,41.7,µg/m³
Jakarta Central,pm25,2018-10-05T17:00:00Z,41.4,µg/m³
Jakarta Central,pm25,2018-10-06T17:00:00Z,49.1,µg/m³
Jakarta Central,pm25,2018-10-07T17:00:00Z,45.6,µg/m³
Jakarta Central,pm25,2018-10-08T17:00:00Z,45.5,µg/m³
Jakarta Central,pm25,2018-10-09T17:00:00Z,59.1,µg/m³
Jakarta Central,pm25,2018-10-10T17:00:00Z,51.3,µg/m³
Jakarta Central,pm25,2018-10-11T17:00:00Z,49.4,µg/m³
Jakarta Central,pm25,2018-10-12T17:00:00Z,58.2,µg/m³
Jakarta Central,pm25,2018-10-13T17:00:00Z,59.0,µg/m³
Jakarta Central,pm25,2018-10-14T17:00:00Z,75.8,µg/m³
Jakarta Central,pm25,2018-10-15T17:00:00Z,52.3,µg/m³
Jakarta Central,pm25,2018-10-16T17:00:00Z,61.4,µg/m³
Jakarta Central,pm25,2018-10-17T17:00:00Z,55.4,µg/m³
Jakarta Central,pm25,2018-10-18T17:00:00Z,,µg/m³
Jakarta Central,pm25,2018-10-19T17:00:00Z,,µg/m³
Jakarta Central,pm25,2018-10-20T17:00:00Z,,µg/m³
Jakarta Central,pm25,2018-10-21T17:00:00Z,,µg/m³
Jakarta Central,pm25,2018-10-22T17:00:00Z,,µg/m³
Jakarta Central,pm25,2018-10-23T17:00:00Z,,µg/m³
Jakarta Central,pm25,2018-10-24T17:00:00Z,,µg/m³
Jakarta Central,pm25,2018-10-25T17:00:00Z,,µg/m³
Jakarta Central,pm25,2018-10-26T17:00:00Z,,µg/m³
Jakarta Central,pm25,2018-10-27T17:00:00Z,,µg/m³
Jakarta Central,pm25,2018-10-28T17:00:00Z,,µg/m³
Jakarta Central,pm25,2018-10-29T17:00:00Z,,µg/m³
Jakarta Central,pm25,2018-10-30T17:00:00Z,,µg/m³
Jakarta Central,pm25,2018-10-31T17:00:00Z,,µg/m³
Jakarta Central,pm25,2018-11-01T17:00:00Z,,µg/m³
Jakarta Central,pm25,2018-11-02T17:00:00Z,,µg/m³
Jakarta Central,pm25,2018-11-03T17:00:00Z,,µg/m³
Jakarta Central,pm25,2018-11-04T17:00:00Z,67.0,µg/m³
Jakarta Central,pm25,2018-11-05T17:00:00Z,41.5,µg/m³
Jakarta Central,pm25,2018-11-06T17:00:00Z,40.0,µg/m³
Jakarta Central,pm25,2018-11-07T17:00:00Z,43.9,µg/m³
Jakarta Central,pm25,2018-11-08T17:00:00Z,48.9,µg/m³
Jakarta Central,pm25,2018-11-09T17:00:00Z,41.8,µg/m³
Jakarta Central,pm25,2018-11-10T17:00:00Z,43.2,µg/m³
Jakarta Central,pm25,2018-11-11T17:00:00Z,50.4,µg/m³
Jakarta Central,pm25,2018-11-12T17:00:00Z,38.6,µg/m³
Jakarta Central,pm25,2018-11-13T17:00:00Z,10.1,µg/m³
Jakarta Central,pm25,2018-11-14T17:00:00Z,8.4,µg/m³
Jakarta Central,pm25,2018-11-15T17:00:00Z,29.5,µg/m³
Jakarta Central,pm25,2018-11-16T17:00:00Z,32.1,µg/m³
Jakarta Central,pm25,2018-11-17T17:00:00Z,30.0,µg/m³
Jakarta Central,pm25,2018-11-18T17:00:00Z,41.3,µg/m³
Jakarta Central,pm25,2018-11-19T17:00:00Z,35.0,µg/m³
Jakarta Central,pm25,2018-11-20T17:00:00Z,63.6,µg/m³
Jakarta Central,pm25,2018-11-21T17:00:00Z,38.6,µg/m³
Jakarta Central,pm25,2018-11-22T17:00:00Z,46.7,µg/m³
Jakarta Central,pm25,2018-11-23T17:00:00Z,39.8,µg/m³
Jakarta Central,pm25,2018-11-24T17:00:00Z,40.2,µg/m³
Jakarta Central,pm25,2018-11-25T17:00:00Z,57.7,µg/m³
Jakarta Central,pm25,2018-11-26T17:00:00Z,43.3,µg/m³
Jakarta Central,pm25,2018-11-27T17:00:00Z,38.5,µg/m³
Jakarta Central,pm25,2018-11-28T17:00:00Z,36.9,µg/m³
Jakarta Central,pm25,2018-11-29T17:00:00Z,35.7,µg/m³
Jakarta Central,pm25,2018-11-30T17:00:00Z,48.1,µg/m³
Jakarta Central,pm25,2018-12-01T17:00:00Z,44.3,µg/m³
Jakarta Central,pm25,2018-12-02T17:00:00Z,50.6,µg/m³
Jakarta Central,pm25,2018-12-03T17:00:00Z,36.3,µg/m³
Jakarta Central,pm25,2018-12-04T17:00:00Z,37.3,µg/m³
Jakarta Central,pm25,2018-12-05T17:00:00Z,28.1,µg/m³
Jakarta Central,pm25,2018-12-06T17:00:00Z,32.7,µg/m³
Jakarta Central,pm25,2018-12-07T17:00:00Z,58.1,µg/m³
Jakarta Central,pm25,2018-12-08T17:00:00Z,42.9,µg/m³
Jakarta Central,pm25,2018-12-09T17:00:00Z,61.7,µg/m³
Jakarta Central,pm25,2018-12-10T17:00:00Z,62.6,µg/m³
Jakarta Central,pm25,2018-12-11T17:00:00Z,28.1,µg/m³
Jakarta Central,pm25,2018-12-12T17:00:00Z,23.0,µg/m³
Jakarta Central,pm25,2018-12-13T17:00:00Z,41.3,µg/m³
Jakarta Central,pm25,2018-12-16T17:00:00Z,23.5,µg/m³
Jakarta Central,pm25,2018-12-17T17:00:00Z,28.5,µg/m³
Jakarta Central,pm25,2018-12-18T17:00:00Z,37.3,µg/m³
Jakarta Central,pm25,2018-12-19T17:00:00Z,53.8,µg/m³
Jakarta Central,pm25,2018-12-20T17:00:00Z,14.4,µg/m³
Jakarta Central,pm25,2018-12-21T17:00:00Z,31.3,µg/m³
Jakarta Central,pm25,2018-12-22T17:00:00Z,8.0,µg/m³
Jakarta Central,pm25,2018-12-23T17:00:00Z,3.47,µg/m³
Jakarta Central,pm25,2018-12-24T17:00:00Z,7.3,µg/m³
Jakarta Central,pm25,2018-12-25T17:00:00Z,7.27,µg/m³
Jakarta Central,pm25,2018-12-26T17:00:00Z,8.0,µg/m³
Jakarta Central,pm25,2018-12-27T17:00:00Z,3.9,µg/m³
Jakarta Central,pm25,2018-12-28T17:00:00Z,4.04,µg/m³
Jakarta Central,pm25,2018-12-29T17:00:00Z,4.59,µg/m³
Jakarta Central,pm25,2018-12-30T17:00:00Z,8.13,µg/m³
Jakarta Central,pm25,2018-12-31T17:00:00Z,8.11,µg/m³
Jakarta Central,pm25,2019-01-01T17:00:00Z,5.96,µg/m³
Jakarta Central,pm25,2019-01-02T17:00:00Z,7.26,µg/m³
Jakarta Central,pm25,2019-01-03T17:00:00Z,14.0,µg/m³
Jakarta Central,pm25,2019-01-04T17:00:00Z,26.1,µg/m³
Jakarta Central,pm25,2019-01-05T17:00:00Z,39.3,µg/m³
Jakarta Central,pm25,2019-01-06T17:00:00Z,31.9,µg/m³
Jakarta Central,pm25,2019-01-07T17:00:00Z,25.8,µg/m³
Jakarta Central,pm25,2019-01-08T17:00:00Z,29.2,µg/m³
Jakarta Central,pm25,2019-01-09T17:00:00Z,20.3,µg/m³
Jakarta Central,pm25,2019-01-10T17:00:00Z,25.0,µg/m³
Jakarta Central,pm25,2019-01-11T17:00:00Z,22.9,µg/m³
Jakarta Central,pm25,2019-01-12T17:00:00Z,63.3,µg/m³
Jakarta Central,pm25,2019-01-13T17:00:00Z,29.4,µg/m³
Jakarta Central,pm25,2019-01-14T17:00:00Z,65.2,µg/m³
Jakarta Central,pm25,2019-01-15T17:00:00Z,14.0,µg/m³
Jakarta Central,pm25,2019-01-16T17:00:00Z,17.5,µg/m³
Jakarta Central,pm25,2019-01-17T17:00:00Z,14.5,µg/m³
Jakarta Central,pm25,2019-01-18T17:00:00Z,17.7,µg/m³
Jakarta Central,pm25,2019-01-19T17:00:00Z,34.3,µg/m³
Jakarta Central,pm25,2019-01-20T17:00:00Z,28.7,µg/m³
Jakarta Central,pm25,2019-01-21T17:00:00Z,11.6,µg/m³
Jakarta Central,pm25,2019-01-22T17:00:00Z,22.1,µg/m³
Jakarta Central,pm25,2019-01-23T17:00:00Z,17.3,µg/m³
Jakarta Central,pm25,2019-01-24T17:00:00Z,20.4,µg/m³
Jakarta Central,pm25,2019-01-25T17:00:00Z,28.9,µg/m³
Jakarta Central,pm25,2019-01-26T17:00:00Z,17.0,µg/m³
Jakarta Central,pm25,2019-01-27T17:00:00Z,16.8,µg/m³
Jakarta Central,pm25,2019-01-28T17:00:00Z,8.09,µg/m³
Jakarta Central,pm25,2019-01-29T17:00:00Z,10.3,µg/m³
Jakarta Central,pm25,2019-01-30T17:00:00Z,23.6,µg/m³
Jakarta Central,pm25,2019-01-31T17:00:00Z,31.5,µg/m³
Jakarta Central,pm25,2019-02-01T17:00:00Z,26.3,µg/m³
Jakarta Central,pm25,2019-02-02T17:00:00Z,26.8,µg/m³
Jakarta Central,pm25,2019-02-03T17:00:00Z,22.2,µg/m³
Jakarta Central,pm25,2019-02-04T17:00:00Z,18.1,µg/m³
Jakarta Central,pm25,2019-02-05T17:00:00Z,21.2,µg/m³
Jakarta Central,pm25,2019-02-06T17:00:00Z,25.1,µg/m³
Jakarta Central,pm25,2019-02-07T17:00:00Z,28.0,µg/m³
Jakarta Central,pm25,2019-02-08T17:00:00Z,43.2,µg/m³
Jakarta Central,pm25,2019-02-09T17:00:00Z,24.0,µg/m³
Jakarta Central,pm25,2019-02-10T17:00:00Z,14.2,µg/m³
Jakarta Central,pm25,2019-02-11T17:00:00Z,38.8,µg/m³
Jakarta Central,pm25,2019-02-12T17:00:00Z,25.2,µg/m³
Jakarta Central,pm25,2019-02-13T17:00:00Z,53.0,µg/m³
Jakarta Central,pm25,2019-02-14T17:00:00Z,16.3,µg/m³
Jakarta Central,pm25,2019-02-15T17:00:00Z,12.8,µg/m³
Jakarta Central,pm25,2019-02-16T17:00:00Z,19.6,µg/m³
Jakarta Central,pm25,2019-02-17T17:00:00Z,48.9,µg/m³
Jakarta Central,pm25,2019-02-18T17:00:00Z,59.8,µg/m³
Jakarta Central,pm25,2019-02-19T17:00:00Z,46.7,µg/m³
Jakarta Central,pm25,2019-02-20T17:00:00Z,32.2,µg/m³
Jakarta Central,pm25,2019-02-21T17:00:00Z,23.3,µg/m³
Jakarta Central,pm25,2019-02-22T17:00:00Z,24.4,µg/m³
Jakarta Central,pm25,2019-02-23T17:00:00Z,74.9,µg/m³
Jakarta Central,pm25,2019-02-24T17:00:00Z,27.0,µg/m³
Jakarta Central,pm25,2019-02-25T17:00:00Z,32.7,µg/m³
Jakarta Central,pm25,2019-02-26T17:00:00Z,45.5,µg/m³
Jakarta Central,pm25,2019-02-27T17:00:00Z,22.4,µg/m³
Jakarta Central,pm25,2019-02-28T17:00:00Z,23.5,µg/m³
Jakarta Central,pm25,2019-03-01T17:00:00Z,14.5,µg/m³
Jakarta Central,pm25,2019-03-02T17:00:00Z,20.6,µg/m³
Jakarta Central,pm25,2019-03-03T17:00:00Z,25.3,µg/m³
Jakarta Central,pm25,2019-03-04T17:00:00Z,12.5,µg/m³
Jakarta Central,pm25,2019-03-05T17:00:00Z,27.5,µg/m³
Jakarta Central,pm25,2019-03-06T17:00:00Z,30.2,µg/m³
Jakarta Central,pm25,2019-03-07T17:00:00Z,61.2,µg/m³
Jakarta Central,pm25,2019-03-08T17:00:00Z,30.5,µg/m³
Jakarta Central,pm25,2019-03-09T17:00:00Z,27.6,µg/m³
Jakarta Central,pm25,2019-03-10T17:00:00Z,17.4,µg/m³
Jakarta Central,pm25,2019-03-11T17:00:00Z,9.13,µg/m³
Jakarta Central,pm25,2019-03-12T17:00:00Z,21.5,µg/m³
Jakarta Central,pm25,2019-03-13T17:00:00Z,32.1,µg/m³
Jakarta Central,pm25,2019-03-14T17:00:00Z,37.4,µg/m³
Jakarta Central,pm25,2019-03-15T17:00:00Z,23.6,µg/m³
Jakarta Central,pm25,2019-03-16T17:00:00Z,24.6,µg/m³
Jakarta Central,pm25,2019-03-17T17:00:00Z,16.9,µg/m³
Jakarta Central,pm25,2019-03-18T17:00:00Z,8.67,µg/m³
Jakarta Central,pm25,2019-03-19T17:00:00Z,14.3,µg/m³
Jakarta Central,pm25,2019-03-20T17:00:00Z,268.0,µg/m³
Jakarta Central,pm25,2019-03-21T17:00:00Z,14.9,µg/m³
Jakarta Central,pm25,2019-03-22T17:00:00Z,7.71,µg/m³
Jakarta Central,pm25,2019-03-23T17:00:00Z,9.38,µg/m³
Jakarta Central,pm25,2019-03-24T17:00:00Z,14.8,µg/m³
Jakarta Central,pm25,2019-03-25T17:00:00Z,27.3,µg/m³
Jakarta Central,pm25,2019-03-26T17:00:00Z,32.6,µg/m³
Jakarta Central,pm25,2019-03-27T17:00:00Z,34.3,µg/m³
Jakarta Central,pm25,2019-03-28T17:00:00Z,41.5,µg/m³
Jakarta Central,pm25,2019-03-29T17:00:00Z,31.3,µg/m³
Jakarta Central,pm25,2019-03-30T17:00:00Z,45.2,µg/m³
Jakarta Central,pm25,2019-03-31T17:00:00Z,41.5,µg/m³
Jakarta Central,pm25,2019-04-01T17:00:00Z,32.3,µg/m³
Jakarta Central,pm25,2019-04-02T17:00:00Z,46.4,µg/m³
Jakarta Central,pm25,2019-04-03T17:00:00Z,35.7,µg/m³
Jakarta Central,pm25,2019-04-04T17:00:00Z,36.3,µg/m³
Jakarta Central,pm25,2019-04-05T17:00:00Z,43.5,µg/m³
Jakarta Central,pm25,2019-04-06T17:00:00Z,63.1,µg/m³
Jakarta Central,pm25,2019-04-07T17:00:00Z,35.6,µg/m³
Jakarta Central,pm25,2019-04-08T17:00:00Z,36.8,µg/m³
Jakarta Central,pm25,2019-04-09T17:00:00Z,60.0,µg/m³
Jakarta Central,pm25,2019-04-10T17:00:00Z,26.3,µg/m³
Jakarta Central,pm25,2019-04-11T17:00:00Z,28.2,µg/m³
Jakarta Central,pm25,2019-04-12T17:00:00Z,17.6,µg/m³
Jakarta Central,pm25,2019-04-13T17:00:00Z,23.1,µg/m³
Jakarta Central,pm25,2019-04-14T17:00:00Z,40.3,µg/m³
Jakarta Central,pm25,2019-04-15T17:00:00Z,45.0,µg/m³
Jakarta Central,pm25,2019-04-16T17:00:00Z,37.7,µg/m³
Jakarta Central,pm25,2019-04-17T17:00:00Z,46.0,µg/m³
Jakarta Central,pm25,2019-04-18T17:00:00Z,16.3,µg/m³
Jakarta Central,pm25,2019-04-19T17:00:00Z,20.6,µg/m³
Jakarta Central,pm25,2019-04-20T17:00:00Z,34.5,µg/m³
Jakarta Central,pm25,2019-04-21T17:00:00Z,29.1,µg/m³
Jakarta Central,pm25,2019-04-22T17:00:00Z,34.3,µg/m³
Jakarta Central,pm25,2019-04-23T17:00:00Z,38.4,µg/m³
Jakarta Central,pm25,2019-04-24T17:00:00Z,37.6,µg/m³
Jakarta Central,pm25,2019-04-25T17:00:00Z,25.9,µg/m³
Jakarta Central,pm25,2019-04-26T17:00:00Z,32.1,µg/m³
Jakarta Central,pm25,2019-04-27T17:00:00Z,38.9,µg/m³
Jakarta Central,pm25,2019-04-28T17:00:00Z,39.0,µg/m³
Jakarta Central,pm25,2019-04-29T17:00:00Z,34.4,µg/m³
Jakarta Central,pm25,2019-04-30T17:00:00Z,16.4,µg/m³
Jakarta Central,pm25,2019-05-01T17:00:00Z,16.6,µg/m³
Jakarta Central,pm25,2019-05-02T17:00:00Z,42.5,µg/m³
Jakarta Central,pm25,2019-05-03T17:00:00Z,40.3,µg/m³
Jakarta Central,pm25,2019-05-04T17:00:00Z,40.0,µg/m³
Jakarta Central,pm25,2019-05-05T17:00:00Z,28.7,µg/m³
Jakarta Central,pm25,2019-05-06T17:00:00Z,48.0,µg/m³
Jakarta Central,pm25,2019-05-07T17:00:00Z,54.9,µg/m³
Jakarta Central,pm25,2019-05-08T17:00:00Z,37.3,µg/m³
Jakarta Central,pm25,2019-05-09T17:00:00Z,17.0,µg/m³
Jakarta Central,pm25,2019-05-10T17:00:00Z,16.0,µg/m³
Jakarta Central,pm25,2019-05-11T17:00:00Z,32.0,µg/m³
Jakarta Central,pm25,2019-05-12T17:00:00Z,48.0,µg/m³
Jakarta Central,pm25,2019-05-13T17:00:00Z,31.0,µg/m³
Jakarta Central,pm25,2019-05-14T17:00:00Z,37.0,µg/m³
Jakarta Central,pm25,2019-05-15T17:00:00Z,31.8,µg/m³
Jakarta Central,pm25,2019-05-16T17:00:00Z,30.3,µg/m³
Jakarta Central,pm25,2019-05-17T17:00:00Z,49.7,µg/m³
Jakarta Central,pm25,2019-05-18T17:00:00Z,56.7,µg/m³
Jakarta Central,pm25,2019-05-19T17:00:00Z,49.9,µg/m³
Jakarta Central,pm25,2019-05-20T17:00:00Z,56.1,µg/m³
Jakarta Central,pm25,2019-05-21T17:00:00Z,39.7,µg/m³
Jakarta Central,pm25,2019-05-22T17:00:00Z,42.6,µg/m³
Jakarta Central,pm25,2019-05-23T17:00:00Z,49.3,µg/m³
Jakarta Central,pm25,2019-05-24T17:00:00Z,321.0,µg/m³
Jakarta Central,pm25,2019-05-25T17:00:00Z,985.0,µg/m³
Jakarta Central,pm25,2019-05-26T17:00:00Z,985.0,µg/m³
Jakarta Central,pm25,2019-05-27T17:00:00Z,550.0,µg/m³
Jakarta Central,pm25,2019-05-28T17:00:00Z,41.4,µg/m³
Jakarta Central,pm25,2019-05-29T17:00:00Z,39.6,µg/m³
Jakarta Central,pm25,2019-05-30T17:00:00Z,43.8,µg/m³
Jakarta Central,pm25,2019-05-31T17:00:00Z,53.8,µg/m³
Jakarta Central,pm25,2019-06-01T17:00:00Z,49.6,µg/m³
Jakarta Central,pm25,2019-06-02T17:00:00Z,43.0,µg/m³
Jakarta Central,pm25,2019-06-03T17:00:00Z,65.9,µg/m³
Jakarta Central,pm25,2019-06-04T17:00:00Z,47.5,µg/m³
Jakarta Central,pm25,2019-06-05T17:00:00Z,32.0,µg/m³
Jakarta Central,pm25,2019-06-06T17:00:00Z,25.2,µg/m³
Jakarta Central,pm25,2019-06-07T17:00:00Z,32.7,µg/m³
Jakarta Central,pm25,2019-06-08T17:00:00Z,41.3,µg/m³
Jakarta Central,pm25,2019-06-09T17:00:00Z,44.7,µg/m³
Jakarta Central,pm25,2019-06-10T17:00:00Z,56.9,µg/m³
Jakarta Central,pm25,2019-06-11T17:00:00Z,69.8,µg/m³
Jakarta Central,pm25,2019-06-12T17:00:00Z,50.4,µg/m³
Jakarta Central,pm25,2019-06-13T17:00:00Z,54.0,µg/m³
Jakarta Central,pm25,2019-06-14T17:00:00Z,45.5,µg/m³
Jakarta Central,pm25,2019-06-15T17:00:00Z,42.4,µg/m³
Jakarta Central,pm25,2019-06-16T17:00:00Z,57.5,µg/m³
Jakarta Central,pm25,2019-06-17T17:00:00Z,52.4,µg/m³
Jakarta Central,pm25,2019-06-18T17:00:00Z,48.6,µg/m³
Jakarta Central,pm25,2019-06-19T17:00:00Z,74.1,µg/m³
Jakarta Central,pm25,2019-06-20T17:00:00Z,69.3,µg/m³
Jakarta Central,pm25,2019-06-21T17:00:00Z,72.0,µg/m³
Jakarta Central,pm25,2019-06-22T17:00:00Z,74.2,µg/m³
Jakarta Central,pm25,2019-06-23T17:00:00Z,90.4,µg/m³
Jakarta Central,pm25,2019-06-24T17:00:00Z,87.5,µg/m³
Jakarta Central,pm25,2019-06-25T17:00:00Z,79.9,µg/m³
Jakarta Central,pm25,2019-06-26T17:00:00Z,72.1,µg/m³
Jakarta Central,pm25,2019-06-27T17:00:00Z,66.6,µg/m³
Jakarta Central,pm25,2019-06-28T17:00:00Z,59.0,µg/m³
Jakarta Central,pm25,2019-06-29T17:00:00Z,49.3,µg/m³
Jakarta Central,pm25,2019-06-30T17:00:00Z,60.8,µg/m³
Jakarta Central,pm25,2019-07-01T17:00:00Z,70.8,µg/m³
Jakarta Central,pm25,2019-07-02T17:00:00Z,58.8,µg/m³
Jakarta Central,pm25,2019-07-03T17:00:00Z,54.0,µg/m³
Jakarta Central,pm25,2019-07-04T17:00:00Z,57.8,µg/m³
Jakarta Central,pm25,2019-07-05T17:00:00Z,46.0,µg/m³
Jakarta Central,pm25,2019-07-06T17:00:00Z,44.4,µg/m³
Jakarta Central,pm25,2019-07-07T17:00:00Z,48.0,µg/m³
Jakarta Central,pm25,2019-07-08T17:00:00Z,58.8,µg/m³
Jakarta Central,pm25,2019-07-09T17:00:00Z,48.3,µg/m³
Jakarta Central,pm25,2019-07-10T17:00:00Z,54.3,µg/m³
Jakarta Central,pm25,2019-07-11T17:00:00Z,72.0,µg/m³
Jakarta Central,pm25,2019-07-12T17:00:00Z,65.8,µg/m³
Jakarta Central,pm25,2019-07-13T17:00:00Z,66.8,µg/m³
Jakarta Central,pm25,2019-07-14T17:00:00Z,51.5,µg/m³
Jakarta Central,pm25,2019-07-15T17:00:00Z,62.6,µg/m³
Jakarta Central,pm25,2019-07-16T17:00:00Z,55.0,µg/m³
Jakarta Central,pm25,2019-07-17T17:00:00Z,55.0,µg/m³
Jakarta Central,pm25,2019-07-18T17:00:00Z,48.6,µg/m³
Jakarta Central,pm25,2019-07-19T17:00:00Z,61.8,µg/m³
Jakarta Central,pm25,2019-07-20T17:00:00Z,54.8,µg/m³
Jakarta Central,pm25,2019-07-21T17:00:00Z,60.6,µg/m³
Jakarta Central,pm25,2019-07-22T17:00:00Z,57.3,µg/m³
Jakarta Central,pm25,2019-07-23T17:00:00Z,51.4,µg/m³
Jakarta Central,pm25,2019-07-24T17:00:00Z,69.8,µg/m³
Jakarta Central,pm25,2019-07-25T17:00:00Z,57.5,µg/m³
Jakarta Central,pm25,2019-07-26T17:00:00Z,54.8,µg/m³
Jakarta Central,pm25,2019-07-27T17:00:00Z,76.5,µg/m³
Jakarta Central,pm25,2019-07-28T17:00:00Z,92.1,µg/m³
Jakarta Central,pm25,2019-07-29T17:00:00Z,53.4,µg/m³
Jakarta Central,pm25,2019-07-30T17:00:00Z,47.1,µg/m³
Jakarta Central,pm25,2019-07-31T17:00:00Z,40.0,µg/m³
Jakarta Central,pm25,2019-08-01T17:00:00Z,45.3,µg/m³
Jakarta Central,pm25,2019-08-02T17:00:00Z,57.8,µg/m³
Jakarta Central,pm25,2019-08-03T17:00:00Z,46.3,µg/m³
Jakarta Central,pm25,2019-08-04T17:00:00Z,35.0,µg/m³
Jakarta Central,pm25,2019-08-05T17:00:00Z,31.6,µg/m³
Jakarta Central,pm25,2019-08-06T17:00:00Z,38.1,µg/m³
Jakarta Central,pm25,2019-08-07T17:00:00Z,47.8,µg/m³
Jakarta Central,pm25,2019-08-08T17:00:00Z,37.3,µg/m³
Jakarta Central,pm25,2019-08-09T17:00:00Z,47.4,µg/m³
Jakarta Central,pm25,2019-08-10T17:00:00Z,56.3,µg/m³
Jakarta Central,pm25,2019-08-11T17:00:00Z,37.5,µg/m³
Jakarta Central,pm25,2019-08-12T17:00:00Z,36.5,µg/m³
Jakarta Central,pm25,2019-08-13T17:00:00Z,31.2,µg/m³
Jakarta Central,pm25,2019-08-14T17:00:00Z,82.8,µg/m³
Jakarta Central,pm25,2019-08-15T17:00:00Z,56.0,µg/m³
Jakarta Central,pm25,2019-08-16T17:00:00Z,46.1,µg/m³
Jakarta Central,pm25,2019-08-17T17:00:00Z,38.0,µg/m³
Jakarta Central,pm25,2019-08-18T17:00:00Z,55.5,µg/m³
Jakarta Central,pm25,2019-08-19T17:00:00Z,39.9,µg/m³
Jakarta Central,pm25,2019-08-20T17:00:00Z,34.4,µg/m³
Jakarta Central,pm25,2019-08-21T17:00:00Z,38.2,µg/m³
Jakarta Central,pm25,2019-08-22T17:00:00Z,57.2,µg/m³
Jakarta Central,pm25,2019-08-23T17:00:00Z,49.0,µg/m³
Jakarta Central,pm25,2019-08-24T17:00:00Z,48.4,µg/m³
Jakarta Central,pm25,2019-08-25T17:00:00Z,46.9,µg/m³
Jakarta Central,pm25,2019-08-26T17:00:00Z,43.1,µg/m³
Jakarta Central,pm25,2019-08-27T17:00:00Z,43.3,µg/m³
Jakarta Central,pm25,2019-08-28T17:00:00Z,50.7,µg/m³
Jakarta Central,pm25,2019-08-29T17:00:00Z,43.2,µg/m³
Jakarta Central,pm25,2019-08-30T17:00:00Z,52.5,µg/m³
Jakarta Central,pm25,2019-08-31T17:00:00Z,47.5,µg/m³
Jakarta Central,pm25,2019-09-01T17:00:00Z,58.1,µg/m³
Jakarta Central,pm25,2019-09-02T17:00:00Z,47.5,µg/m³
Jakarta Central,pm25,2019-09-03T17:00:00Z,52.3,µg/m³
Jakarta Central,pm25,2019-09-04T17:00:00Z,48.2,µg/m³
Jakarta Central,pm25,2019-09-05T17:00:00Z,46.1,µg/m³
Jakarta Central,pm25,2019-09-06T17:00:00Z,47.4,µg/m³
Jakarta Central,pm25,2019-09-07T17:00:00Z,45.2,µg/m³
Jakarta Central,pm25,2019-09-08T17:00:00Z,45.7,µg/m³
Jakarta Central,pm25,2019-09-09T17:00:00Z,39.6,µg/m³
Jakarta Central,pm25,2019-09-10T17:00:00Z,46.3,µg/m³
Jakarta Central,pm25,2019-09-11T17:00:00Z,58.3,µg/m³
Jakarta Central,pm25,2019-09-12T17:00:00Z,51.0,µg/m³
Jakarta Central,pm25,2019-09-13T17:00:00Z,49.1,µg/m³
Jakarta Central,pm25,2019-09-14T17:00:00Z,45.4,µg/m³
Jakarta Central,pm25,2019-09-15T17:00:00Z,46.0,µg/m³
Jakarta Central,pm25,2019-09-16T17:00:00Z,668.0,µg/m³
Jihan Fauziah Hamdi ,pm1,2024-03-07T17:00:00Z,12.3,µg/m³
Jihan Fauziah Hamdi ,pm1,2024-03-08T17:00:00Z,17.3,µg/m³
Jihan Fauziah Hamdi ,pm1,2024-03-09T17:00:00Z,37.7,µg/m³
Jihan Fauziah Hamdi ,pm1,2024-03-05T17:00:00Z,20.8,µg/m³
Jihan Fauziah Hamdi ,pm1,2024-03-06T17:00:00Z,13.1,µg/m³
Jihan Fauziah Hamdi ,pm1,2024-03-07T17:00:00Z,1.52,µg/m³
Jihan Fauziah Hamdi ,pm1,2024-03-09T17:00:00Z,36.6,µg/m³
Jihan Fauziah Hamdi ,pm1,2024-03-10T17:00:00Z,49.4,µg/m³
Jihan Fauziah Hamdi ,pm1,2024-03-13T17:00:00Z,30.7,µg/m³
Jihan Fauziah Hamdi ,pm1,2024-03-14T17:00:00Z,37.8,µg/m³
Jihan Fauziah Hamdi ,pm1,2024-03-15T17:00:00Z,14.4,µg/m³
Jihan Fauziah Hamdi ,pm1,2024-03-16T17:00:00Z,15.2,µg/m³
Jihan Fauziah Hamdi ,pm1,2024-03-17T17:00:00Z,50.8,µg/m³
Jihan Fauziah Hamdi ,pm1,2024-03-18T17:00:00Z,48.1,µg/m³
Jihan Fauziah Hamdi ,pm1,2024-03-19T17:00:00Z,12.2,µg/m³
Jihan Fauziah Hamdi ,pm1,2024-03-20T17:00:00Z,26.1,µg/m³
Jihan Fauziah Hamdi ,pm1,2024-03-21T17:00:00Z,19.9,µg/m³
Jihan Fauziah Hamdi ,pm1,2024-03-22T17:00:00Z,91.5,µg/m³
Jihan Fauziah Hamdi ,pm1,2024-03-23T17:00:00Z,65.6,µg/m³
Jihan Fauziah Hamdi ,pm1,2024-03-24T17:00:00Z,38.2,µg/m³
Jihan Fauziah Hamdi ,pm1,2024-03-25T17:00:00Z,44.2,µg/m³
Jihan Fauziah Hamdi ,pm1,2024-03-26T17:00:00Z,36.7,µg/m³
Jihan Fauziah Hamdi ,pm1,2024-03-27T17:00:00Z,78.1,µg/m³
Jihan Fauziah Hamdi ,pm1,2024-03-28T17:00:00Z,77.0,µg/m³
Jihan Fauziah Hamdi ,pm1,2024-03-29T17:00:00Z,44.3,µg/m³
Jihan Fauziah Hamdi ,pm1,2024-03-30T17:00:00Z,35.1,µg/m³
Jihan Fauziah Hamdi ,pm1,2024-03-31T17:00:00Z,56.3,µg/m³
Jihan Fauziah Hamdi ,pm1,2024-04-01T17:00:00Z,43.0,µg/m³
Jihan Fauziah Hamdi ,pm1,2024-05-23T17:00:00Z,26.6,µg/m³
Jihan Fauziah Hamdi ,pm1,2024-05-24T17:00:00Z,27.4,µg/m³
Jihan Fauziah Hamdi ,pm1,2024-05-25T17:00:00Z,45.7,µg/m³
Jihan Fauziah Hamdi ,pm10,2024-03-05T17:00:00Z,33.5,µg/m³
Jihan Fauziah Hamdi ,pm10,2024-03-06T17:00:00Z,20.9,µg/m³
Jihan Fauziah Hamdi ,pm10,2024-03-07T17:00:00Z,3.05,µg/m³
Jihan Fauziah Hamdi ,pm10,2024-03-09T17:00:00Z,67.7,µg/m³
Jihan Fauziah Hamdi ,pm10,2024-03-10T17:00:00Z,102.0,µg/m³
Jihan Fauziah Hamdi ,pm10,2024-03-13T17:00:00Z,57.2,µg/m³
Jihan Fauziah Hamdi ,pm10,2024-03-14T17:00:00Z,69.7,µg/m³
Jihan Fauziah Hamdi ,pm10,2024-03-15T17:00:00Z,23.5,µg/m³
Jihan Fauziah Hamdi ,pm10,2024-03-16T17:00:00Z,26.5,µg/m³
Jihan Fauziah Hamdi ,pm10,2024-03-17T17:00:00Z,111.0,µg/m³
Jihan Fauziah Hamdi ,pm10,2024-03-18T17:00:00Z,92.2,µg/m³
Jihan Fauziah Hamdi ,pm10,2024-03-19T17:00:00Z,20.1,µg/m³
Jihan Fauziah Hamdi ,pm10,2024-03-20T17:00:00Z,44.3,µg/m³
Jihan Fauziah Hamdi ,pm10,2024-03-21T17:00:00Z,36.3,µg/m³
Jihan Fauziah Hamdi ,pm10,2024-03-22T17:00:00Z,161.0,µg/m³
Jihan Fauziah Hamdi ,pm10,2024-03-23T17:00:00Z,113.0,µg/m³
Jihan Fauziah Hamdi ,pm10,2024-03-24T17:00:00Z,71.0,µg/m³
Jihan Fauziah Hamdi ,pm10,2024-03-25T17:00:00Z,79.3,µg/m³
Jihan Fauziah Hamdi ,pm10,2024-03-26T17:00:00Z,68.0,µg/m³
Jihan Fauziah Hamdi ,pm10,2024-03-27T17:00:00Z,134.0,µg/m³
Jihan Fauziah Hamdi ,pm10,2024-03-28T17:00:00Z,131.0,µg/m³
Jihan Fauziah Hamdi ,pm10,2024-03-29T17:00:00Z,77.4,µg/m³
Jihan Fauziah Hamdi ,pm10,2024-03-30T17:00:00Z,67.5,µg/m³
Jihan Fauziah Hamdi ,pm10,2024-03-31T17:00:00Z,102.0,µg/m³
Jihan Fauziah Hamdi ,pm10,2024-04-01T17:00:00Z,79.7,µg/m³
Jihan Fauziah Hamdi ,pm10,2024-05-23T17:00:00Z,50.3,µg/m³
Jihan Fauziah Hamdi ,pm10,2024-05-24T17:00:00Z,54.7,µg/m³
Jihan Fauziah Hamdi ,pm10,2024-05-25T17:00:00Z,85.7,µg/m³
Jihan Fauziah Hamdi ,pm10,2024-03-07T17:00:00Z,20.8,µg/m³
Jihan Fauziah Hamdi ,pm10,2024-03-08T17:00:00Z,31.0,µg/m³
Jihan Fauziah Hamdi ,pm10,2024-03-09T17:00:00Z,70.3,µg/m³
Jihan Fauziah Hamdi ,pm25,2023-10-29T17:00:00Z,58.9,µg/m³
Jihan Fauziah Hamdi ,pm25,2023-10-30T17:00:00Z,121.0,µg/m³
Jihan Fauziah Hamdi ,pm25,2023-10-31T17:00:00Z,148.0,µg/m³
Jihan Fauziah Hamdi ,pm25,2023-11-01T17:00:00Z,111.0,µg/m³
Jihan Fauziah Hamdi ,pm25,2023-11-02T17:00:00Z,63.2,µg/m³
Jihan Fauziah Hamdi ,pm25,2023-11-03T17:00:00Z,67.6,µg/m³
Jihan Fauziah Hamdi ,pm25,2023-11-04T17:00:00Z,43.5,µg/m³
Jihan Fauziah Hamdi ,pm25,2023-11-05T17:00:00Z,84.0,µg/m³
Jihan Fauziah Hamdi ,pm25,2023-11-06T17:00:00Z,118.0,µg/m³
Jihan Fauziah Hamdi ,pm25,2023-11-07T17:00:00Z,81.4,µg/m³
Jihan Fauziah Hamdi ,pm25,2023-11-08T17:00:00Z,71.0,µg/m³
Jihan Fauziah Hamdi ,pm25,2023-11-09T17:00:00Z,98.1,µg/m³
Jihan Fauziah Hamdi ,pm25,2023-11-10T17:00:00Z,85.6,µg/m³
Jihan Fauziah Hamdi ,pm25,2023-11-11T17:00:00Z,65.3,µg/m³
Jihan Fauziah Hamdi ,pm25,2023-11-12T17:00:00Z,87.9,µg/m³
Jihan Fauziah Hamdi ,pm25,2023-11-13T17:00:00Z,85.5,µg/m³
Jihan Fauziah Hamdi ,pm25,2023-11-14T17:00:00Z,117.0,µg/m³
Jihan Fauziah Hamdi ,pm25,2023-11-15T17:00:00Z,95.8,µg/m³
Jihan Fauziah Hamdi ,pm25,2023-11-16T17:00:00Z,53.8,µg/m³
Jihan Fauziah Hamdi ,pm25,2023-11-30T17:00:00Z,42.3,µg/m³
Jihan Fauziah Hamdi ,pm25,2023-12-09T17:00:00Z,84.4,µg/m³
Jihan Fauziah Hamdi ,pm25,2023-12-10T17:00:00Z,56.4,µg/m³
Jihan Fauziah Hamdi ,pm25,2023-12-11T17:00:00Z,94.6,µg/m³
Jihan Fauziah Hamdi ,pm25,2023-12-12T17:00:00Z,95.9,µg/m³
Jihan Fauziah Hamdi ,pm25,2023-12-13T17:00:00Z,48.4,µg/m³
Jihan Fauziah Hamdi ,pm25,2023-12-14T17:00:00Z,100.0,µg/m³
Jihan Fauziah Hamdi ,pm25,2023-12-15T17:00:00Z,60.8,µg/m³
Jihan Fauziah Hamdi ,pm25,2023-12-16T17:00:00Z,32.3,µg/m³
Jihan Fauziah Hamdi ,pm25,2024-01-03T17:00:00Z,106.0,µg/m³
Jihan Fauziah Hamdi ,pm25,2024-01-04T17:00:00Z,51.4,µg/m³
Jihan Fauziah Hamdi ,pm25,2024-01-05T17:00:00Z,51.2,µg/m³
Jihan Fauziah Hamdi ,pm25,2024-01-06T17:00:00Z,64.6,µg/m³
Jihan Fauziah Hamdi ,pm25,2024-01-07T17:00:00Z,60.1,µg/m³
Jihan Fauziah Hamdi ,pm25,2024-01-08T17:00:00Z,81.0,µg/m³
Jihan Fauziah Hamdi ,pm25,2024-01-09T17:00:00Z,58.1,µg/m³
Jihan Fauziah Hamdi ,pm25,2024-01-31T17:00:00Z,54.1,µg/m³
Jihan Fauziah Hamdi ,pm25,2024-02-01T17:00:00Z,44.7,µg/m³
Jihan Fauziah Hamdi ,pm25,2024-02-02T17:00:00Z,29.0,µg/m³
Jihan Fauziah Hamdi ,pm25,2024-02-03T17:00:00Z,32.4,µg/m³
Jihan Fauziah Hamdi ,pm25,2024-02-04T17:00:00Z,84.9,µg/m³
Jihan Fauziah Hamdi ,pm25,2024-02-05T17:00:00Z,44.9,µg/m³
Jihan Fauziah Hamdi ,pm25,2024-02-06T17:00:00Z,48.2,µg/m³
Jihan Fauziah Hamdi ,pm25,2024-02-07T17:00:00Z,47.7,µg/m³
Jihan Fauziah Hamdi ,pm25,2024-02-08T17:00:00Z,60.1,µg/m³
Jihan Fauziah Hamdi ,pm25,2024-02-09T17:00:00Z,31.1,µg/m³
Jihan Fauziah Hamdi ,pm25,2024-02-10T17:00:00Z,41.3,µg/m³
Jihan Fauziah Hamdi ,pm25,2024-02-11T17:00:00Z,50.1,µg/m³
Jihan Fauziah Hamdi ,pm25,2024-02-12T17:00:00Z,34.7,µg/m³
Jihan Fauziah Hamdi ,pm25,2024-02-13T17:00:00Z,33.3,µg/m³
Jihan Fauziah Hamdi ,pm25,2024-02-14T17:00:00Z,103.0,µg/m³
Jihan Fauziah Hamdi ,pm25,2024-02-15T17:00:00Z,50.7,µg/m³
Jihan Fauziah Hamdi ,pm25,2024-02-16T17:00:00Z,34.7,µg/m³
Jihan Fauziah Hamdi ,pm25,2024-02-17T17:00:00Z,45.9,µg/m³
Jihan Fauziah Hamdi ,pm25,2024-02-18T17:00:00Z,42.7,µg/m³
Jihan Fauziah Hamdi ,pm25,2024-02-19T17:00:00Z,108.0,µg/m³
Jihan Fauziah Hamdi ,pm25,2024-02-20T17:00:00Z,88.0,µg/m³
Jihan Fauziah Hamdi ,pm25,2024-02-21T17:00:00Z,49.6,µg/m³
Jihan Fauziah Hamdi ,pm25,2024-02-22T17:00:00Z,98.4,µg/m³
Jihan Fauziah Hamdi ,pm25,2024-02-23T17:00:00Z,63.4,µg/m³
Jihan Fauziah Hamdi ,pm25,2024-02-24T17:00:00Z,34.5,µg/m³
Jihan Fauziah Hamdi ,pm25,2024-02-25T17:00:00Z,11.0,µg/m³
Jihan Fauziah Hamdi ,pm25,2024-02-26T17:00:00Z,47.8,µg/m³
Jihan Fauziah Hamdi ,pm25,2024-02-27T17:00:00Z,111.0,µg/m³
Jihan Fauziah Hamdi ,pm25,2024-02-28T17:00:00Z,39.5,µg/m³
Jihan Fauziah Hamdi ,pm25,2024-02-29T17:00:00Z,77.0,µg/m³
Jihan Fauziah Hamdi ,pm25,2024-03-01T17:00:00Z,50.7,µg/m³
Jihan Fauziah Hamdi ,pm25,2024-03-02T17:00:00Z,43.0,µg/m³
Jihan Fauziah Hamdi ,pm25,2024-03-03T17:00:00Z,51.4,µg/m³
Jihan Fauziah Hamdi ,pm25,2024-03-04T17:00:00Z,21.6,µg/m³
Jihan Fauziah Hamdi ,pm25,2024-03-05T17:00:00Z,37.6,µg/m³
Jihan Fauziah Hamdi ,pm25,2024-03-06T17:00:00Z,19.7,µg/m³
Jihan Fauziah Hamdi ,pm25,2024-03-07T17:00:00Z,16.0,µg/m³
Jihan Fauziah Hamdi ,pm25,2024-03-08T17:00:00Z,27.6,µg/m³
Jihan Fauziah Hamdi ,pm25,2024-03-09T17:00:00Z,58.2,µg/m³
Jihan Fauziah Hamdi ,pm25,2024-03-10T17:00:00Z,94.4,µg/m³
Jihan Fauziah Hamdi ,pm25,2024-03-13T17:00:00Z,48.5,µg/m³
Jihan Fauziah Hamdi ,pm25,2024-03-14T17:00:00Z,65.1,µg/m³
Jihan Fauziah Hamdi ,pm25,2024-03-15T17:00:00Z,22.2,µg/m³
Jihan Fauziah Hamdi ,pm25,2024-03-16T17:00:00Z,24.3,µg/m³
Jihan Fauziah Hamdi ,pm25,2024-03-17T17:00:00Z,103.0,µg/m³
Jihan Fauziah Hamdi ,pm25,2024-03-18T17:00:00Z,87.1,µg/m³
Jihan Fauziah Hamdi ,pm25,2024-03-19T17:00:00Z,19.2,µg/m³
Jihan Fauziah Hamdi ,pm25,2024-03-20T17:00:00Z,39.5,µg/m³
Jihan Fauziah Hamdi ,pm25,2024-03-21T17:00:00Z,32.0,µg/m³
Jihan Fauziah Hamdi ,pm25,2024-03-22T17:00:00Z,153.0,µg/m³
Jihan Fauziah Hamdi ,pm25,2024-03-23T17:00:00Z,105.0,µg/m³
Jihan Fauziah Hamdi ,pm25,2024-03-24T17:00:00Z,61.4,µg/m³
Jihan Fauziah Hamdi ,pm25,2024-03-25T17:00:00Z,71.9,µg/m³
Jihan Fauziah Hamdi ,pm25,2024-03-26T17:00:00Z,60.0,µg/m³
Jihan Fauziah Hamdi ,pm25,2024-03-27T17:00:00Z,125.0,µg/m³
Jihan Fauziah Hamdi ,pm25,2024-03-28T17:00:00Z,124.0,µg/m³
Jihan Fauziah Hamdi ,pm25,2024-03-29T17:00:00Z,68.4,µg/m³
Jihan Fauziah Hamdi ,pm25,2024-03-30T17:00:00Z,58.4,µg/m³
Jihan Fauziah Hamdi ,pm25,2024-03-31T17:00:00Z,95.5,µg/m³
Jihan Fauziah Hamdi ,pm25,2024-04-01T17:00:00Z,72.0,µg/m³
Jihan Fauziah Hamdi ,pm25,2024-05-23T17:00:00Z,42.2,µg/m³
Jihan Fauziah Hamdi ,pm25,2024-05-24T17:00:00Z,45.6,µg/m³
Jihan Fauziah Hamdi ,pm25,2024-05-25T17:00:00Z,78.8,µg/m³
Jihan Fauziah Hamdi ,relativehumidity,2024-03-06T17:00:00Z,76.4,%
Jihan Fauziah Hamdi ,relativehumidity,2024-03-07T17:00:00Z,76.3,%
Jihan Fauziah Hamdi ,relativehumidity,2024-03-08T17:00:00Z,82.0,%
Jihan Fauziah Hamdi ,relativehumidity,2024-03-09T17:00:00Z,82.5,%
Jihan Fauziah Hamdi ,relativehumidity,2024-03-10T17:00:00Z,83.3,%
Jihan Fauziah Hamdi ,relativehumidity,2024-03-13T17:00:00Z,79.3,%
Jihan Fauziah Hamdi ,relativehumidity,2024-03-14T17:00:00Z,80.7,%
Jihan Fauziah Hamdi ,relativehumidity,2024-03-15T17:00:00Z,84.1,%
Jihan Fauziah Hamdi ,relativehumidity,2024-03-16T17:00:00Z,82.1,%
Jihan Fauziah Hamdi ,relativehumidity,2024-03-17T17:00:00Z,78.1,%
Jihan Fauziah Hamdi ,relativehumidity,2024-03-18T17:00:00Z,74.0,%
Jihan Fauziah Hamdi ,relativehumidity,2024-03-19T17:00:00Z,70.6,%
Jihan Fauziah Hamdi ,relativehumidity,2024-03-20T17:00:00Z,71.8,%
Jihan Fauziah Hamdi ,relativehumidity,2024-03-21T17:00:00Z,79.9,%
Jihan Fauziah Hamdi ,relativehumidity,2024-03-22T17:00:00Z,75.1,%
Jihan Fauziah Hamdi ,relativehumidity,2024-03-23T17:00:00Z,77.8,%
Jihan Fauziah Hamdi ,relativehumidity,2024-03-24T17:00:00Z,75.8,%
Jihan Fauziah Hamdi ,relativehumidity,2024-03-25T17:00:00Z,72.3,%
Jihan Fauziah Hamdi ,relativehumidity,2024-03-26T17:00:00Z,73.0,%
Jihan Fauziah Hamdi ,relativehumidity,2024-03-27T17:00:00Z,72.6,%
Jihan Fauziah Hamdi ,relativehumidity,2024-03-28T17:00:00Z,73.9,%
Jihan Fauziah Hamdi ,relativehumidity,2024-03-29T17:00:00Z,79.2,%
Jihan Fauziah Hamdi ,relativehumidity,2024-03-30T17:00:00Z,77.3,%
Jihan Fauziah Hamdi ,relativehumidity,2024-03-31T17:00:00Z,76.8,%
Jihan Fauziah Hamdi ,relativehumidity,2024-04-01T17:00:00Z,75.3,%
Jihan Fauziah Hamdi ,relativehumidity,2024-05-23T17:00:00Z,62.8,%
Jihan Fauziah Hamdi ,relativehumidity,2024-05-24T17:00:00Z,58.6,%
Jihan Fauziah Hamdi ,relativehumidity,2024-05-25T17:00:00Z,57.5,%
Jihan Fauziah Hamdi ,temperature,2023-10-29T17:00:00Z,30.4,c
Jihan Fauziah Hamdi ,temperature,2023-10-30T17:00:00Z,30.2,c
Jihan Fauziah Hamdi ,temperature,2023-10-31T17:00:00Z,30.1,c
Jihan Fauziah Hamdi ,temperature,2023-11-01T17:00:00Z,30.1,c
Jihan Fauziah Hamdi ,temperature,2023-11-02T17:00:00Z,30.3,c
Jihan Fauziah Hamdi ,temperature,2023-11-03T17:00:00Z,30.1,c
Jihan Fauziah Hamdi ,temperature,2023-11-04T17:00:00Z,29.4,c
Jihan Fauziah Hamdi ,temperature,2023-11-05T17:00:00Z,29.5,c
Jihan Fauziah Hamdi ,temperature,2023-11-06T17:00:00Z,29.8,c
Jihan Fauziah Hamdi ,temperature,2023-11-07T17:00:00Z,30.0,c
Jihan Fauziah Hamdi ,temperature,2023-11-08T17:00:00Z,29.9,c
Jihan Fauziah Hamdi ,temperature,2023-11-09T17:00:00Z,30.0,c
Jihan Fauziah Hamdi ,temperature,2023-11-10T17:00:00Z,29.6,c
Jihan Fauziah Hamdi ,temperature,2023-11-11T17:00:00Z,29.7,c
Jihan Fauziah Hamdi ,temperature,2023-11-12T17:00:00Z,29.9,c
Jihan Fauziah Hamdi ,temperature,2023-11-13T17:00:00Z,30.1,c
Jihan Fauziah Hamdi ,temperature,2023-11-14T17:00:00Z,29.5,c
Jihan Fauziah Hamdi ,temperature,2023-11-15T17:00:00Z,29.9,c
Jihan Fauziah Hamdi ,temperature,2023-11-16T17:00:00Z,29.8,c
Jihan Fauziah Hamdi ,temperature,2023-11-30T17:00:00Z,23.5,c
Jihan Fauziah Hamdi ,temperature,2023-12-09T17:00:00Z,29.1,c
Jihan Fauziah Hamdi ,temperature,2023-12-10T17:00:00Z,29.9,c
Jihan Fauziah Hamdi ,temperature,2023-12-11T17:00:00Z,29.6,c
Jihan Fauziah Hamdi ,temperature,2023-12-12T17:00:00Z,29.7,c
Jihan Fauziah Hamdi ,temperature,2023-12-13T17:00:00Z,29.8,c
Jihan Fauziah Hamdi ,temperature,2023-12-14T17:00:00Z,29.9,c
Jihan Fauziah Hamdi ,temperature,2023-12-15T17:00:00Z,29.9,c
Jihan Fauziah Hamdi ,temperature,2023-12-16T17:00:00Z,29.2,c
Jihan Fauziah Hamdi ,temperature,2024-01-03T17:00:00Z,28.5,c
Jihan Fauziah Hamdi ,temperature,2024-01-04T17:00:00Z,28.5,c
Jihan Fauziah Hamdi ,temperature,2024-01-05T17:00:00Z,28.4,c
Jihan Fauziah Hamdi ,temperature,2024-01-06T17:00:00Z,28.6,c
Jihan Fauziah Hamdi ,temperature,2024-01-07T17:00:00Z,28.5,c
Jihan Fauziah Hamdi ,temperature,2024-01-08T17:00:00Z,28.9,c
Jihan Fauziah Hamdi ,temperature,2024-01-09T17:00:00Z,28.7,c
Jihan Fauziah Hamdi ,temperature,2024-01-31T17:00:00Z,28.4,c
Jihan Fauziah Hamdi ,temperature,2024-02-01T17:00:00Z,28.7,c
Jihan Fauziah Hamdi ,temperature,2024-02-02T17:00:00Z,28.4,c
Jihan Fauziah Hamdi ,temperature,2024-02-03T17:00:00Z,28.5,c
Jihan Fauziah Hamdi ,temperature,2024-02-04T17:00:00Z,28.7,c
Jihan Fauziah Hamdi ,temperature,2024-02-05T17:00:00Z,28.4,c
Jihan Fauziah Hamdi ,temperature,2024-02-06T17:00:00Z,28.3,c
Jihan Fauziah Hamdi ,temperature,2024-02-07T17:00:00Z,29.0,c
Jihan Fauziah Hamdi ,temperature,2024-02-08T17:00:00Z,29.4,c
Jihan Fauziah Hamdi ,temperature,2024-02-09T17:00:00Z,29.0,c
Jihan Fauziah Hamdi ,temperature,2024-02-10T17:00:00Z,29.0,c
Jihan Fauziah Hamdi ,temperature,2024-02-11T17:00:00Z,29.0,c
Jihan Fauziah Hamdi ,temperature,2024-02-12T17:00:00Z,28.9,c
Jihan Fauziah Hamdi ,temperature,2024-02-13T17:00:00Z,28.6,c
Jihan Fauziah Hamdi ,temperature,2024-02-14T17:00:00Z,28.9,c
Jihan Fauziah Hamdi ,temperature,2024-02-15T17:00:00Z,28.8,c
Jihan Fauziah Hamdi ,temperature,2024-02-16T17:00:00Z,28.6,c
Jihan Fauziah Hamdi ,temperature,2024-02-17T17:00:00Z,29.2,c
Jihan Fauziah Hamdi ,temperature,2024-02-18T17:00:00Z,29.4,c
Jihan Fauziah Hamdi ,temperature,2024-02-19T17:00:00Z,29.4,c
Jihan Fauziah Hamdi ,temperature,2024-02-20T17:00:00Z,29.8,c
Jihan Fauziah Hamdi ,temperature,2024-02-21T17:00:00Z,29.8,c
Jihan Fauziah Hamdi ,temperature,2024-02-22T17:00:00Z,29.9,c
Jihan Fauziah Hamdi ,temperature,2024-02-23T17:00:00Z,30.1,c
Jihan Fauziah Hamdi ,temperature,2024-02-24T17:00:00Z,29.7,c
Jihan Fauziah Hamdi ,temperature,2024-02-25T17:00:00Z,28.5,c
Jihan Fauziah Hamdi ,temperature,2024-02-26T17:00:00Z,29.5,c
Jihan Fauziah Hamdi ,temperature,2024-02-27T17:00:00Z,28.9,c
Jihan Fauziah Hamdi ,temperature,2024-02-28T17:00:00Z,28.3,c
Jihan Fauziah Hamdi ,temperature,2024-02-29T17:00:00Z,28.8,c
Jihan Fauziah Hamdi ,temperature,2024-03-01T17:00:00Z,28.9,c
Jihan Fauziah Hamdi ,temperature,2024-03-02T17:00:00Z,28.6,c
Jihan Fauziah Hamdi ,temperature,2024-03-03T17:00:00Z,28.5,c
Jihan Fauziah Hamdi ,temperature,2024-03-04T17:00:00Z,28.8,c
Jihan Fauziah Hamdi ,temperature,2024-03-05T17:00:00Z,29.1,c
Jihan Fauziah Hamdi ,temperature,2024-03-06T17:00:00Z,29.0,c
Jihan Fauziah Hamdi ,temperature,2024-03-07T17:00:00Z,28.8,c
Jihan Fauziah Hamdi ,temperature,2024-03-08T17:00:00Z,27.6,c
Jihan Fauziah Hamdi ,temperature,2024-03-09T17:00:00Z,28.4,c
Jihan Fauziah Hamdi ,temperature,2024-03-10T17:00:00Z,28.2,c
Jihan Fauziah Hamdi ,temperature,2024-03-13T17:00:00Z,28.5,c
Jihan Fauziah Hamdi ,temperature,2024-03-14T17:00:00Z,28.1,c
Jihan Fauziah Hamdi ,temperature,2024-03-15T17:00:00Z,27.4,c
Jihan Fauziah Hamdi ,temperature,2024-03-16T17:00:00Z,27.9,c
Jihan Fauziah Hamdi ,temperature,2024-03-17T17:00:00Z,28.6,c
Jihan Fauziah Hamdi ,temperature,2024-03-18T17:00:00Z,29.3,c
Jihan Fauziah Hamdi ,temperature,2024-03-19T17:00:00Z,29.1,c
Jihan Fauziah Hamdi ,temperature,2024-03-20T17:00:00Z,29.4,c
Jihan Fauziah Hamdi ,temperature,2024-03-21T17:00:00Z,28.4,c
Jihan Fauziah Hamdi ,temperature,2024-03-22T17:00:00Z,29.1,c
Jihan Fauziah Hamdi ,temperature,2024-03-23T17:00:00Z,29.6,c
Jihan Fauziah Hamdi ,temperature,2024-03-24T17:00:00Z,29.4,c
Jihan Fauziah Hamdi ,temperature,2024-03-25T17:00:00Z,29.4,c
Jihan Fauziah Hamdi ,temperature,2024-03-26T17:00:00Z,29.3,c
Jihan Fauziah Hamdi ,temperature,2024-03-27T17:00:00Z,29.3,c
Jihan Fauziah Hamdi ,temperature,2024-03-28T17:00:00Z,29.4,c
Jihan Fauziah Hamdi ,temperature,2024-03-29T17:00:00Z,29.4,c
Jihan Fauziah Hamdi ,temperature,2024-03-30T17:00:00Z,29.2,c
Jihan Fauziah Hamdi ,temperature,2024-03-31T17:00:00Z,29.2,c
Jihan Fauziah Hamdi ,temperature,2024-04-01T17:00:00Z,28.7,c
Jihan Fauziah Hamdi ,temperature,2024-05-23T17:00:00Z,29.4,c
Jihan Fauziah Hamdi ,temperature,2024-05-24T17:00:00Z,29.3,c
Jihan Fauziah Hamdi ,temperature,2024-05-25T17:00:00Z,29.0,c
Jihan Fauziah Hamdi ,um003,2024-03-06T17:00:00Z,3110.0,particles/cm³
Jihan Fauziah Hamdi ,um003,2024-03-07T17:00:00Z,2000.0,particles/cm³
Jihan Fauziah Hamdi ,um003,2024-03-08T17:00:00Z,3610.0,particles/cm³
Jihan Fauziah Hamdi ,um003,2024-03-09T17:00:00Z,8640.0,particles/cm³
Jihan Fauziah Hamdi ,um003,2024-03-10T17:00:00Z,11200.0,particles/cm³
Jihan Fauziah Hamdi ,um003,2024-03-13T17:00:00Z,6920.0,particles/cm³
Jihan Fauziah Hamdi ,um003,2024-03-14T17:00:00Z,8300.0,particles/cm³
Jihan Fauziah Hamdi ,um003,2024-03-15T17:00:00Z,2750.0,particles/cm³
Jihan Fauziah Hamdi ,um003,2024-03-16T17:00:00Z,3000.0,particles/cm³
Jihan Fauziah Hamdi ,um003,2024-03-17T17:00:00Z,11600.0,particles/cm³
Jihan Fauziah Hamdi ,um003,2024-03-18T17:00:00Z,10800.0,particles/cm³
Jihan Fauziah Hamdi ,um003,2024-03-19T17:00:00Z,2350.0,particles/cm³
Jihan Fauziah Hamdi ,um003,2024-03-20T17:00:00Z,5560.0,particles/cm³
Jihan Fauziah Hamdi ,um003,2024-03-21T17:00:00Z,3940.0,particles/cm³
Jihan Fauziah Hamdi ,um003,2024-03-22T17:00:00Z,21100.0,particles/cm³
Jihan Fauziah Hamdi ,um003,2024-03-23T17:00:00Z,16000.0,particles/cm³
Jihan Fauziah Hamdi ,um003,2024-03-24T17:00:00Z,9060.0,particles/cm³
Jihan Fauziah Hamdi ,um003,2024-03-25T17:00:00Z,10700.0,particles/cm³
Jihan Fauziah Hamdi ,um003,2024-03-26T17:00:00Z,8710.0,particles/cm³
Jihan Fauziah Hamdi ,um003,2024-03-27T17:00:00Z,18000.0,particles/cm³
Jihan Fauziah Hamdi ,um003,2024-03-28T17:00:00Z,18400.0,particles/cm³
Jihan Fauziah Hamdi ,um003,2024-03-29T17:00:00Z,10700.0,particles/cm³
Jihan Fauziah Hamdi ,um003,2024-03-30T17:00:00Z,8310.0,particles/cm³
Jihan Fauziah Hamdi ,um003,2024-03-31T17:00:00Z,13900.0,particles/cm³
Jihan Fauziah Hamdi ,um003,2024-04-01T17:00:00Z,10600.0,particles/cm³
Jihan Fauziah Hamdi ,um003,2024-05-23T17:00:00Z,5580.0,particles/cm³
Jihan Fauziah Hamdi ,um003,2024-05-24T17:00:00Z,5870.0,particles/cm³
Jihan Fauziah Hamdi ,um003,2024-05-25T17:00:00Z,11400.0,particles/cm³
Krukut,pm1,2024-03-05T17:00:00Z,5.21,µg/m³
Krukut,pm1,2024-03-06T17:00:00Z,5.84,µg/m³
Krukut,pm1,2024-03-07T17:00:00Z,0.607,µg/m³
Krukut,pm1,2024-03-09T17:00:00Z,26.7,µg/m³
Krukut,pm1,2024-03-10T17:00:00Z,14.8,µg/m³
Krukut,pm1,2024-03-13T17:00:00Z,20.1,µg/m³
Krukut,pm1,2024-03-14T17:00:00Z,12.2,µg/m³
Krukut,pm1,2024-03-15T17:00:00Z,8.84,µg/m³
Krukut,pm1,2024-03-16T17:00:00Z,9.07,µg/m³
Krukut,pm1,2024-03-17T17:00:00Z,12.2,µg/m³
Krukut,pm1,2024-03-18T17:00:00Z,9.67,µg/m³
Krukut,pm1,2024-03-19T17:00:00Z,9.75,µg/m³
Krukut,pm1,2024-03-20T17:00:00Z,13.8,µg/m³
Krukut,pm1,2024-03-21T17:00:00Z,16.8,µg/m³
Krukut,pm1,2024-03-22T17:00:00Z,43.7,µg/m³
Krukut,pm1,2024-03-23T17:00:00Z,27.8,µg/m³
Krukut,pm1,2024-03-24T17:00:00Z,22.9,µg/m³
Krukut,pm1,2024-03-25T17:00:00Z,29.1,µg/m³
Krukut,pm1,2024-03-26T17:00:00Z,24.5,µg/m³
Krukut,pm1,2024-03-27T17:00:00Z,40.2,µg/m³
Krukut,pm1,2024-03-28T17:00:00Z,31.9,µg/m³
Krukut,pm1,2024-03-29T17:00:00Z,27.1,µg/m³
Krukut,pm1,2024-03-30T17:00:00Z,34.5,µg/m³
Krukut,pm1,2024-03-31T17:00:00Z,39.0,µg/m³
Krukut,pm1,2024-04-01T17:00:00Z,31.4,µg/m³
Krukut,pm1,2024-04-02T17:00:00Z,26.4,µg/m³
Krukut,pm1,2024-04-03T17:00:00Z,28.9,µg/m³
Krukut,pm1,2024-04-04T17:00:00Z,37.5,µg/m³
Krukut,pm1,2024-04-05T17:00:00Z,27.8,µg/m³
Krukut,pm1,2024-04-06T17:00:00Z,27.5,µg/m³
Krukut,pm1,2024-04-07T17:00:00Z,17.6,µg/m³
Krukut,pm1,2024-04-08T17:00:00Z,22.9,µg/m³
Krukut,pm1,2024-04-09T17:00:00Z,29.2,µg/m³
Krukut,pm1,2024-04-10T17:00:00Z,19.3,µg/m³
Krukut,pm1,2024-04-11T17:00:00Z,16.0,µg/m³
Krukut,pm1,2024-04-12T17:00:00Z,18.6,µg/m³
Krukut,pm1,2024-04-13T17:00:00Z,16.5,µg/m³
Krukut,pm1,2024-04-14T17:00:00Z,12.9,µg/m³
Krukut,pm1,2024-04-15T17:00:00Z,18.6,µg/m³
Krukut,pm1,2024-04-16T17:00:00Z,23.9,µg/m³
Krukut,pm1,2024-04-17T17:00:00Z,20.6,µg/m³
Krukut,pm1,2024-04-18T17:00:00Z,23.9,µg/m³
Krukut,pm1,2024-04-19T17:00:00Z,23.8,µg/m³
Krukut,pm1,2024-04-20T17:00:00Z,24.3,µg/m³
Krukut,pm1,2024-04-21T17:00:00Z,19.3,µg/m³
Krukut,pm1,2024-04-22T17:00:00Z,28.2,µg/m³
Krukut,pm1,2024-04-23T17:00:00Z,29.5,µg/m³
Krukut,pm1,2024-04-24T17:00:00Z,23.9,µg/m³
Krukut,pm1,2024-04-25T17:00:00Z,22.0,µg/m³
Krukut,pm1,2024-04-26T17:00:00Z,22.7,µg/m³
Krukut,pm1,2024-04-27T17:00:00Z,24.7,µg/m³
Krukut,pm1,2024-04-28T17:00:00Z,21.9,µg/m³
Krukut,pm1,2024-04-29T17:00:00Z,23.3,µg/m³
Krukut,pm1,2024-04-30T17:00:00Z,24.4,µg/m³
Krukut,pm1,2024-05-01T17:00:00Z,28.5,µg/m³
Krukut,pm1,2024-05-02T17:00:00Z,32.3,µg/m³
Krukut,pm1,2024-05-03T17:00:00Z,29.4,µg/m³
Krukut,pm1,2024-05-04T17:00:00Z,29.9,µg/m³
Krukut,pm1,2024-05-05T17:00:00Z,30.6,µg/m³
Krukut,pm1,2024-05-06T17:00:00Z,31.7,µg/m³
Krukut,pm1,2024-05-07T17:00:00Z,32.7,µg/m³
Krukut,pm1,2024-05-08T17:00:00Z,36.2,µg/m³
Krukut,pm1,2024-05-09T17:00:00Z,30.6,µg/m³
Krukut,pm1,2024-05-10T17:00:00Z,23.6,µg/m³
Krukut,pm1,2024-05-11T17:00:00Z,21.6,µg/m³
Krukut,pm1,2024-05-12T17:00:00Z,25.0,µg/m³
Krukut,pm1,2024-05-13T17:00:00Z,32.4,µg/m³
Krukut,pm1,2024-05-14T17:00:00Z,32.1,µg/m³
Krukut,pm1,2024-05-15T17:00:00Z,34.5,µg/m³
Krukut,pm1,2024-05-16T17:00:00Z,31.3,µg/m³
Krukut,pm1,2024-05-17T17:00:00Z,36.1,µg/m³
Krukut,pm1,2024-05-18T17:00:00Z,31.6,µg/m³
Krukut,pm1,2024-05-19T17:00:00Z,32.8,µg/m³
Krukut,pm1,2024-05-20T17:00:00Z,36.9,µg/m³
Krukut,pm1,2024-05-21T17:00:00Z,30.9,µg/m³
Krukut,pm1,2024-05-22T17:00:00Z,24.9,µg/m³
Krukut,pm1,2024-05-23T17:00:00Z,22.6,µg/m³
Krukut,pm1,2024-05-24T17:00:00Z,23.4,µg/m³
Krukut,pm1,2024-05-25T17:00:00Z,35.4,µg/m³
Krukut,pm1,2024-05-26T17:00:00Z,31.1,µg/m³
Krukut,pm1,2024-05-27T17:00:00Z,30.1,µg/m³
Krukut,pm1,2024-05-28T17:00:00Z,26.9,µg/m³
Krukut,pm1,2024-05-29T17:00:00Z,28.7,µg/m³
Krukut,pm1,2024-05-30T17:00:00Z,30.9,µg/m³
Krukut,pm1,2024-05-31T17:00:00Z,26.1,µg/m³
Krukut,pm1,2024-06-01T17:00:00Z,22.5,µg/m³
Krukut,pm1,2024-06-02T17:00:00Z,16.7,µg/m³
Krukut,pm1,2024-06-03T17:00:00Z,32.5,µg/m³
Krukut,pm1,2024-06-04T17:00:00Z,32.4,µg/m³
Krukut,pm1,2024-06-05T17:00:00Z,27.2,µg/m³
Krukut,pm1,2024-06-06T17:00:00Z,27.4,µg/m³
Krukut,pm1,2024-06-07T17:00:00Z,32.1,µg/m³
Krukut,pm1,2024-06-08T17:00:00Z,31.1,µg/m³
Krukut,pm1,2024-06-09T17:00:00Z,32.4,µg/m³
Krukut,pm1,2024-06-10T17:00:00Z,31.0,µg/m³
Krukut,pm1,2024-06-11T17:00:00Z,24.5,µg/m³
Krukut,pm1,2024-06-12T17:00:00Z,20.5,µg/m³
Krukut,pm1,2024-06-13T17:00:00Z,19.6,µg/m³
Krukut,pm1,2024-06-14T17:00:00Z,28.4,µg/m³
Krukut,pm1,2024-06-15T17:00:00Z,13.8,µg/m³
Krukut,pm1,2024-06-16T17:00:00Z,26.8,µg/m³
Krukut,pm1,2024-06-17T17:00:00Z,40.0,µg/m³
Krukut,pm1,2024-06-18T17:00:00Z,31.6,µg/m³
Krukut,pm1,2024-06-19T17:00:00Z,30.3,µg/m³
Krukut,pm1,2024-06-20T17:00:00Z,29.9,µg/m³
Krukut,pm1,2024-06-21T17:00:00Z,32.6,µg/m³
Krukut,pm1,2024-06-22T17:00:00Z,28.4,µg/m³
Krukut,pm1,2024-06-23T17:00:00Z,31.0,µg/m³
Krukut,pm1,2024-06-24T17:00:00Z,25.6,µg/m³
Krukut,pm1,2024-06-25T17:00:00Z,25.6,µg/m³
Krukut,pm1,2024-06-26T17:00:00Z,25.2,µg/m³
Krukut,pm1,2024-06-27T17:00:00Z,21.4,µg/m³
Krukut,pm1,2024-06-28T17:00:00Z,24.9,µg/m³
Krukut,pm1,2024-06-29T17:00:00Z,17.0,µg/m³
Krukut,pm1,2024-06-30T17:00:00Z,29.8,µg/m³
Krukut,pm1,2024-07-01T17:00:00Z,26.7,µg/m³
Krukut,pm1,2024-07-02T17:00:00Z,34.2,µg/m³
Krukut,pm1,2024-07-03T17:00:00Z,28.3,µg/m³
Krukut,pm1,2024-07-04T17:00:00Z,18.0,µg/m³
Krukut,pm1,2024-07-05T17:00:00Z,11.0,µg/m³
Krukut,pm1,2024-07-06T17:00:00Z,9.62,µg/m³
Krukut,pm1,2024-07-07T17:00:00Z,15.4,µg/m³
Krukut,pm1,2024-07-08T17:00:00Z,28.3,µg/m³
Krukut,pm1,2024-07-09T17:00:00Z,31.5,µg/m³
Krukut,pm1,2024-07-10T17:00:00Z,35.5,µg/m³
Krukut,pm1,2024-07-11T17:00:00Z,24.0,µg/m³
Krukut,pm1,2024-07-12T17:00:00Z,31.6,µg/m³
Krukut,pm1,2024-07-13T17:00:00Z,29.4,µg/m³
Krukut,pm1,2024-07-14T17:00:00Z,30.1,µg/m³
Krukut,pm1,2024-07-15T17:00:00Z,28.1,µg/m³
Krukut,pm1,2024-07-16T17:00:00Z,30.6,µg/m³
Krukut,pm1,2024-07-17T17:00:00Z,27.4,µg/m³
Krukut,pm1,2024-07-18T17:00:00Z,27.7,µg/m³
Krukut,pm1,2024-07-19T17:00:00Z,27.7,µg/m³
Krukut,pm1,2024-07-20T17:00:00Z,25.2,µg/m³
Krukut,pm1,2024-07-21T17:00:00Z,25.9,µg/m³
Krukut,pm1,2024-07-22T17:00:00Z,29.2,µg/m³
Krukut,pm1,2024-07-23T17:00:00Z,31.2,µg/m³
Krukut,pm1,2024-07-24T17:00:00Z,25.6,µg/m³
Krukut,pm1,2024-07-25T17:00:00Z,29.0,µg/m³
Krukut,pm1,2024-07-26T17:00:00Z,30.2,µg/m³
Krukut,pm1,2024-07-27T17:00:00Z,31.3,µg/m³
Krukut,pm1,2024-07-28T17:00:00Z,28.8,µg/m³
Krukut,pm1,2024-07-29T17:00:00Z,32.5,µg/m³
Krukut,pm1,2024-07-30T17:00:00Z,33.7,µg/m³
Krukut,pm1,2024-07-31T17:00:00Z,35.9,µg/m³
Krukut,pm1,2024-08-01T17:00:00Z,22.5,µg/m³
Krukut,pm1,2024-08-02T17:00:00Z,22.0,µg/m³
Krukut,pm1,2024-08-03T17:00:00Z,27.0,µg/m³
Krukut,pm1,2024-08-04T17:00:00Z,24.5,µg/m³
Krukut,pm1,2024-08-05T17:00:00Z,25.4,µg/m³
Krukut,pm1,2024-08-06T17:00:00Z,30.5,µg/m³
Krukut,pm1,2024-08-07T17:00:00Z,32.1,µg/m³
Krukut,pm1,2024-08-08T17:00:00Z,26.3,µg/m³
Krukut,pm1,2024-08-09T17:00:00Z,25.0,µg/m³
Krukut,pm1,2024-08-10T17:00:00Z,24.8,µg/m³
Krukut,pm1,2024-08-11T17:00:00Z,23.7,µg/m³
Krukut,pm1,2024-08-12T17:00:00Z,29.6,µg/m³
Krukut,pm1,2024-08-13T17:00:00Z,32.3,µg/m³
Krukut,pm1,2024-08-14T17:00:00Z,31.6,µg/m³
Krukut,pm1,2024-08-15T17:00:00Z,31.1,µg/m³
Krukut,pm1,2024-08-16T17:00:00Z,25.9,µg/m³
Krukut,pm1,2024-08-17T17:00:00Z,26.0,µg/m³
Krukut,pm1,2024-08-18T17:00:00Z,30.3,µg/m³
Krukut,pm1,2024-08-19T17:00:00Z,32.5,µg/m³
Krukut,pm1,2024-08-20T17:00:00Z,32.3,µg/m³
Krukut,pm1,2024-08-21T17:00:00Z,26.8,µg/m³
Krukut,pm1,2024-08-22T17:00:00Z,27.6,µg/m³
Krukut,pm1,2024-08-23T17:00:00Z,33.6,µg/m³
Krukut,pm1,2024-08-24T17:00:00Z,25.4,µg/m³
Krukut,pm1,2024-08-25T17:00:00Z,31.3,µg/m³
Krukut,pm1,2024-08-26T17:00:00Z,40.3,µg/m³
Krukut,pm1,2024-08-27T17:00:00Z,27.7,µg/m³
Krukut,pm1,2024-08-28T17:00:00Z,42.0,µg/m³
Krukut,pm1,2024-08-29T17:00:00Z,28.5,µg/m³
Krukut,pm1,2024-08-30T17:00:00Z,23.6,µg/m³
Krukut,pm1,2024-08-31T17:00:00Z,25.4,µg/m³
Krukut,pm1,2024-09-01T17:00:00Z,26.2,µg/m³
Krukut,pm1,2024-09-02T17:00:00Z,29.1,µg/m³
Krukut,pm1,2024-09-03T17:00:00Z,21.3,µg/m³
Krukut,pm1,2024-09-04T17:00:00Z,24.7,µg/m³
Krukut,pm1,2024-09-05T17:00:00Z,28.1,µg/m³
Krukut,pm1,2024-09-06T17:00:00Z,22.1,µg/m³
Krukut,pm1,2024-09-07T17:00:00Z,21.5,µg/m³
Krukut,pm1,2024-09-08T17:00:00Z,21.2,µg/m³
Krukut,pm1,2024-09-09T17:00:00Z,24.6,µg/m³
Krukut,pm1,2024-03-07T17:00:00Z,9.13,µg/m³
Krukut,pm1,2024-03-08T17:00:00Z,16.6,µg/m³
Krukut,pm1,2024-03-09T17:00:00Z,38.4,µg/m³
Krukut,pm10,2024-03-05T17:00:00Z,9.15,µg/m³
Krukut,pm10,2024-03-06T17:00:00Z,10.2,µg/m³
Krukut,pm10,2024-03-07T17:00:00Z,1.74,µg/m³
Krukut,pm10,2024-03-09T17:00:00Z,51.2,µg/m³
Krukut,pm10,2024-03-10T17:00:00Z,29.2,µg/m³
Krukut,pm10,2024-03-13T17:00:00Z,39.6,µg/m³
Krukut,pm10,2024-03-14T17:00:00Z,22.6,µg/m³
Krukut,pm10,2024-03-15T17:00:00Z,15.9,µg/m³
Krukut,pm10,2024-03-16T17:00:00Z,16.7,µg/m³
Krukut,pm10,2024-03-17T17:00:00Z,22.7,µg/m³
Krukut,pm10,2024-03-18T17:00:00Z,17.1,µg/m³
Krukut,pm10,2024-03-19T17:00:00Z,16.7,µg/m³
Krukut,pm10,2024-03-20T17:00:00Z,25.0,µg/m³
Krukut,pm10,2024-03-21T17:00:00Z,32.3,µg/m³
Krukut,pm10,2024-03-22T17:00:00Z,85.6,µg/m³
Krukut,pm10,2024-03-23T17:00:00Z,57.1,µg/m³
Krukut,pm10,2024-03-24T17:00:00Z,46.6,µg/m³
Krukut,pm10,2024-03-25T17:00:00Z,58.9,µg/m³
Krukut,pm10,2024-03-26T17:00:00Z,50.1,µg/m³
Krukut,pm10,2024-03-27T17:00:00Z,81.4,µg/m³
Krukut,pm10,2024-03-28T17:00:00Z,64.9,µg/m³
Krukut,pm10,2024-03-29T17:00:00Z,54.4,µg/m³
Krukut,pm10,2024-03-30T17:00:00Z,70.1,µg/m³
Krukut,pm10,2024-03-31T17:00:00Z,80.3,µg/m³
Krukut,pm10,2024-04-01T17:00:00Z,63.8,µg/m³
Krukut,pm10,2024-04-02T17:00:00Z,52.5,µg/m³
Krukut,pm10,2024-04-03T17:00:00Z,57.5,µg/m³
Krukut,pm10,2024-04-04T17:00:00Z,76.7,µg/m³
Krukut,pm10,2024-04-05T17:00:00Z,57.4,µg/m³
Krukut,pm10,2024-04-06T17:00:00Z,56.5,µg/m³
Krukut,pm10,2024-04-07T17:00:00Z,32.0,µg/m³
Krukut,pm10,2024-04-08T17:00:00Z,42.5,µg/m³
Krukut,pm10,2024-04-09T17:00:00Z,57.0,µg/m³
Krukut,pm10,2024-04-10T17:00:00Z,37.5,µg/m³
Krukut,pm10,2024-04-11T17:00:00Z,31.3,µg/m³
Krukut,pm10,2024-04-12T17:00:00Z,37.1,µg/m³
Krukut,pm10,2024-04-13T17:00:00Z,32.3,µg/m³
Krukut,pm10,2024-04-14T17:00:00Z,24.5,µg/m³
Krukut,pm10,2024-04-15T17:00:00Z,35.8,µg/m³
Krukut,pm10,2024-04-16T17:00:00Z,49.8,µg/m³
Krukut,pm10,2024-04-17T17:00:00Z,39.2,µg/m³
Krukut,pm10,2024-04-18T17:00:00Z,47.2,µg/m³
Krukut,pm10,2024-04-19T17:00:00Z,47.8,µg/m³
Krukut,pm10,2024-04-20T17:00:00Z,48.2,µg/m³
Krukut,pm10,2024-04-21T17:00:00Z,37.2,µg/m³
Krukut,pm10,2024-04-22T17:00:00Z,57.2,µg/m³
Krukut,pm10,2024-04-23T17:00:00Z,61.7,µg/m³
Krukut,pm10,2024-04-24T17:00:00Z,50.4,µg/m³
Krukut,pm10,2024-04-25T17:00:00Z,43.4,µg/m³
Krukut,pm10,2024-04-26T17:00:00Z,43.3,µg/m³
Krukut,pm10,2024-04-27T17:00:00Z,48.3,µg/m³
Krukut,pm10,2024-04-28T17:00:00Z,42.9,µg/m³
Krukut,pm10,2024-04-29T17:00:00Z,46.3,µg/m³
Krukut,pm10,2024-04-30T17:00:00Z,50.2,µg/m³
Krukut,pm10,2024-05-01T17:00:00Z,59.4,µg/m³
Krukut,pm10,2024-05-02T17:00:00Z,66.8,µg/m³
Krukut,pm10,2024-05-03T17:00:00Z,59.6,µg/m³
Krukut,pm10,2024-05-04T17:00:00Z,60.1,µg/m³
Krukut,pm10,2024-05-05T17:00:00Z,61.0,µg/m³
Krukut,pm10,2024-05-06T17:00:00Z,62.2,µg/m³
Krukut,pm10,2024-05-07T17:00:00Z,65.5,µg/m³
Krukut,pm10,2024-05-08T17:00:00Z,73.8,µg/m³
Krukut,pm10,2024-05-09T17:00:00Z,63.2,µg/m³
Krukut,pm10,2024-05-10T17:00:00Z,47.1,µg/m³
Krukut,pm10,2024-05-11T17:00:00Z,42.7,µg/m³
Krukut,pm10,2024-05-12T17:00:00Z,50.9,µg/m³
Krukut,pm10,2024-05-13T17:00:00Z,65.3,µg/m³
Krukut,pm10,2024-05-14T17:00:00Z,65.2,µg/m³
Krukut,pm10,2024-05-15T17:00:00Z,70.8,µg/m³
Krukut,pm10,2024-05-16T17:00:00Z,63.6,µg/m³
Krukut,pm10,2024-05-17T17:00:00Z,72.7,µg/m³
Krukut,pm10,2024-05-18T17:00:00Z,64.6,µg/m³
Krukut,pm10,2024-05-19T17:00:00Z,66.0,µg/m³
Krukut,pm10,2024-05-20T17:00:00Z,74.2,µg/m³
Krukut,pm10,2024-05-21T17:00:00Z,63.4,µg/m³
Krukut,pm10,2024-05-22T17:00:00Z,50.2,µg/m³
Krukut,pm10,2024-05-23T17:00:00Z,45.7,µg/m³
Krukut,pm10,2024-05-24T17:00:00Z,48.4,µg/m³
Krukut,pm10,2024-05-25T17:00:00Z,71.5,µg/m³
Krukut,pm10,2024-05-26T17:00:00Z,64.4,µg/m³
Krukut,pm10,2024-05-27T17:00:00Z,62.5,µg/m³
Krukut,pm10,2024-05-28T17:00:00Z,55.0,µg/m³
Krukut,pm10,2024-05-29T17:00:00Z,59.5,µg/m³
Krukut,pm10,2024-05-30T17:00:00Z,63.9,µg/m³
Krukut,pm10,2024-05-31T17:00:00Z,53.3,µg/m³
Krukut,pm10,2024-06-01T17:00:00Z,45.7,µg/m³
Krukut,pm10,2024-06-02T17:00:00Z,32.8,µg/m³
Krukut,pm10,2024-06-03T17:00:00Z,65.6,µg/m³
Krukut,pm10,2024-06-04T17:00:00Z,64.7,µg/m³
Krukut,pm10,2024-06-05T17:00:00Z,55.5,µg/m³
Krukut,pm10,2024-06-06T17:00:00Z,55.7,µg/m³
Krukut,pm10,2024-06-07T17:00:00Z,65.2,µg/m³
Krukut,pm10,2024-06-08T17:00:00Z,64.1,µg/m³
Krukut,pm10,2024-06-09T17:00:00Z,66.3,µg/m³
Krukut,pm10,2024-06-10T17:00:00Z,62.9,µg/m³
Krukut,pm10,2024-06-11T17:00:00Z,48.7,µg/m³
Krukut,pm10,2024-06-12T17:00:00Z,39.8,µg/m³
Krukut,pm10,2024-06-13T17:00:00Z,38.5,µg/m³
Krukut,pm10,2024-06-14T17:00:00Z,57.8,µg/m³
Krukut,pm10,2024-06-15T17:00:00Z,27.1,µg/m³
Krukut,pm10,2024-06-16T17:00:00Z,54.4,µg/m³
Krukut,pm10,2024-06-17T17:00:00Z,81.3,µg/m³
Krukut,pm10,2024-06-18T17:00:00Z,64.6,µg/m³
Krukut,pm10,2024-06-19T17:00:00Z,62.2,µg/m³
Krukut,pm10,2024-06-20T17:00:00Z,61.2,µg/m³
Krukut,pm10,2024-06-21T17:00:00Z,67.0,µg/m³
Krukut,pm10,2024-06-22T17:00:00Z,57.0,µg/m³
Krukut,pm10,2024-06-23T17:00:00Z,62.6,µg/m³
Krukut,pm10,2024-06-24T17:00:00Z,51.7,µg/m³
Krukut,pm10,2024-06-25T17:00:00Z,50.6,µg/m³
Krukut,pm10,2024-06-26T17:00:00Z,48.7,µg/m³
Krukut,pm10,2024-06-27T17:00:00Z,41.6,µg/m³
Krukut,pm10,2024-06-28T17:00:00Z,49.8,µg/m³
Krukut,pm10,2024-06-29T17:00:00Z,32.0,µg/m³
Krukut,pm10,2024-06-30T17:00:00Z,58.9,µg/m³
Krukut,pm10,2024-07-01T17:00:00Z,53.5,µg/m³
Krukut,pm10,2024-07-02T17:00:00Z,68.8,µg/m³
Krukut,pm10,2024-07-03T17:00:00Z,57.1,µg/m³
Krukut,pm10,2024-07-04T17:00:00Z,35.0,µg/m³
Krukut,pm10,2024-07-05T17:00:00Z,19.5,µg/m³
Krukut,pm10,2024-07-06T17:00:00Z,16.5,µg/m³
Krukut,pm10,2024-07-07T17:00:00Z,26.9,µg/m³
Krukut,pm10,2024-07-08T17:00:00Z,59.2,µg/m³
Krukut,pm10,2024-07-09T17:00:00Z,64.2,µg/m³
Krukut,pm10,2024-07-10T17:00:00Z,71.9,µg/m³
Krukut,pm10,2024-07-11T17:00:00Z,47.1,µg/m³
Krukut,pm10,2024-07-12T17:00:00Z,61.2,µg/m³
Krukut,pm10,2024-07-13T17:00:00Z,58.8,µg/m³
Krukut,pm10,2024-07-14T17:00:00Z,60.8,µg/m³
Krukut,pm10,2024-07-15T17:00:00Z,55.8,µg/m³
Krukut,pm10,2024-07-16T17:00:00Z,62.6,µg/m³
Krukut,pm10,2024-07-17T17:00:00Z,55.2,µg/m³
Krukut,pm10,2024-07-18T17:00:00Z,56.4,µg/m³
Krukut,pm10,2024-07-19T17:00:00Z,56.6,µg/m³
Krukut,pm10,2024-07-20T17:00:00Z,49.6,µg/m³
Krukut,pm10,2024-07-21T17:00:00Z,50.0,µg/m³
Krukut,pm10,2024-07-22T17:00:00Z,59.3,µg/m³
Krukut,pm10,2024-07-23T17:00:00Z,63.9,µg/m³
Krukut,pm10,2024-07-24T17:00:00Z,52.1,µg/m³
Krukut,pm10,2024-07-25T17:00:00Z,59.0,µg/m³
Krukut,pm10,2024-07-26T17:00:00Z,61.8,µg/m³
Krukut,pm10,2024-07-27T17:00:00Z,65.2,µg/m³
Krukut,pm10,2024-07-28T17:00:00Z,59.9,µg/m³
Krukut,pm10,2024-07-29T17:00:00Z,67.5,µg/m³
Krukut,pm10,2024-07-30T17:00:00Z,69.2,µg/m³
Krukut,pm10,2024-07-31T17:00:00Z,74.7,µg/m³
Krukut,pm10,2024-08-01T17:00:00Z,45.0,µg/m³
Krukut,pm10,2024-08-02T17:00:00Z,42.8,µg/m³
Krukut,pm10,2024-08-03T17:00:00Z,55.0,µg/m³
Krukut,pm10,2024-08-04T17:00:00Z,49.6,µg/m³
Krukut,pm10,2024-08-05T17:00:00Z,50.3,µg/m³
Krukut,pm10,2024-08-06T17:00:00Z,60.5,µg/m³
Krukut,pm10,2024-08-07T17:00:00Z,64.1,µg/m³
Krukut,pm10,2024-08-08T17:00:00Z,52.1,µg/m³
Krukut,pm10,2024-08-09T17:00:00Z,50.8,µg/m³
Krukut,pm10,2024-08-10T17:00:00Z,50.9,µg/m³
Krukut,pm10,2024-08-11T17:00:00Z,46.0,µg/m³
Krukut,pm10,2024-08-12T17:00:00Z,57.9,µg/m³
Krukut,pm10,2024-08-13T17:00:00Z,64.3,µg/m³
Krukut,pm10,2024-08-14T17:00:00Z,62.8,µg/m³
Krukut,pm10,2024-08-15T17:00:00Z,61.9,µg/m³
Krukut,pm10,2024-08-16T17:00:00Z,50.6,µg/m³
Krukut,pm10,2024-08-17T17:00:00Z,51.3,µg/m³
Krukut,pm10,2024-08-18T17:00:00Z,61.7,µg/m³
Krukut,pm10,2024-08-19T17:00:00Z,66.8,µg/m³
Krukut,pm10,2024-08-20T17:00:00Z,66.2,µg/m³
Krukut,pm10,2024-08-21T17:00:00Z,54.5,µg/m³
Krukut,pm10,2024-08-22T17:00:00Z,57.9,µg/m³
Krukut,pm10,2024-08-23T17:00:00Z,69.8,µg/m³
Krukut,pm10,2024-08-24T17:00:00Z,50.9,µg/m³
Krukut,pm10,2024-08-25T17:00:00Z,61.7,µg/m³
Krukut,pm10,2024-08-26T17:00:00Z,78.4,µg/m³
Krukut,pm10,2024-08-27T17:00:00Z,55.3,µg/m³
Krukut,pm10,2024-08-28T17:00:00Z,82.5,µg/m³
Krukut,pm10,2024-08-29T17:00:00Z,55.9,µg/m³
Krukut,pm10,2024-08-30T17:00:00Z,45.6,µg/m³
Krukut,pm10,2024-08-31T17:00:00Z,51.2,µg/m³
Krukut,pm10,2024-09-01T17:00:00Z,53.4,µg/m³
Krukut,pm10,2024-09-02T17:00:00Z,60.6,µg/m³
Krukut,pm10,2024-09-03T17:00:00Z,40.5,µg/m³
Krukut,pm10,2024-09-04T17:00:00Z,48.2,µg/m³
Krukut,pm10,2024-09-05T17:00:00Z,55.6,µg/m³
Krukut,pm10,2024-09-06T17:00:00Z,42.1,µg/m³
Krukut,pm10,2024-09-07T17:00:00Z,40.8,µg/m³
Krukut,pm10,2024-09-08T17:00:00Z,41.3,µg/m³
Krukut,pm10,2024-09-09T17:00:00Z,48.2,µg/m³
Krukut,pm10,2024-03-07T17:00:00Z,15.8,µg/m³
Krukut,pm10,2024-03-08T17:00:00Z,31.8,µg/m³
Krukut,pm10,2024-03-09T17:00:00Z,72.8,µg/m³
Krukut,pm25,2024-01-08T17:00:00Z,34.7,µg/m³
Krukut,pm25,2024-01-09T17:00:00Z,41.7,µg/m³
Krukut,pm25,2024-01-10T17:00:00Z,21.7,µg/m³
Krukut,pm25,2024-01-11T17:00:00Z,20.7,µg/m³
Krukut,pm25,2024-01-12T17:00:00Z,25.3,µg/m³
Krukut,pm25,2024-01-13T17:00:00Z,34.3,µg/m³
Krukut,pm25,2024-01-14T17:00:00Z,35.3,µg/m³
Krukut,pm25,2024-01-15T17:00:00Z,13.7,µg/m³
Krukut,pm25,2024-01-30T17:00:00Z,43.5,µg/m³
Krukut,pm25,2024-01-31T17:00:00Z,45.5,µg/m³
Krukut,pm25,2024-02-01T17:00:00Z,37.6,µg/m³
Krukut,pm25,2024-02-02T17:00:00Z,21.5,µg/m³
Krukut,pm25,2024-02-03T17:00:00Z,17.1,µg/m³
Krukut,pm25,2024-02-04T17:00:00Z,34.6,µg/m³
Krukut,pm25,2024-02-05T17:00:00Z,32.2,µg/m³
Krukut,pm25,2024-02-06T17:00:00Z,29.0,µg/m³
Krukut,pm25,2024-02-07T17:00:00Z,31.3,µg/m³
Krukut,pm25,2024-02-08T17:00:00Z,43.9,µg/m³
Krukut,pm25,2024-02-09T17:00:00Z,33.4,µg/m³
Krukut,pm25,2024-02-10T17:00:00Z,31.7,µg/m³
Krukut,pm25,2024-02-11T17:00:00Z,33.3,µg/m³
Krukut,pm25,2024-02-12T17:00:00Z,22.7,µg/m³
Krukut,pm25,2024-02-13T17:00:00Z,20.7,µg/m³
Krukut,pm25,2024-02-14T17:00:00Z,38.5,µg/m³
Krukut,pm25,2024-02-15T17:00:00Z,34.3,µg/m³
Krukut,pm25,2024-02-16T17:00:00Z,25.1,µg/m³
Krukut,pm25,2024-02-17T17:00:00Z,29.0,µg/m³
Krukut,pm25,2024-02-18T17:00:00Z,33.4,µg/m³
Krukut,pm25,2024-02-19T17:00:00Z,37.4,µg/m³
Krukut,pm25,2024-02-20T17:00:00Z,62.2,µg/m³
Krukut,pm25,2024-02-21T17:00:00Z,34.4,µg/m³
Krukut,pm25,2024-02-22T17:00:00Z,27.0,µg/m³
Krukut,pm25,2024-02-23T17:00:00Z,23.3,µg/m³
Krukut,pm25,2024-02-24T17:00:00Z,19.4,µg/m³
Krukut,pm25,2024-02-25T17:00:00Z,17.2,µg/m³
Krukut,pm25,2024-02-26T17:00:00Z,35.6,µg/m³
Krukut,pm25,2024-02-27T17:00:00Z,29.7,µg/m³
Krukut,pm25,2024-02-28T17:00:00Z,29.8,µg/m³
Krukut,pm25,2024-02-29T17:00:00Z,39.7,µg/m³
Krukut,pm25,2024-03-01T17:00:00Z,33.7,µg/m³
Krukut,pm25,2024-03-02T17:00:00Z,28.6,µg/m³
Krukut,pm25,2024-03-03T17:00:00Z,24.7,µg/m³
Krukut,pm25,2024-03-04T17:00:00Z,13.8,µg/m³
Krukut,pm25,2024-03-05T17:00:00Z,12.9,µg/m³
Krukut,pm25,2024-03-06T17:00:00Z,9.71,µg/m³
Krukut,pm25,2024-03-07T17:00:00Z,12.3,µg/m³
Krukut,pm25,2024-03-08T17:00:00Z,27.4,µg/m³
Krukut,pm25,2024-03-09T17:00:00Z,45.4,µg/m³
Krukut,pm25,2024-03-10T17:00:00Z,25.8,µg/m³
Krukut,pm25,2024-03-13T17:00:00Z,34.5,µg/m³
Krukut,pm25,2024-03-14T17:00:00Z,20.8,µg/m³
Krukut,pm25,2024-03-15T17:00:00Z,14.9,µg/m³
Krukut,pm25,2024-03-16T17:00:00Z,15.6,µg/m³
Krukut,pm25,2024-03-17T17:00:00Z,21.3,µg/m³
Krukut,pm25,2024-03-18T17:00:00Z,15.9,µg/m³
Krukut,pm25,2024-03-19T17:00:00Z,15.9,µg/m³
Krukut,pm25,2024-03-20T17:00:00Z,23.2,µg/m³
Krukut,pm25,2024-03-21T17:00:00Z,29.0,µg/m³
Krukut,pm25,2024-03-22T17:00:00Z,77.7,µg/m³
Krukut,pm25,2024-03-23T17:00:00Z,47.9,µg/m³
Krukut,pm25,2024-03-24T17:00:00Z,39.4,µg/m³
Krukut,pm25,2024-03-25T17:00:00Z,50.8,µg/m³
Krukut,pm25,2024-03-26T17:00:00Z,43.4,µg/m³
Krukut,pm25,2024-03-27T17:00:00Z,71.9,µg/m³
Krukut,pm25,2024-03-28T17:00:00Z,55.5,µg/m³
Krukut,pm25,2024-03-29T17:00:00Z,45.6,µg/m³
Krukut,pm25,2024-03-30T17:00:00Z,61.4,µg/m³
Krukut,pm25,2024-03-31T17:00:00Z,72.0,µg/m³
Krukut,pm25,2024-04-01T17:00:00Z,56.2,µg/m³
Krukut,pm25,2024-04-02T17:00:00Z,45.7,µg/m³
Krukut,pm25,2024-04-03T17:00:00Z,49.3,µg/m³
Krukut,pm25,2024-04-04T17:00:00Z,67.8,µg/m³
Krukut,pm25,2024-04-05T17:00:00Z,48.6,µg/m³
Krukut,pm25,2024-04-06T17:00:00Z,46.2,µg/m³
Krukut,pm25,2024-04-07T17:00:00Z,28.9,µg/m³
Krukut,pm25,2024-04-08T17:00:00Z,37.9,µg/m³
Krukut,pm25,2024-04-09T17:00:00Z,50.7,µg/m³
Krukut,pm25,2024-04-10T17:00:00Z,32.9,µg/m³
Krukut,pm25,2024-04-11T17:00:00Z,27.9,µg/m³
Krukut,pm25,2024-04-12T17:00:00Z,31.8,µg/m³
Krukut,pm25,2024-04-13T17:00:00Z,28.8,µg/m³
Krukut,pm25,2024-04-14T17:00:00Z,21.7,µg/m³
Krukut,pm25,2024-04-15T17:00:00Z,31.9,µg/m³
Krukut,pm25,2024-04-16T17:00:00Z,41.2,µg/m³
Krukut,pm25,2024-04-17T17:00:00Z,34.2,µg/m³
Krukut,pm25,2024-04-18T17:00:00Z,39.6,µg/m³
Krukut,pm25,2024-04-19T17:00:00Z,40.7,µg/m³
Krukut,pm25,2024-04-20T17:00:00Z,41.1,µg/m³
Krukut,pm25,2024-04-21T17:00:00Z,32.1,µg/m³
Krukut,pm25,2024-04-22T17:00:00Z,49.5,µg/m³
Krukut,pm25,2024-04-23T17:00:00Z,50.5,µg/m³
Krukut,pm25,2024-04-24T17:00:00Z,42.0,µg/m³
Krukut,pm25,2024-04-25T17:00:00Z,36.7,µg/m³
Krukut,pm25,2024-04-26T17:00:00Z,37.6,µg/m³
Krukut,pm25,2024-04-27T17:00:00Z,40.6,µg/m³
Krukut,pm25,2024-04-28T17:00:00Z,36.8,µg/m³
Krukut,pm25,2024-04-29T17:00:00Z,39.2,µg/m³
Krukut,pm25,2024-04-30T17:00:00Z,41.7,µg/m³
Krukut,pm25,2024-05-01T17:00:00Z,49.4,µg/m³
Krukut,pm25,2024-05-02T17:00:00Z,56.4,µg/m³
Krukut,pm25,2024-05-03T17:00:00Z,50.3,µg/m³
Krukut,pm25,2024-05-04T17:00:00Z,51.0,µg/m³
Krukut,pm25,2024-05-05T17:00:00Z,51.9,µg/m³
Krukut,pm25,2024-05-06T17:00:00Z,53.7,µg/m³
Krukut,pm25,2024-05-07T17:00:00Z,56.3,µg/m³
Krukut,pm25,2024-05-08T17:00:00Z,65.1,µg/m³
Krukut,pm25,2024-05-09T17:00:00Z,53.4,µg/m³
Krukut,pm25,2024-05-10T17:00:00Z,40.3,µg/m³
Krukut,pm25,2024-05-11T17:00:00Z,37.2,µg/m³
Krukut,pm25,2024-05-12T17:00:00Z,42.3,µg/m³
Krukut,pm25,2024-05-13T17:00:00Z,56.8,µg/m³
Krukut,pm25,2024-05-14T17:00:00Z,56.5,µg/m³
Krukut,pm25,2024-05-15T17:00:00Z,62.3,µg/m³
Krukut,pm25,2024-05-16T17:00:00Z,54.7,µg/m³
Krukut,pm25,2024-05-17T17:00:00Z,66.0,µg/m³
Krukut,pm25,2024-05-18T17:00:00Z,55.2,µg/m³
Krukut,pm25,2024-05-19T17:00:00Z,56.0,µg/m³
Krukut,pm25,2024-05-20T17:00:00Z,64.9,µg/m³
Krukut,pm25,2024-05-21T17:00:00Z,54.7,µg/m³
Krukut,pm25,2024-05-22T17:00:00Z,43.2,µg/m³
Krukut,pm25,2024-05-23T17:00:00Z,40.9,µg/m³
Krukut,pm25,2024-05-24T17:00:00Z,40.6,µg/m³
Krukut,pm25,2024-05-25T17:00:00Z,63.6,µg/m³
Krukut,pm25,2024-05-26T17:00:00Z,54.7,µg/m³
Krukut,pm25,2024-05-27T17:00:00Z,53.3,µg/m³
Krukut,pm25,2024-05-28T17:00:00Z,48.2,µg/m³
Krukut,pm25,2024-05-29T17:00:00Z,49.9,µg/m³
Krukut,pm25,2024-05-30T17:00:00Z,56.5,µg/m³
Krukut,pm25,2024-05-31T17:00:00Z,46.6,µg/m³
Krukut,pm25,2024-06-01T17:00:00Z,40.0,µg/m³
Krukut,pm25,2024-06-02T17:00:00Z,29.0,µg/m³
Krukut,pm25,2024-06-03T17:00:00Z,56.3,µg/m³
Krukut,pm25,2024-06-04T17:00:00Z,56.1,µg/m³
Krukut,pm25,2024-06-05T17:00:00Z,45.6,µg/m³
Krukut,pm25,2024-06-06T17:00:00Z,46.9,µg/m³
Krukut,pm25,2024-06-07T17:00:00Z,55.9,µg/m³
Krukut,pm25,2024-06-08T17:00:00Z,54.5,µg/m³
Krukut,pm25,2024-06-09T17:00:00Z,57.3,µg/m³
Krukut,pm25,2024-06-10T17:00:00Z,53.3,µg/m³
Krukut,pm25,2024-06-11T17:00:00Z,41.6,µg/m³
Krukut,pm25,2024-06-12T17:00:00Z,34.0,µg/m³
Krukut,pm25,2024-06-13T17:00:00Z,33.3,µg/m³
Krukut,pm25,2024-06-14T17:00:00Z,49.9,µg/m³
Krukut,pm25,2024-06-15T17:00:00Z,23.6,µg/m³
Krukut,pm25,2024-06-16T17:00:00Z,46.4,µg/m³
Krukut,pm25,2024-06-17T17:00:00Z,73.0,µg/m³
Krukut,pm25,2024-06-18T17:00:00Z,54.8,µg/m³
Krukut,pm25,2024-06-19T17:00:00Z,51.6,µg/m³
Krukut,pm25,2024-06-20T17:00:00Z,50.8,µg/m³
Krukut,pm25,2024-06-21T17:00:00Z,57.5,µg/m³
Krukut,pm25,2024-06-22T17:00:00Z,48.8,µg/m³
Krukut,pm25,2024-06-23T17:00:00Z,52.9,µg/m³
Krukut,pm25,2024-06-24T17:00:00Z,43.1,µg/m³
Krukut,pm25,2024-06-25T17:00:00Z,42.8,µg/m³
Krukut,pm25,2024-06-26T17:00:00Z,42.2,µg/m³
Krukut,pm25,2024-06-27T17:00:00Z,35.8,µg/m³
Krukut,pm25,2024-06-28T17:00:00Z,42.3,µg/m³
Krukut,pm25,2024-06-29T17:00:00Z,28.7,µg/m³
Krukut,pm25,2024-06-30T17:00:00Z,50.4,µg/m³
Krukut,pm25,2024-07-01T17:00:00Z,45.9,µg/m³
Krukut,pm25,2024-07-02T17:00:00Z,60.6,µg/m³
Krukut,pm25,2024-07-03T17:00:00Z,47.2,µg/m³
Krukut,pm25,2024-07-04T17:00:00Z,30.0,µg/m³
Krukut,pm25,2024-07-05T17:00:00Z,18.2,µg/m³
Krukut,pm25,2024-07-06T17:00:00Z,15.5,µg/m³
Krukut,pm25,2024-07-07T17:00:00Z,25.0,µg/m³
Krukut,pm25,2024-07-08T17:00:00Z,49.3,µg/m³
Krukut,pm25,2024-07-09T17:00:00Z,54.5,µg/m³
Krukut,pm25,2024-07-10T17:00:00Z,63.2,µg/m³
Krukut,pm25,2024-07-11T17:00:00Z,40.0,µg/m³
Krukut,pm25,2024-07-12T17:00:00Z,53.6,µg/m³
Krukut,pm25,2024-07-13T17:00:00Z,49.4,µg/m³
Krukut,pm25,2024-07-14T17:00:00Z,49.8,µg/m³
Krukut,pm25,2024-07-15T17:00:00Z,46.3,µg/m³
Krukut,pm25,2024-07-16T17:00:00Z,51.5,µg/m³
Krukut,pm25,2024-07-17T17:00:00Z,46.0,µg/m³
Krukut,pm25,2024-07-18T17:00:00Z,46.6,µg/m³
Krukut,pm25,2024-07-19T17:00:00Z,46.3,µg/m³
Krukut,pm25,2024-07-20T17:00:00Z,41.6,µg/m³
Krukut,pm25,2024-07-21T17:00:00Z,42.7,µg/m³
Krukut,pm25,2024-07-22T17:00:00Z,49.3,µg/m³
Krukut,pm25,2024-07-23T17:00:00Z,53.2,µg/m³
Krukut,pm25,2024-07-24T17:00:00Z,43.1,µg/m³
Krukut,pm25,2024-07-25T17:00:00Z,48.3,µg/m³
Krukut,pm25,2024-07-26T17:00:00Z,51.1,µg/m³
Krukut,pm25,2024-07-27T17:00:00Z,55.3,µg/m³
Krukut,pm25,2024-07-28T17:00:00Z,48.6,µg/m³
Krukut,pm25,2024-07-29T17:00:00Z,56.7,µg/m³
Krukut,pm25,2024-07-30T17:00:00Z,59.2,µg/m³
Krukut,pm25,2024-07-31T17:00:00Z,65.5,µg/m³
Krukut,pm25,2024-08-01T17:00:00Z,38.1,µg/m³
Krukut,pm25,2024-08-02T17:00:00Z,36.6,µg/m³
Krukut,pm25,2024-08-03T17:00:00Z,45.4,µg/m³
Krukut,pm25,2024-08-04T17:00:00Z,41.5,µg/m³
Krukut,pm25,2024-08-05T17:00:00Z,41.8,µg/m³
Krukut,pm25,2024-08-06T17:00:00Z,51.9,µg/m³
Krukut,pm25,2024-08-07T17:00:00Z,55.4,µg/m³
Krukut,pm25,2024-08-08T17:00:00Z,44.5,µg/m³
Krukut,pm25,2024-08-09T17:00:00Z,42.4,µg/m³
Krukut,pm25,2024-08-10T17:00:00Z,42.1,µg/m³
Krukut,pm25,2024-08-11T17:00:00Z,39.1,µg/m³
Krukut,pm25,2024-08-12T17:00:00Z,49.0,µg/m³
Krukut,pm25,2024-08-13T17:00:00Z,54.4,µg/m³
Krukut,pm25,2024-08-14T17:00:00Z,54.5,µg/m³
Krukut,pm25,2024-08-15T17:00:00Z,53.4,µg/m³
Krukut,pm25,2024-08-16T17:00:00Z,42.6,µg/m³
Krukut,pm25,2024-08-17T17:00:00Z,42.7,µg/m³
Krukut,pm25,2024-08-18T17:00:00Z,51.5,µg/m³
Krukut,pm25,2024-08-19T17:00:00Z,57.1,µg/m³
Krukut,pm25,2024-08-20T17:00:00Z,56.5,µg/m³
Krukut,pm25,2024-08-21T17:00:00Z,45.2,µg/m³
Krukut,pm25,2024-08-22T17:00:00Z,47.2,µg/m³
Krukut,pm25,2024-08-23T17:00:00Z,60.7,µg/m³
Krukut,pm25,2024-08-24T17:00:00Z,43.3,µg/m³
Krukut,pm25,2024-08-25T17:00:00Z,53.0,µg/m³
Krukut,pm25,2024-08-26T17:00:00Z,71.9,µg/m³
Krukut,pm25,2024-08-27T17:00:00Z,46.0,µg/m³
Krukut,pm25,2024-08-28T17:00:00Z,74.3,µg/m³
Krukut,pm25,2024-08-29T17:00:00Z,48.4,µg/m³
Krukut,pm25,2024-08-30T17:00:00Z,38.8,µg/m³
Krukut,pm25,2024-08-31T17:00:00Z,42.5,µg/m³
Krukut,pm25,2024-09-01T17:00:00Z,44.2,µg/m³
Krukut,pm25,2024-09-02T17:00:00Z,50.2,µg/m³
Krukut,pm25,2024-09-03T17:00:00Z,35.1,µg/m³
Krukut,pm25,2024-09-04T17:00:00Z,40.5,µg/m³
Krukut,pm25,2024-09-05T17:00:00Z,47.0,µg/m³
Krukut,pm25,2024-09-06T17:00:00Z,36.2,µg/m³
Krukut,pm25,2024-09-07T17:00:00Z,35.3,µg/m³
Krukut,pm25,2024-09-08T17:00:00Z,35.4,µg/m³
Krukut,pm25,2024-09-09T17:00:00Z,40.2,µg/m³
Krukut,relativehumidity,2024-03-06T17:00:00Z,75.4,%
Krukut,relativehumidity,2024-03-07T17:00:00Z,79.1,%
Krukut,relativehumidity,2024-03-08T17:00:00Z,85.5,%
Krukut,relativehumidity,2024-03-09T17:00:00Z,85.1,%
Krukut,relativehumidity,2024-03-10T17:00:00Z,87.2,%
Krukut,relativehumidity,2024-03-13T17:00:00Z,82.7,%
Krukut,relativehumidity,2024-03-14T17:00:00Z,82.0,%
Krukut,relativehumidity,2024-03-15T17:00:00Z,86.6,%
Krukut,relativehumidity,2024-03-16T17:00:00Z,85.8,%
Krukut,relativehumidity,2024-03-17T17:00:00Z,81.4,%
Krukut,relativehumidity,2024-03-18T17:00:00Z,73.2,%
Krukut,relativehumidity,2024-03-19T17:00:00Z,70.5,%
Krukut,relativehumidity,2024-03-20T17:00:00Z,77.7,%
Krukut,relativehumidity,2024-03-21T17:00:00Z,86.2,%
Krukut,relativehumidity,2024-03-22T17:00:00Z,80.8,%
Krukut,relativehumidity,2024-03-23T17:00:00Z,79.3,%
Krukut,relativehumidity,2024-03-24T17:00:00Z,78.9,%
Krukut,relativehumidity,2024-03-25T17:00:00Z,77.7,%
Krukut,relativehumidity,2024-03-26T17:00:00Z,79.3,%
Krukut,relativehumidity,2024-03-27T17:00:00Z,76.6,%
Krukut,relativehumidity,2024-03-28T17:00:00Z,75.0,%
Krukut,relativehumidity,2024-03-29T17:00:00Z,77.3,%
Krukut,relativehumidity,2024-03-30T17:00:00Z,77.7,%
Krukut,relativehumidity,2024-03-31T17:00:00Z,75.6,%
Krukut,relativehumidity,2024-04-01T17:00:00Z,75.5,%
Krukut,relativehumidity,2024-04-02T17:00:00Z,80.3,%
Krukut,relativehumidity,2024-04-03T17:00:00Z,77.4,%
Krukut,relativehumidity,2024-04-04T17:00:00Z,79.6,%
Krukut,relativehumidity,2024-04-05T17:00:00Z,79.4,%
Krukut,relativehumidity,2024-04-06T17:00:00Z,76.1,%
Krukut,relativehumidity,2024-04-07T17:00:00Z,72.9,%
Krukut,relativehumidity,2024-04-08T17:00:00Z,75.0,%
Krukut,relativehumidity,2024-04-09T17:00:00Z,76.2,%
Krukut,relativehumidity,2024-04-10T17:00:00Z,77.4,%
Krukut,relativehumidity,2024-04-11T17:00:00Z,80.7,%
Krukut,relativehumidity,2024-04-12T17:00:00Z,62.9,%
Krukut,relativehumidity,2024-04-13T17:00:00Z,56.2,%
Krukut,relativehumidity,2024-04-14T17:00:00Z,55.2,%
Krukut,relativehumidity,2024-04-15T17:00:00Z,54.5,%
Krukut,relativehumidity,2024-04-16T17:00:00Z,55.4,%
Krukut,relativehumidity,2024-04-17T17:00:00Z,53.7,%
Krukut,relativehumidity,2024-04-18T17:00:00Z,53.6,%
Krukut,relativehumidity,2024-04-19T17:00:00Z,55.5,%
Krukut,relativehumidity,2024-04-20T17:00:00Z,53.9,%
Krukut,relativehumidity,2024-04-21T17:00:00Z,52.7,%
Krukut,relativehumidity,2024-04-22T17:00:00Z,53.7,%
Krukut,relativehumidity,2024-04-23T17:00:00Z,53.5,%
Krukut,relativehumidity,2024-04-24T17:00:00Z,56.6,%
Krukut,relativehumidity,2024-04-25T17:00:00Z,55.8,%
Krukut,relativehumidity,2024-04-26T17:00:00Z,55.2,%
Krukut,relativehumidity,2024-04-27T17:00:00Z,57.0,%
Krukut,relativehumidity,2024-04-28T17:00:00Z,53.3,%
Krukut,relativehumidity,2024-04-29T17:00:00Z,53.9,%
Krukut,relativehumidity,2024-04-30T17:00:00Z,53.3,%
Krukut,relativehumidity,2024-05-01T17:00:00Z,52.7,%
Krukut,relativehumidity,2024-05-02T17:00:00Z,50.7,%
Krukut,relativehumidity,2024-05-03T17:00:00Z,48.8,%
Krukut,relativehumidity,2024-05-04T17:00:00Z,49.4,%
Krukut,relativehumidity,2024-05-05T17:00:00Z,48.7,%
Krukut,relativehumidity,2024-05-06T17:00:00Z,47.6,%
Krukut,relativehumidity,2024-05-07T17:00:00Z,50.4,%
Krukut,relativehumidity,2024-05-08T17:00:00Z,52.1,%
Krukut,relativehumidity,2024-05-09T17:00:00Z,51.7,%
Krukut,relativehumidity,2024-05-10T17:00:00Z,51.1,%
Krukut,relativehumidity,2024-05-11T17:00:00Z,50.0,%
Krukut,relativehumidity,2024-05-12T17:00:00Z,49.5,%
Krukut,relativehumidity,2024-05-13T17:00:00Z,55.0,%
Krukut,relativehumidity,2024-05-14T17:00:00Z,51.9,%
Krukut,relativehumidity,2024-05-15T17:00:00Z,50.0,%
Krukut,relativehumidity,2024-05-16T17:00:00Z,49.9,%
Krukut,relativehumidity,2024-05-17T17:00:00Z,49.1,%
Krukut,relativehumidity,2024-05-18T17:00:00Z,49.7,%
Krukut,relativehumidity,2024-05-19T17:00:00Z,47.4,%
Krukut,relativehumidity,2024-05-20T17:00:00Z,48.7,%
Krukut,relativehumidity,2024-05-21T17:00:00Z,49.2,%
Krukut,relativehumidity,2024-05-22T17:00:00Z,53.7,%
Krukut,relativehumidity,2024-05-23T17:00:00Z,53.4,%
Krukut,relativehumidity,2024-05-24T17:00:00Z,57.4,%
Krukut,relativehumidity,2024-05-25T17:00:00Z,54.9,%
Krukut,relativehumidity,2024-05-26T17:00:00Z,48.3,%
Krukut,relativehumidity,2024-05-27T17:00:00Z,50.9,%
Krukut,relativehumidity,2024-05-28T17:00:00Z,51.2,%
Krukut,relativehumidity,2024-05-29T17:00:00Z,50.9,%
Krukut,relativehumidity,2024-05-30T17:00:00Z,50.3,%
Krukut,relativehumidity,2024-05-31T17:00:00Z,51.3,%
Krukut,relativehumidity,2024-06-01T17:00:00Z,51.7,%
Krukut,relativehumidity,2024-06-02T17:00:00Z,55.9,%
Krukut,relativehumidity,2024-06-03T17:00:00Z,54.0,%
Krukut,relativehumidity,2024-06-04T17:00:00Z,52.0,%
Krukut,relativehumidity,2024-06-05T17:00:00Z,48.9,%
Krukut,relativehumidity,2024-06-06T17:00:00Z,51.0,%
Krukut,relativehumidity,2024-06-07T17:00:00Z,51.2,%
Krukut,relativehumidity,2024-06-08T17:00:00Z,52.0,%
Krukut,relativehumidity,2024-06-09T17:00:00Z,51.7,%
Krukut,relativehumidity,2024-06-10T17:00:00Z,55.1,%
Krukut,relativehumidity,2024-06-11T17:00:00Z,55.4,%
Krukut,relativehumidity,2024-06-12T17:00:00Z,54.2,%
Krukut,relativehumidity,2024-06-13T17:00:00Z,53.5,%
Krukut,relativehumidity,2024-06-14T17:00:00Z,54.1,%
Krukut,relativehumidity,2024-06-15T17:00:00Z,57.8,%
Krukut,relativehumidity,2024-06-16T17:00:00Z,54.7,%
Krukut,relativehumidity,2024-06-17T17:00:00Z,52.3,%
Krukut,relativehumidity,2024-06-18T17:00:00Z,50.9,%
Krukut,relativehumidity,2024-06-19T17:00:00Z,46.5,%
Krukut,relativehumidity,2024-06-20T17:00:00Z,47.3,%
Krukut,relativehumidity,2024-06-21T17:00:00Z,49.0,%
Krukut,relativehumidity,2024-06-22T17:00:00Z,43.6,%
Krukut,relativehumidity,2024-06-23T17:00:00Z,48.6,%
Krukut,relativehumidity,2024-06-24T17:00:00Z,53.3,%
Krukut,relativehumidity,2024-06-25T17:00:00Z,53.5,%
Krukut,relativehumidity,2024-06-26T17:00:00Z,54.4,%
Krukut,relativehumidity,2024-06-27T17:00:00Z,54.8,%
Krukut,relativehumidity,2024-06-28T17:00:00Z,55.6,%
Krukut,relativehumidity,2024-06-29T17:00:00Z,52.4,%
Krukut,relativehumidity,2024-06-30T17:00:00Z,53.1,%
Krukut,relativehumidity,2024-07-01T17:00:00Z,55.8,%
Krukut,relativehumidity,2024-07-02T17:00:00Z,54.2,%
Krukut,relativehumidity,2024-07-03T17:00:00Z,55.8,%
Krukut,relativehumidity,2024-07-04T17:00:00Z,57.1,%
Krukut,relativehumidity,2024-07-05T17:00:00Z,61.0,%
Krukut,relativehumidity,2024-07-06T17:00:00Z,58.8,%
Krukut,relativehumidity,2024-07-07T17:00:00Z,56.0,%
Krukut,relativehumidity,2024-07-08T17:00:00Z,56.3,%
Krukut,relativehumidity,2024-07-09T17:00:00Z,52.1,%
Krukut,relativehumidity,2024-07-10T17:00:00Z,50.3,%
Krukut,relativehumidity,2024-07-11T17:00:00Z,45.4,%
Krukut,relativehumidity,2024-07-12T17:00:00Z,45.3,%
Krukut,relativehumidity,2024-07-13T17:00:00Z,43.7,%
Krukut,relativehumidity,2024-07-14T17:00:00Z,41.8,%
Krukut,relativehumidity,2024-07-15T17:00:00Z,43.1,%
Krukut,relativehumidity,2024-07-16T17:00:00Z,46.0,%
Krukut,relativehumidity,2024-07-17T17:00:00Z,48.2,%
Krukut,relativehumidity,2024-07-18T17:00:00Z,46.3,%
Krukut,relativehumidity,2024-07-19T17:00:00Z,45.4,%
Krukut,relativehumidity,2024-07-20T17:00:00Z,46.9,%
Krukut,relativehumidity,2024-07-21T17:00:00Z,47.3,%
Krukut,relativehumidity,2024-07-22T17:00:00Z,44.1,%
Krukut,relativehumidity,2024-07-23T17:00:00Z,46.8,%
Krukut,relativehumidity,2024-07-24T17:00:00Z,47.0,%
Krukut,relativehumidity,2024-07-25T17:00:00Z,47.7,%
Krukut,relativehumidity,2024-07-26T17:00:00Z,47.2,%
Krukut,relativehumidity,2024-07-27T17:00:00Z,47.2,%
Krukut,relativehumidity,2024-07-28T17:00:00Z,44.8,%
Krukut,relativehumidity,2024-07-29T17:00:00Z,44.4,%
Krukut,relativehumidity,2024-07-30T17:00:00Z,46.6,%
Krukut,relativehumidity,2024-07-31T17:00:00Z,48.8,%
Krukut,relativehumidity,2024-08-01T17:00:00Z,50.3,%
Krukut,relativehumidity,2024-08-02T17:00:00Z,51.9,%
Krukut,relativehumidity,2024-08-03T17:00:00Z,50.0,%
Krukut,relativehumidity,2024-08-04T17:00:00Z,48.9,%
Krukut,relativehumidity,2024-08-05T17:00:00Z,46.6,%
Krukut,relativehumidity,2024-08-06T17:00:00Z,47.6,%
Krukut,relativehumidity,2024-08-07T17:00:00Z,46.0,%
Krukut,relativehumidity,2024-08-08T17:00:00Z,46.6,%
Krukut,relativehumidity,2024-08-09T17:00:00Z,48.6,%
Krukut,relativehumidity,2024-08-10T17:00:00Z,48.8,%
Krukut,relativehumidity,2024-08-11T17:00:00Z,41.6,%
Krukut,relativehumidity,2024-08-12T17:00:00Z,40.7,%
Krukut,relativehumidity,2024-08-13T17:00:00Z,44.1,%
Krukut,relativehumidity,2024-08-14T17:00:00Z,46.3,%
Krukut,relativehumidity,2024-08-15T17:00:00Z,45.0,%
Krukut,relativehumidity,2024-08-16T17:00:00Z,47.0,%
Krukut,relativehumidity,2024-08-17T17:00:00Z,48.4,%
Krukut,relativehumidity,2024-08-18T17:00:00Z,48.0,%
Krukut,relativehumidity,2024-08-19T17:00:00Z,48.8,%
Krukut,relativehumidity,2024-08-20T17:00:00Z,48.9,%
Krukut,relativehumidity,2024-08-21T17:00:00Z,49.0,%
Krukut,relativehumidity,2024-08-22T17:00:00Z,48.5,%
Krukut,relativehumidity,2024-08-23T17:00:00Z,47.9,%
Krukut,relativehumidity,2024-08-24T17:00:00Z,45.0,%
Krukut,relativehumidity,2024-08-25T17:00:00Z,46.2,%
Krukut,relativehumidity,2024-08-26T17:00:00Z,47.8,%
Krukut,relativehumidity,2024-08-27T17:00:00Z,45.0,%
Krukut,relativehumidity,2024-08-28T17:00:00Z,46.3,%
Krukut,relativehumidity,2024-08-29T17:00:00Z,45.9,%
Krukut,relativehumidity,2024-08-30T17:00:00Z,46.0,%
Krukut,relativehumidity,2024-08-31T17:00:00Z,48.8,%
Krukut,relativehumidity,2024-09-01T17:00:00Z,49.4,%
Krukut,relativehumidity,2024-09-02T17:00:00Z,47.3,%
Krukut,relativehumidity,2024-09-03T17:00:00Z,45.4,%
Krukut,relativehumidity,2024-09-04T17:00:00Z,46.9,%
Krukut,relativehumidity,2024-09-05T17:00:00Z,48.6,%
Krukut,relativehumidity,2024-09-06T17:00:00Z,42.9,%
Krukut,relativehumidity,2024-09-07T17:00:00Z,45.0,%
Krukut,relativehumidity,2024-09-08T17:00:00Z,48.3,%
Krukut,relativehumidity,2024-09-09T17:00:00Z,51.4,%
Krukut,temperature,2024-01-08T17:00:00Z,29.5,c
Krukut,temperature,2024-01-09T17:00:00Z,28.8,c
Krukut,temperature,2024-01-10T17:00:00Z,27.9,c
Krukut,temperature,2024-01-11T17:00:00Z,28.4,c
Krukut,temperature,2024-01-12T17:00:00Z,28.2,c
Krukut,temperature,2024-01-13T17:00:00Z,28.8,c
Krukut,temperature,2024-01-14T17:00:00Z,28.9,c
Krukut,temperature,2024-01-15T17:00:00Z,28.1,c
Krukut,temperature,2024-01-30T17:00:00Z,28.0,c
Krukut,temperature,2024-01-31T17:00:00Z,28.4,c
Krukut,temperature,2024-02-01T17:00:00Z,28.3,c
Krukut,temperature,2024-02-02T17:00:00Z,28.0,c
Krukut,temperature,2024-02-03T17:00:00Z,28.3,c
Krukut,temperature,2024-02-04T17:00:00Z,28.5,c
Krukut,temperature,2024-02-05T17:00:00Z,28.0,c
Krukut,temperature,2024-02-06T17:00:00Z,28.1,c
Krukut,temperature,2024-02-07T17:00:00Z,28.6,c
Krukut,temperature,2024-02-08T17:00:00Z,29.2,c
Krukut,temperature,2024-02-09T17:00:00Z,29.2,c
Krukut,temperature,2024-02-10T17:00:00Z,29.2,c
Krukut,temperature,2024-02-11T17:00:00Z,29.7,c
Krukut,temperature,2024-02-12T17:00:00Z,29.7,c
Krukut,temperature,2024-02-13T17:00:00Z,29.3,c
Krukut,temperature,2024-02-14T17:00:00Z,29.5,c
Krukut,temperature,2024-02-15T17:00:00Z,29.2,c
Krukut,temperature,2024-02-16T17:00:00Z,29.3,c
Krukut,temperature,2024-02-17T17:00:00Z,29.8,c
Krukut,temperature,2024-02-18T17:00:00Z,30.2,c
Krukut,temperature,2024-02-19T17:00:00Z,30.2,c
Krukut,temperature,2024-02-20T17:00:00Z,30.2,c
Krukut,temperature,2024-02-21T17:00:00Z,29.9,c
Krukut,temperature,2024-02-22T17:00:00Z,30.1,c
Krukut,temperature,2024-02-23T17:00:00Z,29.9,c
Krukut,temperature,2024-02-24T17:00:00Z,29.7,c
Krukut,temperature,2024-02-25T17:00:00Z,29.2,c
Krukut,temperature,2024-02-26T17:00:00Z,30.1,c
Krukut,temperature,2024-02-27T17:00:00Z,29.1,c
Krukut,temperature,2024-02-28T17:00:00Z,28.2,c
Krukut,temperature,2024-02-29T17:00:00Z,29.2,c
Krukut,temperature,2024-03-01T17:00:00Z,28.9,c
Krukut,temperature,2024-03-02T17:00:00Z,28.8,c
Krukut,temperature,2024-03-03T17:00:00Z,28.9,c
Krukut,temperature,2024-03-04T17:00:00Z,29.4,c
Krukut,temperature,2024-03-05T17:00:00Z,29.4,c
Krukut,temperature,2024-03-06T17:00:00Z,29.4,c
Krukut,temperature,2024-03-07T17:00:00Z,28.8,c
Krukut,temperature,2024-03-08T17:00:00Z,27.4,c
Krukut,temperature,2024-03-09T17:00:00Z,28.1,c
Krukut,temperature,2024-03-10T17:00:00Z,28.3,c
Krukut,temperature,2024-03-13T17:00:00Z,28.1,c
Krukut,temperature,2024-03-14T17:00:00Z,27.8,c
Krukut,temperature,2024-03-15T17:00:00Z,27.1,c
Krukut,temperature,2024-03-16T17:00:00Z,27.5,c
Krukut,temperature,2024-03-17T17:00:00Z,28.1,c
Krukut,temperature,2024-03-18T17:00:00Z,29.1,c
Krukut,temperature,2024-03-19T17:00:00Z,29.2,c
Krukut,temperature,2024-03-20T17:00:00Z,29.0,c
Krukut,temperature,2024-03-21T17:00:00Z,28.0,c
Krukut,temperature,2024-03-22T17:00:00Z,29.3,c
Krukut,temperature,2024-03-23T17:00:00Z,30.2,c
Krukut,temperature,2024-03-24T17:00:00Z,30.0,c
Krukut,temperature,2024-03-25T17:00:00Z,30.5,c
Krukut,temperature,2024-03-26T17:00:00Z,29.6,c
Krukut,temperature,2024-03-27T17:00:00Z,30.1,c
Krukut,temperature,2024-03-28T17:00:00Z,30.5,c
Krukut,temperature,2024-03-29T17:00:00Z,30.4,c
Krukut,temperature,2024-03-30T17:00:00Z,30.6,c
Krukut,temperature,2024-03-31T17:00:00Z,30.9,c
Krukut,temperature,2024-04-01T17:00:00Z,30.5,c
Krukut,temperature,2024-04-02T17:00:00Z,29.7,c
Krukut,temperature,2024-04-03T17:00:00Z,30.3,c
Krukut,temperature,2024-04-04T17:00:00Z,29.9,c
Krukut,temperature,2024-04-05T17:00:00Z,29.7,c
Krukut,temperature,2024-04-06T17:00:00Z,30.9,c
Krukut,temperature,2024-04-07T17:00:00Z,30.9,c
Krukut,temperature,2024-04-08T17:00:00Z,30.5,c
Krukut,temperature,2024-04-09T17:00:00Z,30.6,c
Krukut,temperature,2024-04-10T17:00:00Z,30.9,c
Krukut,temperature,2024-04-11T17:00:00Z,29.9,c
Krukut,temperature,2024-04-12T17:00:00Z,30.6,c
Krukut,temperature,2024-04-13T17:00:00Z,30.1,c
Krukut,temperature,2024-04-14T17:00:00Z,30.3,c
Krukut,temperature,2024-04-15T17:00:00Z,31.1,c
Krukut,temperature,2024-04-16T17:00:00Z,30.3,c
Krukut,temperature,2024-04-17T17:00:00Z,30.5,c
Krukut,temperature,2024-04-18T17:00:00Z,30.2,c
Krukut,temperature,2024-04-19T17:00:00Z,30.3,c
Krukut,temperature,2024-04-20T17:00:00Z,30.5,c
Krukut,temperature,2024-04-21T17:00:00Z,30.9,c
Krukut,temperature,2024-04-22T17:00:00Z,31.0,c
Krukut,temperature,2024-04-23T17:00:00Z,31.0,c
Krukut,temperature,2024-04-24T17:00:00Z,30.2,c
Krukut,temperature,2024-04-25T17:00:00Z,30.2,c
Krukut,temperature,2024-04-26T17:00:00Z,30.4,c
Krukut,temperature,2024-04-27T17:00:00Z,30.3,c
Krukut,temperature,2024-04-28T17:00:00Z,31.4,c
Krukut,temperature,2024-04-29T17:00:00Z,31.4,c
Krukut,temperature,2024-04-30T17:00:00Z,31.1,c
Krukut,temperature,2024-05-01T17:00:00Z,31.3,c
Krukut,temperature,2024-05-02T17:00:00Z,31.6,c
Krukut,temperature,2024-05-03T17:00:00Z,31.4,c
Krukut,temperature,2024-05-04T17:00:00Z,31.4,c
Krukut,temperature,2024-05-05T17:00:00Z,31.3,c
Krukut,temperature,2024-05-06T17:00:00Z,31.2,c
Krukut,temperature,2024-05-07T17:00:00Z,31.0,c
Krukut,temperature,2024-05-08T17:00:00Z,31.0,c
Krukut,temperature,2024-05-09T17:00:00Z,31.5,c
Krukut,temperature,2024-05-10T17:00:00Z,31.4,c
Krukut,temperature,2024-05-11T17:00:00Z,31.6,c
Krukut,temperature,2024-05-12T17:00:00Z,32.0,c
Krukut,temperature,2024-05-13T17:00:00Z,30.6,c
Krukut,temperature,2024-05-14T17:00:00Z,30.9,c
Krukut,temperature,2024-05-15T17:00:00Z,31.4,c
Krukut,temperature,2024-05-16T17:00:00Z,31.1,c
Krukut,temperature,2024-05-17T17:00:00Z,31.1,c
Krukut,temperature,2024-05-18T17:00:00Z,31.3,c
Krukut,temperature,2024-05-19T17:00:00Z,31.4,c
Krukut,temperature,2024-05-20T17:00:00Z,31.4,c
Krukut,temperature,2024-05-21T17:00:00Z,31.3,c
Krukut,temperature,2024-05-22T17:00:00Z,30.6,c
Krukut,temperature,2024-05-23T17:00:00Z,30.6,c
Krukut,temperature,2024-05-24T17:00:00Z,29.6,c
Krukut,temperature,2024-05-25T17:00:00Z,30.3,c
Krukut,temperature,2024-05-26T17:00:00Z,31.4,c
Krukut,temperature,2024-05-27T17:00:00Z,31.3,c
Krukut,temperature,2024-05-28T17:00:00Z,31.2,c
Krukut,temperature,2024-05-29T17:00:00Z,31.4,c
Krukut,temperature,2024-05-30T17:00:00Z,31.3,c
Krukut,temperature,2024-05-31T17:00:00Z,30.9,c
Krukut,temperature,2024-06-01T17:00:00Z,30.6,c
Krukut,temperature,2024-06-02T17:00:00Z,30.0,c
Krukut,temperature,2024-06-03T17:00:00Z,30.6,c
Krukut,temperature,2024-06-04T17:00:00Z,30.6,c
Krukut,temperature,2024-06-05T17:00:00Z,30.7,c
Krukut,temperature,2024-06-06T17:00:00Z,30.9,c
Krukut,temperature,2024-06-07T17:00:00Z,31.0,c
Krukut,temperature,2024-06-08T17:00:00Z,31.0,c
Krukut,temperature,2024-06-09T17:00:00Z,31.1,c
Krukut,temperature,2024-06-10T17:00:00Z,30.5,c
Krukut,temperature,2024-06-11T17:00:00Z,30.1,c
Krukut,temperature,2024-06-12T17:00:00Z,29.9,c
Krukut,temperature,2024-06-13T17:00:00Z,30.3,c
Krukut,temperature,2024-06-14T17:00:00Z,30.4,c
Krukut,temperature,2024-06-15T17:00:00Z,29.3,c
Krukut,temperature,2024-06-16T17:00:00Z,30.3,c
Krukut,temperature,2024-06-17T17:00:00Z,30.5,c
Krukut,temperature,2024-06-18T17:00:00Z,30.7,c
Krukut,temperature,2024-06-19T17:00:00Z,30.7,c
Krukut,temperature,2024-06-20T17:00:00Z,30.7,c
Krukut,temperature,2024-06-21T17:00:00Z,30.7,c
Krukut,temperature,2024-06-22T17:00:00Z,30.8,c
Krukut,temperature,2024-06-23T17:00:00Z,30.9,c
Krukut,temperature,2024-06-24T17:00:00Z,29.9,c
Krukut,temperature,2024-06-25T17:00:00Z,30.2,c
Krukut,temperature,2024-06-26T17:00:00Z,30.6,c
Krukut,temperature,2024-06-27T17:00:00Z,30.6,c
Krukut,temperature,2024-06-28T17:00:00Z,29.6,c
Krukut,temperature,2024-06-29T17:00:00Z,29.8,c
Krukut,temperature,2024-06-30T17:00:00Z,30.4,c
Krukut,temperature,2024-07-01T17:00:00Z,29.7,c
Krukut,temperature,2024-07-02T17:00:00Z,29.8,c
Krukut,temperature,2024-07-03T17:00:00Z,29.2,c
Krukut,temperature,2024-07-04T17:00:00Z,28.6,c
Krukut,temperature,2024-07-05T17:00:00Z,27.6,c
Krukut,temperature,2024-07-06T17:00:00Z,28.0,c
Krukut,temperature,2024-07-07T17:00:00Z,29.6,c
Krukut,temperature,2024-07-08T17:00:00Z,29.8,c
Krukut,temperature,2024-07-09T17:00:00Z,29.9,c
Krukut,temperature,2024-07-10T17:00:00Z,30.4,c
Krukut,temperature,2024-07-11T17:00:00Z,30.3,c
Krukut,temperature,2024-07-12T17:00:00Z,29.9,c
Krukut,temperature,2024-07-13T17:00:00Z,30.1,c
Krukut,temperature,2024-07-14T17:00:00Z,30.3,c
Krukut,temperature,2024-07-15T17:00:00Z,30.8,c
Krukut,temperature,2024-07-16T17:00:00Z,31.0,c
Krukut,temperature,2024-07-17T17:00:00Z,30.6,c
Krukut,temperature,2024-07-18T17:00:00Z,31.2,c
Krukut,temperature,2024-07-19T17:00:00Z,30.6,c
Krukut,temperature,2024-07-20T17:00:00Z,30.7,c
Krukut,temperature,2024-07-21T17:00:00Z,30.8,c
Krukut,temperature,2024-07-22T17:00:00Z,31.0,c
Krukut,temperature,2024-07-23T17:00:00Z,30.6,c
Krukut,temperature,2024-07-24T17:00:00Z,30.8,c
Krukut,temperature,2024-07-25T17:00:00Z,30.6,c
Krukut,temperature,2024-07-26T17:00:00Z,30.8,c
Krukut,temperature,2024-07-27T17:00:00Z,31.0,c
Krukut,temperature,2024-07-28T17:00:00Z,31.3,c
Krukut,temperature,2024-07-29T17:00:00Z,31.7,c
Krukut,temperature,2024-07-30T17:00:00Z,31.2,c
Krukut,temperature,2024-07-31T17:00:00Z,31.2,c
Krukut,temperature,2024-08-01T17:00:00Z,30.4,c
Krukut,temperature,2024-08-02T17:00:00Z,30.2,c
Krukut,temperature,2024-08-03T17:00:00Z,30.9,c
Krukut,temperature,2024-08-04T17:00:00Z,30.7,c
Krukut,temperature,2024-08-05T17:00:00Z,31.2,c
Krukut,temperature,2024-08-06T17:00:00Z,30.9,c
Krukut,temperature,2024-08-07T17:00:00Z,30.9,c
Krukut,temperature,2024-08-08T17:00:00Z,31.2,c
Krukut,temperature,2024-08-09T17:00:00Z,31.1,c
Krukut,temperature,2024-08-10T17:00:00Z,31.0,c
Krukut,temperature,2024-08-11T17:00:00Z,31.2,c
Krukut,temperature,2024-08-12T17:00:00Z,31.2,c
Krukut,temperature,2024-08-13T17:00:00Z,31.3,c
Krukut,temperature,2024-08-14T17:00:00Z,31.1,c
Krukut,temperature,2024-08-15T17:00:00Z,31.0,c
Krukut,temperature,2024-08-16T17:00:00Z,30.9,c
Krukut,temperature,2024-08-17T17:00:00Z,31.1,c
Krukut,temperature,2024-08-18T17:00:00Z,31.3,c
Krukut,temperature,2024-08-19T17:00:00Z,30.9,c
Krukut,temperature,2024-08-20T17:00:00Z,30.9,c
Krukut,temperature,2024-08-21T17:00:00Z,30.7,c
Krukut,temperature,2024-08-22T17:00:00Z,30.8,c
Krukut,temperature,2024-08-23T17:00:00Z,30.8,c
Krukut,temperature,2024-08-24T17:00:00Z,30.9,c
Krukut,temperature,2024-08-25T17:00:00Z,31.1,c
Krukut,temperature,2024-08-26T17:00:00Z,30.9,c
Krukut,temperature,2024-08-27T17:00:00Z,30.2,c
Krukut,temperature,2024-08-28T17:00:00Z,30.9,c
Krukut,temperature,2024-08-29T17:00:00Z,30.6,c
Krukut,temperature,2024-08-30T17:00:00Z,30.6,c
Krukut,temperature,2024-08-31T17:00:00Z,30.9,c
Krukut,temperature,2024-09-01T17:00:00Z,31.4,c
Krukut,temperature,2024-09-02T17:00:00Z,31.5,c
Krukut,temperature,2024-09-03T17:00:00Z,30.9,c
Krukut,temperature,2024-09-04T17:00:00Z,31.2,c
Krukut,temperature,2024-09-05T17:00:00Z,31.0,c
Krukut,temperature,2024-09-06T17:00:00Z,31.8,c
Krukut,temperature,2024-09-07T17:00:00Z,31.8,c
Krukut,temperature,2024-09-08T17:00:00Z,31.5,c
Krukut,temperature,2024-09-09T17:00:00Z,30.5,c
Krukut,um003,2024-03-06T17:00:00Z,1450.0,particles/cm³
Krukut,um003,2024-03-07T17:00:00Z,1480.0,particles/cm³
Krukut,um003,2024-03-08T17:00:00Z,3590.0,particles/cm³
Krukut,um003,2024-03-09T17:00:00Z,6370.0,particles/cm³
Krukut,um003,2024-03-10T17:00:00Z,3020.0,particles/cm³
Krukut,um003,2024-03-13T17:00:00Z,3910.0,particles/cm³
Krukut,um003,2024-03-14T17:00:00Z,2350.0,particles/cm³
Krukut,um003,2024-03-15T17:00:00Z,1750.0,particles/cm³
Krukut,um003,2024-03-16T17:00:00Z,1790.0,particles/cm³
Krukut,um003,2024-03-17T17:00:00Z,2310.0,particles/cm³
Krukut,um003,2024-03-18T17:00:00Z,1890.0,particles/cm³
Krukut,um003,2024-03-19T17:00:00Z,1880.0,particles/cm³
Krukut,um003,2024-03-20T17:00:00Z,2620.0,particles/cm³
Krukut,um003,2024-03-21T17:00:00Z,3600.0,particles/cm³
Krukut,um003,2024-03-22T17:00:00Z,10600.0,particles/cm³
Krukut,um003,2024-03-23T17:00:00Z,6280.0,particles/cm³
Krukut,um003,2024-03-24T17:00:00Z,4730.0,particles/cm³
Krukut,um003,2024-03-25T17:00:00Z,7060.0,particles/cm³
Krukut,um003,2024-03-26T17:00:00Z,5730.0,particles/cm³
Krukut,um003,2024-03-27T17:00:00Z,10300.0,particles/cm³
Krukut,um003,2024-03-28T17:00:00Z,7600.0,particles/cm³
Krukut,um003,2024-03-29T17:00:00Z,6170.0,particles/cm³
Krukut,um003,2024-03-30T17:00:00Z,8480.0,particles/cm³
Krukut,um003,2024-03-31T17:00:00Z,10000.0,particles/cm³
Krukut,um003,2024-04-01T17:00:00Z,7740.0,particles/cm³
Krukut,um003,2024-04-02T17:00:00Z,6210.0,particles/cm³
Krukut,um003,2024-04-03T17:00:00Z,6790.0,particles/cm³
Krukut,um003,2024-04-04T17:00:00Z,9270.0,particles/cm³
Krukut,um003,2024-04-05T17:00:00Z,6480.0,particles/cm³
Krukut,um003,2024-04-06T17:00:00Z,6190.0,particles/cm³
Krukut,um003,2024-04-07T17:00:00Z,3520.0,particles/cm³
Krukut,um003,2024-04-08T17:00:00Z,5080.0,particles/cm³
Krukut,um003,2024-04-09T17:00:00Z,6950.0,particles/cm³
Krukut,um003,2024-04-10T17:00:00Z,3830.0,particles/cm³
Krukut,um003,2024-04-11T17:00:00Z,3060.0,particles/cm³
Krukut,um003,2024-04-12T17:00:00Z,3820.0,particles/cm³
Krukut,um003,2024-04-13T17:00:00Z,3180.0,particles/cm³
Krukut,um003,2024-04-14T17:00:00Z,2600.0,particles/cm³
Krukut,um003,2024-04-15T17:00:00Z,3680.0,particles/cm³
Krukut,um003,2024-04-16T17:00:00Z,5230.0,particles/cm³
Krukut,um003,2024-04-17T17:00:00Z,4230.0,particles/cm³
Krukut,um003,2024-04-18T17:00:00Z,4990.0,particles/cm³
Krukut,um003,2024-04-19T17:00:00Z,5450.0,particles/cm³
Krukut,um003,2024-04-20T17:00:00Z,5410.0,particles/cm³
Krukut,um003,2024-04-21T17:00:00Z,4120.0,particles/cm³
Krukut,um003,2024-04-22T17:00:00Z,6790.0,particles/cm³
Krukut,um003,2024-04-23T17:00:00Z,6960.0,particles/cm³
Krukut,um003,2024-04-24T17:00:00Z,5130.0,particles/cm³
Krukut,um003,2024-04-25T17:00:00Z,4580.0,particles/cm³
Krukut,um003,2024-04-26T17:00:00Z,5080.0,particles/cm³
Krukut,um003,2024-04-27T17:00:00Z,5230.0,particles/cm³
Krukut,um003,2024-04-28T17:00:00Z,4420.0,particles/cm³
Krukut,um003,2024-04-29T17:00:00Z,5020.0,particles/cm³
Krukut,um003,2024-04-30T17:00:00Z,5180.0,particles/cm³
Krukut,um003,2024-05-01T17:00:00Z,6630.0,particles/cm³
Krukut,um003,2024-05-02T17:00:00Z,8040.0,particles/cm³
Krukut,um003,2024-05-03T17:00:00Z,7020.0,particles/cm³
Krukut,um003,2024-05-04T17:00:00Z,7180.0,particles/cm³
Krukut,um003,2024-05-05T17:00:00Z,7300.0,particles/cm³
Krukut,um003,2024-05-06T17:00:00Z,7610.0,particles/cm³
Krukut,um003,2024-05-07T17:00:00Z,7950.0,particles/cm³
Krukut,um003,2024-05-08T17:00:00Z,8960.0,particles/cm³
Krukut,um003,2024-05-09T17:00:00Z,7320.0,particles/cm³
Krukut,um003,2024-05-10T17:00:00Z,5310.0,particles/cm³
Krukut,um003,2024-05-11T17:00:00Z,4910.0,particles/cm³
Krukut,um003,2024-05-12T17:00:00Z,5380.0,particles/cm³
Krukut,um003,2024-05-13T17:00:00Z,8010.0,particles/cm³
Krukut,um003,2024-05-14T17:00:00Z,7850.0,particles/cm³
Krukut,um003,2024-05-15T17:00:00Z,8570.0,particles/cm³
Krukut,um003,2024-05-16T17:00:00Z,7610.0,particles/cm³
Krukut,um003,2024-05-17T17:00:00Z,9180.0,particles/cm³
Krukut,um003,2024-05-18T17:00:00Z,7720.0,particles/cm³
Krukut,um003,2024-05-19T17:00:00Z,8040.0,particles/cm³
Krukut,um003,2024-05-20T17:00:00Z,9450.0,particles/cm³
Krukut,um003,2024-05-21T17:00:00Z,7450.0,particles/cm³
Krukut,um003,2024-05-22T17:00:00Z,5520.0,particles/cm³
Krukut,um003,2024-05-23T17:00:00Z,5280.0,particles/cm³
Krukut,um003,2024-05-24T17:00:00Z,4960.0,particles/cm³
Krukut,um003,2024-05-25T17:00:00Z,8830.0,particles/cm³
Krukut,um003,2024-05-26T17:00:00Z,7490.0,particles/cm³
Krukut,um003,2024-05-27T17:00:00Z,7180.0,particles/cm³
Krukut,um003,2024-05-28T17:00:00Z,6390.0,particles/cm³
Krukut,um003,2024-05-29T17:00:00Z,6910.0,particles/cm³
Krukut,um003,2024-05-30T17:00:00Z,7660.0,particles/cm³
Krukut,um003,2024-05-31T17:00:00Z,6050.0,particles/cm³
Krukut,um003,2024-06-01T17:00:00Z,5320.0,particles/cm³
Krukut,um003,2024-06-02T17:00:00Z,3360.0,particles/cm³
Krukut,um003,2024-06-03T17:00:00Z,7940.0,particles/cm³
Krukut,um003,2024-06-04T17:00:00Z,7840.0,particles/cm³
Krukut,um003,2024-06-05T17:00:00Z,6080.0,particles/cm³
Krukut,um003,2024-06-06T17:00:00Z,6220.0,particles/cm³
Krukut,um003,2024-06-07T17:00:00Z,7760.0,particles/cm³
Krukut,um003,2024-06-08T17:00:00Z,7560.0,particles/cm³
Krukut,um003,2024-06-09T17:00:00Z,7960.0,particles/cm³
Krukut,um003,2024-06-10T17:00:00Z,7550.0,particles/cm³
Krukut,um003,2024-06-11T17:00:00Z,5790.0,particles/cm³
Krukut,um003,2024-06-12T17:00:00Z,4310.0,particles/cm³
Krukut,um003,2024-06-13T17:00:00Z,4320.0,particles/cm³
Krukut,um003,2024-06-14T17:00:00Z,6840.0,particles/cm³
Krukut,um003,2024-06-15T17:00:00Z,2840.0,particles/cm³
Krukut,um003,2024-06-16T17:00:00Z,6200.0,particles/cm³
Krukut,um003,2024-06-17T17:00:00Z,10400.0,particles/cm³
Krukut,um003,2024-06-18T17:00:00Z,7610.0,particles/cm³
Krukut,um003,2024-06-19T17:00:00Z,7230.0,particles/cm³
Krukut,um003,2024-06-20T17:00:00Z,7110.0,particles/cm³
Krukut,um003,2024-06-21T17:00:00Z,8070.0,particles/cm³
Krukut,um003,2024-06-22T17:00:00Z,6670.0,particles/cm³
Krukut,um003,2024-06-23T17:00:00Z,7430.0,particles/cm³
Krukut,um003,2024-06-24T17:00:00Z,5870.0,particles/cm³
Krukut,um003,2024-06-25T17:00:00Z,5860.0,particles/cm³
Krukut,um003,2024-06-26T17:00:00Z,5730.0,particles/cm³
Krukut,um003,2024-06-27T17:00:00Z,4840.0,particles/cm³
Krukut,um003,2024-06-28T17:00:00Z,5820.0,particles/cm³
Krukut,um003,2024-06-29T17:00:00Z,3410.0,particles/cm³
Krukut,um003,2024-06-30T17:00:00Z,7180.0,particles/cm³
Krukut,um003,2024-07-01T17:00:00Z,6110.0,particles/cm³
Krukut,um003,2024-07-02T17:00:00Z,8600.0,particles/cm³
Krukut,um003,2024-07-03T17:00:00Z,6580.0,particles/cm³
Krukut,um003,2024-07-04T17:00:00Z,3750.0,particles/cm³
Krukut,um003,2024-07-05T17:00:00Z,2120.0,particles/cm³
Krukut,um003,2024-07-06T17:00:00Z,1890.0,particles/cm³
Krukut,um003,2024-07-07T17:00:00Z,2930.0,particles/cm³
Krukut,um003,2024-07-08T17:00:00Z,6550.0,particles/cm³
Krukut,um003,2024-07-09T17:00:00Z,7640.0,particles/cm³
Krukut,um003,2024-07-10T17:00:00Z,9010.0,particles/cm³
Krukut,um003,2024-07-11T17:00:00Z,5290.0,particles/cm³
Krukut,um003,2024-07-12T17:00:00Z,7550.0,particles/cm³
Krukut,um003,2024-07-13T17:00:00Z,6930.0,particles/cm³
Krukut,um003,2024-07-14T17:00:00Z,7200.0,particles/cm³
Krukut,um003,2024-07-15T17:00:00Z,6460.0,particles/cm³
Krukut,um003,2024-07-16T17:00:00Z,7440.0,particles/cm³
Krukut,um003,2024-07-17T17:00:00Z,6200.0,particles/cm³
Krukut,um003,2024-07-18T17:00:00Z,6270.0,particles/cm³
Krukut,um003,2024-07-19T17:00:00Z,6270.0,particles/cm³
Krukut,um003,2024-07-20T17:00:00Z,5510.0,particles/cm³
Krukut,um003,2024-07-21T17:00:00Z,5820.0,particles/cm³
Krukut,um003,2024-07-22T17:00:00Z,6870.0,particles/cm³
Krukut,um003,2024-07-23T17:00:00Z,7620.0,particles/cm³
Krukut,um003,2024-07-24T17:00:00Z,5510.0,particles/cm³
Krukut,um003,2024-07-25T17:00:00Z,6810.0,particles/cm³
Krukut,um003,2024-07-26T17:00:00Z,7250.0,particles/cm³
Krukut,um003,2024-07-27T17:00:00Z,7700.0,particles/cm³
Krukut,um003,2024-07-28T17:00:00Z,6690.0,particles/cm³
Krukut,um003,2024-07-29T17:00:00Z,8150.0,particles/cm³
Krukut,um003,2024-07-30T17:00:00Z,8400.0,particles/cm³
Krukut,um003,2024-07-31T17:00:00Z,9330.0,particles/cm³
Krukut,um003,2024-08-01T17:00:00Z,4700.0,particles/cm³
Krukut,um003,2024-08-02T17:00:00Z,4440.0,particles/cm³
Krukut,um003,2024-08-03T17:00:00Z,6150.0,particles/cm³
Krukut,um003,2024-08-04T17:00:00Z,5370.0,particles/cm³
Krukut,um003,2024-08-05T17:00:00Z,5460.0,particles/cm³
Krukut,um003,2024-08-06T17:00:00Z,7280.0,particles/cm³
Krukut,um003,2024-08-07T17:00:00Z,7890.0,particles/cm³
Krukut,um003,2024-08-08T17:00:00Z,5820.0,particles/cm³
Krukut,um003,2024-08-09T17:00:00Z,5410.0,particles/cm³
Krukut,um003,2024-08-10T17:00:00Z,5280.0,particles/cm³
Krukut,um003,2024-08-11T17:00:00Z,4950.0,particles/cm³
Krukut,um003,2024-08-12T17:00:00Z,7000.0,particles/cm³
Krukut,um003,2024-08-13T17:00:00Z,7940.0,particles/cm³
Krukut,um003,2024-08-14T17:00:00Z,7630.0,particles/cm³
Krukut,um003,2024-08-15T17:00:00Z,7620.0,particles/cm³
Krukut,um003,2024-08-16T17:00:00Z,5740.0,particles/cm³
Krukut,um003,2024-08-17T17:00:00Z,5710.0,particles/cm³
Krukut,um003,2024-08-18T17:00:00Z,7280.0,particles/cm³
Krukut,um003,2024-08-19T17:00:00Z,7930.0,particles/cm³
Krukut,um003,2024-08-20T17:00:00Z,7850.0,particles/cm³
Krukut,um003,2024-08-21T17:00:00Z,5960.0,particles/cm³
Krukut,um003,2024-08-22T17:00:00Z,6200.0,particles/cm³
Krukut,um003,2024-08-23T17:00:00Z,8440.0,particles/cm³
Krukut,um003,2024-08-24T17:00:00Z,5660.0,particles/cm³
Krukut,um003,2024-08-25T17:00:00Z,7500.0,particles/cm³
Krukut,um003,2024-08-26T17:00:00Z,10400.0,particles/cm³
Krukut,um003,2024-08-27T17:00:00Z,6250.0,particles/cm³
Krukut,um003,2024-08-28T17:00:00Z,10800.0,particles/cm³
Krukut,um003,2024-08-29T17:00:00Z,6580.0,particles/cm³
Krukut,um003,2024-08-30T17:00:00Z,4990.0,particles/cm³
Krukut,um003,2024-08-31T17:00:00Z,5520.0,particles/cm³
Krukut,um003,2024-09-01T17:00:00Z,5840.0,particles/cm³
Krukut,um003,2024-09-02T17:00:00Z,6880.0,particles/cm³
Krukut,um003,2024-09-03T17:00:00Z,4370.0,particles/cm³
Krukut,um003,2024-09-04T17:00:00Z,5290.0,particles/cm³
Krukut,um003,2024-09-05T17:00:00Z,6540.0,particles/cm³
Krukut,um003,2024-09-06T17:00:00Z,4570.0,particles/cm³
Krukut,um003,2024-09-07T17:00:00Z,4430.0,particles/cm³
Krukut,um003,2024-09-08T17:00:00Z,4370.0,particles/cm³
Krukut,um003,2024-09-09T17:00:00Z,5570.0,particles/cm³
West Jakarta Mayor Office,pm25,2023-09-29T17:00:00Z,75.2,µg/m³
West Jakarta Mayor Office,pm25,2023-09-30T17:00:00Z,52.1,µg/m³
West Jakarta Mayor Office,pm25,2023-10-01T17:00:00Z,50.2,µg/m³
West Jakarta Mayor Office,pm25,2023-10-02T17:00:00Z,37.7,µg/m³
West Jakarta Mayor Office,pm25,2023-10-03T17:00:00Z,41.5,µg/m³
West Jakarta Mayor Office,pm25,2023-10-04T17:00:00Z,40.2,µg/m³
West Jakarta Mayor Office,pm25,2023-10-05T17:00:00Z,61.8,µg/m³
West Jakarta Mayor Office,pm25,2023-10-06T17:00:00Z,62.8,µg/m³
West Jakarta Mayor Office,pm25,2023-10-07T17:00:00Z,55.0,µg/m³
West Jakarta Mayor Office,pm25,2023-10-08T17:00:00Z,49.1,µg/m³
West Jakarta Mayor Office,pm25,2023-10-09T17:00:00Z,40.3,µg/m³
West Jakarta Mayor Office,pm25,2023-10-10T17:00:00Z,38.3,µg/m³
West Jakarta Mayor Office,pm25,2023-10-11T17:00:00Z,52.6,µg/m³
West Jakarta Mayor Office,pm25,2023-10-12T17:00:00Z,60.2,µg/m³
West Jakarta Mayor Office,pm25,2023-10-13T17:00:00Z,47.9,µg/m³
West Jakarta Mayor Office,pm25,2023-10-14T17:00:00Z,39.4,µg/m³
West Jakarta Mayor Office,pm25,2023-10-15T17:00:00Z,57.7,µg/m³
West Jakarta Mayor Office,pm25,2023-10-16T17:00:00Z,59.6,µg/m³
West Jakarta Mayor Office,pm25,2023-10-17T17:00:00Z,64.0,µg/m³
West Jakarta Mayor Office,pm25,2023-10-18T17:00:00Z,35.7,µg/m³
West Jakarta Mayor Office,pm25,2023-10-19T17:00:00Z,41.8,µg/m³
West Jakarta Mayor Office,pm25,2023-10-20T17:00:00Z,52.2,µg/m³
West Jakarta Mayor Office,pm25,2023-10-21T17:00:00Z,57.9,µg/m³
West Jakarta Mayor Office,pm25,2023-10-22T17:00:00Z,52.8,µg/m³
West Jakarta Mayor Office,pm25,2023-10-23T17:00:00Z,68.9,µg/m³
West Jakarta Mayor Office,pm25,2023-10-24T17:00:00Z,55.3,µg/m³
West Jakarta Mayor Office,pm25,2023-10-25T17:00:00Z,66.2,µg/m³
West Jakarta Mayor Office,pm25,2023-10-26T17:00:00Z,57.8,µg/m³
West Jakarta Mayor Office,pm25,2023-10-27T17:00:00Z,55.1,µg/m³
West Jakarta Mayor Office,pm25,2023-10-28T17:00:00Z,48.5,µg/m³
West Jakarta Mayor Office,pm25,2023-10-29T17:00:00Z,51.9,µg/m³
West Jakarta Mayor Office,pm25,2023-10-30T17:00:00Z,57.4,µg/m³
West Jakarta Mayor Office,pm25,2023-10-31T17:00:00Z,47.4,µg/m³
West Jakarta Mayor Office,pm25,2023-11-01T17:00:00Z,54.6,µg/m³
West Jakarta Mayor Office,pm25,2023-11-02T17:00:00Z,53.2,µg/m³
West Jakarta Mayor Office,pm25,2023-11-03T17:00:00Z,51.1,µg/m³
West Jakarta Mayor Office,pm25,2023-11-04T17:00:00Z,32.4,µg/m³
West Jakarta Mayor Office,pm25,2023-11-05T17:00:00Z,43.0,µg/m³
West Jakarta Mayor Office,pm25,2023-11-06T17:00:00Z,38.3,µg/m³
West Jakarta Mayor Office,pm25,2023-11-07T17:00:00Z,46.5,µg/m³
West Jakarta Mayor Office,pm25,2023-11-08T17:00:00Z,51.0,µg/m³
West Jakarta Mayor Office,pm25,2023-11-09T17:00:00Z,51.8,µg/m³
West Jakarta Mayor Office,pm25,2024-06-25T17:00:00Z,24.6,µg/m³
West Jakarta Mayor Office,pm25,2024-06-27T17:00:00Z,22.6,µg/m³
West Jakarta Mayor Office,pm25,2024-06-28T17:00:00Z,47.5,µg/m³
West Jakarta Mayor Office,pm25,2024-06-29T17:00:00Z,33.3,µg/m³
West Jakarta Mayor Office,pm25,2024-06-30T17:00:00Z,43.2,µg/m³
West Jakarta Mayor Office,pm25,2024-07-01T17:00:00Z,40.5,µg/m³
West Jakarta Mayor Office,pm25,2024-07-02T17:00:00Z,66.4,µg/m³
West Jakarta Mayor Office,pm25,2024-07-03T17:00:00Z,41.2,µg/m³
West Jakarta Mayor Office,pm25,2024-07-04T17:00:00Z,28.7,µg/m³
West Jakarta Mayor Office,pm25,2024-07-05T17:00:00Z,14.0,µg/m³
West Jakarta Mayor Office,pm25,2024-07-06T17:00:00Z,14.1,µg/m³
West Jakarta Mayor Office,pm25,2024-07-07T17:00:00Z,20.6,µg/m³
West Jakarta Mayor Office,pm25,2024-07-08T17:00:00Z,32.3,µg/m³
West Jakarta Mayor Office,pm25,2024-07-09T17:00:00Z,44.1,µg/m³
West Jakarta Mayor Office,pm25,2024-07-10T17:00:00Z,61.9,µg/m³
West Jakarta Mayor Office,pm25,2024-07-11T17:00:00Z,43.8,µg/m³
West Jakarta Mayor Office,pm25,2024-07-12T17:00:00Z,61.1,µg/m³
West Jakarta Mayor Office,pm25,2024-07-13T17:00:00Z,49.2,µg/m³
West Jakarta Mayor Office,pm25,2024-07-14T17:00:00Z,49.7,µg/m³
West Jakarta Mayor Office,pm25,2024-07-15T17:00:00Z,43.3,µg/m³
West Jakarta Mayor Office,pm25,2024-07-16T17:00:00Z,49.8,µg/m³
West Jakarta Mayor Office,pm25,2024-07-17T17:00:00Z,40.9,µg/m³
West Jakarta Mayor Office,pm25,2024-07-18T17:00:00Z,40.2,µg/m³
West Jakarta Mayor Office,pm25,2024-07-19T17:00:00Z,44.6,µg/m³
West Jakarta Mayor Office,pm25,2024-07-20T17:00:00Z,41.8,µg/m³
West Jakarta Mayor Office,pm25,2024-07-21T17:00:00Z,39.8,µg/m³
West Jakarta Mayor Office,pm25,2024-07-22T17:00:00Z,48.9,µg/m³
West Jakarta Mayor Office,pm25,2024-07-23T17:00:00Z,52.0,µg/m³
West Jakarta Mayor Office,pm25,2024-07-24T17:00:00Z,37.1,µg/m³
West Jakarta Mayor Office,pm25,2024-07-25T17:00:00Z,42.6,µg/m³
West Jakarta Mayor Office,pm25,2024-07-26T17:00:00Z,46.6,µg/m³
West Jakarta Mayor Office,pm25,2024-07-27T17:00:00Z,56.7,µg/m³
West Jakarta Mayor Office,pm25,2024-07-28T17:00:00Z,44.9,µg/m³
West Jakarta Mayor Office,pm25,2024-07-29T17:00:00Z,55.2,µg/m³
West Jakarta Mayor Office,pm25,2024-07-30T17:00:00Z,63.3,µg/m³
West Jakarta Mayor Office,pm25,2024-07-31T17:00:00Z,64.8,µg/m³
West Jakarta Mayor Office,pm25,2024-08-01T17:00:00Z,36.8,µg/m³
West Jakarta Mayor Office,pm25,2024-08-02T17:00:00Z,31.1,µg/m³
West Jakarta Mayor Office,pm25,2024-08-03T17:00:00Z,43.0,µg/m³
West Jakarta Mayor Office,pm25,2024-08-04T17:00:00Z,37.2,µg/m³
West Jakarta Mayor Office,pm25,2024-08-05T17:00:00Z,38.3,µg/m³
West Jakarta Mayor Office,pm25,2024-08-06T17:00:00Z,49.5,µg/m³
West Jakarta Mayor Office,pm25,2024-08-07T17:00:00Z,66.4,µg/m³
West Jakarta Mayor Office,pm25,2024-08-08T17:00:00Z,41.8,µg/m³
West Jakarta Mayor Office,pm25,2024-08-09T17:00:00Z,38.6,µg/m³
West Jakarta Mayor Office,pm25,2024-08-10T17:00:00Z,43.9,µg/m³
West Jakarta Mayor Office,pm25,2024-08-11T17:00:00Z,37.7,µg/m³
West Jakarta Mayor Office,pm25,2024-08-12T17:00:00Z,52.7,µg/m³
West Jakarta Mayor Office,pm25,2024-08-13T17:00:00Z,63.7,µg/m³
West Jakarta Mayor Office,pm25,2024-08-14T17:00:00Z,54.0,µg/m³
West Jakarta Mayor Office,pm25,2024-08-15T17:00:00Z,60.2,µg/m³
West Jakarta Mayor Office,pm25,2024-08-16T17:00:00Z,51.8,µg/m³
West Jakarta Mayor Office,pm25,2024-08-17T17:00:00Z,58.2,µg/m³
West Jakarta Mayor Office,pm25,2024-08-18T17:00:00Z,48.9,µg/m³
West Jakarta Mayor Office,pm25,2024-08-19T17:00:00Z,63.6,µg/m³
West Jakarta Mayor Office,pm25,2024-08-20T17:00:00Z,69.4,µg/m³
West Jakarta Mayor Office,pm25,2024-08-21T17:00:00Z,34.9,µg/m³
West Jakarta Mayor Office,pm25,2024-08-22T17:00:00Z,43.1,µg/m³
West Jakarta Mayor Office,pm25,2024-08-23T17:00:00Z,60.1,µg/m³
West Jakarta Mayor Office,pm25,2024-08-24T17:00:00Z,37.5,µg/m³
West Jakarta Mayor Office,pm25,2024-08-25T17:00:00Z,66.5,µg/m³
West Jakarta Mayor Office,pm25,2024-08-26T17:00:00Z,57.4,µg/m³
West Jakarta Mayor Office,pm25,2024-08-27T17:00:00Z,44.9,µg/m³
West Jakarta Mayor Office,pm25,2024-08-28T17:00:00Z,77.2,µg/m³
West Jakarta Mayor Office,pm25,2024-08-29T17:00:00Z,52.8,µg/m³
West Jakarta Mayor Office,pm25,2024-08-30T17:00:00Z,32.2,µg/m³
West Jakarta Mayor Office,pm25,2024-08-31T17:00:00Z,51.5,µg/m³
West Jakarta Mayor Office,pm25,2024-09-01T17:00:00Z,42.6,µg/m³
West Jakarta Mayor Office,pm25,2024-09-02T17:00:00Z,47.4,µg/m³
West Jakarta Mayor Office,pm25,2024-09-03T17:00:00Z,30.2,µg/m³
West Jakarta Mayor Office,pm25,2024-09-04T17:00:00Z,45.9,µg/m³
West Jakarta Mayor Office,pm25,2024-09-05T17:00:00Z,31.7,µg/m³
West Jakarta Mayor Office,pm25,2024-09-06T17:00:00Z,33.3,µg/m³
West Jakarta Mayor Office,pm25,2024-09-07T17:00:00Z,33.5,µg/m³
West Jakarta Mayor Office,pm25,2024-09-08T17:00:00Z,32.8,µg/m³
West Jakarta Mayor Office,pm25,2024-09-09T17:00:00Z,34.6,µg/m³
West Jakarta Mayor Office,pm25,2024-09-10T17:00:00Z,28.1,µg/m³
West Jakarta Mayor Office,pm25,2024-09-11T17:00:00Z,55.8,µg/m³
West Jakarta Mayor Office,pm25,2024-09-12T17:00:00Z,40.0,µg/m³
West Jakarta Mayor Office,pm25,2024-09-13T17:00:00Z,40.0,µg/m³
West Jakarta Mayor Office,pm25,2024-09-14T17:00:00Z,38.3,µg/m³
West Jakarta Mayor Office,pm25,2024-09-15T17:00:00Z,48.3,µg/m³
West Jakarta Mayor Office,pm25,2024-09-16T17:00:00Z,37.9,µg/m³
West Jakarta Mayor Office,pm25,2024-09-17T17:00:00Z,47.5,µg/m³
West Jakarta Mayor Office,pm25,2024-09-18T17:00:00Z,36.4,µg/m³
West Jakarta Mayor Office,pm25,2024-09-19T17:00:00Z,44.2,µg/m³
West Jakarta Mayor Office,pm25,2024-09-20T17:00:00Z,62.7,µg/m³
West Jakarta Mayor Office,pm25,2024-09-21T17:00:00Z,55.3,µg/m³
West Jakarta Mayor Office,pm25,2024-09-22T17:00:00Z,47.0,µg/m³
West Jakarta Mayor Office,pm25,2024-09-23T17:00:00Z,52.4,µg/m³
West Jakarta Mayor Office,pm25,2024-09-24T17:00:00Z,52.7,µg/m³
West Jakarta Mayor Office,pm25,2024-09-25T17:00:00Z,44.0,µg/m³
West Jakarta Mayor Office,pm25,2024-09-26T17:00:00Z,41.5,µg/m³
West Jakarta Mayor Office,pm25,2024-09-27T17:00:00Z,50.8,µg/m³
West Jakarta Mayor Office,pm25,2024-09-28T17:00:00Z,46.4,µg/m³
West Jakarta Mayor Office,pm25,2024-09-29T17:00:00Z,33.8,µg/m³
West Jakarta Mayor Office,pm25,2024-09-30T17:00:00Z,61.4,µg/m³
West Jakarta Mayor Office,pm25,2024-10-01T17:00:00Z,45.9,µg/m³
West Jakarta Mayor Office,pm25,2024-10-02T17:00:00Z,50.8,µg/m³
West Jakarta Mayor Office,pm25,2024-10-03T17:00:00Z,44.1,µg/m³
West Jakarta Mayor Office,pm25,2024-10-04T17:00:00Z,37.7,µg/m³
West Jakarta Mayor Office,pm25,2024-10-05T17:00:00Z,52.1,µg/m³
West Jakarta Mayor Office,pm25,2024-10-06T17:00:00Z,49.9,µg/m³
West Jakarta Mayor Office,pm25,2024-10-07T17:00:00Z,35.5,µg/m³
West Jakarta Mayor Office,pm25,2024-10-08T17:00:00Z,46.6,µg/m³
West Jakarta Mayor Office,pm25,2024-10-09T17:00:00Z,45.4,µg/m³
West Jakarta Mayor Office,pm25,2024-10-10T17:00:00Z,50.3,µg/m³
West Jakarta Mayor Office,pm25,2024-10-20T17:00:00Z,47.3,µg/m³
West Jakarta Mayor Office,pm25,2024-10-21T17:00:00Z,43.2,µg/m³
West Jakarta Mayor Office,pm25,2024-10-22T17:00:00Z,36.7,µg/m³
West Jakarta Mayor Office,pm25,2024-10-23T17:00:00Z,38.1,µg/m³
West Jakarta Mayor Office,pm25,2024-10-24T17:00:00Z,37.6,µg/m³
West Jakarta Mayor Office,pm25,2024-10-25T17:00:00Z,32.6,µg/m³
West Jakarta Mayor Office,pm25,2024-10-26T17:00:00Z,34.6,µg/m³
West Jakarta Mayor Office,pm25,2024-10-27T17:00:00Z,38.8,µg/m³
West Jakarta Mayor Office,pm25,2024-10-28T17:00:00Z,43.1,µg/m³
West Jakarta Mayor Office,pm25,2024-10-29T17:00:00Z,46.1,µg/m³
West Jakarta Mayor Office,pm25,2024-10-30T17:00:00Z,47.0,µg/m³
West Jakarta Mayor Office,pm25,2024-10-31T17:00:00Z,53.4,µg/m³
West Jakarta Mayor Office,pm25,2024-11-01T17:00:00Z,41.9,µg/m³
West Jakarta Mayor Office,pm25,2024-11-02T17:00:00Z,48.7,µg/m³
West Jakarta Mayor Office,pm25,2024-11-05T17:00:00Z,22.3,µg/m³
West Jakarta Mayor Office,pm25,2024-11-06T17:00:00Z,57.0,µg/m³
West Jakarta Mayor Office,pm25,2024-11-07T17:00:00Z,49.2,µg/m³
West Jakarta Mayor Office,pm25,2024-11-08T17:00:00Z,49.1,µg/m³
West Jakarta Mayor Office,pm25,2024-11-09T17:00:00Z,35.1,µg/m³
West Jakarta Mayor Office,pm25,2024-11-10T17:00:00Z,34.9,µg/m³
West Jakarta Mayor Office,pm25,2024-11-11T17:00:00Z,28.1,µg/m³
West Jakarta Mayor Office,pm25,2024-11-12T17:00:00Z,47.0,µg/m³
West Jakarta Mayor Office,pm25,2024-11-13T17:00:00Z,73.8,µg/m³
West Jakarta Mayor Office,pm25,2024-11-14T17:00:00Z,68.3,µg/m³
West Jakarta Mayor Office,pm25,2024-11-15T17:00:00Z,81.5,µg/m³
West Jakarta Mayor Office,pm25,2024-11-16T17:00:00Z,60.8,µg/m³
West Jakarta Mayor Office,pm25,2024-11-17T17:00:00Z,24.0,µg/m³
West Jakarta Mayor Office,pm25,2024-11-18T17:00:00Z,36.4,µg/m³
West Jakarta Mayor Office,pm25,2024-11-19T17:00:00Z,31.9,µg/m³
West Jakarta Mayor Office,pm25,2024-11-20T17:00:00Z,37.3,µg/m³
West Jakarta Mayor Office,pm25,2024-11-21T17:00:00Z,12.7,µg/m³
West Jakarta Mayor Office,pm25,2024-11-22T17:00:00Z,19.2,µg/m³
West Jakarta Mayor Office,pm25,2024-11-23T17:00:00Z,16.0,µg/m³
West Jakarta Mayor Office,pm25,2024-11-24T17:00:00Z,17.9,µg/m³
West Jakarta Mayor Office,pm25,2024-11-25T17:00:00Z,32.6,µg/m³
West Jakarta Mayor Office,pm25,2024-11-26T17:00:00Z,20.2,µg/m³
West Jakarta Mayor Office,pm25,2024-11-27T17:00:00Z,16.3,µg/m³
West Jakarta Mayor Office,pm25,2024-11-28T17:00:00Z,13.0,µg/m³
West Jakarta Mayor Office,pm25,2024-11-29T17:00:00Z,13.8,µg/m³
West Jakarta Mayor Office,pm25,2024-11-30T17:00:00Z,8.39,µg/m³
West Jakarta Mayor Office,pm25,2024-12-01T17:00:00Z,9.91,µg/m³
West Jakarta Mayor Office,pm25,2024-12-02T17:00:00Z,10.4,µg/m³
West Jakarta Mayor Office,pm25,2024-12-03T17:00:00Z,11.1,µg/m³
West Jakarta Mayor Office,pm25,2024-12-04T17:00:00Z,13.1,µg/m³
West Jakarta Mayor Office,pm25,2024-12-05T17:00:00Z,29.0,µg/m³
West Jakarta Mayor Office,pm25,2024-12-06T17:00:00Z,49.7,µg/m³
West Jakarta Mayor Office,pm25,2024-12-07T17:00:00Z,26.8,µg/m³
West Jakarta Mayor Office,pm25,2024-12-08T17:00:00Z,27.6,µg/m³
West Jakarta Mayor Office,pm25,2024-12-09T17:00:00Z,8.17,µg/m³
West Jakarta Mayor Office,pm25,2024-12-10T17:00:00Z,14.2,µg/m³
West Jakarta Mayor Office,pm25,2024-12-11T17:00:00Z,12.4,µg/m³
West Jakarta Mayor Office,pm25,2024-12-12T17:00:00Z,16.8,µg/m³
West Jakarta Mayor Office,pm25,2024-12-13T17:00:00Z,14.5,µg/m³
West Jakarta Mayor Office,pm25,2024-12-14T17:00:00Z,16.4,µg/m³
West Jakarta Mayor Office,pm25,2024-12-15T17:00:00Z,13.7,µg/m³
West Jakarta Mayor Office,pm25,2024-12-16T17:00:00Z,15.5,µg/m³
West Jakarta Mayor Office,pm25,2024-12-17T17:00:00Z,9.25,µg/m³
West Jakarta Mayor Office,pm25,2024-12-18T17:00:00Z,15.3,µg/m³
West Jakarta Mayor Office,pm25,2024-12-19T17:00:00Z,17.2,µg/m³
West Jakarta Mayor Office,pm25,2024-12-20T17:00:00Z,19.6,µg/m³
West Jakarta Mayor Office,pm25,2024-12-21T17:00:00Z,23.2,µg/m³
West Jakarta Mayor Office,pm25,2024-12-22T17:00:00Z,35.4,µg/m³
West Jakarta Mayor Office,pm25,2024-12-23T17:00:00Z,20.9,µg/m³
West Jakarta Mayor Office,pm25,2024-12-24T17:00:00Z,31.5,µg/m³
West Jakarta Mayor Office,pm25,2024-12-25T17:00:00Z,23.8,µg/m³
West Jakarta Mayor Office,pm25,2024-12-26T17:00:00Z,45.0,µg/m³
West Jakarta Mayor Office,pm25,2024-12-27T17:00:00Z,30.0,µg/m³
West Jakarta Mayor Office,pm25,2024-12-28T17:00:00Z,34.7,µg/m³
West Jakarta Mayor Office,pm25,2024-12-29T17:00:00Z,13.7,µg/m³
West Jakarta Mayor Office,pm25,2024-12-30T17:00:00Z,24.6,µg/m³
West Jakarta Mayor Office,pm25,2024-12-31T17:00:00Z,15.1,µg/m³
West Jakarta Mayor Office,pm25,2025-01-01T17:00:00Z,21.0,µg/m³
West Jakarta Mayor Office,pm25,2025-01-02T17:00:00Z,31.4,µg/m³
West Jakarta Mayor Office,pm25,2025-01-03T17:00:00Z,14.4,µg/m³
West Jakarta Mayor Office,pm25,2025-01-04T17:00:00Z,18.1,µg/m³
West Jakarta Mayor Office,pm25,2025-01-05T17:00:00Z,24.8,µg/m³
West Jakarta Mayor Office,pm25,2025-01-06T17:00:00Z,20.2,µg/m³
West Jakarta Mayor Office,pm25,2025-01-07T17:00:00Z,13.8,µg/m³
West Jakarta Mayor Office,pm25,2025-01-08T17:00:00Z,17.0,µg/m³
West Jakarta Mayor Office,pm25,2025-01-09T17:00:00Z,28.6,µg/m³
West Jakarta Mayor Office,pm25,2025-01-10T17:00:00Z,29.8,µg/m³
West Jakarta Mayor Office,pm25,2025-01-11T17:00:00Z,16.6,µg/m³
West Jakarta Mayor Office,pm25,2025-01-12T17:00:00Z,16.5,µg/m³
West Jakarta Mayor Office,pm25,2025-01-13T17:00:00Z,18.3,µg/m³
West Jakarta Mayor Office,pm25,2025-01-14T17:00:00Z,21.2,µg/m³
West Jakarta Mayor Office,pm25,2025-01-15T17:00:00Z,20.7,µg/m³
West Jakarta Mayor Office,pm25,2025-01-16T17:00:00Z,18.5,µg/m³
West Jakarta Mayor Office,pm25,2025-01-17T17:00:00Z,12.1,µg/m³
West Jakarta Mayor Office,pm25,2025-01-18T17:00:00Z,19.3,µg/m³
West Jakarta Mayor Office,pm25,2025-01-19T17:00:00Z,15.7,µg/m³
West Jakarta Mayor Office,pm25,2025-01-20T17:00:00Z,22.1,µg/m³
West Jakarta Mayor Office,pm25,2025-01-21T17:00:00Z,25.5,µg/m³
West Jakarta Mayor Office,pm25,2025-01-22T17:00:00Z,25.4,µg/m³
West Jakarta Mayor Office,pm25,2025-01-23T17:00:00Z,28.2,µg/m³
West Jakarta Mayor Office,pm25,2025-01-24T17:00:00Z,31.8,µg/m³
West Jakarta Mayor Office,pm25,2025-01-25T17:00:00Z,18.6,µg/m³
West Jakarta Mayor Office,pm25,2025-01-26T17:00:00Z,19.1,µg/m³
West Jakarta Mayor Office,pm25,2025-01-27T17:00:00Z,19.9,µg/m³
West Jakarta Mayor Office,pm25,2025-01-28T17:00:00Z,9.26,µg/m³
West Jakarta Mayor Office,pm25,2025-01-29T17:00:00Z,10.5,µg/m³
West Jakarta Mayor Office,pm25,2025-01-30T17:00:00Z,21.1,µg/m³
West Jakarta Mayor Office,pm25,2025-01-31T17:00:00Z,18.1,µg/m³
West Jakarta Mayor Office,pm25,2025-02-01T17:00:00Z,17.8,µg/m³
West Jakarta Mayor Office,pm25,2025-02-02T17:00:00Z,20.3,µg/m³
West Jakarta Mayor Office,pm25,2025-02-03T17:00:00Z,43.4,µg/m³
West Jakarta Mayor Office,pm25,2025-02-04T17:00:00Z,23.3,µg/m³
West Jakarta Mayor Office,pm25,2025-02-05T17:00:00Z,19.7,µg/m³
West Jakarta Mayor Office,pm25,2025-02-06T17:00:00Z,19.3,µg/m³
West Jakarta Mayor Office,pm25,2025-02-07T17:00:00Z,20.1,µg/m³
West Jakarta Mayor Office,pm25,2025-02-08T17:00:00Z,17.2,µg/m³
West Jakarta Mayor Office,pm25,2025-02-09T17:00:00Z,16.8,µg/m³
West Jakarta Mayor Office,pm25,2025-02-10T17:00:00Z,25.5,µg/m³
West Jakarta Mayor Office,pm25,2025-02-11T17:00:00Z,43.4,µg/m³
West Jakarta Mayor Office,pm25,2025-02-12T17:00:00Z,30.7,µg/m³
West Jakarta Mayor Office,pm25,2025-02-13T17:00:00Z,20.1,µg/m³
West Jakarta Mayor Office,pm25,2025-02-14T17:00:00Z,27.1,µg/m³
West Jakarta Mayor Office,pm25,2025-02-15T17:00:00Z,29.5,µg/m³
West Jakarta Mayor Office,pm25,2025-02-16T17:00:00Z,21.6,µg/m³
West Jakarta Mayor Office,pm25,2025-02-17T17:00:00Z,38.1,µg/m³
West Jakarta Mayor Office,pm25,2025-02-21T17:00:00Z,27.2,µg/m³
West Jakarta Mayor Office,pm25,2025-02-22T17:00:00Z,29.2,µg/m³
West Jakarta Mayor Office,pm25,2025-02-23T17:00:00Z,23.4,µg/m³
West Jakarta Mayor Office,pm25,2025-02-24T17:00:00Z,34.4,µg/m³
West Jakarta Mayor Office,pm25,2025-02-25T17:00:00Z,30.2,µg/m³
West Jakarta Mayor Office,pm25,2025-02-26T17:00:00Z,51.3,µg/m³
West Jakarta Mayor Office,pm25,2025-02-27T17:00:00Z,25.4,µg/m³
West Jakarta Mayor Office,pm25,2025-02-28T17:00:00Z,24.6,µg/m³
West Jakarta Mayor Office,pm25,2025-03-01T17:00:00Z,33.9,µg/m³
West Jakarta Mayor Office,pm25,2025-03-02T17:00:00Z,21.7,µg/m³
West Jakarta Mayor Office,pm25,2025-03-03T17:00:00Z,16.0,µg/m³
West Jakarta Mayor Office,pm25,2025-03-04T17:00:00Z,25.5,µg/m³
West Jakarta Mayor Office,pm25,2025-03-05T17:00:00Z,40.2,µg/m³
West Jakarta Mayor Office,pm25,2025-03-06T17:00:00Z,13.7,µg/m³
West Jakarta Mayor Office,pm25,2025-03-07T17:00:00Z,23.8,µg/m³
West Jakarta Mayor Office,pm25,2025-03-08T17:00:00Z,27.4,µg/m³
West Jakarta Mayor Office,pm25,2025-03-09T17:00:00Z,36.1,µg/m³
West Jakarta Mayor Office,pm25,2025-03-10T17:00:00Z,34.8,µg/m³
West Jakarta Mayor Office,pm25,2025-03-11T17:00:00Z,24.5,µg/m³
West Jakarta Mayor Office,pm25,2025-03-12T17:00:00Z,34.2,µg/m³
West Jakarta Mayor Office,pm25,2025-03-13T17:00:00Z,17.1,µg/m³
West Jakarta Mayor Office,pm25,2025-03-14T17:00:00Z,15.4,µg/m³
West Jakarta Mayor Office,pm25,2025-03-15T17:00:00Z,14.6,µg/m³
West Jakarta Mayor Office,pm25,2025-03-16T17:00:00Z,24.4,µg/m³
West Jakarta Mayor Office,pm25,2025-03-19T17:00:00Z,21.3,µg/m³
West Jakarta Mayor Office,pm25,2025-03-20T17:00:00Z,14.5,µg/m³
West Jakarta Mayor Office,pm25,2025-03-21T17:00:00Z,35.3,µg/m³
West Jakarta Mayor Office,pm25,2025-03-22T17:00:00Z,22.5,µg/m³
West Jakarta Mayor Office,pm25,2025-03-23T17:00:00Z,22.1,µg/m³
West Jakarta Mayor Office,pm25,2025-03-24T17:00:00Z,18.6,µg/m³
West Jakarta Mayor Office,pm25,2025-03-25T17:00:00Z,40.1,µg/m³
West Jakarta Mayor Office,pm25,2025-03-26T17:00:00Z,29.9,µg/m³
West Jakarta Mayor Office,pm25,2025-03-27T17:00:00Z,9.69,µg/m³
West Jakarta Mayor Office,pm25,2025-03-28T17:00:00Z,6.73,µg/m³
West Jakarta Mayor Office,pm25,2025-03-29T17:00:00Z,12.0,µg/m³
West Jakarta Mayor Office,pm25,2025-03-30T17:00:00Z,8.26,µg/m³
West Jakarta Mayor Office,pm25,2025-03-31T17:00:00Z,12.0,µg/m³
West Jakarta Mayor Office,pm25,2025-04-01T17:00:00Z,7.92,µg/m³
West Jakarta Mayor Office,pm25,2025-04-02T17:00:00Z,14.1,µg/m³
West Jakarta Mayor Office,pm25,2025-04-03T17:00:00Z,18.1,µg/m³
West Jakarta Mayor Office,pm25,2025-04-07T17:00:00Z,17.4,µg/m³
West Jakarta Mayor Office,pm25,2025-04-08T17:00:00Z,32.4,µg/m³
West Jakarta Mayor Office,pm25,2025-04-09T17:00:00Z,43.7,µg/m³
West Jakarta Mayor Office,pm25,2025-04-10T17:00:00Z,44.5,µg/m³
West Jakarta Mayor Office,pm25,2025-04-11T17:00:00Z,34.5,µg/m³
West Jakarta Mayor Office,pm25,2025-04-12T17:00:00Z,25.6,µg/m³
West Jakarta Mayor Office,pm25,2025-04-13T17:00:00Z,15.5,µg/m³
West Jakarta Mayor Office,pm25,2025-04-14T17:00:00Z,24.7,µg/m³
West Jakarta Mayor Office,pm25,2025-04-15T17:00:00Z,41.9,µg/m³
West Jakarta Mayor Office,pm25,2025-04-16T17:00:00Z,42.4,µg/m³
West Jakarta Mayor Office,pm25,2025-04-17T17:00:00Z,36.0,µg/m³
West Jakarta Mayor Office,pm25,2025-04-18T17:00:00Z,29.4,µg/m³
West Jakarta Mayor Office,pm25,2025-04-19T17:00:00Z,20.5,µg/m³
West Jakarta Mayor Office,pm25,2025-04-20T17:00:00Z,24.0,µg/m³
West Jakarta Mayor Office,pm25,2025-04-21T17:00:00Z,34.2,µg/m³
West Jakarta Mayor Office,pm25,2025-04-22T17:00:00Z,20.2,µg/m³
West Jakarta Mayor Office,pm25,2025-04-23T17:00:00Z,14.8,µg/m³
West Jakarta Mayor Office,pm25,2025-04-24T17:00:00Z,29.5,µg/m³
West Jakarta Mayor Office,pm25,2025-04-25T17:00:00Z,30.1,µg/m³
West Jakarta Mayor Office,pm25,2025-04-26T17:00:00Z,35.1,µg/m³
West Jakarta Mayor Office,pm25,2025-04-27T17:00:00Z,26.8,µg/m³
West Jakarta Mayor Office,pm25,2025-04-28T17:00:00Z,32.0,µg/m³
West Jakarta Mayor Office,pm25,2025-04-29T17:00:00Z,37.8,µg/m³
West Jakarta Mayor Office,pm25,2025-04-30T17:00:00Z,46.9,µg/m³
West Jakarta Mayor Office,pm25,2025-05-01T17:00:00Z,41.0,µg/m³
West Jakarta Mayor Office,pm25,2025-05-02T17:00:00Z,39.3,µg/m³
West Jakarta Mayor Office,pm25,2025-05-03T17:00:00Z,38.3,µg/m³
West Jakarta Mayor Office,pm25,2025-05-04T17:00:00Z,49.3,µg/m³
West Jakarta Mayor Office,pm25,2025-05-05T17:00:00Z,40.7,µg/m³
West Jakarta Mayor Office,pm25,2025-05-06T17:00:00Z,51.3,µg/m³
West Jakarta Mayor Office,pm25,2025-05-07T17:00:00Z,50.0,µg/m³
West Jakarta Mayor Office,pm25,2025-05-08T17:00:00Z,39.8,µg/m³
West Jakarta Mayor Office,pm25,2025-05-09T17:00:00Z,52.2,µg/m³
West Jakarta Mayor Office,pm25,2025-05-10T17:00:00Z,39.9,µg/m³
West Jakarta Mayor Office,pm25,2025-05-11T17:00:00Z,19.1,µg/m³
West Jakarta Mayor Office,pm25,2025-05-12T17:00:00Z,23.0,µg/m³
West Jakarta Mayor Office,pm25,2025-05-22T17:00:00Z,17.2,µg/m³
West Jakarta Mayor Office,pm25,2025-05-23T17:00:00Z,20.1,µg/m³
West Jakarta Mayor Office,pm25,2025-05-24T17:00:00Z,42.3,µg/m³
West Jakarta Mayor Office,pm25,2025-05-25T17:00:00Z,35.9,µg/m³
West Jakarta Mayor Office,pm25,2025-05-26T17:00:00Z,18.5,µg/m³
West Jakarta Mayor Office,pm25,2025-05-27T17:00:00Z,52.6,µg/m³
West Jakarta Mayor Office,pm25,2025-05-28T17:00:00Z,39.2,µg/m³
West Jakarta Mayor Office,pm25,2025-05-29T17:00:00Z,33.6,µg/m³
West Jakarta Mayor Office,pm25,2025-05-30T17:00:00Z,55.2,µg/m³
West Jakarta Mayor Office,pm25,2025-05-31T17:00:00Z,49.0,µg/m³
West Jakarta Mayor Office,pm25,2025-06-01T17:00:00Z,56.4,µg/m³
West Jakarta Mayor Office,pm25,2025-06-02T17:00:00Z,55.3,µg/m³
West Jakarta Mayor Office,pm25,2025-06-03T17:00:00Z,67.7,µg/m³
West Jakarta Mayor Office,pm25,2025-06-04T17:00:00Z,58.8,µg/m³
West Jakarta Mayor Office,pm25,2025-06-05T17:00:00Z,39.2,µg/m³
West Jakarta Mayor Office,pm25,2025-06-06T17:00:00Z,72.6,µg/m³
West Jakarta Mayor Office,pm25,2025-06-07T17:00:00Z,51.0,µg/m³
West Jakarta Mayor Office,pm25,2025-06-08T17:00:00Z,45.0,µg/m³
West Jakarta Mayor Office,pm25,2025-06-09T17:00:00Z,42.3,µg/m³
West Jakarta Mayor Office,pm25,2025-06-10T17:00:00Z,39.8,µg/m³
West Jakarta Mayor Office,pm25,2025-06-11T17:00:00Z,45.5,µg/m³
West Jakarta Mayor Office,pm25,2025-06-12T17:00:00Z,43.5,µg/m³
West Jakarta Mayor Office,pm25,2025-06-13T17:00:00Z,39.8,µg/m³
West Jakarta Mayor Office,pm25,2025-06-14T17:00:00Z,35.0,µg/m³
West Jakarta Mayor Office,pm25,2025-06-15T17:00:00Z,27.4,µg/m³
West Jakarta Mayor Office,pm25,2025-06-16T17:00:00Z,22.4,µg/m³
West Jakarta Mayor Office,pm25,2025-06-17T17:00:00Z,24.1,µg/m³
West Jakarta Mayor Office,pm25,2025-06-18T17:00:00Z,55.2,µg/m³
West Jakarta Mayor Office,pm25,2025-06-19T17:00:00Z,42.3,µg/m³
West Jakarta Mayor Office,pm25,2025-06-20T17:00:00Z,37.8,µg/m³
West Jakarta Mayor Office,pm25,2025-06-21T17:00:00Z,46.9,µg/m³
West Jakarta Mayor Office,pm25,2025-06-22T17:00:00Z,35.7,µg/m³
West Jakarta Mayor Office,pm25,2025-06-23T17:00:00Z,54.7,µg/m³
West Jakarta Mayor Office,pm25,2025-06-24T17:00:00Z,68.0,µg/m³
West Jakarta Mayor Office,pm25,2025-06-25T17:00:00Z,45.3,µg/m³
West Jakarta Mayor Office,pm25,2025-06-26T17:00:00Z,58.8,µg/m³
West Jakarta Mayor Office,pm25,2025-06-27T17:00:00Z,62.4,µg/m³
West Jakarta Mayor Office,pm25,2025-06-28T17:00:00Z,55.5,µg/m³
West Jakarta Mayor Office,pm25,2025-06-29T17:00:00Z,25.7,µg/m³
West Jakarta Mayor Office,relativehumidity,2023-10-06T17:00:00Z,64.1,%
West Jakarta Mayor Office,relativehumidity,2023-10-07T17:00:00Z,64.4,%
West Jakarta Mayor Office,relativehumidity,2023-10-08T17:00:00Z,67.8,%
West Jakarta Mayor Office,relativehumidity,2023-10-09T17:00:00Z,65.2,%
West Jakarta Mayor Office,relativehumidity,2023-10-10T17:00:00Z,65.8,%
West Jakarta Mayor Office,relativehumidity,2023-10-11T17:00:00Z,66.8,%
West Jakarta Mayor Office,relativehumidity,2023-10-12T17:00:00Z,66.7,%
West Jakarta Mayor Office,relativehumidity,2023-10-13T17:00:00Z,62.6,%
West Jakarta Mayor Office,relativehumidity,2023-10-14T17:00:00Z,57.8,%
West Jakarta Mayor Office,relativehumidity,2023-10-15T17:00:00Z,62.3,%
West Jakarta Mayor Office,relativehumidity,2023-10-16T17:00:00Z,55.5,%
West Jakarta Mayor Office,relativehumidity,2023-10-17T17:00:00Z,60.4,%
West Jakarta Mayor Office,relativehumidity,2023-10-18T17:00:00Z,64.2,%
West Jakarta Mayor Office,relativehumidity,2023-10-19T17:00:00Z,66.9,%
West Jakarta Mayor Office,relativehumidity,2023-10-20T17:00:00Z,64.3,%
West Jakarta Mayor Office,relativehumidity,2023-10-21T17:00:00Z,62.5,%
West Jakarta Mayor Office,relativehumidity,2023-10-22T17:00:00Z,61.5,%
West Jakarta Mayor Office,relativehumidity,2023-10-23T17:00:00Z,63.3,%
West Jakarta Mayor Office,relativehumidity,2023-10-24T17:00:00Z,72.0,%
West Jakarta Mayor Office,relativehumidity,2023-10-25T17:00:00Z,66.1,%
West Jakarta Mayor Office,relativehumidity,2023-10-26T17:00:00Z,66.5,%
West Jakarta Mayor Office,relativehumidity,2023-10-27T17:00:00Z,66.0,%
West Jakarta Mayor Office,relativehumidity,2023-10-28T17:00:00Z,65.9,%
West Jakarta Mayor Office,relativehumidity,2023-10-29T17:00:00Z,64.7,%
West Jakarta Mayor Office,relativehumidity,2023-10-30T17:00:00Z,65.4,%
West Jakarta Mayor Office,relativehumidity,2023-10-31T17:00:00Z,67.3,%
West Jakarta Mayor Office,relativehumidity,2023-11-01T17:00:00Z,66.8,%
West Jakarta Mayor Office,relativehumidity,2023-11-02T17:00:00Z,67.4,%
West Jakarta Mayor Office,relativehumidity,2023-11-03T17:00:00Z,74.4,%
West Jakarta Mayor Office,relativehumidity,2023-11-04T17:00:00Z,82.3,%
West Jakarta Mayor Office,relativehumidity,2023-11-05T17:00:00Z,73.8,%
West Jakarta Mayor Office,relativehumidity,2023-11-06T17:00:00Z,71.4,%
West Jakarta Mayor Office,relativehumidity,2023-11-07T17:00:00Z,70.7,%
West Jakarta Mayor Office,relativehumidity,2023-11-08T17:00:00Z,70.7,%
West Jakarta Mayor Office,relativehumidity,2023-11-09T17:00:00Z,75.4,%
West Jakarta Mayor Office,relativehumidity,2023-11-10T17:00:00Z,76.8,%
West Jakarta Mayor Office,relativehumidity,2023-11-11T17:00:00Z,71.0,%
West Jakarta Mayor Office,relativehumidity,2023-11-12T17:00:00Z,68.3,%
West Jakarta Mayor Office,relativehumidity,2023-11-13T17:00:00Z,73.1,%
West Jakarta Mayor Office,relativehumidity,2023-11-14T17:00:00Z,75.9,%
West Jakarta Mayor Office,relativehumidity,2023-11-15T17:00:00Z,69.9,%
West Jakarta Mayor Office,relativehumidity,2023-11-16T17:00:00Z,72.5,%
West Jakarta Mayor Office,relativehumidity,2023-11-17T17:00:00Z,71.6,%
West Jakarta Mayor Office,relativehumidity,2023-11-18T17:00:00Z,72.0,%
West Jakarta Mayor Office,relativehumidity,2023-11-19T17:00:00Z,70.2,%
West Jakarta Mayor Office,relativehumidity,2023-11-20T17:00:00Z,70.5,%
West Jakarta Mayor Office,relativehumidity,2023-11-21T17:00:00Z,69.5,%
West Jakarta Mayor Office,relativehumidity,2023-11-22T17:00:00Z,74.7,%
West Jakarta Mayor Office,relativehumidity,2023-11-23T17:00:00Z,78.2,%
West Jakarta Mayor Office,relativehumidity,2023-11-24T17:00:00Z,92.8,%
West Jakarta Mayor Office,relativehumidity,2023-11-25T17:00:00Z,73.5,%
West Jakarta Mayor Office,relativehumidity,2023-11-26T17:00:00Z,77.0,%
West Jakarta Mayor Office,relativehumidity,2023-11-27T17:00:00Z,73.0,%
West Jakarta Mayor Office,relativehumidity,2023-11-28T17:00:00Z,76.2,%
West Jakarta Mayor Office,relativehumidity,2023-11-29T17:00:00Z,83.7,%
West Jakarta Mayor Office,relativehumidity,2023-11-30T17:00:00Z,84.0,%
West Jakarta Mayor Office,relativehumidity,2023-12-01T17:00:00Z,76.5,%
West Jakarta Mayor Office,relativehumidity,2023-12-02T17:00:00Z,76.1,%
West Jakarta Mayor Office,relativehumidity,2023-12-03T17:00:00Z,84.4,%
West Jakarta Mayor Office,relativehumidity,2023-12-04T17:00:00Z,72.8,%
West Jakarta Mayor Office,relativehumidity,2023-12-05T17:00:00Z,74.2,%
West Jakarta Mayor Office,relativehumidity,2023-12-06T17:00:00Z,76.0,%
West Jakarta Mayor Office,relativehumidity,2023-12-07T17:00:00Z,80.1,%
West Jakarta Mayor Office,relativehumidity,2023-12-08T17:00:00Z,78.2,%
West Jakarta Mayor Office,relativehumidity,2023-12-09T17:00:00Z,78.7,%
West Jakarta Mayor Office,relativehumidity,2023-12-10T17:00:00Z,69.1,%
West Jakarta Mayor Office,relativehumidity,2023-12-11T17:00:00Z,70.9,%
West Jakarta Mayor Office,relativehumidity,2023-12-12T17:00:00Z,68.1,%
West Jakarta Mayor Office,relativehumidity,2023-12-13T17:00:00Z,66.9,%
West Jakarta Mayor Office,relativehumidity,2023-12-14T17:00:00Z,64.5,%
West Jakarta Mayor Office,relativehumidity,2023-12-15T17:00:00Z,64.4,%
West Jakarta Mayor Office,relativehumidity,2023-12-16T17:00:00Z,65.3,%
West Jakarta Mayor Office,relativehumidity,2023-12-17T17:00:00Z,64.5,%
West Jakarta Mayor Office,relativehumidity,2023-12-18T17:00:00Z,60.4,%
West Jakarta Mayor Office,relativehumidity,2023-12-19T17:00:00Z,53.9,%
West Jakarta Mayor Office,relativehumidity,2023-12-20T17:00:00Z,59.6,%
West Jakarta Mayor Office,relativehumidity,2023-12-21T17:00:00Z,64.4,%
West Jakarta Mayor Office,relativehumidity,2023-12-22T17:00:00Z,60.2,%
West Jakarta Mayor Office,relativehumidity,2023-12-23T17:00:00Z,65.1,%
West Jakarta Mayor Office,relativehumidity,2023-12-24T17:00:00Z,82.4,%
West Jakarta Mayor Office,relativehumidity,2023-12-25T17:00:00Z,81.6,%
West Jakarta Mayor Office,relativehumidity,2023-12-26T17:00:00Z,77.8,%
West Jakarta Mayor Office,relativehumidity,2023-12-27T17:00:00Z,74.6,%
West Jakarta Mayor Office,relativehumidity,2023-12-28T17:00:00Z,77.0,%
West Jakarta Mayor Office,relativehumidity,2023-12-29T17:00:00Z,79.3,%
West Jakarta Mayor Office,relativehumidity,2023-12-30T17:00:00Z,78.4,%
West Jakarta Mayor Office,relativehumidity,2023-12-31T17:00:00Z,78.1,%
West Jakarta Mayor Office,relativehumidity,2024-01-01T17:00:00Z,77.8,%
West Jakarta Mayor Office,relativehumidity,2024-01-02T17:00:00Z,84.6,%
West Jakarta Mayor Office,relativehumidity,2024-01-03T17:00:00Z,84.0,%
West Jakarta Mayor Office,relativehumidity,2024-01-04T17:00:00Z,82.3,%
West Jakarta Mayor Office,relativehumidity,2024-01-05T17:00:00Z,83.2,%
West Jakarta Mayor Office,relativehumidity,2024-01-06T17:00:00Z,83.5,%
West Jakarta Mayor Office,relativehumidity,2024-01-07T17:00:00Z,75.5,%
West Jakarta Mayor Office,relativehumidity,2024-01-08T17:00:00Z,71.1,%
West Jakarta Mayor Office,relativehumidity,2024-01-09T17:00:00Z,77.7,%
West Jakarta Mayor Office,relativehumidity,2024-01-10T17:00:00Z,83.1,%
West Jakarta Mayor Office,relativehumidity,2024-01-11T17:00:00Z,78.2,%
West Jakarta Mayor Office,relativehumidity,2024-01-12T17:00:00Z,79.4,%
West Jakarta Mayor Office,relativehumidity,2024-01-13T17:00:00Z,77.2,%
West Jakarta Mayor Office,relativehumidity,2024-01-14T17:00:00Z,75.0,%
West Jakarta Mayor Office,relativehumidity,2024-01-15T17:00:00Z,68.3,%
West Jakarta Mayor Office,relativehumidity,2024-01-16T17:00:00Z,79.6,%
West Jakarta Mayor Office,relativehumidity,2024-01-17T17:00:00Z,76.0,%
West Jakarta Mayor Office,relativehumidity,2024-01-18T17:00:00Z,89.4,%
West Jakarta Mayor Office,relativehumidity,2024-01-19T17:00:00Z,70.7,%
West Jakarta Mayor Office,relativehumidity,2024-01-20T17:00:00Z,78.8,%
West Jakarta Mayor Office,relativehumidity,2024-01-21T17:00:00Z,69.6,%
West Jakarta Mayor Office,relativehumidity,2024-01-22T17:00:00Z,71.0,%
West Jakarta Mayor Office,relativehumidity,2024-01-23T17:00:00Z,68.5,%
West Jakarta Mayor Office,relativehumidity,2024-01-24T17:00:00Z,69.1,%
West Jakarta Mayor Office,relativehumidity,2024-01-25T17:00:00Z,73.6,%
West Jakarta Mayor Office,relativehumidity,2024-01-26T17:00:00Z,94.6,%
West Jakarta Mayor Office,relativehumidity,2024-01-27T17:00:00Z,84.5,%
West Jakarta Mayor Office,relativehumidity,2024-01-28T17:00:00Z,86.0,%
West Jakarta Mayor Office,relativehumidity,2024-01-29T17:00:00Z,85.4,%
West Jakarta Mayor Office,relativehumidity,2024-01-30T17:00:00Z,80.8,%
West Jakarta Mayor Office,relativehumidity,2024-01-31T17:00:00Z,80.4,%
West Jakarta Mayor Office,relativehumidity,2024-02-01T17:00:00Z,75.9,%
West Jakarta Mayor Office,relativehumidity,2024-02-02T17:00:00Z,81.9,%
West Jakarta Mayor Office,relativehumidity,2024-02-03T17:00:00Z,79.7,%
West Jakarta Mayor Office,relativehumidity,2024-02-04T17:00:00Z,77.8,%
West Jakarta Mayor Office,relativehumidity,2024-02-05T17:00:00Z,85.0,%
West Jakarta Mayor Office,relativehumidity,2024-02-06T17:00:00Z,75.0,%
West Jakarta Mayor Office,relativehumidity,2024-02-07T17:00:00Z,73.9,%
West Jakarta Mayor Office,relativehumidity,2024-02-08T17:00:00Z,74.9,%
West Jakarta Mayor Office,relativehumidity,2024-02-09T17:00:00Z,78.8,%
West Jakarta Mayor Office,relativehumidity,2024-02-10T17:00:00Z,75.1,%
West Jakarta Mayor Office,relativehumidity,2024-02-11T17:00:00Z,75.1,%
West Jakarta Mayor Office,relativehumidity,2024-02-12T17:00:00Z,79.0,%
West Jakarta Mayor Office,relativehumidity,2024-02-13T17:00:00Z,85.6,%
West Jakarta Mayor Office,relativehumidity,2024-02-14T17:00:00Z,80.0,%
West Jakarta Mayor Office,relativehumidity,2024-02-15T17:00:00Z,84.3,%
West Jakarta Mayor Office,relativehumidity,2024-02-16T17:00:00Z,81.6,%
West Jakarta Mayor Office,relativehumidity,2024-02-17T17:00:00Z,76.7,%
West Jakarta Mayor Office,relativehumidity,2024-02-18T17:00:00Z,75.3,%
West Jakarta Mayor Office,relativehumidity,2024-02-19T17:00:00Z,74.2,%
West Jakarta Mayor Office,relativehumidity,2024-02-20T17:00:00Z,76.4,%
West Jakarta Mayor Office,relativehumidity,2024-02-21T17:00:00Z,68.5,%
West Jakarta Mayor Office,relativehumidity,2024-02-22T17:00:00Z,68.9,%
West Jakarta Mayor Office,relativehumidity,2024-02-23T17:00:00Z,76.9,%
West Jakarta Mayor Office,relativehumidity,2024-02-24T17:00:00Z,78.5,%
West Jakarta Mayor Office,relativehumidity,2024-02-25T17:00:00Z,77.8,%
West Jakarta Mayor Office,relativehumidity,2024-02-26T17:00:00Z,71.1,%
West Jakarta Mayor Office,relativehumidity,2024-02-27T17:00:00Z,84.3,%
West Jakarta Mayor Office,relativehumidity,2024-02-28T17:00:00Z,89.0,%
West Jakarta Mayor Office,relativehumidity,2024-02-29T17:00:00Z,75.6,%
West Jakarta Mayor Office,relativehumidity,2024-03-01T17:00:00Z,85.0,%
West Jakarta Mayor Office,relativehumidity,2024-03-02T17:00:00Z,80.0,%
West Jakarta Mayor Office,relativehumidity,2024-03-03T17:00:00Z,74.0,%
West Jakarta Mayor Office,relativehumidity,2024-03-04T17:00:00Z,72.0,%
West Jakarta Mayor Office,relativehumidity,2024-03-05T17:00:00Z,74.4,%
West Jakarta Mayor Office,relativehumidity,2024-03-06T17:00:00Z,73.6,%
West Jakarta Mayor Office,relativehumidity,2024-03-07T17:00:00Z,75.6,%
West Jakarta Mayor Office,relativehumidity,2024-03-08T17:00:00Z,90.8,%
West Jakarta Mayor Office,relativehumidity,2024-03-09T17:00:00Z,82.9,%
West Jakarta Mayor Office,relativehumidity,2024-03-10T17:00:00Z,86.3,%
West Jakarta Mayor Office,relativehumidity,2024-03-11T17:00:00Z,76.0,%
West Jakarta Mayor Office,relativehumidity,2024-03-12T17:00:00Z,82.4,%
West Jakarta Mayor Office,relativehumidity,2024-03-13T17:00:00Z,85.2,%
West Jakarta Mayor Office,relativehumidity,2024-03-14T17:00:00Z,84.9,%
West Jakarta Mayor Office,relativehumidity,2024-03-15T17:00:00Z,90.5,%
West Jakarta Mayor Office,relativehumidity,2024-03-16T17:00:00Z,87.3,%
West Jakarta Mayor Office,relativehumidity,2024-03-17T17:00:00Z,76.6,%
West Jakarta Mayor Office,relativehumidity,2024-03-18T17:00:00Z,66.9,%
West Jakarta Mayor Office,relativehumidity,2024-03-19T17:00:00Z,66.3,%
West Jakarta Mayor Office,relativehumidity,2024-03-20T17:00:00Z,72.8,%
West Jakarta Mayor Office,relativehumidity,2024-03-21T17:00:00Z,88.5,%
West Jakarta Mayor Office,relativehumidity,2024-03-22T17:00:00Z,73.1,%
West Jakarta Mayor Office,relativehumidity,2024-03-23T17:00:00Z,78.2,%
West Jakarta Mayor Office,relativehumidity,2024-03-24T17:00:00Z,77.9,%
West Jakarta Mayor Office,relativehumidity,2024-03-25T17:00:00Z,76.3,%
West Jakarta Mayor Office,relativehumidity,2024-03-26T17:00:00Z,80.4,%
West Jakarta Mayor Office,relativehumidity,2024-03-27T17:00:00Z,75.9,%
West Jakarta Mayor Office,relativehumidity,2024-03-28T17:00:00Z,76.3,%
West Jakarta Mayor Office,relativehumidity,2024-03-29T17:00:00Z,83.1,%
West Jakarta Mayor Office,relativehumidity,2024-03-30T17:00:00Z,77.3,%
West Jakarta Mayor Office,relativehumidity,2024-03-31T17:00:00Z,81.3,%
West Jakarta Mayor Office,relativehumidity,2024-04-01T17:00:00Z,77.1,%
West Jakarta Mayor Office,relativehumidity,2024-04-02T17:00:00Z,82.7,%
West Jakarta Mayor Office,relativehumidity,2024-04-03T17:00:00Z,76.1,%
West Jakarta Mayor Office,relativehumidity,2024-04-04T17:00:00Z,83.5,%
West Jakarta Mayor Office,relativehumidity,2024-04-05T17:00:00Z,75.5,%
West Jakarta Mayor Office,relativehumidity,2024-04-06T17:00:00Z,75.1,%
West Jakarta Mayor Office,relativehumidity,2024-04-07T17:00:00Z,71.5,%
West Jakarta Mayor Office,relativehumidity,2024-04-08T17:00:00Z,77.2,%
West Jakarta Mayor Office,relativehumidity,2024-04-09T17:00:00Z,75.8,%
West Jakarta Mayor Office,relativehumidity,2024-04-10T17:00:00Z,76.0,%
West Jakarta Mayor Office,relativehumidity,2024-04-11T17:00:00Z,88.3,%
West Jakarta Mayor Office,relativehumidity,2024-04-12T17:00:00Z,77.2,%
West Jakarta Mayor Office,relativehumidity,2024-04-13T17:00:00Z,82.3,%
West Jakarta Mayor Office,relativehumidity,2024-04-14T17:00:00Z,76.7,%
West Jakarta Mayor Office,relativehumidity,2024-04-15T17:00:00Z,75.2,%
West Jakarta Mayor Office,relativehumidity,2024-04-16T17:00:00Z,80.3,%
West Jakarta Mayor Office,relativehumidity,2024-04-17T17:00:00Z,78.3,%
West Jakarta Mayor Office,relativehumidity,2024-04-18T17:00:00Z,76.0,%
West Jakarta Mayor Office,relativehumidity,2024-04-19T17:00:00Z,79.4,%
West Jakarta Mayor Office,relativehumidity,2024-04-20T17:00:00Z,81.4,%
West Jakarta Mayor Office,relativehumidity,2024-04-21T17:00:00Z,72.9,%
West Jakarta Mayor Office,relativehumidity,2024-04-22T17:00:00Z,76.6,%
West Jakarta Mayor Office,relativehumidity,2024-04-23T17:00:00Z,76.8,%
West Jakarta Mayor Office,relativehumidity,2024-04-24T17:00:00Z,80.1,%
West Jakarta Mayor Office,relativehumidity,2024-04-25T17:00:00Z,80.0,%
West Jakarta Mayor Office,relativehumidity,2024-04-26T17:00:00Z,82.4,%
West Jakarta Mayor Office,relativehumidity,2024-04-27T17:00:00Z,78.6,%
West Jakarta Mayor Office,relativehumidity,2024-04-28T17:00:00Z,72.9,%
West Jakarta Mayor Office,relativehumidity,2024-04-29T17:00:00Z,76.5,%
West Jakarta Mayor Office,relativehumidity,2024-04-30T17:00:00Z,76.2,%
West Jakarta Mayor Office,relativehumidity,2024-05-01T17:00:00Z,74.9,%
West Jakarta Mayor Office,relativehumidity,2024-05-02T17:00:00Z,74.6,%
West Jakarta Mayor Office,relativehumidity,2024-05-03T17:00:00Z,69.9,%
West Jakarta Mayor Office,relativehumidity,2024-05-04T17:00:00Z,69.7,%
West Jakarta Mayor Office,relativehumidity,2024-05-05T17:00:00Z,69.5,%
West Jakarta Mayor Office,relativehumidity,2024-05-06T17:00:00Z,67.8,%
West Jakarta Mayor Office,relativehumidity,2024-05-07T17:00:00Z,70.8,%
West Jakarta Mayor Office,relativehumidity,2024-05-08T17:00:00Z,72.5,%
West Jakarta Mayor Office,relativehumidity,2024-05-09T17:00:00Z,73.0,%
West Jakarta Mayor Office,relativehumidity,2024-05-10T17:00:00Z,73.8,%
West Jakarta Mayor Office,relativehumidity,2024-05-11T17:00:00Z,69.6,%
West Jakarta Mayor Office,relativehumidity,2024-05-12T17:00:00Z,75.0,%
West Jakarta Mayor Office,relativehumidity,2024-05-13T17:00:00Z,80.3,%
West Jakarta Mayor Office,relativehumidity,2024-05-14T17:00:00Z,73.9,%
West Jakarta Mayor Office,relativehumidity,2024-05-15T17:00:00Z,72.1,%
West Jakarta Mayor Office,relativehumidity,2024-05-16T17:00:00Z,72.4,%
West Jakarta Mayor Office,relativehumidity,2024-05-17T17:00:00Z,71.4,%
West Jakarta Mayor Office,relativehumidity,2024-05-18T17:00:00Z,69.7,%
West Jakarta Mayor Office,relativehumidity,2024-05-19T17:00:00Z,69.8,%
West Jakarta Mayor Office,relativehumidity,2024-05-20T17:00:00Z,70.4,%
West Jakarta Mayor Office,relativehumidity,2024-05-21T17:00:00Z,75.5,%
West Jakarta Mayor Office,relativehumidity,2024-05-22T17:00:00Z,78.7,%
West Jakarta Mayor Office,relativehumidity,2024-05-23T17:00:00Z,77.4,%
West Jakarta Mayor Office,relativehumidity,2024-05-24T17:00:00Z,84.5,%
West Jakarta Mayor Office,relativehumidity,2024-05-25T17:00:00Z,75.5,%
West Jakarta Mayor Office,relativehumidity,2024-05-26T17:00:00Z,70.6,%
West Jakarta Mayor Office,relativehumidity,2024-05-27T17:00:00Z,72.9,%
West Jakarta Mayor Office,relativehumidity,2024-05-28T17:00:00Z,71.8,%
West Jakarta Mayor Office,relativehumidity,2024-05-29T17:00:00Z,71.1,%
West Jakarta Mayor Office,relativehumidity,2024-05-30T17:00:00Z,70.4,%
West Jakarta Mayor Office,relativehumidity,2024-05-31T17:00:00Z,74.2,%
West Jakarta Mayor Office,relativehumidity,2024-06-01T17:00:00Z,76.1,%
West Jakarta Mayor Office,relativehumidity,2024-06-02T17:00:00Z,82.7,%
West Jakarta Mayor Office,relativehumidity,2024-06-03T17:00:00Z,76.3,%
West Jakarta Mayor Office,relativehumidity,2024-06-04T17:00:00Z,71.2,%
West Jakarta Mayor Office,relativehumidity,2024-06-05T17:00:00Z,68.3,%
West Jakarta Mayor Office,relativehumidity,2024-06-06T17:00:00Z,81.7,%
West Jakarta Mayor Office,relativehumidity,2024-06-10T17:00:00Z,83.8,%
West Jakarta Mayor Office,relativehumidity,2024-06-11T17:00:00Z,77.4,%
West Jakarta Mayor Office,relativehumidity,2024-06-12T17:00:00Z,75.1,%
West Jakarta Mayor Office,relativehumidity,2024-06-13T17:00:00Z,72.6,%
West Jakarta Mayor Office,relativehumidity,2024-06-14T17:00:00Z,77.8,%
West Jakarta Mayor Office,relativehumidity,2024-06-15T17:00:00Z,79.0,%
West Jakarta Mayor Office,relativehumidity,2024-06-16T17:00:00Z,71.2,%
West Jakarta Mayor Office,relativehumidity,2024-06-17T17:00:00Z,76.7,%
West Jakarta Mayor Office,relativehumidity,2024-06-18T17:00:00Z,71.8,%
West Jakarta Mayor Office,relativehumidity,2024-06-19T17:00:00Z,64.4,%
West Jakarta Mayor Office,relativehumidity,2024-06-20T17:00:00Z,65.7,%
West Jakarta Mayor Office,relativehumidity,2024-06-21T17:00:00Z,67.8,%
West Jakarta Mayor Office,relativehumidity,2024-06-22T17:00:00Z,61.6,%
West Jakarta Mayor Office,relativehumidity,2024-06-23T17:00:00Z,69.7,%
West Jakarta Mayor Office,relativehumidity,2024-06-24T17:00:00Z,79.4,%
West Jakarta Mayor Office,relativehumidity,2024-06-25T17:00:00Z,74.2,%
West Jakarta Mayor Office,relativehumidity,2024-06-26T17:00:00Z,73.3,%
West Jakarta Mayor Office,relativehumidity,2024-06-27T17:00:00Z,76.4,%
West Jakarta Mayor Office,relativehumidity,2024-06-28T17:00:00Z,80.0,%
West Jakarta Mayor Office,relativehumidity,2024-06-29T17:00:00Z,70.0,%
West Jakarta Mayor Office,relativehumidity,2024-06-30T17:00:00Z,73.9,%
West Jakarta Mayor Office,relativehumidity,2024-07-01T17:00:00Z,78.3,%
West Jakarta Mayor Office,relativehumidity,2024-07-02T17:00:00Z,77.3,%
West Jakarta Mayor Office,relativehumidity,2024-07-03T17:00:00Z,78.8,%
West Jakarta Mayor Office,relativehumidity,2024-07-04T17:00:00Z,79.5,%
West Jakarta Mayor Office,relativehumidity,2024-07-05T17:00:00Z,89.8,%
West Jakarta Mayor Office,relativehumidity,2024-07-06T17:00:00Z,76.5,%
West Jakarta Mayor Office,relativehumidity,2024-07-07T17:00:00Z,73.6,%
West Jakarta Mayor Office,relativehumidity,2024-07-08T17:00:00Z,78.8,%
West Jakarta Mayor Office,relativehumidity,2024-07-09T17:00:00Z,67.7,%
West Jakarta Mayor Office,relativehumidity,2024-07-10T17:00:00Z,68.0,%
West Jakarta Mayor Office,relativehumidity,2024-07-11T17:00:00Z,62.4,%
West Jakarta Mayor Office,relativehumidity,2024-07-12T17:00:00Z,62.5,%
West Jakarta Mayor Office,relativehumidity,2024-07-13T17:00:00Z,62.5,%
West Jakarta Mayor Office,relativehumidity,2024-07-14T17:00:00Z,61.0,%
West Jakarta Mayor Office,relativehumidity,2024-07-15T17:00:00Z,63.5,%
West Jakarta Mayor Office,relativehumidity,2024-07-16T17:00:00Z,67.9,%
West Jakarta Mayor Office,relativehumidity,2024-07-17T17:00:00Z,67.9,%
West Jakarta Mayor Office,relativehumidity,2024-07-18T17:00:00Z,68.8,%
West Jakarta Mayor Office,relativehumidity,2024-07-19T17:00:00Z,65.9,%
West Jakarta Mayor Office,relativehumidity,2024-07-20T17:00:00Z,66.6,%
West Jakarta Mayor Office,relativehumidity,2024-07-21T17:00:00Z,66.7,%
West Jakarta Mayor Office,relativehumidity,2024-07-22T17:00:00Z,63.9,%
West Jakarta Mayor Office,relativehumidity,2024-07-23T17:00:00Z,67.2,%
West Jakarta Mayor Office,relativehumidity,2024-07-24T17:00:00Z,69.5,%
West Jakarta Mayor Office,relativehumidity,2024-07-25T17:00:00Z,67.8,%
West Jakarta Mayor Office,relativehumidity,2024-07-26T17:00:00Z,65.5,%
West Jakarta Mayor Office,relativehumidity,2024-07-27T17:00:00Z,65.2,%
West Jakarta Mayor Office,relativehumidity,2024-07-28T17:00:00Z,64.6,%
West Jakarta Mayor Office,relativehumidity,2024-07-29T17:00:00Z,64.0,%
West Jakarta Mayor Office,relativehumidity,2024-07-30T17:00:00Z,67.1,%
West Jakarta Mayor Office,relativehumidity,2024-07-31T17:00:00Z,71.4,%
West Jakarta Mayor Office,relativehumidity,2024-08-01T17:00:00Z,74.2,%
West Jakarta Mayor Office,relativehumidity,2024-08-02T17:00:00Z,74.9,%
West Jakarta Mayor Office,relativehumidity,2024-08-03T17:00:00Z,72.9,%
West Jakarta Mayor Office,relativehumidity,2024-08-04T17:00:00Z,69.7,%
West Jakarta Mayor Office,relativehumidity,2024-08-05T17:00:00Z,67.6,%
West Jakarta Mayor Office,relativehumidity,2024-08-06T17:00:00Z,67.2,%
West Jakarta Mayor Office,relativehumidity,2024-08-07T17:00:00Z,65.1,%
West Jakarta Mayor Office,relativehumidity,2024-08-08T17:00:00Z,66.5,%
West Jakarta Mayor Office,relativehumidity,2024-08-09T17:00:00Z,68.4,%
West Jakarta Mayor Office,relativehumidity,2024-08-10T17:00:00Z,67.2,%
West Jakarta Mayor Office,relativehumidity,2024-08-11T17:00:00Z,62.1,%
West Jakarta Mayor Office,relativehumidity,2024-08-12T17:00:00Z,62.9,%
West Jakarta Mayor Office,relativehumidity,2024-08-13T17:00:00Z,65.2,%
West Jakarta Mayor Office,relativehumidity,2024-08-14T17:00:00Z,66.4,%
West Jakarta Mayor Office,relativehumidity,2024-08-15T17:00:00Z,66.0,%
West Jakarta Mayor Office,relativehumidity,2024-08-16T17:00:00Z,68.0,%
West Jakarta Mayor Office,relativehumidity,2024-08-17T17:00:00Z,68.6,%
West Jakarta Mayor Office,relativehumidity,2024-08-18T17:00:00Z,69.0,%
West Jakarta Mayor Office,relativehumidity,2024-08-19T17:00:00Z,70.6,%
West Jakarta Mayor Office,relativehumidity,2024-08-20T17:00:00Z,70.3,%
West Jakarta Mayor Office,relativehumidity,2024-08-21T17:00:00Z,70.1,%
West Jakarta Mayor Office,relativehumidity,2024-08-22T17:00:00Z,68.8,%
West Jakarta Mayor Office,relativehumidity,2024-08-23T17:00:00Z,69.0,%
West Jakarta Mayor Office,relativehumidity,2024-08-24T17:00:00Z,64.2,%
West Jakarta Mayor Office,relativehumidity,2024-08-25T17:00:00Z,65.7,%
West Jakarta Mayor Office,relativehumidity,2024-08-26T17:00:00Z,67.9,%
West Jakarta Mayor Office,relativehumidity,2024-08-27T17:00:00Z,64.6,%
West Jakarta Mayor Office,relativehumidity,2024-08-28T17:00:00Z,65.5,%
West Jakarta Mayor Office,relativehumidity,2024-08-29T17:00:00Z,66.5,%
West Jakarta Mayor Office,relativehumidity,2024-08-30T17:00:00Z,65.7,%
West Jakarta Mayor Office,relativehumidity,2024-08-31T17:00:00Z,69.2,%
West Jakarta Mayor Office,relativehumidity,2024-09-01T17:00:00Z,71.5,%
West Jakarta Mayor Office,relativehumidity,2024-09-02T17:00:00Z,68.9,%
West Jakarta Mayor Office,relativehumidity,2024-09-03T17:00:00Z,63.4,%
West Jakarta Mayor Office,relativehumidity,2024-09-04T17:00:00Z,68.2,%
West Jakarta Mayor Office,relativehumidity,2024-09-05T17:00:00Z,69.5,%
West Jakarta Mayor Office,relativehumidity,2024-09-06T17:00:00Z,61.5,%
West Jakarta Mayor Office,relativehumidity,2024-09-07T17:00:00Z,66.5,%
West Jakarta Mayor Office,relativehumidity,2024-09-08T17:00:00Z,73.5,%
West Jakarta Mayor Office,relativehumidity,2024-09-09T17:00:00Z,76.8,%
West Jakarta Mayor Office,relativehumidity,2024-09-10T17:00:00Z,67.7,%
West Jakarta Mayor Office,relativehumidity,2024-09-11T17:00:00Z,74.5,%
West Jakarta Mayor Office,relativehumidity,2024-09-12T17:00:00Z,76.4,%
West Jakarta Mayor Office,relativehumidity,2024-09-13T17:00:00Z,64.2,%
West Jakarta Mayor Office,relativehumidity,2024-09-14T17:00:00Z,65.2,%
West Jakarta Mayor Office,relativehumidity,2024-09-15T17:00:00Z,63.3,%
West Jakarta Mayor Office,relativehumidity,2024-09-16T17:00:00Z,59.9,%
West Jakarta Mayor Office,relativehumidity,2024-09-17T17:00:00Z,68.4,%
West Jakarta Mayor Office,relativehumidity,2024-09-18T17:00:00Z,62.6,%
West Jakarta Mayor Office,relativehumidity,2024-09-19T17:00:00Z,67.4,%
West Jakarta Mayor Office,relativehumidity,2024-09-20T17:00:00Z,68.3,%
West Jakarta Mayor Office,relativehumidity,2024-09-21T17:00:00Z,71.7,%
West Jakarta Mayor Office,relativehumidity,2024-09-22T17:00:00Z,73.5,%
West Jakarta Mayor Office,relativehumidity,2024-09-23T17:00:00Z,78.5,%
West Jakarta Mayor Office,relativehumidity,2024-09-24T17:00:00Z,77.2,%
West Jakarta Mayor Office,relativehumidity,2024-09-25T17:00:00Z,79.9,%
West Jakarta Mayor Office,relativehumidity,2024-09-26T17:00:00Z,74.3,%
West Jakarta Mayor Office,relativehumidity,2024-09-27T17:00:00Z,71.6,%
West Jakarta Mayor Office,relativehumidity,2024-09-28T17:00:00Z,68.2,%
West Jakarta Mayor Office,relativehumidity,2024-09-29T17:00:00Z,66.9,%
West Jakarta Mayor Office,relativehumidity,2024-09-30T17:00:00Z,67.8,%
West Jakarta Mayor Office,relativehumidity,2024-10-01T17:00:00Z,70.2,%
West Jakarta Mayor Office,relativehumidity,2024-10-02T17:00:00Z,69.7,%
West Jakarta Mayor Office,relativehumidity,2024-10-03T17:00:00Z,68.5,%
West Jakarta Mayor Office,relativehumidity,2024-10-04T17:00:00Z,69.3,%
West Jakarta Mayor Office,relativehumidity,2024-10-05T17:00:00Z,69.8,%
West Jakarta Mayor Office,relativehumidity,2024-10-06T17:00:00Z,60.0,%
West Jakarta Mayor Office,relativehumidity,2024-10-07T17:00:00Z,65.5,%
West Jakarta Mayor Office,relativehumidity,2024-10-08T17:00:00Z,68.5,%
West Jakarta Mayor Office,relativehumidity,2024-10-09T17:00:00Z,69.2,%
West Jakarta Mayor Office,relativehumidity,2024-10-10T17:00:00Z,67.9,%
West Jakarta Mayor Office,relativehumidity,2024-10-11T17:00:00Z,70.9,%
West Jakarta Mayor Office,relativehumidity,2024-10-12T17:00:00Z,73.5,%
West Jakarta Mayor Office,relativehumidity,2024-10-13T17:00:00Z,71.8,%
West Jakarta Mayor Office,relativehumidity,2024-10-14T17:00:00Z,70.3,%
West Jakarta Mayor Office,relativehumidity,2024-10-15T17:00:00Z,66.3,%
West Jakarta Mayor Office,relativehumidity,2024-10-16T17:00:00Z,55.4,%
West Jakarta Mayor Office,relativehumidity,2024-10-17T17:00:00Z,62.3,%
West Jakarta Mayor Office,relativehumidity,2024-10-18T17:00:00Z,66.1,%
West Jakarta Mayor Office,relativehumidity,2024-10-19T17:00:00Z,57.6,%
West Jakarta Mayor Office,relativehumidity,2024-10-20T17:00:00Z,63.1,%
West Jakarta Mayor Office,relativehumidity,2024-10-21T17:00:00Z,64.9,%
West Jakarta Mayor Office,relativehumidity,2024-10-22T17:00:00Z,66.1,%
West Jakarta Mayor Office,relativehumidity,2024-10-23T17:00:00Z,71.3,%
West Jakarta Mayor Office,relativehumidity,2024-10-24T17:00:00Z,72.3,%
West Jakarta Mayor Office,relativehumidity,2024-10-25T17:00:00Z,66.0,%
West Jakarta Mayor Office,relativehumidity,2024-10-26T17:00:00Z,67.1,%
West Jakarta Mayor Office,relativehumidity,2024-10-27T17:00:00Z,69.3,%
West Jakarta Mayor Office,relativehumidity,2024-10-28T17:00:00Z,67.6,%
West Jakarta Mayor Office,relativehumidity,2024-10-29T17:00:00Z,67.1,%
West Jakarta Mayor Office,relativehumidity,2024-10-30T17:00:00Z,68.4,%
West Jakarta Mayor Office,relativehumidity,2024-10-31T17:00:00Z,69.1,%
West Jakarta Mayor Office,relativehumidity,2024-11-01T17:00:00Z,73.1,%
West Jakarta Mayor Office,relativehumidity,2024-11-02T17:00:00Z,76.0,%
West Jakarta Mayor Office,relativehumidity,2024-11-11T17:00:00Z,79.6,%
West Jakarta Mayor Office,relativehumidity,2024-11-12T17:00:00Z,72.7,%
West Jakarta Mayor Office,relativehumidity,2024-11-13T17:00:00Z,71.6,%
West Jakarta Mayor Office,relativehumidity,2024-11-14T17:00:00Z,74.0,%
West Jakarta Mayor Office,relativehumidity,2024-11-15T17:00:00Z,82.5,%
West Jakarta Mayor Office,relativehumidity,2024-11-16T17:00:00Z,76.0,%
West Jakarta Mayor Office,relativehumidity,2024-11-17T17:00:00Z,76.8,%
West Jakarta Mayor Office,relativehumidity,2024-11-18T17:00:00Z,79.5,%
West Jakarta Mayor Office,relativehumidity,2024-11-19T17:00:00Z,76.8,%
West Jakarta Mayor Office,relativehumidity,2024-11-20T17:00:00Z,73.7,%
West Jakarta Mayor Office,relativehumidity,2024-11-21T17:00:00Z,75.5,%
West Jakarta Mayor Office,relativehumidity,2024-11-22T17:00:00Z,78.5,%
West Jakarta Mayor Office,relativehumidity,2024-11-23T17:00:00Z,75.4,%
West Jakarta Mayor Office,relativehumidity,2024-11-24T17:00:00Z,72.1,%
West Jakarta Mayor Office,relativehumidity,2024-11-25T17:00:00Z,72.4,%
West Jakarta Mayor Office,relativehumidity,2024-11-26T17:00:00Z,78.5,%
West Jakarta Mayor Office,relativehumidity,2024-11-27T17:00:00Z,72.0,%
West Jakarta Mayor Office,relativehumidity,2024-11-28T17:00:00Z,68.2,%
West Jakarta Mayor Office,relativehumidity,2024-11-29T17:00:00Z,68.6,%
West Jakarta Mayor Office,relativehumidity,2024-11-30T17:00:00Z,67.4,%
West Jakarta Mayor Office,relativehumidity,2024-12-01T17:00:00Z,73.6,%
West Jakarta Mayor Office,relativehumidity,2024-12-02T17:00:00Z,78.2,%
West Jakarta Mayor Office,relativehumidity,2024-12-03T17:00:00Z,82.0,%
West Jakarta Mayor Office,relativehumidity,2024-12-04T17:00:00Z,79.0,%
West Jakarta Mayor Office,relativehumidity,2024-12-05T17:00:00Z,78.5,%
West Jakarta Mayor Office,relativehumidity,2024-12-06T17:00:00Z,80.6,%
West Jakarta Mayor Office,relativehumidity,2024-12-07T17:00:00Z,79.7,%
West Jakarta Mayor Office,relativehumidity,2024-12-08T17:00:00Z,87.5,%
West Jakarta Mayor Office,relativehumidity,2024-12-09T17:00:00Z,80.8,%
West Jakarta Mayor Office,relativehumidity,2024-12-10T17:00:00Z,70.3,%
West Jakarta Mayor Office,relativehumidity,2024-12-11T17:00:00Z,69.8,%
West Jakarta Mayor Office,relativehumidity,2024-12-12T17:00:00Z,67.1,%
West Jakarta Mayor Office,relativehumidity,2024-12-13T17:00:00Z,74.9,%
West Jakarta Mayor Office,relativehumidity,2024-12-14T17:00:00Z,78.4,%
West Jakarta Mayor Office,relativehumidity,2024-12-15T17:00:00Z,77.2,%
West Jakarta Mayor Office,relativehumidity,2024-12-16T17:00:00Z,75.0,%
West Jakarta Mayor Office,relativehumidity,2024-12-17T17:00:00Z,72.5,%
West Jakarta Mayor Office,relativehumidity,2024-12-18T17:00:00Z,81.2,%
West Jakarta Mayor Office,relativehumidity,2024-12-19T17:00:00Z,78.7,%
West Jakarta Mayor Office,relativehumidity,2024-12-20T17:00:00Z,77.4,%
West Jakarta Mayor Office,relativehumidity,2024-12-21T17:00:00Z,80.5,%
West Jakarta Mayor Office,relativehumidity,2024-12-22T17:00:00Z,84.3,%
West Jakarta Mayor Office,relativehumidity,2024-12-23T17:00:00Z,79.1,%
West Jakarta Mayor Office,relativehumidity,2024-12-24T17:00:00Z,77.6,%
West Jakarta Mayor Office,relativehumidity,2024-12-25T17:00:00Z,73.7,%
West Jakarta Mayor Office,relativehumidity,2024-12-26T17:00:00Z,70.0,%
West Jakarta Mayor Office,relativehumidity,2024-12-27T17:00:00Z,67.2,%
West Jakarta Mayor Office,relativehumidity,2024-12-28T17:00:00Z,73.1,%
West Jakarta Mayor Office,relativehumidity,2024-12-29T17:00:00Z,74.6,%
West Jakarta Mayor Office,relativehumidity,2024-12-30T17:00:00Z,71.9,%
West Jakarta Mayor Office,relativehumidity,2024-12-31T17:00:00Z,72.9,%
West Jakarta Mayor Office,relativehumidity,2025-01-01T17:00:00Z,68.4,%
West Jakarta Mayor Office,relativehumidity,2025-01-02T17:00:00Z,71.5,%
West Jakarta Mayor Office,relativehumidity,2025-01-03T17:00:00Z,67.8,%
West Jakarta Mayor Office,relativehumidity,2025-01-04T17:00:00Z,71.4,%
West Jakarta Mayor Office,relativehumidity,2025-01-05T17:00:00Z,69.6,%
West Jakarta Mayor Office,relativehumidity,2025-01-06T17:00:00Z,72.7,%
West Jakarta Mayor Office,relativehumidity,2025-01-07T17:00:00Z,79.5,%
West Jakarta Mayor Office,relativehumidity,2025-01-08T17:00:00Z,84.6,%
West Jakarta Mayor Office,relativehumidity,2025-01-09T17:00:00Z,75.4,%
West Jakarta Mayor Office,relativehumidity,2025-01-10T17:00:00Z,76.9,%
West Jakarta Mayor Office,relativehumidity,2025-01-11T17:00:00Z,72.7,%
West Jakarta Mayor Office,relativehumidity,2025-01-12T17:00:00Z,75.3,%
West Jakarta Mayor Office,relativehumidity,2025-01-13T17:00:00Z,86.5,%
West Jakarta Mayor Office,relativehumidity,2025-01-14T17:00:00Z,72.6,%
West Jakarta Mayor Office,relativehumidity,2025-01-15T17:00:00Z,75.0,%
West Jakarta Mayor Office,relativehumidity,2025-01-16T17:00:00Z,76.7,%
West Jakarta Mayor Office,relativehumidity,2025-01-17T17:00:00Z,80.9,%
West Jakarta Mayor Office,relativehumidity,2025-01-18T17:00:00Z,74.1,%
West Jakarta Mayor Office,relativehumidity,2025-01-19T17:00:00Z,84.8,%
West Jakarta Mayor Office,relativehumidity,2025-01-20T17:00:00Z,86.7,%
West Jakarta Mayor Office,relativehumidity,2025-01-21T17:00:00Z,78.6,%
West Jakarta Mayor Office,relativehumidity,2025-01-22T17:00:00Z,77.8,%
West Jakarta Mayor Office,relativehumidity,2025-01-23T17:00:00Z,77.1,%
West Jakarta Mayor Office,relativehumidity,2025-01-24T17:00:00Z,79.6,%
West Jakarta Mayor Office,relativehumidity,2025-01-25T17:00:00Z,74.5,%
West Jakarta Mayor Office,relativehumidity,2025-01-26T17:00:00Z,74.0,%
West Jakarta Mayor Office,relativehumidity,2025-01-27T17:00:00Z,86.4,%
West Jakarta Mayor Office,relativehumidity,2025-01-28T17:00:00Z,84.6,%
West Jakarta Mayor Office,relativehumidity,2025-01-29T17:00:00Z,75.7,%
West Jakarta Mayor Office,relativehumidity,2025-01-30T17:00:00Z,80.0,%
West Jakarta Mayor Office,relativehumidity,2025-01-31T17:00:00Z,78.1,%
West Jakarta Mayor Office,relativehumidity,2025-02-01T17:00:00Z,78.3,%
West Jakarta Mayor Office,relativehumidity,2025-02-02T17:00:00Z,75.9,%
West Jakarta Mayor Office,relativehumidity,2025-02-03T17:00:00Z,77.6,%
West Jakarta Mayor Office,relativehumidity,2025-02-04T17:00:00Z,72.4,%
West Jakarta Mayor Office,relativehumidity,2025-02-05T17:00:00Z,76.4,%
West Jakarta Mayor Office,relativehumidity,2025-02-06T17:00:00Z,79.5,%
West Jakarta Mayor Office,relativehumidity,2025-02-07T17:00:00Z,82.3,%
West Jakarta Mayor Office,relativehumidity,2025-02-08T17:00:00Z,76.9,%
West Jakarta Mayor Office,relativehumidity,2025-02-09T17:00:00Z,80.6,%
West Jakarta Mayor Office,relativehumidity,2025-02-10T17:00:00Z,79.4,%
West Jakarta Mayor Office,relativehumidity,2025-02-11T17:00:00Z,72.7,%
West Jakarta Mayor Office,relativehumidity,2025-02-12T17:00:00Z,66.3,%
West Jakarta Mayor Office,relativehumidity,2025-02-13T17:00:00Z,70.9,%
West Jakarta Mayor Office,relativehumidity,2025-02-14T17:00:00Z,74.2,%
West Jakarta Mayor Office,relativehumidity,2025-02-15T17:00:00Z,78.6,%
West Jakarta Mayor Office,relativehumidity,2025-02-16T17:00:00Z,82.3,%
West Jakarta Mayor Office,relativehumidity,2025-02-17T17:00:00Z,81.8,%
West Jakarta Mayor Office,relativehumidity,2025-02-18T17:00:00Z,82.1,%
West Jakarta Mayor Office,relativehumidity,2025-02-19T17:00:00Z,74.7,%
West Jakarta Mayor Office,relativehumidity,2025-02-20T17:00:00Z,74.8,%
West Jakarta Mayor Office,relativehumidity,2025-02-21T17:00:00Z,80.1,%
West Jakarta Mayor Office,relativehumidity,2025-02-22T17:00:00Z,79.4,%
West Jakarta Mayor Office,relativehumidity,2025-02-23T17:00:00Z,78.7,%
West Jakarta Mayor Office,relativehumidity,2025-02-24T17:00:00Z,75.3,%
West Jakarta Mayor Office,relativehumidity,2025-02-25T17:00:00Z,76.9,%
West Jakarta Mayor Office,relativehumidity,2025-02-26T17:00:00Z,78.1,%
West Jakarta Mayor Office,relativehumidity,2025-02-27T17:00:00Z,75.8,%
West Jakarta Mayor Office,relativehumidity,2025-02-28T17:00:00Z,71.9,%
West Jakarta Mayor Office,relativehumidity,2025-03-01T17:00:00Z,76.4,%
West Jakarta Mayor Office,relativehumidity,2025-03-02T17:00:00Z,78.5,%
West Jakarta Mayor Office,relativehumidity,2025-03-03T17:00:00Z,83.8,%
West Jakarta Mayor Office,relativehumidity,2025-03-04T17:00:00Z,75.3,%
West Jakarta Mayor Office,relativehumidity,2025-03-05T17:00:00Z,73.9,%
West Jakarta Mayor Office,relativehumidity,2025-03-06T17:00:00Z,72.1,%
West Jakarta Mayor Office,relativehumidity,2025-03-07T17:00:00Z,76.6,%
West Jakarta Mayor Office,relativehumidity,2025-03-08T17:00:00Z,76.4,%
West Jakarta Mayor Office,relativehumidity,2025-03-09T17:00:00Z,75.2,%
West Jakarta Mayor Office,relativehumidity,2025-03-10T17:00:00Z,72.7,%
West Jakarta Mayor Office,relativehumidity,2025-03-11T17:00:00Z,70.4,%
West Jakarta Mayor Office,relativehumidity,2025-03-12T17:00:00Z,72.2,%
West Jakarta Mayor Office,relativehumidity,2025-03-13T17:00:00Z,74.0,%
West Jakarta Mayor Office,relativehumidity,2025-03-14T17:00:00Z,74.7,%
West Jakarta Mayor Office,relativehumidity,2025-03-15T17:00:00Z,71.4,%
West Jakarta Mayor Office,relativehumidity,2025-03-16T17:00:00Z,74.8,%
West Jakarta Mayor Office,relativehumidity,2025-03-23T17:00:00Z,72.0,%
West Jakarta Mayor Office,relativehumidity,2025-03-24T17:00:00Z,76.6,%
West Jakarta Mayor Office,relativehumidity,2025-03-25T17:00:00Z,77.9,%
West Jakarta Mayor Office,relativehumidity,2025-03-26T17:00:00Z,78.7,%
West Jakarta Mayor Office,relativehumidity,2025-03-27T17:00:00Z,76.8,%
West Jakarta Mayor Office,relativehumidity,2025-03-28T17:00:00Z,74.1,%
West Jakarta Mayor Office,relativehumidity,2025-03-29T17:00:00Z,69.5,%
West Jakarta Mayor Office,relativehumidity,2025-03-30T17:00:00Z,75.4,%
West Jakarta Mayor Office,relativehumidity,2025-03-31T17:00:00Z,79.4,%
West Jakarta Mayor Office,relativehumidity,2025-04-01T17:00:00Z,75.8,%
West Jakarta Mayor Office,relativehumidity,2025-04-02T17:00:00Z,77.2,%
West Jakarta Mayor Office,relativehumidity,2025-04-03T17:00:00Z,78.2,%
West Jakarta Mayor Office,relativehumidity,2025-04-07T17:00:00Z,70.2,%
West Jakarta Mayor Office,relativehumidity,2025-04-08T17:00:00Z,74.9,%
West Jakarta Mayor Office,relativehumidity,2025-04-09T17:00:00Z,75.2,%
West Jakarta Mayor Office,relativehumidity,2025-04-10T17:00:00Z,76.3,%
West Jakarta Mayor Office,relativehumidity,2025-04-11T17:00:00Z,78.4,%
West Jakarta Mayor Office,relativehumidity,2025-04-12T17:00:00Z,80.8,%
West Jakarta Mayor Office,relativehumidity,2025-04-13T17:00:00Z,74.0,%
West Jakarta Mayor Office,relativehumidity,2025-04-14T17:00:00Z,76.2,%
West Jakarta Mayor Office,relativehumidity,2025-04-15T17:00:00Z,76.4,%
West Jakarta Mayor Office,relativehumidity,2025-04-16T17:00:00Z,81.1,%
West Jakarta Mayor Office,relativehumidity,2025-04-17T17:00:00Z,78.7,%
West Jakarta Mayor Office,relativehumidity,2025-04-18T17:00:00Z,74.0,%
West Jakarta Mayor Office,relativehumidity,2025-04-19T17:00:00Z,71.4,%
West Jakarta Mayor Office,relativehumidity,2025-04-20T17:00:00Z,71.8,%
West Jakarta Mayor Office,relativehumidity,2025-04-21T17:00:00Z,72.9,%
West Jakarta Mayor Office,relativehumidity,2025-04-22T17:00:00Z,72.1,%
West Jakarta Mayor Office,relativehumidity,2025-04-23T17:00:00Z,69.1,%
West Jakarta Mayor Office,relativehumidity,2025-04-24T17:00:00Z,72.9,%
West Jakarta Mayor Office,relativehumidity,2025-04-25T17:00:00Z,74.7,%
West Jakarta Mayor Office,relativehumidity,2025-04-26T17:00:00Z,74.6,%
West Jakarta Mayor Office,relativehumidity,2025-04-27T17:00:00Z,71.9,%
West Jakarta Mayor Office,relativehumidity,2025-04-28T17:00:00Z,70.3,%
West Jakarta Mayor Office,relativehumidity,2025-04-29T17:00:00Z,71.4,%
West Jakarta Mayor Office,relativehumidity,2025-04-30T17:00:00Z,71.9,%
West Jakarta Mayor Office,relativehumidity,2025-05-01T17:00:00Z,73.6,%
West Jakarta Mayor Office,relativehumidity,2025-05-02T17:00:00Z,77.0,%
West Jakarta Mayor Office,relativehumidity,2025-05-03T17:00:00Z,75.6,%
West Jakarta Mayor Office,relativehumidity,2025-05-04T17:00:00Z,74.6,%
West Jakarta Mayor Office,relativehumidity,2025-05-05T17:00:00Z,73.6,%
West Jakarta Mayor Office,relativehumidity,2025-05-06T17:00:00Z,75.0,%
West Jakarta Mayor Office,relativehumidity,2025-05-07T17:00:00Z,73.6,%
West Jakarta Mayor Office,relativehumidity,2025-05-08T17:00:00Z,72.1,%
West Jakarta Mayor Office,relativehumidity,2025-05-09T17:00:00Z,77.7,%
West Jakarta Mayor Office,relativehumidity,2025-05-10T17:00:00Z,78.6,%
West Jakarta Mayor Office,relativehumidity,2025-05-11T17:00:00Z,73.2,%
West Jakarta Mayor Office,relativehumidity,2025-05-12T17:00:00Z,75.9,%
West Jakarta Mayor Office,relativehumidity,2025-05-13T17:00:00Z,78.6,%
West Jakarta Mayor Office,relativehumidity,2025-05-14T17:00:00Z,76.8,%
West Jakarta Mayor Office,relativehumidity,2025-05-15T17:00:00Z,75.5,%
West Jakarta Mayor Office,relativehumidity,2025-05-16T17:00:00Z,80.3,%
West Jakarta Mayor Office,relativehumidity,2025-05-17T17:00:00Z,76.7,%
West Jakarta Mayor Office,relativehumidity,2025-05-18T17:00:00Z,74.9,%
West Jakarta Mayor Office,relativehumidity,2025-05-19T17:00:00Z,70.3,%
West Jakarta Mayor Office,relativehumidity,2025-05-20T17:00:00Z,84.2,%
West Jakarta Mayor Office,relativehumidity,2025-05-21T17:00:00Z,83.2,%
West Jakarta Mayor Office,relativehumidity,2025-05-22T17:00:00Z,87.5,%
West Jakarta Mayor Office,relativehumidity,2025-05-23T17:00:00Z,79.8,%
West Jakarta Mayor Office,relativehumidity,2025-05-24T17:00:00Z,80.4,%
West Jakarta Mayor Office,relativehumidity,2025-05-25T17:00:00Z,82.0,%
West Jakarta Mayor Office,relativehumidity,2025-05-26T17:00:00Z,69.4,%
West Jakarta Mayor Office,relativehumidity,2025-05-27T17:00:00Z,70.7,%
West Jakarta Mayor Office,relativehumidity,2025-05-28T17:00:00Z,75.7,%
West Jakarta Mayor Office,relativehumidity,2025-05-29T17:00:00Z,77.1,%
West Jakarta Mayor Office,relativehumidity,2025-05-30T17:00:00Z,70.4,%
West Jakarta Mayor Office,relativehumidity,2025-05-31T17:00:00Z,72.4,%
West Jakarta Mayor Office,relativehumidity,2025-06-01T17:00:00Z,72.1,%
West Jakarta Mayor Office,relativehumidity,2025-06-02T17:00:00Z,72.8,%
West Jakarta Mayor Office,relativehumidity,2025-06-03T17:00:00Z,72.1,%
West Jakarta Mayor Office,relativehumidity,2025-06-04T17:00:00Z,71.4,%
West Jakarta Mayor Office,relativehumidity,2025-06-05T17:00:00Z,74.9,%
West Jakarta Mayor Office,relativehumidity,2025-06-06T17:00:00Z,74.8,%
West Jakarta Mayor Office,relativehumidity,2025-06-07T17:00:00Z,71.6,%
West Jakarta Mayor Office,relativehumidity,2025-06-08T17:00:00Z,72.2,%
West Jakarta Mayor Office,relativehumidity,2025-06-09T17:00:00Z,78.1,%
West Jakarta Mayor Office,relativehumidity,2025-06-10T17:00:00Z,79.3,%
West Jakarta Mayor Office,relativehumidity,2025-06-11T17:00:00Z,72.5,%
West Jakarta Mayor Office,relativehumidity,2025-06-12T17:00:00Z,68.5,%
West Jakarta Mayor Office,relativehumidity,2025-06-13T17:00:00Z,77.2,%
West Jakarta Mayor Office,relativehumidity,2025-06-14T17:00:00Z,73.4,%
West Jakarta Mayor Office,relativehumidity,2025-06-15T17:00:00Z,74.5,%
West Jakarta Mayor Office,relativehumidity,2025-06-16T17:00:00Z,77.8,%
West Jakarta Mayor Office,relativehumidity,2025-06-17T17:00:00Z,90.0,%
West Jakarta Mayor Office,relativehumidity,2025-06-18T17:00:00Z,75.2,%
West Jakarta Mayor Office,relativehumidity,2025-06-19T17:00:00Z,75.1,%
West Jakarta Mayor Office,relativehumidity,2025-06-20T17:00:00Z,81.0,%
West Jakarta Mayor Office,relativehumidity,2025-06-21T17:00:00Z,75.8,%
West Jakarta Mayor Office,relativehumidity,2025-06-22T17:00:00Z,74.2,%
West Jakarta Mayor Office,relativehumidity,2025-06-23T17:00:00Z,74.5,%
West Jakarta Mayor Office,relativehumidity,2025-06-24T17:00:00Z,73.1,%
West Jakarta Mayor Office,relativehumidity,2025-06-25T17:00:00Z,71.8,%
West Jakarta Mayor Office,relativehumidity,2025-06-26T17:00:00Z,73.0,%
West Jakarta Mayor Office,relativehumidity,2025-06-27T17:00:00Z,79.7,%
West Jakarta Mayor Office,relativehumidity,2025-06-28T17:00:00Z,84.0,%
West Jakarta Mayor Office,relativehumidity,2025-06-29T17:00:00Z,74.0,%
West Jakarta Mayor Office,temperature,2023-10-06T17:00:00Z,30.4,c
West Jakarta Mayor Office,temperature,2023-10-07T17:00:00Z,30.1,c
West Jakarta Mayor Office,temperature,2023-10-08T17:00:00Z,29.7,c
West Jakarta Mayor Office,temperature,2023-10-09T17:00:00Z,30.5,c
West Jakarta Mayor Office,temperature,2023-10-10T17:00:00Z,30.5,c
West Jakarta Mayor Office,temperature,2023-10-11T17:00:00Z,30.2,c
West Jakarta Mayor Office,temperature,2023-10-12T17:00:00Z,30.2,c
West Jakarta Mayor Office,temperature,2023-10-13T17:00:00Z,30.3,c
West Jakarta Mayor Office,temperature,2023-10-14T17:00:00Z,30.7,c
West Jakarta Mayor Office,temperature,2023-10-15T17:00:00Z,30.8,c
West Jakarta Mayor Office,temperature,2023-10-16T17:00:00Z,31.4,c
West Jakarta Mayor Office,temperature,2023-10-17T17:00:00Z,30.4,c
West Jakarta Mayor Office,temperature,2023-10-18T17:00:00Z,30.1,c
West Jakarta Mayor Office,temperature,2023-10-19T17:00:00Z,29.9,c
West Jakarta Mayor Office,temperature,2023-10-20T17:00:00Z,30.3,c
West Jakarta Mayor Office,temperature,2023-10-21T17:00:00Z,30.6,c
West Jakarta Mayor Office,temperature,2023-10-22T17:00:00Z,30.2,c
West Jakarta Mayor Office,temperature,2023-10-23T17:00:00Z,29.6,c
West Jakarta Mayor Office,temperature,2023-10-24T17:00:00Z,28.6,c
West Jakarta Mayor Office,temperature,2023-10-25T17:00:00Z,29.9,c
West Jakarta Mayor Office,temperature,2023-10-26T17:00:00Z,29.7,c
West Jakarta Mayor Office,temperature,2023-10-27T17:00:00Z,30.0,c
West Jakarta Mayor Office,temperature,2023-10-28T17:00:00Z,30.0,c
West Jakarta Mayor Office,temperature,2023-10-29T17:00:00Z,30.3,c
West Jakarta Mayor Office,temperature,2023-10-30T17:00:00Z,30.4,c
West Jakarta Mayor Office,temperature,2023-10-31T17:00:00Z,29.8,c
West Jakarta Mayor Office,temperature,2023-11-01T17:00:00Z,29.9,c
West Jakarta Mayor Office,temperature,2023-11-02T17:00:00Z,30.0,c
West Jakarta Mayor Office,temperature,2023-11-03T17:00:00Z,29.0,c
West Jakarta Mayor Office,temperature,2023-11-04T17:00:00Z,27.2,c
West Jakarta Mayor Office,temperature,2023-11-05T17:00:00Z,29.3,c
West Jakarta Mayor Office,temperature,2023-11-06T17:00:00Z,29.9,c
West Jakarta Mayor Office,temperature,2023-11-07T17:00:00Z,30.2,c
West Jakarta Mayor Office,temperature,2023-11-08T17:00:00Z,29.6,c
West Jakarta Mayor Office,temperature,2023-11-09T17:00:00Z,28.8,c
West Jakarta Mayor Office,temperature,2023-11-10T17:00:00Z,28.7,c
West Jakarta Mayor Office,temperature,2023-11-11T17:00:00Z,29.5,c
West Jakarta Mayor Office,temperature,2023-11-12T17:00:00Z,30.0,c
West Jakarta Mayor Office,temperature,2023-11-13T17:00:00Z,29.6,c
West Jakarta Mayor Office,temperature,2023-11-14T17:00:00Z,28.8,c
West Jakarta Mayor Office,temperature,2023-11-15T17:00:00Z,29.8,c
West Jakarta Mayor Office,temperature,2023-11-16T17:00:00Z,29.8,c
West Jakarta Mayor Office,temperature,2023-11-17T17:00:00Z,29.6,c
West Jakarta Mayor Office,temperature,2023-11-18T17:00:00Z,29.9,c
West Jakarta Mayor Office,temperature,2023-11-19T17:00:00Z,29.9,c
West Jakarta Mayor Office,temperature,2023-11-20T17:00:00Z,30.2,c
West Jakarta Mayor Office,temperature,2023-11-21T17:00:00Z,30.1,c
West Jakarta Mayor Office,temperature,2023-11-22T17:00:00Z,28.8,c
West Jakarta Mayor Office,temperature,2023-11-23T17:00:00Z,28.8,c
West Jakarta Mayor Office,temperature,2023-11-24T17:00:00Z,25.4,c
West Jakarta Mayor Office,temperature,2023-11-25T17:00:00Z,28.8,c
West Jakarta Mayor Office,temperature,2023-11-26T17:00:00Z,27.9,c
West Jakarta Mayor Office,temperature,2023-11-27T17:00:00Z,29.1,c
West Jakarta Mayor Office,temperature,2023-11-28T17:00:00Z,29.2,c
West Jakarta Mayor Office,temperature,2023-11-29T17:00:00Z,27.3,c
West Jakarta Mayor Office,temperature,2023-11-30T17:00:00Z,26.8,c
West Jakarta Mayor Office,temperature,2023-12-01T17:00:00Z,28.8,c
West Jakarta Mayor Office,temperature,2023-12-02T17:00:00Z,28.7,c
West Jakarta Mayor Office,temperature,2023-12-03T17:00:00Z,26.8,c
West Jakarta Mayor Office,temperature,2023-12-04T17:00:00Z,29.1,c
West Jakarta Mayor Office,temperature,2023-12-05T17:00:00Z,28.8,c
West Jakarta Mayor Office,temperature,2023-12-06T17:00:00Z,29.0,c
West Jakarta Mayor Office,temperature,2023-12-07T17:00:00Z,28.5,c
West Jakarta Mayor Office,temperature,2023-12-08T17:00:00Z,28.6,c
West Jakarta Mayor Office,temperature,2023-12-09T17:00:00Z,28.6,c
West Jakarta Mayor Office,temperature,2023-12-10T17:00:00Z,30.0,c
West Jakarta Mayor Office,temperature,2023-12-11T17:00:00Z,30.1,c
West Jakarta Mayor Office,temperature,2023-12-12T17:00:00Z,30.1,c
West Jakarta Mayor Office,temperature,2023-12-13T17:00:00Z,30.6,c
West Jakarta Mayor Office,temperature,2023-12-14T17:00:00Z,30.4,c
West Jakarta Mayor Office,temperature,2023-12-15T17:00:00Z,30.4,c
West Jakarta Mayor Office,temperature,2023-12-16T17:00:00Z,30.3,c
West Jakarta Mayor Office,temperature,2023-12-17T17:00:00Z,30.7,c
West Jakarta Mayor Office,temperature,2023-12-18T17:00:00Z,30.5,c
West Jakarta Mayor Office,temperature,2023-12-19T17:00:00Z,30.7,c
West Jakarta Mayor Office,temperature,2023-12-20T17:00:00Z,29.6,c
West Jakarta Mayor Office,temperature,2023-12-21T17:00:00Z,29.6,c
West Jakarta Mayor Office,temperature,2023-12-22T17:00:00Z,31.2,c
West Jakarta Mayor Office,temperature,2023-12-23T17:00:00Z,30.9,c
West Jakarta Mayor Office,temperature,2023-12-24T17:00:00Z,27.5,c
West Jakarta Mayor Office,temperature,2023-12-25T17:00:00Z,27.8,c
West Jakarta Mayor Office,temperature,2023-12-26T17:00:00Z,28.7,c
West Jakarta Mayor Office,temperature,2023-12-27T17:00:00Z,29.4,c
West Jakarta Mayor Office,temperature,2023-12-28T17:00:00Z,29.0,c
West Jakarta Mayor Office,temperature,2023-12-29T17:00:00Z,28.6,c
West Jakarta Mayor Office,temperature,2023-12-30T17:00:00Z,28.7,c
West Jakarta Mayor Office,temperature,2023-12-31T17:00:00Z,29.1,c
West Jakarta Mayor Office,temperature,2024-01-01T17:00:00Z,29.4,c
West Jakarta Mayor Office,temperature,2024-01-02T17:00:00Z,27.7,c
West Jakarta Mayor Office,temperature,2024-01-03T17:00:00Z,27.1,c
West Jakarta Mayor Office,temperature,2024-01-04T17:00:00Z,27.7,c
West Jakarta Mayor Office,temperature,2024-01-05T17:00:00Z,27.7,c
West Jakarta Mayor Office,temperature,2024-01-06T17:00:00Z,27.5,c
West Jakarta Mayor Office,temperature,2024-01-07T17:00:00Z,28.2,c
West Jakarta Mayor Office,temperature,2024-01-08T17:00:00Z,29.7,c
West Jakarta Mayor Office,temperature,2024-01-09T17:00:00Z,28.5,c
West Jakarta Mayor Office,temperature,2024-01-10T17:00:00Z,27.7,c
West Jakarta Mayor Office,temperature,2024-01-11T17:00:00Z,28.2,c
West Jakarta Mayor Office,temperature,2024-01-12T17:00:00Z,28.0,c
West Jakarta Mayor Office,temperature,2024-01-13T17:00:00Z,29.0,c
West Jakarta Mayor Office,temperature,2024-01-14T17:00:00Z,29.6,c
West Jakarta Mayor Office,temperature,2024-01-15T17:00:00Z,30.3,c
West Jakarta Mayor Office,temperature,2024-01-16T17:00:00Z,28.2,c
West Jakarta Mayor Office,temperature,2024-01-17T17:00:00Z,28.3,c
West Jakarta Mayor Office,temperature,2024-01-18T17:00:00Z,25.3,c
West Jakarta Mayor Office,temperature,2024-01-19T17:00:00Z,29.2,c
West Jakarta Mayor Office,temperature,2024-01-20T17:00:00Z,27.9,c
West Jakarta Mayor Office,temperature,2024-01-21T17:00:00Z,29.8,c
West Jakarta Mayor Office,temperature,2024-01-22T17:00:00Z,29.5,c
West Jakarta Mayor Office,temperature,2024-01-23T17:00:00Z,29.8,c
West Jakarta Mayor Office,temperature,2024-01-24T17:00:00Z,30.4,c
West Jakarta Mayor Office,temperature,2024-01-25T17:00:00Z,29.6,c
West Jakarta Mayor Office,temperature,2024-01-26T17:00:00Z,25.2,c
West Jakarta Mayor Office,temperature,2024-01-27T17:00:00Z,27.3,c
West Jakarta Mayor Office,temperature,2024-01-28T17:00:00Z,27.1,c
West Jakarta Mayor Office,temperature,2024-01-29T17:00:00Z,27.3,c
West Jakarta Mayor Office,temperature,2024-01-30T17:00:00Z,27.8,c
West Jakarta Mayor Office,temperature,2024-01-31T17:00:00Z,28.1,c
West Jakarta Mayor Office,temperature,2024-02-01T17:00:00Z,29.4,c
West Jakarta Mayor Office,temperature,2024-02-02T17:00:00Z,27.6,c
West Jakarta Mayor Office,temperature,2024-02-03T17:00:00Z,27.7,c
West Jakarta Mayor Office,temperature,2024-02-04T17:00:00Z,28.4,c
West Jakarta Mayor Office,temperature,2024-02-05T17:00:00Z,26.7,c
West Jakarta Mayor Office,temperature,2024-02-06T17:00:00Z,28.7,c
West Jakarta Mayor Office,temperature,2024-02-07T17:00:00Z,29.4,c
West Jakarta Mayor Office,temperature,2024-02-08T17:00:00Z,29.6,c
West Jakarta Mayor Office,temperature,2024-02-09T17:00:00Z,28.7,c
West Jakarta Mayor Office,temperature,2024-02-10T17:00:00Z,29.4,c
West Jakarta Mayor Office,temperature,2024-02-11T17:00:00Z,29.4,c
West Jakarta Mayor Office,temperature,2024-02-12T17:00:00Z,29.0,c
West Jakarta Mayor Office,temperature,2024-02-13T17:00:00Z,27.7,c
West Jakarta Mayor Office,temperature,2024-02-14T17:00:00Z,29.3,c
West Jakarta Mayor Office,temperature,2024-02-15T17:00:00Z,28.2,c
West Jakarta Mayor Office,temperature,2024-02-16T17:00:00Z,28.4,c
West Jakarta Mayor Office,temperature,2024-02-17T17:00:00Z,29.1,c
West Jakarta Mayor Office,temperature,2024-02-18T17:00:00Z,29.4,c
West Jakarta Mayor Office,temperature,2024-02-19T17:00:00Z,30.1,c
West Jakarta Mayor Office,temperature,2024-02-20T17:00:00Z,29.7,c
West Jakarta Mayor Office,temperature,2024-02-21T17:00:00Z,31.2,c
West Jakarta Mayor Office,temperature,2024-02-22T17:00:00Z,30.8,c
West Jakarta Mayor Office,temperature,2024-02-23T17:00:00Z,29.4,c
West Jakarta Mayor Office,temperature,2024-02-24T17:00:00Z,28.6,c
West Jakarta Mayor Office,temperature,2024-02-25T17:00:00Z,28.8,c
West Jakarta Mayor Office,temperature,2024-02-26T17:00:00Z,30.0,c
West Jakarta Mayor Office,temperature,2024-02-27T17:00:00Z,27.7,c
West Jakarta Mayor Office,temperature,2024-02-28T17:00:00Z,26.3,c
West Jakarta Mayor Office,temperature,2024-02-29T17:00:00Z,29.4,c
West Jakarta Mayor Office,temperature,2024-03-01T17:00:00Z,27.7,c
West Jakarta Mayor Office,temperature,2024-03-02T17:00:00Z,28.3,c
West Jakarta Mayor Office,temperature,2024-03-03T17:00:00Z,29.4,c
West Jakarta Mayor Office,temperature,2024-03-04T17:00:00Z,30.2,c
West Jakarta Mayor Office,temperature,2024-03-05T17:00:00Z,29.9,c
West Jakarta Mayor Office,temperature,2024-03-06T17:00:00Z,29.9,c
West Jakarta Mayor Office,temperature,2024-03-07T17:00:00Z,29.1,c
West Jakarta Mayor Office,temperature,2024-03-08T17:00:00Z,25.3,c
West Jakarta Mayor Office,temperature,2024-03-09T17:00:00Z,27.8,c
West Jakarta Mayor Office,temperature,2024-03-10T17:00:00Z,27.7,c
West Jakarta Mayor Office,temperature,2024-03-11T17:00:00Z,28.9,c
West Jakarta Mayor Office,temperature,2024-03-12T17:00:00Z,28.3,c
West Jakarta Mayor Office,temperature,2024-03-13T17:00:00Z,27.3,c
West Jakarta Mayor Office,temperature,2024-03-14T17:00:00Z,27.0,c
West Jakarta Mayor Office,temperature,2024-03-15T17:00:00Z,25.5,c
West Jakarta Mayor Office,temperature,2024-03-16T17:00:00Z,26.4,c
West Jakarta Mayor Office,temperature,2024-03-17T17:00:00Z,28.8,c
West Jakarta Mayor Office,temperature,2024-03-18T17:00:00Z,30.3,c
West Jakarta Mayor Office,temperature,2024-03-19T17:00:00Z,29.9,c
West Jakarta Mayor Office,temperature,2024-03-20T17:00:00Z,29.4,c
West Jakarta Mayor Office,temperature,2024-03-21T17:00:00Z,26.3,c
West Jakarta Mayor Office,temperature,2024-03-22T17:00:00Z,30.0,c
West Jakarta Mayor Office,temperature,2024-03-23T17:00:00Z,29.7,c
West Jakarta Mayor Office,temperature,2024-03-24T17:00:00Z,29.0,c
West Jakarta Mayor Office,temperature,2024-03-25T17:00:00Z,29.3,c
West Jakarta Mayor Office,temperature,2024-03-26T17:00:00Z,28.3,c
West Jakarta Mayor Office,temperature,2024-03-27T17:00:00Z,29.4,c
West Jakarta Mayor Office,temperature,2024-03-28T17:00:00Z,29.1,c
West Jakarta Mayor Office,temperature,2024-03-29T17:00:00Z,28.5,c
West Jakarta Mayor Office,temperature,2024-03-30T17:00:00Z,29.8,c
West Jakarta Mayor Office,temperature,2024-03-31T17:00:00Z,28.6,c
West Jakarta Mayor Office,temperature,2024-04-01T17:00:00Z,29.2,c
West Jakarta Mayor Office,temperature,2024-04-02T17:00:00Z,28.4,c
West Jakarta Mayor Office,temperature,2024-04-03T17:00:00Z,29.9,c
West Jakarta Mayor Office,temperature,2024-04-04T17:00:00Z,28.1,c
West Jakarta Mayor Office,temperature,2024-04-05T17:00:00Z,29.9,c
West Jakarta Mayor Office,temperature,2024-04-06T17:00:00Z,30.4,c
West Jakarta Mayor Office,temperature,2024-04-07T17:00:00Z,30.5,c
West Jakarta Mayor Office,temperature,2024-04-08T17:00:00Z,28.8,c
West Jakarta Mayor Office,temperature,2024-04-09T17:00:00Z,29.4,c
West Jakarta Mayor Office,temperature,2024-04-10T17:00:00Z,29.5,c
West Jakarta Mayor Office,temperature,2024-04-11T17:00:00Z,27.1,c
West Jakarta Mayor Office,temperature,2024-04-12T17:00:00Z,29.7,c
West Jakarta Mayor Office,temperature,2024-04-13T17:00:00Z,28.5,c
West Jakarta Mayor Office,temperature,2024-04-14T17:00:00Z,29.6,c
West Jakarta Mayor Office,temperature,2024-04-15T17:00:00Z,30.3,c
West Jakarta Mayor Office,temperature,2024-04-16T17:00:00Z,29.0,c
West Jakarta Mayor Office,temperature,2024-04-17T17:00:00Z,28.9,c
West Jakarta Mayor Office,temperature,2024-04-18T17:00:00Z,29.2,c
West Jakarta Mayor Office,temperature,2024-04-19T17:00:00Z,29.1,c
West Jakarta Mayor Office,temperature,2024-04-20T17:00:00Z,28.8,c
West Jakarta Mayor Office,temperature,2024-04-21T17:00:00Z,30.4,c
West Jakarta Mayor Office,temperature,2024-04-22T17:00:00Z,29.6,c
West Jakarta Mayor Office,temperature,2024-04-23T17:00:00Z,29.6,c
West Jakarta Mayor Office,temperature,2024-04-24T17:00:00Z,28.9,c
West Jakarta Mayor Office,temperature,2024-04-25T17:00:00Z,28.8,c
West Jakarta Mayor Office,temperature,2024-04-26T17:00:00Z,28.6,c
West Jakarta Mayor Office,temperature,2024-04-27T17:00:00Z,29.7,c
West Jakarta Mayor Office,temperature,2024-04-28T17:00:00Z,31.3,c
West Jakarta Mayor Office,temperature,2024-04-29T17:00:00Z,30.5,c
West Jakarta Mayor Office,temperature,2024-04-30T17:00:00Z,30.0,c
West Jakarta Mayor Office,temperature,2024-05-01T17:00:00Z,30.4,c
West Jakarta Mayor Office,temperature,2024-05-02T17:00:00Z,30.1,c
West Jakarta Mayor Office,temperature,2024-05-03T17:00:00Z,30.4,c
West Jakarta Mayor Office,temperature,2024-05-04T17:00:00Z,30.5,c
West Jakarta Mayor Office,temperature,2024-05-05T17:00:00Z,30.2,c
West Jakarta Mayor Office,temperature,2024-05-06T17:00:00Z,30.6,c
West Jakarta Mayor Office,temperature,2024-05-07T17:00:00Z,30.3,c
West Jakarta Mayor Office,temperature,2024-05-08T17:00:00Z,30.3,c
West Jakarta Mayor Office,temperature,2024-05-09T17:00:00Z,30.8,c
West Jakarta Mayor Office,temperature,2024-05-10T17:00:00Z,30.5,c
West Jakarta Mayor Office,temperature,2024-05-11T17:00:00Z,30.8,c
West Jakarta Mayor Office,temperature,2024-05-12T17:00:00Z,30.2,c
West Jakarta Mayor Office,temperature,2024-05-13T17:00:00Z,28.7,c
West Jakarta Mayor Office,temperature,2024-05-14T17:00:00Z,30.0,c
West Jakarta Mayor Office,temperature,2024-05-15T17:00:00Z,30.3,c
West Jakarta Mayor Office,temperature,2024-05-16T17:00:00Z,29.8,c
West Jakarta Mayor Office,temperature,2024-05-17T17:00:00Z,30.1,c
West Jakarta Mayor Office,temperature,2024-05-18T17:00:00Z,30.5,c
West Jakarta Mayor Office,temperature,2024-05-19T17:00:00Z,30.4,c
West Jakarta Mayor Office,temperature,2024-05-20T17:00:00Z,30.5,c
West Jakarta Mayor Office,temperature,2024-05-21T17:00:00Z,29.6,c
West Jakarta Mayor Office,temperature,2024-05-22T17:00:00Z,28.9,c
West Jakarta Mayor Office,temperature,2024-05-23T17:00:00Z,29.2,c
West Jakarta Mayor Office,temperature,2024-05-24T17:00:00Z,27.0,c
West Jakarta Mayor Office,temperature,2024-05-25T17:00:00Z,29.5,c
West Jakarta Mayor Office,temperature,2024-05-26T17:00:00Z,30.6,c
West Jakarta Mayor Office,temperature,2024-05-27T17:00:00Z,30.5,c
West Jakarta Mayor Office,temperature,2024-05-28T17:00:00Z,30.7,c
West Jakarta Mayor Office,temperature,2024-05-29T17:00:00Z,30.7,c
West Jakarta Mayor Office,temperature,2024-05-30T17:00:00Z,30.6,c
West Jakarta Mayor Office,temperature,2024-05-31T17:00:00Z,29.8,c
West Jakarta Mayor Office,temperature,2024-06-01T17:00:00Z,29.2,c
West Jakarta Mayor Office,temperature,2024-06-02T17:00:00Z,28.0,c
West Jakarta Mayor Office,temperature,2024-06-03T17:00:00Z,29.2,c
West Jakarta Mayor Office,temperature,2024-06-04T17:00:00Z,30.1,c
West Jakarta Mayor Office,temperature,2024-06-05T17:00:00Z,29.9,c
West Jakarta Mayor Office,temperature,2024-06-06T17:00:00Z,27.6,c
West Jakarta Mayor Office,temperature,2024-06-10T17:00:00Z,26.9,c
West Jakarta Mayor Office,temperature,2024-06-11T17:00:00Z,28.4,c
West Jakarta Mayor Office,temperature,2024-06-12T17:00:00Z,28.8,c
West Jakarta Mayor Office,temperature,2024-06-13T17:00:00Z,29.7,c
West Jakarta Mayor Office,temperature,2024-06-14T17:00:00Z,28.9,c
West Jakarta Mayor Office,temperature,2024-06-15T17:00:00Z,28.3,c
West Jakarta Mayor Office,temperature,2024-06-16T17:00:00Z,30.0,c
West Jakarta Mayor Office,temperature,2024-06-17T17:00:00Z,28.6,c
West Jakarta Mayor Office,temperature,2024-06-18T17:00:00Z,29.4,c
West Jakarta Mayor Office,temperature,2024-06-19T17:00:00Z,29.8,c
West Jakarta Mayor Office,temperature,2024-06-20T17:00:00Z,30.0,c
West Jakarta Mayor Office,temperature,2024-06-21T17:00:00Z,29.9,c
West Jakarta Mayor Office,temperature,2024-06-22T17:00:00Z,30.1,c
West Jakarta Mayor Office,temperature,2024-06-23T17:00:00Z,29.8,c
West Jakarta Mayor Office,temperature,2024-06-24T17:00:00Z,27.3,c
West Jakarta Mayor Office,temperature,2024-06-25T17:00:00Z,29.1,c
West Jakarta Mayor Office,temperature,2024-06-26T17:00:00Z,29.7,c
West Jakarta Mayor Office,temperature,2024-06-27T17:00:00Z,29.1,c
West Jakarta Mayor Office,temperature,2024-06-28T17:00:00Z,27.4,c
West Jakarta Mayor Office,temperature,2024-06-29T17:00:00Z,29.3,c
West Jakarta Mayor Office,temperature,2024-06-30T17:00:00Z,29.1,c
West Jakarta Mayor Office,temperature,2024-07-01T17:00:00Z,27.9,c
West Jakarta Mayor Office,temperature,2024-07-02T17:00:00Z,28.0,c
West Jakarta Mayor Office,temperature,2024-07-03T17:00:00Z,27.4,c
West Jakarta Mayor Office,temperature,2024-07-04T17:00:00Z,27.1,c
West Jakarta Mayor Office,temperature,2024-07-05T17:00:00Z,24.5,c
West Jakarta Mayor Office,temperature,2024-07-06T17:00:00Z,27.2,c
West Jakarta Mayor Office,temperature,2024-07-07T17:00:00Z,28.8,c
West Jakarta Mayor Office,temperature,2024-07-08T17:00:00Z,28.0,c
West Jakarta Mayor Office,temperature,2024-07-09T17:00:00Z,29.5,c
West Jakarta Mayor Office,temperature,2024-07-10T17:00:00Z,29.7,c
West Jakarta Mayor Office,temperature,2024-07-11T17:00:00Z,29.5,c
West Jakarta Mayor Office,temperature,2024-07-12T17:00:00Z,29.0,c
West Jakarta Mayor Office,temperature,2024-07-13T17:00:00Z,28.6,c
West Jakarta Mayor Office,temperature,2024-07-14T17:00:00Z,28.8,c
West Jakarta Mayor Office,temperature,2024-07-15T17:00:00Z,29.0,c
West Jakarta Mayor Office,temperature,2024-07-16T17:00:00Z,29.3,c
West Jakarta Mayor Office,temperature,2024-07-17T17:00:00Z,29.6,c
West Jakarta Mayor Office,temperature,2024-07-18T17:00:00Z,29.3,c
West Jakarta Mayor Office,temperature,2024-07-19T17:00:00Z,29.6,c
West Jakarta Mayor Office,temperature,2024-07-20T17:00:00Z,29.7,c
West Jakarta Mayor Office,temperature,2024-07-21T17:00:00Z,29.7,c
West Jakarta Mayor Office,temperature,2024-07-22T17:00:00Z,29.6,c
West Jakarta Mayor Office,temperature,2024-07-23T17:00:00Z,29.1,c
West Jakarta Mayor Office,temperature,2024-07-24T17:00:00Z,28.5,c
West Jakarta Mayor Office,temperature,2024-07-25T17:00:00Z,29.1,c
West Jakarta Mayor Office,temperature,2024-07-26T17:00:00Z,29.8,c
West Jakarta Mayor Office,temperature,2024-07-27T17:00:00Z,30.0,c
West Jakarta Mayor Office,temperature,2024-07-28T17:00:00Z,29.6,c
West Jakarta Mayor Office,temperature,2024-07-29T17:00:00Z,29.8,c
West Jakarta Mayor Office,temperature,2024-07-30T17:00:00Z,29.6,c
West Jakarta Mayor Office,temperature,2024-07-31T17:00:00Z,29.1,c
West Jakarta Mayor Office,temperature,2024-08-01T17:00:00Z,28.1,c
West Jakarta Mayor Office,temperature,2024-08-02T17:00:00Z,28.1,c
West Jakarta Mayor Office,temperature,2024-08-03T17:00:00Z,29.0,c
West Jakarta Mayor Office,temperature,2024-08-04T17:00:00Z,28.8,c
West Jakarta Mayor Office,temperature,2024-08-05T17:00:00Z,29.3,c
West Jakarta Mayor Office,temperature,2024-08-06T17:00:00Z,29.1,c
West Jakarta Mayor Office,temperature,2024-08-07T17:00:00Z,29.5,c
West Jakarta Mayor Office,temperature,2024-08-08T17:00:00Z,29.7,c
West Jakarta Mayor Office,temperature,2024-08-09T17:00:00Z,29.8,c
West Jakarta Mayor Office,temperature,2024-08-10T17:00:00Z,29.7,c
West Jakarta Mayor Office,temperature,2024-08-11T17:00:00Z,29.0,c
West Jakarta Mayor Office,temperature,2024-08-12T17:00:00Z,29.0,c
West Jakarta Mayor Office,temperature,2024-08-13T17:00:00Z,29.5,c
West Jakarta Mayor Office,temperature,2024-08-14T17:00:00Z,29.7,c
West Jakarta Mayor Office,temperature,2024-08-15T17:00:00Z,29.8,c
West Jakarta Mayor Office,temperature,2024-08-16T17:00:00Z,29.6,c
West Jakarta Mayor Office,temperature,2024-08-17T17:00:00Z,29.6,c
West Jakarta Mayor Office,temperature,2024-08-18T17:00:00Z,29.5,c
West Jakarta Mayor Office,temperature,2024-08-19T17:00:00Z,29.2,c
West Jakarta Mayor Office,temperature,2024-08-20T17:00:00Z,29.4,c
West Jakarta Mayor Office,temperature,2024-08-21T17:00:00Z,29.4,c
West Jakarta Mayor Office,temperature,2024-08-22T17:00:00Z,29.5,c
West Jakarta Mayor Office,temperature,2024-08-23T17:00:00Z,29.3,c
West Jakarta Mayor Office,temperature,2024-08-24T17:00:00Z,29.5,c
West Jakarta Mayor Office,temperature,2024-08-25T17:00:00Z,29.9,c
West Jakarta Mayor Office,temperature,2024-08-26T17:00:00Z,29.5,c
West Jakarta Mayor Office,temperature,2024-08-27T17:00:00Z,29.7,c
West Jakarta Mayor Office,temperature,2024-08-28T17:00:00Z,29.9,c
West Jakarta Mayor Office,temperature,2024-08-29T17:00:00Z,29.2,c
West Jakarta Mayor Office,temperature,2024-08-30T17:00:00Z,29.4,c
West Jakarta Mayor Office,temperature,2024-08-31T17:00:00Z,29.9,c
West Jakarta Mayor Office,temperature,2024-09-01T17:00:00Z,29.6,c
West Jakarta Mayor Office,temperature,2024-09-02T17:00:00Z,29.4,c
West Jakarta Mayor Office,temperature,2024-09-03T17:00:00Z,29.8,c
West Jakarta Mayor Office,temperature,2024-09-04T17:00:00Z,29.9,c
West Jakarta Mayor Office,temperature,2024-09-05T17:00:00Z,30.0,c
West Jakarta Mayor Office,temperature,2024-09-06T17:00:00Z,30.8,c
West Jakarta Mayor Office,temperature,2024-09-07T17:00:00Z,30.4,c
West Jakarta Mayor Office,temperature,2024-09-08T17:00:00Z,29.1,c
West Jakarta Mayor Office,temperature,2024-09-09T17:00:00Z,27.7,c
West Jakarta Mayor Office,temperature,2024-09-10T17:00:00Z,29.1,c
West Jakarta Mayor Office,temperature,2024-09-11T17:00:00Z,28.3,c
West Jakarta Mayor Office,temperature,2024-09-12T17:00:00Z,27.9,c
West Jakarta Mayor Office,temperature,2024-09-13T17:00:00Z,29.3,c
West Jakarta Mayor Office,temperature,2024-09-14T17:00:00Z,29.5,c
West Jakarta Mayor Office,temperature,2024-09-15T17:00:00Z,30.0,c
West Jakarta Mayor Office,temperature,2024-09-16T17:00:00Z,30.0,c
West Jakarta Mayor Office,temperature,2024-09-17T17:00:00Z,28.9,c
West Jakarta Mayor Office,temperature,2024-09-18T17:00:00Z,29.5,c
West Jakarta Mayor Office,temperature,2024-09-19T17:00:00Z,29.5,c
West Jakarta Mayor Office,temperature,2024-09-20T17:00:00Z,29.8,c
West Jakarta Mayor Office,temperature,2024-09-21T17:00:00Z,29.8,c
West Jakarta Mayor Office,temperature,2024-09-22T17:00:00Z,29.4,c
West Jakarta Mayor Office,temperature,2024-09-23T17:00:00Z,27.8,c
West Jakarta Mayor Office,temperature,2024-09-24T17:00:00Z,27.6,c
West Jakarta Mayor Office,temperature,2024-09-25T17:00:00Z,27.2,c
West Jakarta Mayor Office,temperature,2024-09-26T17:00:00Z,28.9,c
West Jakarta Mayor Office,temperature,2024-09-27T17:00:00Z,29.6,c
West Jakarta Mayor Office,temperature,2024-09-28T17:00:00Z,29.8,c
West Jakarta Mayor Office,temperature,2024-09-29T17:00:00Z,29.9,c
West Jakarta Mayor Office,temperature,2024-09-30T17:00:00Z,30.4,c
West Jakarta Mayor Office,temperature,2024-10-01T17:00:00Z,30.3,c
West Jakarta Mayor Office,temperature,2024-10-02T17:00:00Z,29.6,c
West Jakarta Mayor Office,temperature,2024-10-03T17:00:00Z,29.4,c
West Jakarta Mayor Office,temperature,2024-10-04T17:00:00Z,29.2,c
West Jakarta Mayor Office,temperature,2024-10-05T17:00:00Z,29.6,c
West Jakarta Mayor Office,temperature,2024-10-06T17:00:00Z,30.9,c
West Jakarta Mayor Office,temperature,2024-10-07T17:00:00Z,30.5,c
West Jakarta Mayor Office,temperature,2024-10-08T17:00:00Z,30.6,c
West Jakarta Mayor Office,temperature,2024-10-09T17:00:00Z,30.4,c
West Jakarta Mayor Office,temperature,2024-10-10T17:00:00Z,30.4,c
West Jakarta Mayor Office,temperature,2024-10-11T17:00:00Z,29.7,c
West Jakarta Mayor Office,temperature,2024-10-12T17:00:00Z,29.1,c
West Jakarta Mayor Office,temperature,2024-10-13T17:00:00Z,29.0,c
West Jakarta Mayor Office,temperature,2024-10-14T17:00:00Z,29.0,c
West Jakarta Mayor Office,temperature,2024-10-15T17:00:00Z,30.0,c
West Jakarta Mayor Office,temperature,2024-10-16T17:00:00Z,30.0,c
West Jakarta Mayor Office,temperature,2024-10-17T17:00:00Z,29.8,c
West Jakarta Mayor Office,temperature,2024-10-18T17:00:00Z,29.9,c
West Jakarta Mayor Office,temperature,2024-10-19T17:00:00Z,30.5,c
West Jakarta Mayor Office,temperature,2024-10-20T17:00:00Z,30.0,c
West Jakarta Mayor Office,temperature,2024-10-21T17:00:00Z,30.6,c
West Jakarta Mayor Office,temperature,2024-10-22T17:00:00Z,30.9,c
West Jakarta Mayor Office,temperature,2024-10-23T17:00:00Z,30.1,c
West Jakarta Mayor Office,temperature,2024-10-24T17:00:00Z,29.3,c
West Jakarta Mayor Office,temperature,2024-10-25T17:00:00Z,30.4,c
West Jakarta Mayor Office,temperature,2024-10-26T17:00:00Z,30.6,c
West Jakarta Mayor Office,temperature,2024-10-27T17:00:00Z,29.9,c
West Jakarta Mayor Office,temperature,2024-10-28T17:00:00Z,30.7,c
West Jakarta Mayor Office,temperature,2024-10-29T17:00:00Z,30.2,c
West Jakarta Mayor Office,temperature,2024-10-30T17:00:00Z,30.1,c
West Jakarta Mayor Office,temperature,2024-10-31T17:00:00Z,30.2,c
West Jakarta Mayor Office,temperature,2024-11-01T17:00:00Z,28.7,c
West Jakarta Mayor Office,temperature,2024-11-02T17:00:00Z,27.7,c
West Jakarta Mayor Office,temperature,2024-11-11T17:00:00Z,27.7,c
West Jakarta Mayor Office,temperature,2024-11-12T17:00:00Z,29.6,c
West Jakarta Mayor Office,temperature,2024-11-13T17:00:00Z,29.9,c
West Jakarta Mayor Office,temperature,2024-11-14T17:00:00Z,29.4,c
West Jakarta Mayor Office,temperature,2024-11-15T17:00:00Z,28.1,c
West Jakarta Mayor Office,temperature,2024-11-16T17:00:00Z,29.1,c
West Jakarta Mayor Office,temperature,2024-11-17T17:00:00Z,28.5,c
West Jakarta Mayor Office,temperature,2024-11-18T17:00:00Z,28.4,c
West Jakarta Mayor Office,temperature,2024-11-19T17:00:00Z,28.7,c
West Jakarta Mayor Office,temperature,2024-11-20T17:00:00Z,29.1,c
West Jakarta Mayor Office,temperature,2024-11-21T17:00:00Z,28.6,c
West Jakarta Mayor Office,temperature,2024-11-22T17:00:00Z,28.1,c
West Jakarta Mayor Office,temperature,2024-11-23T17:00:00Z,28.6,c
West Jakarta Mayor Office,temperature,2024-11-24T17:00:00Z,29.5,c
West Jakarta Mayor Office,temperature,2024-11-25T17:00:00Z,29.5,c
West Jakarta Mayor Office,temperature,2024-11-26T17:00:00Z,28.1,c
West Jakarta Mayor Office,temperature,2024-11-27T17:00:00Z,29.1,c
West Jakarta Mayor Office,temperature,2024-11-28T17:00:00Z,29.2,c
West Jakarta Mayor Office,temperature,2024-11-29T17:00:00Z,30.2,c
West Jakarta Mayor Office,temperature,2024-11-30T17:00:00Z,29.8,c
West Jakarta Mayor Office,temperature,2024-12-01T17:00:00Z,28.3,c
West Jakarta Mayor Office,temperature,2024-12-02T17:00:00Z,26.9,c
West Jakarta Mayor Office,temperature,2024-12-03T17:00:00Z,26.4,c
West Jakarta Mayor Office,temperature,2024-12-04T17:00:00Z,27.7,c
West Jakarta Mayor Office,temperature,2024-12-05T17:00:00Z,27.4,c
West Jakarta Mayor Office,temperature,2024-12-06T17:00:00Z,27.8,c
West Jakarta Mayor Office,temperature,2024-12-07T17:00:00Z,28.5,c
West Jakarta Mayor Office,temperature,2024-12-08T17:00:00Z,26.0,c
West Jakarta Mayor Office,temperature,2024-12-09T17:00:00Z,27.4,c
West Jakarta Mayor Office,temperature,2024-12-10T17:00:00Z,29.7,c
West Jakarta Mayor Office,temperature,2024-12-11T17:00:00Z,29.5,c
West Jakarta Mayor Office,temperature,2024-12-12T17:00:00Z,30.3,c
West Jakarta Mayor Office,temperature,2024-12-13T17:00:00Z,28.0,c
West Jakarta Mayor Office,temperature,2024-12-14T17:00:00Z,27.5,c
West Jakarta Mayor Office,temperature,2024-12-15T17:00:00Z,28.1,c
West Jakarta Mayor Office,temperature,2024-12-16T17:00:00Z,28.4,c
West Jakarta Mayor Office,temperature,2024-12-17T17:00:00Z,28.4,c
West Jakarta Mayor Office,temperature,2024-12-18T17:00:00Z,27.3,c
West Jakarta Mayor Office,temperature,2024-12-19T17:00:00Z,28.0,c
West Jakarta Mayor Office,temperature,2024-12-20T17:00:00Z,28.2,c
West Jakarta Mayor Office,temperature,2024-12-21T17:00:00Z,28.1,c
West Jakarta Mayor Office,temperature,2024-12-22T17:00:00Z,27.1,c
West Jakarta Mayor Office,temperature,2024-12-23T17:00:00Z,27.5,c
West Jakarta Mayor Office,temperature,2024-12-24T17:00:00Z,28.0,c
West Jakarta Mayor Office,temperature,2024-12-25T17:00:00Z,28.6,c
West Jakarta Mayor Office,temperature,2024-12-26T17:00:00Z,29.9,c
West Jakarta Mayor Office,temperature,2024-12-27T17:00:00Z,30.3,c
West Jakarta Mayor Office,temperature,2024-12-28T17:00:00Z,29.5,c
West Jakarta Mayor Office,temperature,2024-12-29T17:00:00Z,28.1,c
West Jakarta Mayor Office,temperature,2024-12-30T17:00:00Z,28.8,c
West Jakarta Mayor Office,temperature,2024-12-31T17:00:00Z,28.4,c
West Jakarta Mayor Office,temperature,2025-01-01T17:00:00Z,29.8,c
West Jakarta Mayor Office,temperature,2025-01-02T17:00:00Z,29.3,c
West Jakarta Mayor Office,temperature,2025-01-03T17:00:00Z,29.5,c
West Jakarta Mayor Office,temperature,2025-01-04T17:00:00Z,29.1,c
West Jakarta Mayor Office,temperature,2025-01-05T17:00:00Z,29.7,c
West Jakarta Mayor Office,temperature,2025-01-06T17:00:00Z,29.1,c
West Jakarta Mayor Office,temperature,2025-01-07T17:00:00Z,27.9,c
West Jakarta Mayor Office,temperature,2025-01-08T17:00:00Z,26.4,c
West Jakarta Mayor Office,temperature,2025-01-09T17:00:00Z,28.6,c
West Jakarta Mayor Office,temperature,2025-01-10T17:00:00Z,28.1,c
West Jakarta Mayor Office,temperature,2025-01-11T17:00:00Z,28.0,c
West Jakarta Mayor Office,temperature,2025-01-12T17:00:00Z,28.2,c
West Jakarta Mayor Office,temperature,2025-01-13T17:00:00Z,25.8,c
West Jakarta Mayor Office,temperature,2025-01-14T17:00:00Z,28.8,c
West Jakarta Mayor Office,temperature,2025-01-15T17:00:00Z,28.7,c
West Jakarta Mayor Office,temperature,2025-01-16T17:00:00Z,28.5,c
West Jakarta Mayor Office,temperature,2025-01-17T17:00:00Z,26.8,c
West Jakarta Mayor Office,temperature,2025-01-18T17:00:00Z,28.8,c
West Jakarta Mayor Office,temperature,2025-01-19T17:00:00Z,25.9,c
West Jakarta Mayor Office,temperature,2025-01-20T17:00:00Z,25.9,c
West Jakarta Mayor Office,temperature,2025-01-21T17:00:00Z,27.2,c
West Jakarta Mayor Office,temperature,2025-01-22T17:00:00Z,27.8,c
West Jakarta Mayor Office,temperature,2025-01-23T17:00:00Z,27.9,c
West Jakarta Mayor Office,temperature,2025-01-24T17:00:00Z,27.4,c
West Jakarta Mayor Office,temperature,2025-01-25T17:00:00Z,28.3,c
West Jakarta Mayor Office,temperature,2025-01-26T17:00:00Z,27.8,c
West Jakarta Mayor Office,temperature,2025-01-27T17:00:00Z,26.2,c
West Jakarta Mayor Office,temperature,2025-01-28T17:00:00Z,26.1,c
West Jakarta Mayor Office,temperature,2025-01-29T17:00:00Z,27.4,c
West Jakarta Mayor Office,temperature,2025-01-30T17:00:00Z,27.4,c
West Jakarta Mayor Office,temperature,2025-01-31T17:00:00Z,27.9,c
West Jakarta Mayor Office,temperature,2025-02-01T17:00:00Z,28.5,c
West Jakarta Mayor Office,temperature,2025-02-02T17:00:00Z,29.0,c
West Jakarta Mayor Office,temperature,2025-02-03T17:00:00Z,28.1,c
West Jakarta Mayor Office,temperature,2025-02-04T17:00:00Z,28.8,c
West Jakarta Mayor Office,temperature,2025-02-05T17:00:00Z,28.3,c
West Jakarta Mayor Office,temperature,2025-02-06T17:00:00Z,27.9,c
West Jakarta Mayor Office,temperature,2025-02-07T17:00:00Z,27.0,c
West Jakarta Mayor Office,temperature,2025-02-08T17:00:00Z,28.1,c
West Jakarta Mayor Office,temperature,2025-02-09T17:00:00Z,27.9,c
West Jakarta Mayor Office,temperature,2025-02-10T17:00:00Z,28.2,c
West Jakarta Mayor Office,temperature,2025-02-11T17:00:00Z,30.2,c
West Jakarta Mayor Office,temperature,2025-02-12T17:00:00Z,31.0,c
West Jakarta Mayor Office,temperature,2025-02-13T17:00:00Z,29.6,c
West Jakarta Mayor Office,temperature,2025-02-14T17:00:00Z,29.1,c
West Jakarta Mayor Office,temperature,2025-02-15T17:00:00Z,28.3,c
West Jakarta Mayor Office,temperature,2025-02-16T17:00:00Z,27.1,c
West Jakarta Mayor Office,temperature,2025-02-17T17:00:00Z,27.1,c
West Jakarta Mayor Office,temperature,2025-02-18T17:00:00Z,27.1,c
West Jakarta Mayor Office,temperature,2025-02-19T17:00:00Z,28.3,c
West Jakarta Mayor Office,temperature,2025-02-20T17:00:00Z,28.9,c
West Jakarta Mayor Office,temperature,2025-02-21T17:00:00Z,27.7,c
West Jakarta Mayor Office,temperature,2025-02-22T17:00:00Z,27.8,c
West Jakarta Mayor Office,temperature,2025-02-23T17:00:00Z,27.7,c
West Jakarta Mayor Office,temperature,2025-02-24T17:00:00Z,28.6,c
West Jakarta Mayor Office,temperature,2025-02-25T17:00:00Z,28.2,c
West Jakarta Mayor Office,temperature,2025-02-26T17:00:00Z,28.4,c
West Jakarta Mayor Office,temperature,2025-02-27T17:00:00Z,28.7,c
West Jakarta Mayor Office,temperature,2025-02-28T17:00:00Z,29.6,c
West Jakarta Mayor Office,temperature,2025-03-01T17:00:00Z,29.5,c
West Jakarta Mayor Office,temperature,2025-03-02T17:00:00Z,28.7,c
West Jakarta Mayor Office,temperature,2025-03-03T17:00:00Z,27.5,c
West Jakarta Mayor Office,temperature,2025-03-04T17:00:00Z,29.4,c
West Jakarta Mayor Office,temperature,2025-03-05T17:00:00Z,30.3,c
West Jakarta Mayor Office,temperature,2025-03-06T17:00:00Z,29.5,c
West Jakarta Mayor Office,temperature,2025-03-07T17:00:00Z,28.8,c
West Jakarta Mayor Office,temperature,2025-03-08T17:00:00Z,28.9,c
West Jakarta Mayor Office,temperature,2025-03-09T17:00:00Z,28.9,c
West Jakarta Mayor Office,temperature,2025-03-10T17:00:00Z,29.5,c
West Jakarta Mayor Office,temperature,2025-03-11T17:00:00Z,30.4,c
West Jakarta Mayor Office,temperature,2025-03-12T17:00:00Z,30.3,c
West Jakarta Mayor Office,temperature,2025-03-13T17:00:00Z,29.4,c
West Jakarta Mayor Office,temperature,2025-03-14T17:00:00Z,28.5,c
West Jakarta Mayor Office,temperature,2025-03-15T17:00:00Z,29.3,c
West Jakarta Mayor Office,temperature,2025-03-16T17:00:00Z,29.3,c
West Jakarta Mayor Office,temperature,2025-03-23T17:00:00Z,30.0,c
West Jakarta Mayor Office,temperature,2025-03-24T17:00:00Z,29.4,c
West Jakarta Mayor Office,temperature,2025-03-25T17:00:00Z,29.5,c
West Jakarta Mayor Office,temperature,2025-03-26T17:00:00Z,29.1,c
West Jakarta Mayor Office,temperature,2025-03-27T17:00:00Z,28.9,c
West Jakarta Mayor Office,temperature,2025-03-28T17:00:00Z,28.9,c
West Jakarta Mayor Office,temperature,2025-03-29T17:00:00Z,30.9,c
West Jakarta Mayor Office,temperature,2025-03-30T17:00:00Z,29.5,c
West Jakarta Mayor Office,temperature,2025-03-31T17:00:00Z,28.1,c
West Jakarta Mayor Office,temperature,2025-04-01T17:00:00Z,28.6,c
West Jakarta Mayor Office,temperature,2025-04-02T17:00:00Z,29.2,c
West Jakarta Mayor Office,temperature,2025-04-03T17:00:00Z,28.9,c
West Jakarta Mayor Office,temperature,2025-04-07T17:00:00Z,31.1,c
West Jakarta Mayor Office,temperature,2025-04-08T17:00:00Z,29.7,c
West Jakarta Mayor Office,temperature,2025-04-09T17:00:00Z,29.9,c
West Jakarta Mayor Office,temperature,2025-04-10T17:00:00Z,29.2,c
West Jakarta Mayor Office,temperature,2025-04-11T17:00:00Z,28.7,c
West Jakarta Mayor Office,temperature,2025-04-12T17:00:00Z,27.9,c
West Jakarta Mayor Office,temperature,2025-04-13T17:00:00Z,30.2,c
West Jakarta Mayor Office,temperature,2025-04-14T17:00:00Z,29.0,c
West Jakarta Mayor Office,temperature,2025-04-15T17:00:00Z,29.6,c
West Jakarta Mayor Office,temperature,2025-04-16T17:00:00Z,28.5,c
West Jakarta Mayor Office,temperature,2025-04-17T17:00:00Z,29.3,c
West Jakarta Mayor Office,temperature,2025-04-18T17:00:00Z,30.6,c
West Jakarta Mayor Office,temperature,2025-04-19T17:00:00Z,30.3,c
West Jakarta Mayor Office,temperature,2025-04-20T17:00:00Z,29.9,c
West Jakarta Mayor Office,temperature,2025-04-21T17:00:00Z,29.7,c
West Jakarta Mayor Office,temperature,2025-04-22T17:00:00Z,29.8,c
West Jakarta Mayor Office,temperature,2025-04-23T17:00:00Z,31.1,c
West Jakarta Mayor Office,temperature,2025-04-24T17:00:00Z,30.4,c
West Jakarta Mayor Office,temperature,2025-04-25T17:00:00Z,29.9,c
West Jakarta Mayor Office,temperature,2025-04-26T17:00:00Z,30.4,c
West Jakarta Mayor Office,temperature,2025-04-27T17:00:00Z,30.4,c
West Jakarta Mayor Office,temperature,2025-04-28T17:00:00Z,30.6,c
West Jakarta Mayor Office,temperature,2025-04-29T17:00:00Z,30.6,c
West Jakarta Mayor Office,temperature,2025-04-30T17:00:00Z,30.8,c
West Jakarta Mayor Office,temperature,2025-05-01T17:00:00Z,30.5,c
West Jakarta Mayor Office,temperature,2025-05-02T17:00:00Z,29.5,c
West Jakarta Mayor Office,temperature,2025-05-03T17:00:00Z,29.7,c
West Jakarta Mayor Office,temperature,2025-05-04T17:00:00Z,30.2,c
West Jakarta Mayor Office,temperature,2025-05-05T17:00:00Z,30.1,c
West Jakarta Mayor Office,temperature,2025-05-06T17:00:00Z,29.6,c
West Jakarta Mayor Office,temperature,2025-05-07T17:00:00Z,30.5,c
West Jakarta Mayor Office,temperature,2025-05-08T17:00:00Z,30.9,c
West Jakarta Mayor Office,temperature,2025-05-09T17:00:00Z,30.0,c
West Jakarta Mayor Office,temperature,2025-05-10T17:00:00Z,29.2,c
West Jakarta Mayor Office,temperature,2025-05-11T17:00:00Z,30.1,c
West Jakarta Mayor Office,temperature,2025-05-12T17:00:00Z,29.7,c
West Jakarta Mayor Office,temperature,2025-05-13T17:00:00Z,29.0,c
West Jakarta Mayor Office,temperature,2025-05-14T17:00:00Z,29.5,c
West Jakarta Mayor Office,temperature,2025-05-15T17:00:00Z,30.6,c
West Jakarta Mayor Office,temperature,2025-05-16T17:00:00Z,28.9,c
West Jakarta Mayor Office,temperature,2025-05-17T17:00:00Z,29.8,c
West Jakarta Mayor Office,temperature,2025-05-18T17:00:00Z,30.0,c
West Jakarta Mayor Office,temperature,2025-05-19T17:00:00Z,30.6,c
West Jakarta Mayor Office,temperature,2025-05-20T17:00:00Z,28.1,c
West Jakarta Mayor Office,temperature,2025-05-21T17:00:00Z,28.1,c
West Jakarta Mayor Office,temperature,2025-05-22T17:00:00Z,26.8,c
West Jakarta Mayor Office,temperature,2025-05-23T17:00:00Z,28.8,c
West Jakarta Mayor Office,temperature,2025-05-24T17:00:00Z,28.6,c
West Jakarta Mayor Office,temperature,2025-05-25T17:00:00Z,28.1,c
West Jakarta Mayor Office,temperature,2025-05-26T17:00:00Z,31.0,c
West Jakarta Mayor Office,temperature,2025-05-27T17:00:00Z,31.4,c
West Jakarta Mayor Office,temperature,2025-05-28T17:00:00Z,30.2,c
West Jakarta Mayor Office,temperature,2025-05-29T17:00:00Z,29.9,c
West Jakarta Mayor Office,temperature,2025-05-30T17:00:00Z,31.7,c
West Jakarta Mayor Office,temperature,2025-05-31T17:00:00Z,30.1,c
West Jakarta Mayor Office,temperature,2025-06-01T17:00:00Z,30.8,c
West Jakarta Mayor Office,temperature,2025-06-02T17:00:00Z,30.5,c
West Jakarta Mayor Office,temperature,2025-06-03T17:00:00Z,30.9,c
West Jakarta Mayor Office,temperature,2025-06-04T17:00:00Z,30.9,c
West Jakarta Mayor Office,temperature,2025-06-05T17:00:00Z,29.2,c
West Jakarta Mayor Office,temperature,2025-06-06T17:00:00Z,30.0,c
West Jakarta Mayor Office,temperature,2025-06-07T17:00:00Z,30.7,c
West Jakarta Mayor Office,temperature,2025-06-08T17:00:00Z,30.7,c
West Jakarta Mayor Office,temperature,2025-06-09T17:00:00Z,29.1,c
West Jakarta Mayor Office,temperature,2025-06-10T17:00:00Z,29.0,c
West Jakarta Mayor Office,temperature,2025-06-11T17:00:00Z,30.5,c
West Jakarta Mayor Office,temperature,2025-06-12T17:00:00Z,31.4,c
West Jakarta Mayor Office,temperature,2025-06-13T17:00:00Z,29.1,c
West Jakarta Mayor Office,temperature,2025-06-14T17:00:00Z,30.5,c
West Jakarta Mayor Office,temperature,2025-06-15T17:00:00Z,30.7,c
West Jakarta Mayor Office,temperature,2025-06-16T17:00:00Z,29.0,c
West Jakarta Mayor Office,temperature,2025-06-17T17:00:00Z,25.7,c
West Jakarta Mayor Office,temperature,2025-06-18T17:00:00Z,26.9,c
West Jakarta Mayor Office,temperature,2025-06-19T17:00:00Z,28.6,c
West Jakarta Mayor Office,temperature,2025-06-20T17:00:00Z,27.6,c
West Jakarta Mayor Office,temperature,2025-06-21T17:00:00Z,29.6,c
West Jakarta Mayor Office,temperature,2025-06-22T17:00:00Z,29.9,c
West Jakarta Mayor Office,temperature,2025-06-23T17:00:00Z,29.4,c
West Jakarta Mayor Office,temperature,2025-06-24T17:00:00Z,29.8,c
West Jakarta Mayor Office,temperature,2025-06-25T17:00:00Z,30.3,c
West Jakarta Mayor Office,temperature,2025-06-26T17:00:00Z,30.6,c
West Jakarta Mayor Office,temperature,2025-06-27T17:00:00Z,28.0,c
West Jakarta Mayor Office,temperature,2025-06-28T17:00:00Z,26.6,c
West Jakarta Mayor Office,temperature,2025-06-29T17:00:00Z,29.4,c
West Jakarta Mayor Office,wind_direction,2023-10-06T17:00:00Z,67.9,deg
West Jakarta Mayor Office,wind_direction,2023-10-07T17:00:00Z,147.0,deg
West Jakarta Mayor Office,wind_direction,2023-10-08T17:00:00Z,100.0,deg
West Jakarta Mayor Office,wind_direction,2023-10-09T17:00:00Z,48.9,deg
West Jakarta Mayor Office,wind_direction,2023-10-10T17:00:00Z,78.3,deg
West Jakarta Mayor Office,wind_direction,2023-10-11T17:00:00Z,120.0,deg
West Jakarta Mayor Office,wind_direction,2023-10-12T17:00:00Z,122.0,deg
West Jakarta Mayor Office,wind_direction,2023-10-13T17:00:00Z,81.6,deg
West Jakarta Mayor Office,wind_direction,2023-10-14T17:00:00Z,48.6,deg
West Jakarta Mayor Office,wind_direction,2023-10-15T17:00:00Z,99.6,deg
West Jakarta Mayor Office,wind_direction,2023-10-16T17:00:00Z,64.5,deg
West Jakarta Mayor Office,wind_direction,2023-10-17T17:00:00Z,144.0,deg
West Jakarta Mayor Office,wind_direction,2023-10-18T17:00:00Z,58.2,deg
West Jakarta Mayor Office,wind_direction,2023-10-19T17:00:00Z,109.0,deg
West Jakarta Mayor Office,wind_direction,2023-10-20T17:00:00Z,80.0,deg
West Jakarta Mayor Office,wind_direction,2023-10-21T17:00:00Z,101.0,deg
West Jakarta Mayor Office,wind_direction,2023-10-22T17:00:00Z,107.0,deg
West Jakarta Mayor Office,wind_direction,2023-10-23T17:00:00Z,120.0,deg
West Jakarta Mayor Office,wind_direction,2023-10-24T17:00:00Z,120.0,deg
West Jakarta Mayor Office,wind_direction,2023-10-25T17:00:00Z,144.0,deg
West Jakarta Mayor Office,wind_direction,2023-10-26T17:00:00Z,129.0,deg
West Jakarta Mayor Office,wind_direction,2023-10-27T17:00:00Z,154.0,deg
West Jakarta Mayor Office,wind_direction,2023-10-28T17:00:00Z,131.0,deg
West Jakarta Mayor Office,wind_direction,2023-10-29T17:00:00Z,147.0,deg
West Jakarta Mayor Office,wind_direction,2023-10-30T17:00:00Z,99.3,deg
West Jakarta Mayor Office,wind_direction,2023-10-31T17:00:00Z,134.0,deg
West Jakarta Mayor Office,wind_direction,2023-11-01T17:00:00Z,91.6,deg
West Jakarta Mayor Office,wind_direction,2023-11-02T17:00:00Z,87.7,deg
West Jakarta Mayor Office,wind_direction,2023-11-03T17:00:00Z,119.0,deg
West Jakarta Mayor Office,wind_direction,2023-11-04T17:00:00Z,175.0,deg
West Jakarta Mayor Office,wind_direction,2023-11-05T17:00:00Z,113.0,deg
West Jakarta Mayor Office,wind_direction,2023-11-06T17:00:00Z,94.6,deg
West Jakarta Mayor Office,wind_direction,2023-11-07T17:00:00Z,135.0,deg
West Jakarta Mayor Office,wind_direction,2023-11-08T17:00:00Z,150.0,deg
West Jakarta Mayor Office,wind_direction,2023-11-09T17:00:00Z,153.0,deg
West Jakarta Mayor Office,wind_direction,2023-11-10T17:00:00Z,177.0,deg
West Jakarta Mayor Office,wind_direction,2023-11-11T17:00:00Z,150.0,deg
West Jakarta Mayor Office,wind_direction,2023-11-12T17:00:00Z,102.0,deg
West Jakarta Mayor Office,wind_direction,2023-11-13T17:00:00Z,142.0,deg
West Jakarta Mayor Office,wind_direction,2023-11-14T17:00:00Z,120.0,deg
West Jakarta Mayor Office,wind_direction,2023-11-15T17:00:00Z,140.0,deg
West Jakarta Mayor Office,wind_direction,2023-11-16T17:00:00Z,108.0,deg
West Jakarta Mayor Office,wind_direction,2023-11-17T17:00:00Z,164.0,deg
West Jakarta Mayor Office,wind_direction,2023-11-18T17:00:00Z,141.0,deg
West Jakarta Mayor Office,wind_direction,2023-11-19T17:00:00Z,145.0,deg
West Jakarta Mayor Office,wind_direction,2023-11-20T17:00:00Z,120.0,deg
West Jakarta Mayor Office,wind_direction,2023-11-21T17:00:00Z,101.0,deg
West Jakarta Mayor Office,wind_direction,2023-11-22T17:00:00Z,152.0,deg
West Jakarta Mayor Office,wind_direction,2023-11-23T17:00:00Z,156.0,deg
West Jakarta Mayor Office,wind_direction,2023-11-24T17:00:00Z,219.0,deg
West Jakarta Mayor Office,wind_direction,2023-11-25T17:00:00Z,140.0,deg
West Jakarta Mayor Office,wind_direction,2023-11-26T17:00:00Z,148.0,deg
West Jakarta Mayor Office,wind_direction,2023-11-27T17:00:00Z,148.0,deg
West Jakarta Mayor Office,wind_direction,2023-11-28T17:00:00Z,158.0,deg
West Jakarta Mayor Office,wind_direction,2023-11-29T17:00:00Z,167.0,deg
West Jakarta Mayor Office,wind_direction,2023-11-30T17:00:00Z,178.0,deg
West Jakarta Mayor Office,wind_direction,2023-12-01T17:00:00Z,157.0,deg
West Jakarta Mayor Office,wind_direction,2023-12-02T17:00:00Z,180.0,deg
West Jakarta Mayor Office,wind_direction,2023-12-03T17:00:00Z,119.0,deg
West Jakarta Mayor Office,wind_direction,2023-12-04T17:00:00Z,119.0,deg
West Jakarta Mayor Office,wind_direction,2023-12-05T17:00:00Z,206.0,deg
West Jakarta Mayor Office,wind_direction,2023-12-06T17:00:00Z,145.0,deg
West Jakarta Mayor Office,wind_direction,2023-12-07T17:00:00Z,207.0,deg
West Jakarta Mayor Office,wind_direction,2023-12-08T17:00:00Z,177.0,deg
West Jakarta Mayor Office,wind_direction,2023-12-09T17:00:00Z,129.0,deg
West Jakarta Mayor Office,wind_direction,2023-12-10T17:00:00Z,112.0,deg
West Jakarta Mayor Office,wind_direction,2023-12-11T17:00:00Z,146.0,deg
West Jakarta Mayor Office,wind_direction,2023-12-12T17:00:00Z,108.0,deg
West Jakarta Mayor Office,wind_direction,2023-12-13T17:00:00Z,131.0,deg
West Jakarta Mayor Office,wind_direction,2023-12-14T17:00:00Z,131.0,deg
West Jakarta Mayor Office,wind_direction,2023-12-15T17:00:00Z,168.0,deg
West Jakarta Mayor Office,wind_direction,2023-12-16T17:00:00Z,198.0,deg
West Jakarta Mayor Office,wind_direction,2023-12-17T17:00:00Z,187.0,deg
West Jakarta Mayor Office,wind_direction,2023-12-18T17:00:00Z,168.0,deg
West Jakarta Mayor Office,wind_direction,2023-12-19T17:00:00Z,122.0,deg
West Jakarta Mayor Office,wind_direction,2023-12-20T17:00:00Z,142.0,deg
West Jakarta Mayor Office,wind_direction,2023-12-21T17:00:00Z,116.0,deg
West Jakarta Mayor Office,wind_direction,2023-12-22T17:00:00Z,116.0,deg
West Jakarta Mayor Office,wind_direction,2023-12-23T17:00:00Z,57.2,deg
West Jakarta Mayor Office,wind_direction,2023-12-24T17:00:00Z,108.0,deg
West Jakarta Mayor Office,wind_direction,2023-12-25T17:00:00Z,101.0,deg
West Jakarta Mayor Office,wind_direction,2023-12-26T17:00:00Z,157.0,deg
West Jakarta Mayor Office,wind_direction,2023-12-27T17:00:00Z,88.5,deg
West Jakarta Mayor Office,wind_direction,2023-12-28T17:00:00Z,101.0,deg
West Jakarta Mayor Office,wind_direction,2023-12-29T17:00:00Z,128.0,deg
West Jakarta Mayor Office,wind_direction,2023-12-30T17:00:00Z,124.0,deg
West Jakarta Mayor Office,wind_direction,2023-12-31T17:00:00Z,107.0,deg
West Jakarta Mayor Office,wind_direction,2024-01-01T17:00:00Z,110.0,deg
West Jakarta Mayor Office,wind_direction,2024-01-02T17:00:00Z,186.0,deg
West Jakarta Mayor Office,wind_direction,2024-01-03T17:00:00Z,160.0,deg
West Jakarta Mayor Office,wind_direction,2024-01-04T17:00:00Z,111.0,deg
West Jakarta Mayor Office,wind_direction,2024-01-05T17:00:00Z,110.0,deg
West Jakarta Mayor Office,wind_direction,2024-01-06T17:00:00Z,206.0,deg
West Jakarta Mayor Office,wind_direction,2024-01-07T17:00:00Z,116.0,deg
West Jakarta Mayor Office,wind_direction,2024-01-08T17:00:00Z,123.0,deg
West Jakarta Mayor Office,wind_direction,2024-01-09T17:00:00Z,110.0,deg
West Jakarta Mayor Office,wind_direction,2024-01-10T17:00:00Z,219.0,deg
West Jakarta Mayor Office,wind_direction,2024-01-11T17:00:00Z,176.0,deg
West Jakarta Mayor Office,wind_direction,2024-01-12T17:00:00Z,198.0,deg
West Jakarta Mayor Office,wind_direction,2024-01-13T17:00:00Z,125.0,deg
West Jakarta Mayor Office,wind_direction,2024-01-14T17:00:00Z,153.0,deg
West Jakarta Mayor Office,wind_direction,2024-01-15T17:00:00Z,142.0,deg
West Jakarta Mayor Office,wind_direction,2024-01-16T17:00:00Z,239.0,deg
West Jakarta Mayor Office,wind_direction,2024-01-17T17:00:00Z,194.0,deg
West Jakarta Mayor Office,wind_direction,2024-01-18T17:00:00Z,253.0,deg
West Jakarta Mayor Office,wind_direction,2024-01-19T17:00:00Z,285.0,deg
West Jakarta Mayor Office,wind_direction,2024-01-20T17:00:00Z,303.0,deg
West Jakarta Mayor Office,wind_direction,2024-01-21T17:00:00Z,197.0,deg
West Jakarta Mayor Office,wind_direction,2024-01-22T17:00:00Z,232.0,deg
West Jakarta Mayor Office,wind_direction,2024-01-23T17:00:00Z,169.0,deg
West Jakarta Mayor Office,wind_direction,2024-01-24T17:00:00Z,189.0,deg
West Jakarta Mayor Office,wind_direction,2024-01-25T17:00:00Z,129.0,deg
West Jakarta Mayor Office,wind_direction,2024-01-26T17:00:00Z,191.0,deg
West Jakarta Mayor Office,wind_direction,2024-01-27T17:00:00Z,137.0,deg
West Jakarta Mayor Office,wind_direction,2024-01-28T17:00:00Z,124.0,deg
West Jakarta Mayor Office,wind_direction,2024-01-29T17:00:00Z,123.0,deg
West Jakarta Mayor Office,wind_direction,2024-01-30T17:00:00Z,148.0,deg
West Jakarta Mayor Office,wind_direction,2024-01-31T17:00:00Z,118.0,deg
West Jakarta Mayor Office,wind_direction,2024-02-01T17:00:00Z,118.0,deg
West Jakarta Mayor Office,wind_direction,2024-02-02T17:00:00Z,163.0,deg
West Jakarta Mayor Office,wind_direction,2024-02-03T17:00:00Z,230.0,deg
West Jakarta Mayor Office,wind_direction,2024-02-04T17:00:00Z,144.0,deg
West Jakarta Mayor Office,wind_direction,2024-02-05T17:00:00Z,217.0,deg
West Jakarta Mayor Office,wind_direction,2024-02-06T17:00:00Z,170.0,deg
West Jakarta Mayor Office,wind_direction,2024-02-07T17:00:00Z,151.0,deg
West Jakarta Mayor Office,wind_direction,2024-02-08T17:00:00Z,80.7,deg
West Jakarta Mayor Office,wind_direction,2024-02-09T17:00:00Z,142.0,deg
West Jakarta Mayor Office,wind_direction,2024-02-10T17:00:00Z,95.0,deg
West Jakarta Mayor Office,wind_direction,2024-02-11T17:00:00Z,110.0,deg
West Jakarta Mayor Office,wind_direction,2024-02-12T17:00:00Z,90.1,deg
West Jakarta Mayor Office,wind_direction,2024-02-13T17:00:00Z,137.0,deg
West Jakarta Mayor Office,wind_direction,2024-02-14T17:00:00Z,108.0,deg
West Jakarta Mayor Office,wind_direction,2024-02-15T17:00:00Z,102.0,deg
West Jakarta Mayor Office,wind_direction,2024-02-16T17:00:00Z,96.7,deg
West Jakarta Mayor Office,wind_direction,2024-02-17T17:00:00Z,122.0,deg
West Jakarta Mayor Office,wind_direction,2024-02-18T17:00:00Z,81.9,deg
West Jakarta Mayor Office,wind_direction,2024-02-19T17:00:00Z,98.6,deg
West Jakarta Mayor Office,wind_direction,2024-02-20T17:00:00Z,90.1,deg
West Jakarta Mayor Office,wind_direction,2024-02-21T17:00:00Z,107.0,deg
West Jakarta Mayor Office,wind_direction,2024-02-22T17:00:00Z,131.0,deg
West Jakarta Mayor Office,wind_direction,2024-02-23T17:00:00Z,89.7,deg
West Jakarta Mayor Office,wind_direction,2024-02-24T17:00:00Z,182.0,deg
West Jakarta Mayor Office,wind_direction,2024-02-25T17:00:00Z,111.0,deg
West Jakarta Mayor Office,wind_direction,2024-02-26T17:00:00Z,109.0,deg
West Jakarta Mayor Office,wind_direction,2024-02-27T17:00:00Z,88.2,deg
West Jakarta Mayor Office,wind_direction,2024-02-28T17:00:00Z,148.0,deg
West Jakarta Mayor Office,wind_direction,2024-02-29T17:00:00Z,167.0,deg
West Jakarta Mayor Office,wind_direction,2024-03-01T17:00:00Z,150.0,deg
West Jakarta Mayor Office,wind_direction,2024-03-02T17:00:00Z,158.0,deg
West Jakarta Mayor Office,wind_direction,2024-03-03T17:00:00Z,149.0,deg
West Jakarta Mayor Office,wind_direction,2024-03-04T17:00:00Z,205.0,deg
West Jakarta Mayor Office,wind_direction,2024-03-05T17:00:00Z,241.0,deg
West Jakarta Mayor Office,wind_direction,2024-03-06T17:00:00Z,235.0,deg
West Jakarta Mayor Office,wind_direction,2024-03-07T17:00:00Z,193.0,deg
West Jakarta Mayor Office,wind_direction,2024-03-08T17:00:00Z,222.0,deg
West Jakarta Mayor Office,wind_direction,2024-03-09T17:00:00Z,132.0,deg
West Jakarta Mayor Office,wind_direction,2024-03-10T17:00:00Z,137.0,deg
West Jakarta Mayor Office,wind_direction,2024-03-11T17:00:00Z,186.0,deg
West Jakarta Mayor Office,wind_direction,2024-03-12T17:00:00Z,115.0,deg
West Jakarta Mayor Office,wind_direction,2024-03-13T17:00:00Z,222.0,deg
West Jakarta Mayor Office,wind_direction,2024-03-14T17:00:00Z,152.0,deg
West Jakarta Mayor Office,wind_direction,2024-03-15T17:00:00Z,216.0,deg
West Jakarta Mayor Office,wind_direction,2024-03-16T17:00:00Z,278.0,deg
West Jakarta Mayor Office,wind_direction,2024-03-17T17:00:00Z,179.0,deg
West Jakarta Mayor Office,wind_direction,2024-03-18T17:00:00Z,153.0,deg
West Jakarta Mayor Office,wind_direction,2024-03-19T17:00:00Z,216.0,deg
West Jakarta Mayor Office,wind_direction,2024-03-20T17:00:00Z,154.0,deg
West Jakarta Mayor Office,wind_direction,2024-03-21T17:00:00Z,47.8,deg
West Jakarta Mayor Office,wind_direction,2024-03-22T17:00:00Z,151.0,deg
West Jakarta Mayor Office,wind_direction,2024-03-23T17:00:00Z,118.0,deg
West Jakarta Mayor Office,wind_direction,2024-03-24T17:00:00Z,115.0,deg
West Jakarta Mayor Office,wind_direction,2024-03-25T17:00:00Z,88.2,deg
West Jakarta Mayor Office,wind_direction,2024-03-26T17:00:00Z,67.7,deg
West Jakarta Mayor Office,wind_direction,2024-03-27T17:00:00Z,129.0,deg
West Jakarta Mayor Office,wind_direction,2024-03-28T17:00:00Z,85.8,deg
West Jakarta Mayor Office,wind_direction,2024-03-29T17:00:00Z,143.0,deg
West Jakarta Mayor Office,wind_direction,2024-03-30T17:00:00Z,116.0,deg
West Jakarta Mayor Office,wind_direction,2024-03-31T17:00:00Z,100.0,deg
West Jakarta Mayor Office,wind_direction,2024-04-01T17:00:00Z,112.0,deg
West Jakarta Mayor Office,wind_direction,2024-04-02T17:00:00Z,137.0,deg
West Jakarta Mayor Office,wind_direction,2024-04-03T17:00:00Z,86.8,deg
West Jakarta Mayor Office,wind_direction,2024-04-04T17:00:00Z,110.0,deg
West Jakarta Mayor Office,wind_direction,2024-04-05T17:00:00Z,172.0,deg
West Jakarta Mayor Office,wind_direction,2024-04-06T17:00:00Z,111.0,deg
West Jakarta Mayor Office,wind_direction,2024-04-07T17:00:00Z,96.5,deg
West Jakarta Mayor Office,wind_direction,2024-04-08T17:00:00Z,150.0,deg
West Jakarta Mayor Office,wind_direction,2024-04-09T17:00:00Z,184.0,deg
West Jakarta Mayor Office,wind_direction,2024-04-10T17:00:00Z,95.6,deg
West Jakarta Mayor Office,wind_direction,2024-04-11T17:00:00Z,201.0,deg
West Jakarta Mayor Office,wind_direction,2024-04-12T17:00:00Z,157.0,deg
West Jakarta Mayor Office,wind_direction,2024-04-13T17:00:00Z,109.0,deg
West Jakarta Mayor Office,wind_direction,2024-04-14T17:00:00Z,93.8,deg
West Jakarta Mayor Office,wind_direction,2024-04-15T17:00:00Z,84.0,deg
West Jakarta Mayor Office,wind_direction,2024-04-16T17:00:00Z,98.4,deg
West Jakarta Mayor Office,wind_direction,2024-04-17T17:00:00Z,139.0,deg
West Jakarta Mayor Office,wind_direction,2024-04-18T17:00:00Z,118.0,deg
West Jakarta Mayor Office,wind_direction,2024-04-19T17:00:00Z,118.0,deg
West Jakarta Mayor Office,wind_direction,2024-04-20T17:00:00Z,114.0,deg
West Jakarta Mayor Office,wind_direction,2024-04-21T17:00:00Z,70.1,deg
West Jakarta Mayor Office,wind_direction,2024-04-22T17:00:00Z,122.0,deg
West Jakarta Mayor Office,wind_direction,2024-04-23T17:00:00Z,108.0,deg
West Jakarta Mayor Office,wind_direction,2024-04-24T17:00:00Z,107.0,deg
West Jakarta Mayor Office,wind_direction,2024-04-25T17:00:00Z,148.0,deg
West Jakarta Mayor Office,wind_direction,2024-04-26T17:00:00Z,124.0,deg
West Jakarta Mayor Office,wind_direction,2024-04-27T17:00:00Z,172.0,deg
West Jakarta Mayor Office,wind_direction,2024-04-28T17:00:00Z,56.1,deg
West Jakarta Mayor Office,wind_direction,2024-04-29T17:00:00Z,52.8,deg
West Jakarta Mayor Office,wind_direction,2024-04-30T17:00:00Z,51.0,deg
West Jakarta Mayor Office,wind_direction,2024-05-01T17:00:00Z,76.9,deg
West Jakarta Mayor Office,wind_direction,2024-05-02T17:00:00Z,104.0,deg
West Jakarta Mayor Office,wind_direction,2024-05-03T17:00:00Z,108.0,deg
West Jakarta Mayor Office,wind_direction,2024-05-04T17:00:00Z,76.3,deg
West Jakarta Mayor Office,wind_direction,2024-05-05T17:00:00Z,91.0,deg
West Jakarta Mayor Office,wind_direction,2024-05-06T17:00:00Z,75.8,deg
West Jakarta Mayor Office,wind_direction,2024-05-07T17:00:00Z,117.0,deg
West Jakarta Mayor Office,wind_direction,2024-05-08T17:00:00Z,73.7,deg
West Jakarta Mayor Office,wind_direction,2024-05-09T17:00:00Z,62.1,deg
West Jakarta Mayor Office,wind_direction,2024-05-10T17:00:00Z,75.4,deg
West Jakarta Mayor Office,wind_direction,2024-05-11T17:00:00Z,67.6,deg
West Jakarta Mayor Office,wind_direction,2024-05-12T17:00:00Z,80.1,deg
West Jakarta Mayor Office,wind_direction,2024-05-13T17:00:00Z,107.0,deg
West Jakarta Mayor Office,wind_direction,2024-05-14T17:00:00Z,115.0,deg
West Jakarta Mayor Office,wind_direction,2024-05-15T17:00:00Z,74.3,deg
West Jakarta Mayor Office,wind_direction,2024-05-16T17:00:00Z,75.5,deg
West Jakarta Mayor Office,wind_direction,2024-05-17T17:00:00Z,132.0,deg
West Jakarta Mayor Office,wind_direction,2024-05-18T17:00:00Z,52.9,deg
West Jakarta Mayor Office,wind_direction,2024-05-19T17:00:00Z,70.1,deg
West Jakarta Mayor Office,wind_direction,2024-05-20T17:00:00Z,89.5,deg
West Jakarta Mayor Office,wind_direction,2024-05-21T17:00:00Z,74.9,deg
West Jakarta Mayor Office,wind_direction,2024-05-22T17:00:00Z,73.3,deg
West Jakarta Mayor Office,wind_direction,2024-05-23T17:00:00Z,85.7,deg
West Jakarta Mayor Office,wind_direction,2024-05-24T17:00:00Z,161.0,deg
West Jakarta Mayor Office,wind_direction,2024-05-25T17:00:00Z,95.1,deg
West Jakarta Mayor Office,wind_direction,2024-05-26T17:00:00Z,76.1,deg
West Jakarta Mayor Office,wind_direction,2024-05-27T17:00:00Z,81.8,deg
West Jakarta Mayor Office,wind_direction,2024-05-28T17:00:00Z,62.6,deg
West Jakarta Mayor Office,wind_direction,2024-05-29T17:00:00Z,113.0,deg
West Jakarta Mayor Office,wind_direction,2024-05-30T17:00:00Z,78.0,deg
West Jakarta Mayor Office,wind_direction,2024-05-31T17:00:00Z,90.2,deg
West Jakarta Mayor Office,wind_direction,2024-06-01T17:00:00Z,50.4,deg
West Jakarta Mayor Office,wind_direction,2024-06-02T17:00:00Z,77.6,deg
West Jakarta Mayor Office,wind_direction,2024-06-03T17:00:00Z,98.0,deg
West Jakarta Mayor Office,wind_direction,2024-06-04T17:00:00Z,66.6,deg
West Jakarta Mayor Office,wind_direction,2024-06-05T17:00:00Z,95.4,deg
West Jakarta Mayor Office,wind_direction,2024-06-06T17:00:00Z,115.0,deg
West Jakarta Mayor Office,wind_direction,2024-06-10T17:00:00Z,223.0,deg
West Jakarta Mayor Office,wind_direction,2024-06-11T17:00:00Z,101.0,deg
West Jakarta Mayor Office,wind_direction,2024-06-12T17:00:00Z,90.2,deg
West Jakarta Mayor Office,wind_direction,2024-06-13T17:00:00Z,61.6,deg
West Jakarta Mayor Office,wind_direction,2024-06-14T17:00:00Z,123.0,deg
West Jakarta Mayor Office,wind_direction,2024-06-15T17:00:00Z,91.1,deg
West Jakarta Mayor Office,wind_direction,2024-06-16T17:00:00Z,87.5,deg
West Jakarta Mayor Office,wind_direction,2024-06-17T17:00:00Z,130.0,deg
West Jakarta Mayor Office,wind_direction,2024-06-18T17:00:00Z,114.0,deg
West Jakarta Mayor Office,wind_direction,2024-06-19T17:00:00Z,76.3,deg
West Jakarta Mayor Office,wind_direction,2024-06-20T17:00:00Z,80.1,deg
West Jakarta Mayor Office,wind_direction,2024-06-21T17:00:00Z,82.5,deg
West Jakarta Mayor Office,wind_direction,2024-06-22T17:00:00Z,98.6,deg
West Jakarta Mayor Office,wind_direction,2024-06-23T17:00:00Z,82.4,deg
West Jakarta Mayor Office,wind_direction,2024-06-24T17:00:00Z,110.0,deg
West Jakarta Mayor Office,wind_direction,2024-06-25T17:00:00Z,74.4,deg
West Jakarta Mayor Office,wind_direction,2024-06-26T17:00:00Z,73.2,deg
West Jakarta Mayor Office,wind_direction,2024-06-27T17:00:00Z,87.6,deg
West Jakarta Mayor Office,wind_direction,2024-06-28T17:00:00Z,175.0,deg
West Jakarta Mayor Office,wind_direction,2024-06-29T17:00:00Z,98.6,deg
West Jakarta Mayor Office,wind_direction,2024-06-30T17:00:00Z,106.0,deg
West Jakarta Mayor Office,wind_direction,2024-07-01T17:00:00Z,90.5,deg
West Jakarta Mayor Office,wind_direction,2024-07-02T17:00:00Z,151.0,deg
West Jakarta Mayor Office,wind_direction,2024-07-03T17:00:00Z,117.0,deg
West Jakarta Mayor Office,wind_direction,2024-07-04T17:00:00Z,96.0,deg
West Jakarta Mayor Office,wind_direction,2024-07-05T17:00:00Z,110.0,deg
West Jakarta Mayor Office,wind_direction,2024-07-06T17:00:00Z,86.3,deg
West Jakarta Mayor Office,wind_direction,2024-07-07T17:00:00Z,108.0,deg
West Jakarta Mayor Office,wind_direction,2024-07-08T17:00:00Z,87.8,deg
West Jakarta Mayor Office,wind_direction,2024-07-09T17:00:00Z,79.5,deg
West Jakarta Mayor Office,wind_direction,2024-07-10T17:00:00Z,97.6,deg
West Jakarta Mayor Office,wind_direction,2024-07-11T17:00:00Z,82.0,deg
West Jakarta Mayor Office,wind_direction,2024-07-12T17:00:00Z,94.9,deg
West Jakarta Mayor Office,wind_direction,2024-07-13T17:00:00Z,95.2,deg
West Jakarta Mayor Office,wind_direction,2024-07-14T17:00:00Z,77.9,deg
West Jakarta Mayor Office,wind_direction,2024-07-15T17:00:00Z,89.5,deg
West Jakarta Mayor Office,wind_direction,2024-07-16T17:00:00Z,88.0,deg
West Jakarta Mayor Office,wind_direction,2024-07-17T17:00:00Z,74.8,deg
West Jakarta Mayor Office,wind_direction,2024-07-18T17:00:00Z,77.0,deg
West Jakarta Mayor Office,wind_direction,2024-07-19T17:00:00Z,69.1,deg
West Jakarta Mayor Office,wind_direction,2024-07-20T17:00:00Z,97.0,deg
West Jakarta Mayor Office,wind_direction,2024-07-21T17:00:00Z,71.2,deg
West Jakarta Mayor Office,wind_direction,2024-07-22T17:00:00Z,98.1,deg
West Jakarta Mayor Office,wind_direction,2024-07-23T17:00:00Z,124.0,deg
West Jakarta Mayor Office,wind_direction,2024-07-24T17:00:00Z,138.0,deg
West Jakarta Mayor Office,wind_direction,2024-07-25T17:00:00Z,106.0,deg
West Jakarta Mayor Office,wind_direction,2024-07-26T17:00:00Z,67.6,deg
West Jakarta Mayor Office,wind_direction,2024-07-27T17:00:00Z,93.2,deg
West Jakarta Mayor Office,wind_direction,2024-07-28T17:00:00Z,72.9,deg
West Jakarta Mayor Office,wind_direction,2024-07-29T17:00:00Z,67.5,deg
West Jakarta Mayor Office,wind_direction,2024-07-30T17:00:00Z,100.0,deg
West Jakarta Mayor Office,wind_direction,2024-07-31T17:00:00Z,154.0,deg
West Jakarta Mayor Office,wind_direction,2024-08-01T17:00:00Z,146.0,deg
West Jakarta Mayor Office,wind_direction,2024-08-02T17:00:00Z,169.0,deg
West Jakarta Mayor Office,wind_direction,2024-08-03T17:00:00Z,150.0,deg
West Jakarta Mayor Office,wind_direction,2024-08-04T17:00:00Z,122.0,deg
West Jakarta Mayor Office,wind_direction,2024-08-05T17:00:00Z,89.0,deg
West Jakarta Mayor Office,wind_direction,2024-08-06T17:00:00Z,96.1,deg
West Jakarta Mayor Office,wind_direction,2024-08-07T17:00:00Z,87.1,deg
West Jakarta Mayor Office,wind_direction,2024-08-08T17:00:00Z,63.7,deg
West Jakarta Mayor Office,wind_direction,2024-08-09T17:00:00Z,79.2,deg
West Jakarta Mayor Office,wind_direction,2024-08-10T17:00:00Z,79.9,deg
West Jakarta Mayor Office,wind_direction,2024-08-11T17:00:00Z,92.8,deg
West Jakarta Mayor Office,wind_direction,2024-08-12T17:00:00Z,103.0,deg
West Jakarta Mayor Office,wind_direction,2024-08-13T17:00:00Z,99.0,deg
West Jakarta Mayor Office,wind_direction,2024-08-14T17:00:00Z,76.8,deg
West Jakarta Mayor Office,wind_direction,2024-08-15T17:00:00Z,78.5,deg
West Jakarta Mayor Office,wind_direction,2024-08-16T17:00:00Z,64.9,deg
West Jakarta Mayor Office,wind_direction,2024-08-17T17:00:00Z,83.6,deg
West Jakarta Mayor Office,wind_direction,2024-08-18T17:00:00Z,85.7,deg
West Jakarta Mayor Office,wind_direction,2024-08-19T17:00:00Z,104.0,deg
West Jakarta Mayor Office,wind_direction,2024-08-20T17:00:00Z,96.1,deg
West Jakarta Mayor Office,wind_direction,2024-08-21T17:00:00Z,79.6,deg
West Jakarta Mayor Office,wind_direction,2024-08-22T17:00:00Z,49.9,deg
West Jakarta Mayor Office,wind_direction,2024-08-23T17:00:00Z,109.0,deg
West Jakarta Mayor Office,wind_direction,2024-08-24T17:00:00Z,94.1,deg
West Jakarta Mayor Office,wind_direction,2024-08-25T17:00:00Z,133.0,deg
West Jakarta Mayor Office,wind_direction,2024-08-26T17:00:00Z,157.0,deg
West Jakarta Mayor Office,wind_direction,2024-08-27T17:00:00Z,105.0,deg
West Jakarta Mayor Office,wind_direction,2024-08-28T17:00:00Z,73.7,deg
West Jakarta Mayor Office,wind_direction,2024-08-29T17:00:00Z,106.0,deg
West Jakarta Mayor Office,wind_direction,2024-08-30T17:00:00Z,88.0,deg
West Jakarta Mayor Office,wind_direction,2024-08-31T17:00:00Z,113.0,deg
West Jakarta Mayor Office,wind_direction,2024-09-01T17:00:00Z,97.4,deg
West Jakarta Mayor Office,wind_direction,2024-09-02T17:00:00Z,131.0,deg
West Jakarta Mayor Office,wind_direction,2024-09-03T17:00:00Z,78.1,deg
West Jakarta Mayor Office,wind_direction,2024-09-04T17:00:00Z,108.0,deg
West Jakarta Mayor Office,wind_direction,2024-09-05T17:00:00Z,65.3,deg
West Jakarta Mayor Office,wind_direction,2024-09-06T17:00:00Z,68.6,deg
West Jakarta Mayor Office,wind_direction,2024-09-07T17:00:00Z,45.6,deg
West Jakarta Mayor Office,wind_direction,2024-09-08T17:00:00Z,126.0,deg
West Jakarta Mayor Office,wind_direction,2024-09-09T17:00:00Z,122.0,deg
West Jakarta Mayor Office,wind_direction,2024-09-10T17:00:00Z,89.2,deg
West Jakarta Mayor Office,wind_direction,2024-09-11T17:00:00Z,131.0,deg
West Jakarta Mayor Office,wind_direction,2024-09-12T17:00:00Z,104.0,deg
West Jakarta Mayor Office,wind_direction,2024-09-13T17:00:00Z,103.0,deg
West Jakarta Mayor Office,wind_direction,2024-09-14T17:00:00Z,127.0,deg
West Jakarta Mayor Office,wind_direction,2024-09-15T17:00:00Z,92.2,deg
West Jakarta Mayor Office,wind_direction,2024-09-16T17:00:00Z,93.0,deg
West Jakarta Mayor Office,wind_direction,2024-09-17T17:00:00Z,107.0,deg
West Jakarta Mayor Office,wind_direction,2024-09-18T17:00:00Z,89.9,deg
West Jakarta Mayor Office,wind_direction,2024-09-19T17:00:00Z,96.4,deg
West Jakarta Mayor Office,wind_direction,2024-09-20T17:00:00Z,96.4,deg
West Jakarta Mayor Office,wind_direction,2024-09-21T17:00:00Z,94.1,deg
West Jakarta Mayor Office,wind_direction,2024-09-22T17:00:00Z,98.5,deg
West Jakarta Mayor Office,wind_direction,2024-09-23T17:00:00Z,169.0,deg
West Jakarta Mayor Office,wind_direction,2024-09-24T17:00:00Z,136.0,deg
West Jakarta Mayor Office,wind_direction,2024-09-25T17:00:00Z,132.0,deg
West Jakarta Mayor Office,wind_direction,2024-09-26T17:00:00Z,93.4,deg
West Jakarta Mayor Office,wind_direction,2024-09-27T17:00:00Z,66.5,deg
West Jakarta Mayor Office,wind_direction,2024-09-28T17:00:00Z,118.0,deg
West Jakarta Mayor Office,wind_direction,2024-09-29T17:00:00Z,116.0,deg
West Jakarta Mayor Office,wind_direction,2024-09-30T17:00:00Z,116.0,deg
West Jakarta Mayor Office,wind_direction,2024-10-01T17:00:00Z,54.6,deg
West Jakarta Mayor Office,wind_direction,2024-10-02T17:00:00Z,108.0,deg
West Jakarta Mayor Office,wind_direction,2024-10-03T17:00:00Z,81.7,deg
West Jakarta Mayor Office,wind_direction,2024-10-04T17:00:00Z,151.0,deg
West Jakarta Mayor Office,wind_direction,2024-10-05T17:00:00Z,128.0,deg
West Jakarta Mayor Office,wind_direction,2024-10-06T17:00:00Z,118.0,deg
West Jakarta Mayor Office,wind_direction,2024-10-07T17:00:00Z,57.2,deg
West Jakarta Mayor Office,wind_direction,2024-10-08T17:00:00Z,62.9,deg
West Jakarta Mayor Office,wind_direction,2024-10-09T17:00:00Z,71.5,deg
West Jakarta Mayor Office,wind_direction,2024-10-10T17:00:00Z,77.9,deg
West Jakarta Mayor Office,wind_direction,2024-10-11T17:00:00Z,91.7,deg
West Jakarta Mayor Office,wind_direction,2024-10-12T17:00:00Z,130.0,deg
West Jakarta Mayor Office,wind_direction,2024-10-13T17:00:00Z,163.0,deg
West Jakarta Mayor Office,wind_direction,2024-10-14T17:00:00Z,115.0,deg
West Jakarta Mayor Office,wind_direction,2024-10-15T17:00:00Z,135.0,deg
West Jakarta Mayor Office,wind_direction,2024-10-16T17:00:00Z,102.0,deg
West Jakarta Mayor Office,wind_direction,2024-10-17T17:00:00Z,82.1,deg
West Jakarta Mayor Office,wind_direction,2024-10-18T17:00:00Z,94.4,deg
West Jakarta Mayor Office,wind_direction,2024-10-19T17:00:00Z,270.0,deg
West Jakarta Mayor Office,wind_direction,2024-10-20T17:00:00Z,118.0,deg
West Jakarta Mayor Office,wind_direction,2024-10-21T17:00:00Z,107.0,deg
West Jakarta Mayor Office,wind_direction,2024-10-22T17:00:00Z,98.1,deg
West Jakarta Mayor Office,wind_direction,2024-10-23T17:00:00Z,76.5,deg
West Jakarta Mayor Office,wind_direction,2024-10-24T17:00:00Z,95.5,deg
West Jakarta Mayor Office,wind_direction,2024-10-25T17:00:00Z,137.0,deg
West Jakarta Mayor Office,wind_direction,2024-10-26T17:00:00Z,168.0,deg
West Jakarta Mayor Office,wind_direction,2024-10-27T17:00:00Z,126.0,deg
West Jakarta Mayor Office,wind_direction,2024-10-28T17:00:00Z,95.5,deg
West Jakarta Mayor Office,wind_direction,2024-10-29T17:00:00Z,140.0,deg
West Jakarta Mayor Office,wind_direction,2024-10-30T17:00:00Z,107.0,deg
West Jakarta Mayor Office,wind_direction,2024-10-31T17:00:00Z,127.0,deg
West Jakarta Mayor Office,wind_direction,2024-11-01T17:00:00Z,155.0,deg
West Jakarta Mayor Office,wind_direction,2024-11-02T17:00:00Z,187.0,deg
West Jakarta Mayor Office,wind_direction,2024-11-11T17:00:00Z,107.0,deg
West Jakarta Mayor Office,wind_direction,2024-11-12T17:00:00Z,93.9,deg
West Jakarta Mayor Office,wind_direction,2024-11-13T17:00:00Z,73.3,deg
West Jakarta Mayor Office,wind_direction,2024-11-14T17:00:00Z,130.0,deg
West Jakarta Mayor Office,wind_direction,2024-11-15T17:00:00Z,145.0,deg
West Jakarta Mayor Office,wind_direction,2024-11-16T17:00:00Z,89.6,deg
West Jakarta Mayor Office,wind_direction,2024-11-17T17:00:00Z,69.2,deg
West Jakarta Mayor Office,wind_direction,2024-11-18T17:00:00Z,142.0,deg
West Jakarta Mayor Office,wind_direction,2024-11-19T17:00:00Z,55.3,deg
West Jakarta Mayor Office,wind_direction,2024-11-20T17:00:00Z,130.0,deg
West Jakarta Mayor Office,wind_direction,2024-11-21T17:00:00Z,202.0,deg
West Jakarta Mayor Office,wind_direction,2024-11-22T17:00:00Z,279.0,deg
West Jakarta Mayor Office,wind_direction,2024-11-23T17:00:00Z,227.0,deg
West Jakarta Mayor Office,wind_direction,2024-11-24T17:00:00Z,128.0,deg
West Jakarta Mayor Office,wind_direction,2024-11-25T17:00:00Z,94.1,deg
West Jakarta Mayor Office,wind_direction,2024-11-26T17:00:00Z,215.0,deg
West Jakarta Mayor Office,wind_direction,2024-11-27T17:00:00Z,88.0,deg
West Jakarta Mayor Office,wind_direction,2024-11-28T17:00:00Z,180.0,deg
West Jakarta Mayor Office,wind_direction,2024-11-29T17:00:00Z,227.0,deg
West Jakarta Mayor Office,wind_direction,2024-11-30T17:00:00Z,303.0,deg
West Jakarta Mayor Office,wind_direction,2024-12-01T17:00:00Z,264.0,deg
West Jakarta Mayor Office,wind_direction,2024-12-02T17:00:00Z,207.0,deg
West Jakarta Mayor Office,wind_direction,2024-12-03T17:00:00Z,203.0,deg
West Jakarta Mayor Office,wind_direction,2024-12-04T17:00:00Z,180.0,deg
West Jakarta Mayor Office,wind_direction,2024-12-05T17:00:00Z,117.0,deg
West Jakarta Mayor Office,wind_direction,2024-12-06T17:00:00Z,88.6,deg
West Jakarta Mayor Office,wind_direction,2024-12-07T17:00:00Z,102.0,deg
West Jakarta Mayor Office,wind_direction,2024-12-08T17:00:00Z,140.0,deg
West Jakarta Mayor Office,wind_direction,2024-12-09T17:00:00Z,247.0,deg
West Jakarta Mayor Office,wind_direction,2024-12-10T17:00:00Z,248.0,deg
West Jakarta Mayor Office,wind_direction,2024-12-11T17:00:00Z,199.0,deg
West Jakarta Mayor Office,wind_direction,2024-12-12T17:00:00Z,276.0,deg
West Jakarta Mayor Office,wind_direction,2024-12-13T17:00:00Z,300.0,deg
West Jakarta Mayor Office,wind_direction,2024-12-14T17:00:00Z,214.0,deg
West Jakarta Mayor Office,wind_direction,2024-12-15T17:00:00Z,181.0,deg
West Jakarta Mayor Office,wind_direction,2024-12-16T17:00:00Z,140.0,deg
West Jakarta Mayor Office,wind_direction,2024-12-17T17:00:00Z,176.0,deg
West Jakarta Mayor Office,wind_direction,2024-12-18T17:00:00Z,206.0,deg
West Jakarta Mayor Office,wind_direction,2024-12-19T17:00:00Z,125.0,deg
West Jakarta Mayor Office,wind_direction,2024-12-20T17:00:00Z,112.0,deg
West Jakarta Mayor Office,wind_direction,2024-12-21T17:00:00Z,133.0,deg
West Jakarta Mayor Office,wind_direction,2024-12-22T17:00:00Z,119.0,deg
West Jakarta Mayor Office,wind_direction,2024-12-23T17:00:00Z,160.0,deg
West Jakarta Mayor Office,wind_direction,2024-12-24T17:00:00Z,170.0,deg
West Jakarta Mayor Office,wind_direction,2024-12-25T17:00:00Z,232.0,deg
West Jakarta Mayor Office,wind_direction,2024-12-26T17:00:00Z,152.0,deg
West Jakarta Mayor Office,wind_direction,2024-12-27T17:00:00Z,164.0,deg
West Jakarta Mayor Office,wind_direction,2024-12-28T17:00:00Z,64.6,deg
West Jakarta Mayor Office,wind_direction,2024-12-29T17:00:00Z,143.0,deg
West Jakarta Mayor Office,wind_direction,2024-12-30T17:00:00Z,173.0,deg
West Jakarta Mayor Office,wind_direction,2024-12-31T17:00:00Z,224.0,deg
West Jakarta Mayor Office,wind_direction,2025-01-01T17:00:00Z,132.0,deg
West Jakarta Mayor Office,wind_direction,2025-01-02T17:00:00Z,128.0,deg
West Jakarta Mayor Office,wind_direction,2025-01-03T17:00:00Z,278.0,deg
West Jakarta Mayor Office,wind_direction,2025-01-04T17:00:00Z,217.0,deg
West Jakarta Mayor Office,wind_direction,2025-01-05T17:00:00Z,127.0,deg
West Jakarta Mayor Office,wind_direction,2025-01-06T17:00:00Z,168.0,deg
West Jakarta Mayor Office,wind_direction,2025-01-07T17:00:00Z,147.0,deg
West Jakarta Mayor Office,wind_direction,2025-01-08T17:00:00Z,136.0,deg
West Jakarta Mayor Office,wind_direction,2025-01-09T17:00:00Z,141.0,deg
West Jakarta Mayor Office,wind_direction,2025-01-10T17:00:00Z,168.0,deg
West Jakarta Mayor Office,wind_direction,2025-01-11T17:00:00Z,310.0,deg
West Jakarta Mayor Office,wind_direction,2025-01-12T17:00:00Z,184.0,deg
West Jakarta Mayor Office,wind_direction,2025-01-13T17:00:00Z,201.0,deg
West Jakarta Mayor Office,wind_direction,2025-01-14T17:00:00Z,170.0,deg
West Jakarta Mayor Office,wind_direction,2025-01-15T17:00:00Z,249.0,deg
West Jakarta Mayor Office,wind_direction,2025-01-16T17:00:00Z,221.0,deg
West Jakarta Mayor Office,wind_direction,2025-01-17T17:00:00Z,311.0,deg
West Jakarta Mayor Office,wind_direction,2025-01-18T17:00:00Z,180.0,deg
West Jakarta Mayor Office,wind_direction,2025-01-19T17:00:00Z,203.0,deg
West Jakarta Mayor Office,wind_direction,2025-01-20T17:00:00Z,117.0,deg
West Jakarta Mayor Office,wind_direction,2025-01-21T17:00:00Z,94.8,deg
West Jakarta Mayor Office,wind_direction,2025-01-22T17:00:00Z,190.0,deg
West Jakarta Mayor Office,wind_direction,2025-01-23T17:00:00Z,219.0,deg
West Jakarta Mayor Office,wind_direction,2025-01-24T17:00:00Z,205.0,deg
West Jakarta Mayor Office,wind_direction,2025-01-25T17:00:00Z,304.0,deg
West Jakarta Mayor Office,wind_direction,2025-01-26T17:00:00Z,233.0,deg
West Jakarta Mayor Office,wind_direction,2025-01-27T17:00:00Z,212.0,deg
West Jakarta Mayor Office,wind_direction,2025-01-28T17:00:00Z,78.8,deg
West Jakarta Mayor Office,wind_direction,2025-01-29T17:00:00Z,97.2,deg
West Jakarta Mayor Office,wind_direction,2025-01-30T17:00:00Z,102.0,deg
West Jakarta Mayor Office,wind_direction,2025-01-31T17:00:00Z,112.0,deg
West Jakarta Mayor Office,wind_direction,2025-02-01T17:00:00Z,77.8,deg
West Jakarta Mayor Office,wind_direction,2025-02-02T17:00:00Z,94.5,deg
West Jakarta Mayor Office,wind_direction,2025-02-03T17:00:00Z,173.0,deg
West Jakarta Mayor Office,wind_direction,2025-02-04T17:00:00Z,167.0,deg
West Jakarta Mayor Office,wind_direction,2025-02-05T17:00:00Z,108.0,deg
West Jakarta Mayor Office,wind_direction,2025-02-06T17:00:00Z,74.9,deg
West Jakarta Mayor Office,wind_direction,2025-02-07T17:00:00Z,53.0,deg
West Jakarta Mayor Office,wind_direction,2025-02-08T17:00:00Z,129.0,deg
West Jakarta Mayor Office,wind_direction,2025-02-09T17:00:00Z,95.1,deg
West Jakarta Mayor Office,wind_direction,2025-02-10T17:00:00Z,96.3,deg
West Jakarta Mayor Office,wind_direction,2025-02-11T17:00:00Z,169.0,deg
West Jakarta Mayor Office,wind_direction,2025-02-12T17:00:00Z,196.0,deg
West Jakarta Mayor Office,wind_direction,2025-02-13T17:00:00Z,127.0,deg
West Jakarta Mayor Office,wind_direction,2025-02-14T17:00:00Z,114.0,deg
West Jakarta Mayor Office,wind_direction,2025-02-15T17:00:00Z,145.0,deg
West Jakarta Mayor Office,wind_direction,2025-02-16T17:00:00Z,226.0,deg
West Jakarta Mayor Office,wind_direction,2025-02-17T17:00:00Z,95.6,deg
West Jakarta Mayor Office,wind_direction,2025-02-18T17:00:00Z,156.0,deg
West Jakarta Mayor Office,wind_direction,2025-02-19T17:00:00Z,87.7,deg
West Jakarta Mayor Office,wind_direction,2025-02-20T17:00:00Z,126.0,deg
West Jakarta Mayor Office,wind_direction,2025-02-21T17:00:00Z,177.0,deg
West Jakarta Mayor Office,wind_direction,2025-02-22T17:00:00Z,161.0,deg
West Jakarta Mayor Office,wind_direction,2025-02-23T17:00:00Z,125.0,deg
West Jakarta Mayor Office,wind_direction,2025-02-24T17:00:00Z,138.0,deg
West Jakarta Mayor Office,wind_direction,2025-02-25T17:00:00Z,132.0,deg
West Jakarta Mayor Office,wind_direction,2025-02-26T17:00:00Z,121.0,deg
West Jakarta Mayor Office,wind_direction,2025-02-27T17:00:00Z,113.0,deg
West Jakarta Mayor Office,wind_direction,2025-02-28T17:00:00Z,90.2,deg
West Jakarta Mayor Office,wind_direction,2025-03-01T17:00:00Z,54.1,deg
West Jakarta Mayor Office,wind_direction,2025-03-02T17:00:00Z,99.3,deg
West Jakarta Mayor Office,wind_direction,2025-03-03T17:00:00Z,79.4,deg
West Jakarta Mayor Office,wind_direction,2025-03-04T17:00:00Z,84.2,deg
West Jakarta Mayor Office,wind_direction,2025-03-05T17:00:00Z,177.0,deg
West Jakarta Mayor Office,wind_direction,2025-03-06T17:00:00Z,138.0,deg
West Jakarta Mayor Office,wind_direction,2025-03-07T17:00:00Z,236.0,deg
West Jakarta Mayor Office,wind_direction,2025-03-08T17:00:00Z,115.0,deg
West Jakarta Mayor Office,wind_direction,2025-03-09T17:00:00Z,89.1,deg
West Jakarta Mayor Office,wind_direction,2025-03-10T17:00:00Z,58.7,deg
West Jakarta Mayor Office,wind_direction,2025-03-11T17:00:00Z,103.0,deg
West Jakarta Mayor Office,wind_direction,2025-03-12T17:00:00Z,84.7,deg
West Jakarta Mayor Office,wind_direction,2025-03-13T17:00:00Z,156.0,deg
West Jakarta Mayor Office,wind_direction,2025-03-14T17:00:00Z,240.0,deg
West Jakarta Mayor Office,wind_direction,2025-03-15T17:00:00Z,232.0,deg
West Jakarta Mayor Office,wind_direction,2025-03-16T17:00:00Z,65.5,deg
West Jakarta Mayor Office,wind_direction,2025-03-23T17:00:00Z,40.5,deg
West Jakarta Mayor Office,wind_direction,2025-03-24T17:00:00Z,60.4,deg
West Jakarta Mayor Office,wind_direction,2025-03-25T17:00:00Z,68.0,deg
West Jakarta Mayor Office,wind_direction,2025-03-26T17:00:00Z,106.0,deg
West Jakarta Mayor Office,wind_direction,2025-03-27T17:00:00Z,245.0,deg
West Jakarta Mayor Office,wind_direction,2025-03-28T17:00:00Z,277.0,deg
West Jakarta Mayor Office,wind_direction,2025-03-29T17:00:00Z,196.0,deg
West Jakarta Mayor Office,wind_direction,2025-03-30T17:00:00Z,158.0,deg
West Jakarta Mayor Office,wind_direction,2025-03-31T17:00:00Z,151.0,deg
West Jakarta Mayor Office,wind_direction,2025-04-01T17:00:00Z,187.0,deg
West Jakarta Mayor Office,wind_direction,2025-04-02T17:00:00Z,83.1,deg
West Jakarta Mayor Office,wind_direction,2025-04-03T17:00:00Z,179.0,deg
West Jakarta Mayor Office,wind_direction,2025-04-07T17:00:00Z,47.5,deg
West Jakarta Mayor Office,wind_direction,2025-04-08T17:00:00Z,64.3,deg
West Jakarta Mayor Office,wind_direction,2025-04-09T17:00:00Z,99.0,deg
West Jakarta Mayor Office,wind_direction,2025-04-10T17:00:00Z,67.8,deg
West Jakarta Mayor Office,wind_direction,2025-04-11T17:00:00Z,100.0,deg
West Jakarta Mayor Office,wind_direction,2025-04-12T17:00:00Z,245.0,deg
West Jakarta Mayor Office,wind_direction,2025-04-13T17:00:00Z,176.0,deg
West Jakarta Mayor Office,wind_direction,2025-04-14T17:00:00Z,83.3,deg
West Jakarta Mayor Office,wind_direction,2025-04-15T17:00:00Z,143.0,deg
West Jakarta Mayor Office,wind_direction,2025-04-16T17:00:00Z,71.1,deg
West Jakarta Mayor Office,wind_direction,2025-04-17T17:00:00Z,186.0,deg
West Jakarta Mayor Office,wind_direction,2025-04-18T17:00:00Z,112.0,deg
West Jakarta Mayor Office,wind_direction,2025-04-19T17:00:00Z,185.0,deg
West Jakarta Mayor Office,wind_direction,2025-04-20T17:00:00Z,81.3,deg
West Jakarta Mayor Office,wind_direction,2025-04-21T17:00:00Z,126.0,deg
West Jakarta Mayor Office,wind_direction,2025-04-22T17:00:00Z,217.0,deg
West Jakarta Mayor Office,wind_direction,2025-04-23T17:00:00Z,146.0,deg
West Jakarta Mayor Office,wind_direction,2025-04-24T17:00:00Z,47.1,deg
West Jakarta Mayor Office,wind_direction,2025-04-25T17:00:00Z,106.0,deg
West Jakarta Mayor Office,wind_direction,2025-04-26T17:00:00Z,60.8,deg
West Jakarta Mayor Office,wind_direction,2025-04-27T17:00:00Z,61.0,deg
West Jakarta Mayor Office,wind_direction,2025-04-28T17:00:00Z,55.9,deg
West Jakarta Mayor Office,wind_direction,2025-04-29T17:00:00Z,52.9,deg
West Jakarta Mayor Office,wind_direction,2025-04-30T17:00:00Z,53.1,deg
West Jakarta Mayor Office,wind_direction,2025-05-01T17:00:00Z,48.0,deg
West Jakarta Mayor Office,wind_direction,2025-05-02T17:00:00Z,58.8,deg
West Jakarta Mayor Office,wind_direction,2025-05-03T17:00:00Z,78.4,deg
West Jakarta Mayor Office,wind_direction,2025-05-04T17:00:00Z,104.0,deg
West Jakarta Mayor Office,wind_direction,2025-05-05T17:00:00Z,80.9,deg
West Jakarta Mayor Office,wind_direction,2025-05-06T17:00:00Z,72.0,deg
West Jakarta Mayor Office,wind_direction,2025-05-07T17:00:00Z,86.8,deg
West Jakarta Mayor Office,wind_direction,2025-05-08T17:00:00Z,69.8,deg
West Jakarta Mayor Office,wind_direction,2025-05-09T17:00:00Z,107.0,deg
West Jakarta Mayor Office,wind_direction,2025-05-10T17:00:00Z,138.0,deg
West Jakarta Mayor Office,wind_direction,2025-05-11T17:00:00Z,217.0,deg
West Jakarta Mayor Office,wind_direction,2025-05-12T17:00:00Z,157.0,deg
West Jakarta Mayor Office,wind_direction,2025-05-13T17:00:00Z,94.1,deg
West Jakarta Mayor Office,wind_direction,2025-05-14T17:00:00Z,105.0,deg
West Jakarta Mayor Office,wind_direction,2025-05-15T17:00:00Z,124.0,deg
West Jakarta Mayor Office,wind_direction,2025-05-16T17:00:00Z,124.0,deg
West Jakarta Mayor Office,wind_direction,2025-05-17T17:00:00Z,140.0,deg
West Jakarta Mayor Office,wind_direction,2025-05-18T17:00:00Z,75.6,deg
West Jakarta Mayor Office,wind_direction,2025-05-19T17:00:00Z,65.9,deg
West Jakarta Mayor Office,wind_direction,2025-05-20T17:00:00Z,117.0,deg
West Jakarta Mayor Office,wind_direction,2025-05-21T17:00:00Z,108.0,deg
West Jakarta Mayor Office,wind_direction,2025-05-22T17:00:00Z,183.0,deg
West Jakarta Mayor Office,wind_direction,2025-05-23T17:00:00Z,150.0,deg
West Jakarta Mayor Office,wind_direction,2025-05-24T17:00:00Z,55.0,deg
West Jakarta Mayor Office,wind_direction,2025-05-25T17:00:00Z,170.0,deg
West Jakarta Mayor Office,wind_direction,2025-05-26T17:00:00Z,188.0,deg
West Jakarta Mayor Office,wind_direction,2025-05-27T17:00:00Z,79.8,deg
West Jakarta Mayor Office,wind_direction,2025-05-28T17:00:00Z,68.8,deg
West Jakarta Mayor Office,wind_direction,2025-05-29T17:00:00Z,62.5,deg
West Jakarta Mayor Office,wind_direction,2025-05-30T17:00:00Z,98.3,deg
West Jakarta Mayor Office,wind_direction,2025-05-31T17:00:00Z,53.3,deg
West Jakarta Mayor Office,wind_direction,2025-06-01T17:00:00Z,70.1,deg
West Jakarta Mayor Office,wind_direction,2025-06-02T17:00:00Z,77.7,deg
West Jakarta Mayor Office,wind_direction,2025-06-03T17:00:00Z,68.2,deg
West Jakarta Mayor Office,wind_direction,2025-06-04T17:00:00Z,57.6,deg
West Jakarta Mayor Office,wind_direction,2025-06-05T17:00:00Z,98.1,deg
West Jakarta Mayor Office,wind_direction,2025-06-06T17:00:00Z,130.0,deg
West Jakarta Mayor Office,wind_direction,2025-06-07T17:00:00Z,110.0,deg
West Jakarta Mayor Office,wind_direction,2025-06-08T17:00:00Z,61.7,deg
West Jakarta Mayor Office,wind_direction,2025-06-09T17:00:00Z,78.7,deg
West Jakarta Mayor Office,wind_direction,2025-06-10T17:00:00Z,82.3,deg
West Jakarta Mayor Office,wind_direction,2025-06-11T17:00:00Z,72.9,deg
West Jakarta Mayor Office,wind_direction,2025-06-12T17:00:00Z,70.3,deg
West Jakarta Mayor Office,wind_direction,2025-06-13T17:00:00Z,67.9,deg
West Jakarta Mayor Office,wind_direction,2025-06-14T17:00:00Z,84.0,deg
West Jakarta Mayor Office,wind_direction,2025-06-15T17:00:00Z,60.2,deg
West Jakarta Mayor Office,wind_direction,2025-06-16T17:00:00Z,99.2,deg
West Jakarta Mayor Office,wind_direction,2025-06-17T17:00:00Z,147.0,deg
West Jakarta Mayor Office,wind_direction,2025-06-18T17:00:00Z,130.0,deg
West Jakarta Mayor Office,wind_direction,2025-06-19T17:00:00Z,124.0,deg
West Jakarta Mayor Office,wind_direction,2025-06-20T17:00:00Z,146.0,deg
West Jakarta Mayor Office,wind_direction,2025-06-21T17:00:00Z,136.0,deg
West Jakarta Mayor Office,wind_direction,2025-06-22T17:00:00Z,61.2,deg
West Jakarta Mayor Office,wind_direction,2025-06-23T17:00:00Z,89.5,deg
West Jakarta Mayor Office,wind_direction,2025-06-24T17:00:00Z,77.0,deg
West Jakarta Mayor Office,wind_direction,2025-06-25T17:00:00Z,71.6,deg
West Jakarta Mayor Office,wind_direction,2025-06-26T17:00:00Z,52.9,deg
West Jakarta Mayor Office,wind_direction,2025-06-27T17:00:00Z,94.1,deg
West Jakarta Mayor Office,wind_direction,2025-06-28T17:00:00Z,134.0,deg
West Jakarta Mayor Office,wind_direction,2025-06-29T17:00:00Z,81.6,deg
West Jakarta Mayor Office,wind_speed,2023-10-06T17:00:00Z,1.42,m/s
West Jakarta Mayor Office,wind_speed,2023-10-07T17:00:00Z,1.64,m/s
West Jakarta Mayor Office,wind_speed,2023-10-08T17:00:00Z,1.96,m/s
West Jakarta Mayor Office,wind_speed,2023-10-09T17:00:00Z,1.5,m/s
West Jakarta Mayor Office,wind_speed,2023-10-10T17:00:00Z,1.19,m/s
West Jakarta Mayor Office,wind_speed,2023-10-11T17:00:00Z,1.42,m/s
West Jakarta Mayor Office,wind_speed,2023-10-12T17:00:00Z,1.15,m/s
West Jakarta Mayor Office,wind_speed,2023-10-13T17:00:00Z,1.38,m/s
West Jakarta Mayor Office,wind_speed,2023-10-14T17:00:00Z,1.4,m/s
West Jakarta Mayor Office,wind_speed,2023-10-15T17:00:00Z,1.12,m/s
West Jakarta Mayor Office,wind_speed,2023-10-16T17:00:00Z,1.58,m/s
West Jakarta Mayor Office,wind_speed,2023-10-17T17:00:00Z,1.63,m/s
West Jakarta Mayor Office,wind_speed,2023-10-18T17:00:00Z,2.21,m/s
West Jakarta Mayor Office,wind_speed,2023-10-19T17:00:00Z,1.29,m/s
West Jakarta Mayor Office,wind_speed,2023-10-20T17:00:00Z,1.31,m/s
West Jakarta Mayor Office,wind_speed,2023-10-21T17:00:00Z,0.988,m/s
West Jakarta Mayor Office,wind_speed,2023-10-22T17:00:00Z,1.28,m/s
West Jakarta Mayor Office,wind_speed,2023-10-23T17:00:00Z,1.19,m/s
West Jakarta Mayor Office,wind_speed,2023-10-24T17:00:00Z,1.13,m/s
West Jakarta Mayor Office,wind_speed,2023-10-25T17:00:00Z,1.11,m/s
West Jakarta Mayor Office,wind_speed,2023-10-26T17:00:00Z,1.4,m/s
West Jakarta Mayor Office,wind_speed,2023-10-27T17:00:00Z,1.35,m/s
West Jakarta Mayor Office,wind_speed,2023-10-28T17:00:00Z,1.12,m/s
West Jakarta Mayor Office,wind_speed,2023-10-29T17:00:00Z,1.03,m/s
West Jakarta Mayor Office,wind_speed,2023-10-30T17:00:00Z,1.28,m/s
West Jakarta Mayor Office,wind_speed,2023-10-31T17:00:00Z,1.11,m/s
West Jakarta Mayor Office,wind_speed,2023-11-01T17:00:00Z,1.06,m/s
West Jakarta Mayor Office,wind_speed,2023-11-02T17:00:00Z,1.08,m/s
West Jakarta Mayor Office,wind_speed,2023-11-03T17:00:00Z,1.29,m/s
West Jakarta Mayor Office,wind_speed,2023-11-04T17:00:00Z,1.02,m/s
West Jakarta Mayor Office,wind_speed,2023-11-05T17:00:00Z,1.09,m/s
West Jakarta Mayor Office,wind_speed,2023-11-06T17:00:00Z,1.21,m/s
West Jakarta Mayor Office,wind_speed,2023-11-07T17:00:00Z,0.992,m/s
West Jakarta Mayor Office,wind_speed,2023-11-08T17:00:00Z,1.19,m/s
West Jakarta Mayor Office,wind_speed,2023-11-09T17:00:00Z,1.25,m/s
West Jakarta Mayor Office,wind_speed,2023-11-10T17:00:00Z,0.958,m/s
West Jakarta Mayor Office,wind_speed,2023-11-11T17:00:00Z,0.958,m/s
West Jakarta Mayor Office,wind_speed,2023-11-12T17:00:00Z,1.76,m/s
West Jakarta Mayor Office,wind_speed,2023-11-13T17:00:00Z,1.38,m/s
West Jakarta Mayor Office,wind_speed,2023-11-14T17:00:00Z,1.14,m/s
West Jakarta Mayor Office,wind_speed,2023-11-15T17:00:00Z,1.14,m/s
West Jakarta Mayor Office,wind_speed,2023-11-16T17:00:00Z,1.14,m/s
West Jakarta Mayor Office,wind_speed,2023-11-17T17:00:00Z,0.892,m/s
West Jakarta Mayor Office,wind_speed,2023-11-18T17:00:00Z,1.17,m/s
West Jakarta Mayor Office,wind_speed,2023-11-19T17:00:00Z,1.05,m/s
West Jakarta Mayor Office,wind_speed,2023-11-20T17:00:00Z,1.24,m/s
West Jakarta Mayor Office,wind_speed,2023-11-21T17:00:00Z,0.992,m/s
West Jakarta Mayor Office,wind_speed,2023-11-22T17:00:00Z,1.03,m/s
West Jakarta Mayor Office,wind_speed,2023-11-23T17:00:00Z,0.971,m/s
West Jakarta Mayor Office,wind_speed,2023-11-24T17:00:00Z,1.33,m/s
West Jakarta Mayor Office,wind_speed,2023-11-25T17:00:00Z,0.858,m/s
West Jakarta Mayor Office,wind_speed,2023-11-26T17:00:00Z,1.26,m/s
West Jakarta Mayor Office,wind_speed,2023-11-27T17:00:00Z,1.23,m/s
West Jakarta Mayor Office,wind_speed,2023-11-28T17:00:00Z,1.45,m/s
West Jakarta Mayor Office,wind_speed,2023-11-29T17:00:00Z,0.933,m/s
West Jakarta Mayor Office,wind_speed,2023-11-30T17:00:00Z,0.85,m/s
West Jakarta Mayor Office,wind_speed,2023-12-01T17:00:00Z,1.3,m/s
West Jakarta Mayor Office,wind_speed,2023-12-02T17:00:00Z,0.796,m/s
West Jakarta Mayor Office,wind_speed,2023-12-03T17:00:00Z,0.721,m/s
West Jakarta Mayor Office,wind_speed,2023-12-04T17:00:00Z,1.09,m/s
West Jakarta Mayor Office,wind_speed,2023-12-05T17:00:00Z,0.942,m/s
West Jakarta Mayor Office,wind_speed,2023-12-06T17:00:00Z,0.942,m/s
West Jakarta Mayor Office,wind_speed,2023-12-07T17:00:00Z,0.871,m/s
West Jakarta Mayor Office,wind_speed,2023-12-08T17:00:00Z,0.867,m/s
West Jakarta Mayor Office,wind_speed,2023-12-09T17:00:00Z,0.992,m/s
West Jakarta Mayor Office,wind_speed,2023-12-10T17:00:00Z,0.996,m/s
West Jakarta Mayor Office,wind_speed,2023-12-11T17:00:00Z,1.03,m/s
West Jakarta Mayor Office,wind_speed,2023-12-12T17:00:00Z,0.95,m/s
West Jakarta Mayor Office,wind_speed,2023-12-13T17:00:00Z,1.03,m/s
West Jakarta Mayor Office,wind_speed,2023-12-14T17:00:00Z,1.04,m/s
West Jakarta Mayor Office,wind_speed,2023-12-15T17:00:00Z,0.888,m/s
West Jakarta Mayor Office,wind_speed,2023-12-16T17:00:00Z,0.858,m/s
West Jakarta Mayor Office,wind_speed,2023-12-17T17:00:00Z,0.996,m/s
West Jakarta Mayor Office,wind_speed,2023-12-18T17:00:00Z,1.02,m/s
West Jakarta Mayor Office,wind_speed,2023-12-19T17:00:00Z,0.996,m/s
West Jakarta Mayor Office,wind_speed,2023-12-20T17:00:00Z,0.958,m/s
West Jakarta Mayor Office,wind_speed,2023-12-21T17:00:00Z,1.0,m/s
West Jakarta Mayor Office,wind_speed,2023-12-22T17:00:00Z,0.821,m/s
West Jakarta Mayor Office,wind_speed,2023-12-23T17:00:00Z,1.12,m/s
West Jakarta Mayor Office,wind_speed,2023-12-24T17:00:00Z,2.23,m/s
West Jakarta Mayor Office,wind_speed,2023-12-25T17:00:00Z,0.721,m/s
West Jakarta Mayor Office,wind_speed,2023-12-26T17:00:00Z,0.979,m/s
West Jakarta Mayor Office,wind_speed,2023-12-27T17:00:00Z,1.19,m/s
West Jakarta Mayor Office,wind_speed,2023-12-28T17:00:00Z,1.01,m/s
West Jakarta Mayor Office,wind_speed,2023-12-29T17:00:00Z,0.838,m/s
West Jakarta Mayor Office,wind_speed,2023-12-30T17:00:00Z,0.925,m/s
West Jakarta Mayor Office,wind_speed,2023-12-31T17:00:00Z,0.721,m/s
West Jakarta Mayor Office,wind_speed,2024-01-01T17:00:00Z,1.04,m/s
West Jakarta Mayor Office,wind_speed,2024-01-02T17:00:00Z,0.95,m/s
West Jakarta Mayor Office,wind_speed,2024-01-03T17:00:00Z,1.25,m/s
West Jakarta Mayor Office,wind_speed,2024-01-04T17:00:00Z,1.55,m/s
West Jakarta Mayor Office,wind_speed,2024-01-05T17:00:00Z,1.66,m/s
West Jakarta Mayor Office,wind_speed,2024-01-06T17:00:00Z,0.929,m/s
West Jakarta Mayor Office,wind_speed,2024-01-07T17:00:00Z,0.858,m/s
West Jakarta Mayor Office,wind_speed,2024-01-08T17:00:00Z,0.929,m/s
West Jakarta Mayor Office,wind_speed,2024-01-09T17:00:00Z,0.879,m/s
West Jakarta Mayor Office,wind_speed,2024-01-10T17:00:00Z,0.938,m/s
West Jakarta Mayor Office,wind_speed,2024-01-11T17:00:00Z,1.18,m/s
West Jakarta Mayor Office,wind_speed,2024-01-12T17:00:00Z,1.82,m/s
West Jakarta Mayor Office,wind_speed,2024-01-13T17:00:00Z,0.704,m/s
West Jakarta Mayor Office,wind_speed,2024-01-14T17:00:00Z,1.12,m/s
West Jakarta Mayor Office,wind_speed,2024-01-15T17:00:00Z,1.18,m/s
West Jakarta Mayor Office,wind_speed,2024-01-16T17:00:00Z,0.975,m/s
West Jakarta Mayor Office,wind_speed,2024-01-17T17:00:00Z,1.11,m/s
West Jakarta Mayor Office,wind_speed,2024-01-18T17:00:00Z,1.25,m/s
West Jakarta Mayor Office,wind_speed,2024-01-19T17:00:00Z,1.54,m/s
West Jakarta Mayor Office,wind_speed,2024-01-20T17:00:00Z,1.4,m/s
West Jakarta Mayor Office,wind_speed,2024-01-21T17:00:00Z,1.49,m/s
West Jakarta Mayor Office,wind_speed,2024-01-22T17:00:00Z,1.5,m/s
West Jakarta Mayor Office,wind_speed,2024-01-23T17:00:00Z,1.33,m/s
West Jakarta Mayor Office,wind_speed,2024-01-24T17:00:00Z,1.07,m/s
West Jakarta Mayor Office,wind_speed,2024-01-25T17:00:00Z,1.11,m/s
West Jakarta Mayor Office,wind_speed,2024-01-26T17:00:00Z,0.771,m/s
West Jakarta Mayor Office,wind_speed,2024-01-27T17:00:00Z,0.733,m/s
West Jakarta Mayor Office,wind_speed,2024-01-28T17:00:00Z,0.892,m/s
West Jakarta Mayor Office,wind_speed,2024-01-29T17:00:00Z,1.13,m/s
West Jakarta Mayor Office,wind_speed,2024-01-30T17:00:00Z,0.879,m/s
West Jakarta Mayor Office,wind_speed,2024-01-31T17:00:00Z,0.883,m/s
West Jakarta Mayor Office,wind_speed,2024-02-01T17:00:00Z,1.03,m/s
West Jakarta Mayor Office,wind_speed,2024-02-02T17:00:00Z,0.917,m/s
West Jakarta Mayor Office,wind_speed,2024-02-03T17:00:00Z,0.988,m/s
West Jakarta Mayor Office,wind_speed,2024-02-04T17:00:00Z,0.829,m/s
West Jakarta Mayor Office,wind_speed,2024-02-05T17:00:00Z,0.921,m/s
West Jakarta Mayor Office,wind_speed,2024-02-06T17:00:00Z,0.954,m/s
West Jakarta Mayor Office,wind_speed,2024-02-07T17:00:00Z,0.838,m/s
West Jakarta Mayor Office,wind_speed,2024-02-08T17:00:00Z,1.01,m/s
West Jakarta Mayor Office,wind_speed,2024-02-09T17:00:00Z,0.813,m/s
West Jakarta Mayor Office,wind_speed,2024-02-10T17:00:00Z,0.883,m/s
West Jakarta Mayor Office,wind_speed,2024-02-11T17:00:00Z,1.02,m/s
West Jakarta Mayor Office,wind_speed,2024-02-12T17:00:00Z,1.2,m/s
West Jakarta Mayor Office,wind_speed,2024-02-13T17:00:00Z,1.1,m/s
West Jakarta Mayor Office,wind_speed,2024-02-14T17:00:00Z,1.01,m/s
West Jakarta Mayor Office,wind_speed,2024-02-15T17:00:00Z,0.871,m/s
West Jakarta Mayor Office,wind_speed,2024-02-16T17:00:00Z,0.879,m/s
West Jakarta Mayor Office,wind_speed,2024-02-17T17:00:00Z,0.896,m/s
West Jakarta Mayor Office,wind_speed,2024-02-18T17:00:00Z,1.08,m/s
West Jakarta Mayor Office,wind_speed,2024-02-19T17:00:00Z,0.954,m/s
West Jakarta Mayor Office,wind_speed,2024-02-20T17:00:00Z,0.863,m/s
West Jakarta Mayor Office,wind_speed,2024-02-21T17:00:00Z,1.07,m/s
West Jakarta Mayor Office,wind_speed,2024-02-22T17:00:00Z,1.07,m/s
West Jakarta Mayor Office,wind_speed,2024-02-23T17:00:00Z,0.946,m/s
West Jakarta Mayor Office,wind_speed,2024-02-24T17:00:00Z,0.792,m/s
West Jakarta Mayor Office,wind_speed,2024-02-25T17:00:00Z,0.946,m/s
West Jakarta Mayor Office,wind_speed,2024-02-26T17:00:00Z,1.03,m/s
West Jakarta Mayor Office,wind_speed,2024-02-27T17:00:00Z,1.86,m/s
West Jakarta Mayor Office,wind_speed,2024-02-28T17:00:00Z,0.917,m/s
West Jakarta Mayor Office,wind_speed,2024-02-29T17:00:00Z,0.988,m/s
West Jakarta Mayor Office,wind_speed,2024-03-01T17:00:00Z,0.788,m/s
West Jakarta Mayor Office,wind_speed,2024-03-02T17:00:00Z,0.783,m/s
West Jakarta Mayor Office,wind_speed,2024-03-03T17:00:00Z,1.2,m/s
West Jakarta Mayor Office,wind_speed,2024-03-04T17:00:00Z,1.3,m/s
West Jakarta Mayor Office,wind_speed,2024-03-05T17:00:00Z,1.29,m/s
West Jakarta Mayor Office,wind_speed,2024-03-06T17:00:00Z,1.48,m/s
West Jakarta Mayor Office,wind_speed,2024-03-07T17:00:00Z,1.46,m/s
West Jakarta Mayor Office,wind_speed,2024-03-08T17:00:00Z,0.863,m/s
West Jakarta Mayor Office,wind_speed,2024-03-09T17:00:00Z,0.783,m/s
West Jakarta Mayor Office,wind_speed,2024-03-10T17:00:00Z,1.12,m/s
West Jakarta Mayor Office,wind_speed,2024-03-11T17:00:00Z,0.904,m/s
West Jakarta Mayor Office,wind_speed,2024-03-12T17:00:00Z,1.16,m/s
West Jakarta Mayor Office,wind_speed,2024-03-13T17:00:00Z,1.05,m/s
West Jakarta Mayor Office,wind_speed,2024-03-14T17:00:00Z,2.15,m/s
West Jakarta Mayor Office,wind_speed,2024-03-15T17:00:00Z,0.979,m/s
West Jakarta Mayor Office,wind_speed,2024-03-16T17:00:00Z,1.0,m/s
West Jakarta Mayor Office,wind_speed,2024-03-17T17:00:00Z,1.2,m/s
West Jakarta Mayor Office,wind_speed,2024-03-18T17:00:00Z,1.28,m/s
West Jakarta Mayor Office,wind_speed,2024-03-19T17:00:00Z,1.29,m/s
West Jakarta Mayor Office,wind_speed,2024-03-20T17:00:00Z,1.03,m/s
West Jakarta Mayor Office,wind_speed,2024-03-21T17:00:00Z,1.43,m/s
West Jakarta Mayor Office,wind_speed,2024-03-22T17:00:00Z,0.917,m/s
West Jakarta Mayor Office,wind_speed,2024-03-23T17:00:00Z,1.18,m/s
West Jakarta Mayor Office,wind_speed,2024-03-24T17:00:00Z,1.22,m/s
West Jakarta Mayor Office,wind_speed,2024-03-25T17:00:00Z,1.2,m/s
West Jakarta Mayor Office,wind_speed,2024-03-26T17:00:00Z,0.908,m/s
West Jakarta Mayor Office,wind_speed,2024-03-27T17:00:00Z,0.879,m/s
West Jakarta Mayor Office,wind_speed,2024-03-28T17:00:00Z,1.3,m/s
West Jakarta Mayor Office,wind_speed,2024-03-29T17:00:00Z,0.979,m/s
West Jakarta Mayor Office,wind_speed,2024-03-30T17:00:00Z,0.9,m/s
West Jakarta Mayor Office,wind_speed,2024-03-31T17:00:00Z,0.929,m/s
West Jakarta Mayor Office,wind_speed,2024-04-01T17:00:00Z,1.07,m/s
West Jakarta Mayor Office,wind_speed,2024-04-02T17:00:00Z,1.04,m/s
West Jakarta Mayor Office,wind_speed,2024-04-03T17:00:00Z,0.929,m/s
West Jakarta Mayor Office,wind_speed,2024-04-04T17:00:00Z,0.863,m/s
West Jakarta Mayor Office,wind_speed,2024-04-05T17:00:00Z,0.688,m/s
West Jakarta Mayor Office,wind_speed,2024-04-06T17:00:00Z,1.02,m/s
West Jakarta Mayor Office,wind_speed,2024-04-07T17:00:00Z,0.833,m/s
West Jakarta Mayor Office,wind_speed,2024-04-08T17:00:00Z,0.904,m/s
West Jakarta Mayor Office,wind_speed,2024-04-09T17:00:00Z,0.896,m/s
West Jakarta Mayor Office,wind_speed,2024-04-10T17:00:00Z,0.954,m/s
West Jakarta Mayor Office,wind_speed,2024-04-11T17:00:00Z,2.57,m/s
West Jakarta Mayor Office,wind_speed,2024-04-12T17:00:00Z,2.37,m/s
West Jakarta Mayor Office,wind_speed,2024-04-13T17:00:00Z,1.13,m/s
West Jakarta Mayor Office,wind_speed,2024-04-14T17:00:00Z,1.81,m/s
West Jakarta Mayor Office,wind_speed,2024-04-15T17:00:00Z,1.96,m/s
West Jakarta Mayor Office,wind_speed,2024-04-16T17:00:00Z,1.34,m/s
West Jakarta Mayor Office,wind_speed,2024-04-17T17:00:00Z,1.18,m/s
West Jakarta Mayor Office,wind_speed,2024-04-18T17:00:00Z,1.21,m/s
West Jakarta Mayor Office,wind_speed,2024-04-19T17:00:00Z,1.55,m/s
West Jakarta Mayor Office,wind_speed,2024-04-20T17:00:00Z,0.883,m/s
West Jakarta Mayor Office,wind_speed,2024-04-21T17:00:00Z,1.32,m/s
West Jakarta Mayor Office,wind_speed,2024-04-22T17:00:00Z,1.2,m/s
West Jakarta Mayor Office,wind_speed,2024-04-23T17:00:00Z,0.954,m/s
West Jakarta Mayor Office,wind_speed,2024-04-24T17:00:00Z,1.25,m/s
West Jakarta Mayor Office,wind_speed,2024-04-25T17:00:00Z,1.53,m/s
West Jakarta Mayor Office,wind_speed,2024-04-26T17:00:00Z,1.2,m/s
West Jakarta Mayor Office,wind_speed,2024-04-27T17:00:00Z,0.963,m/s
West Jakarta Mayor Office,wind_speed,2024-04-28T17:00:00Z,1.96,m/s
West Jakarta Mayor Office,wind_speed,2024-04-29T17:00:00Z,1.65,m/s
West Jakarta Mayor Office,wind_speed,2024-04-30T17:00:00Z,1.33,m/s
West Jakarta Mayor Office,wind_speed,2024-05-01T17:00:00Z,1.65,m/s
West Jakarta Mayor Office,wind_speed,2024-05-02T17:00:00Z,1.03,m/s
West Jakarta Mayor Office,wind_speed,2024-05-03T17:00:00Z,0.825,m/s
West Jakarta Mayor Office,wind_speed,2024-05-04T17:00:00Z,1.09,m/s
West Jakarta Mayor Office,wind_speed,2024-05-05T17:00:00Z,1.37,m/s
West Jakarta Mayor Office,wind_speed,2024-05-06T17:00:00Z,1.4,m/s
West Jakarta Mayor Office,wind_speed,2024-05-07T17:00:00Z,1.09,m/s
West Jakarta Mayor Office,wind_speed,2024-05-08T17:00:00Z,1.57,m/s
West Jakarta Mayor Office,wind_speed,2024-05-09T17:00:00Z,1.73,m/s
West Jakarta Mayor Office,wind_speed,2024-05-10T17:00:00Z,1.44,m/s
West Jakarta Mayor Office,wind_speed,2024-05-11T17:00:00Z,1.26,m/s
West Jakarta Mayor Office,wind_speed,2024-05-12T17:00:00Z,1.57,m/s
West Jakarta Mayor Office,wind_speed,2024-05-13T17:00:00Z,1.05,m/s
West Jakarta Mayor Office,wind_speed,2024-05-14T17:00:00Z,1.85,m/s
West Jakarta Mayor Office,wind_speed,2024-05-15T17:00:00Z,1.6,m/s
West Jakarta Mayor Office,wind_speed,2024-05-16T17:00:00Z,1.38,m/s
West Jakarta Mayor Office,wind_speed,2024-05-17T17:00:00Z,1.58,m/s
West Jakarta Mayor Office,wind_speed,2024-05-18T17:00:00Z,1.17,m/s
West Jakarta Mayor Office,wind_speed,2024-05-19T17:00:00Z,1.62,m/s
West Jakarta Mayor Office,wind_speed,2024-05-20T17:00:00Z,1.35,m/s
West Jakarta Mayor Office,wind_speed,2024-05-21T17:00:00Z,2.33,m/s
West Jakarta Mayor Office,wind_speed,2024-05-22T17:00:00Z,0.817,m/s
West Jakarta Mayor Office,wind_speed,2024-05-23T17:00:00Z,1.42,m/s
West Jakarta Mayor Office,wind_speed,2024-05-24T17:00:00Z,0.692,m/s
West Jakarta Mayor Office,wind_speed,2024-05-25T17:00:00Z,1.19,m/s
West Jakarta Mayor Office,wind_speed,2024-05-26T17:00:00Z,1.63,m/s
West Jakarta Mayor Office,wind_speed,2024-05-27T17:00:00Z,1.28,m/s
West Jakarta Mayor Office,wind_speed,2024-05-28T17:00:00Z,1.5,m/s
West Jakarta Mayor Office,wind_speed,2024-05-29T17:00:00Z,1.12,m/s
West Jakarta Mayor Office,wind_speed,2024-05-30T17:00:00Z,1.38,m/s
West Jakarta Mayor Office,wind_speed,2024-05-31T17:00:00Z,0.85,m/s
West Jakarta Mayor Office,wind_speed,2024-06-01T17:00:00Z,0.921,m/s
West Jakarta Mayor Office,wind_speed,2024-06-02T17:00:00Z,1.09,m/s
West Jakarta Mayor Office,wind_speed,2024-06-03T17:00:00Z,1.23,m/s
West Jakarta Mayor Office,wind_speed,2024-06-04T17:00:00Z,1.11,m/s
West Jakarta Mayor Office,wind_speed,2024-06-05T17:00:00Z,2.03,m/s
West Jakarta Mayor Office,wind_speed,2024-06-06T17:00:00Z,0.767,m/s
West Jakarta Mayor Office,wind_speed,2024-06-10T17:00:00Z,0.563,m/s
West Jakarta Mayor Office,wind_speed,2024-06-11T17:00:00Z,1.37,m/s
West Jakarta Mayor Office,wind_speed,2024-06-12T17:00:00Z,1.43,m/s
West Jakarta Mayor Office,wind_speed,2024-06-13T17:00:00Z,1.33,m/s
West Jakarta Mayor Office,wind_speed,2024-06-14T17:00:00Z,0.821,m/s
West Jakarta Mayor Office,wind_speed,2024-06-15T17:00:00Z,1.62,m/s
West Jakarta Mayor Office,wind_speed,2024-06-16T17:00:00Z,1.22,m/s
West Jakarta Mayor Office,wind_speed,2024-06-17T17:00:00Z,0.725,m/s
West Jakarta Mayor Office,wind_speed,2024-06-18T17:00:00Z,1.62,m/s
West Jakarta Mayor Office,wind_speed,2024-06-19T17:00:00Z,1.61,m/s
West Jakarta Mayor Office,wind_speed,2024-06-20T17:00:00Z,1.32,m/s
West Jakarta Mayor Office,wind_speed,2024-06-21T17:00:00Z,1.26,m/s
West Jakarta Mayor Office,wind_speed,2024-06-22T17:00:00Z,1.33,m/s
West Jakarta Mayor Office,wind_speed,2024-06-23T17:00:00Z,1.52,m/s
West Jakarta Mayor Office,wind_speed,2024-06-24T17:00:00Z,1.05,m/s
West Jakarta Mayor Office,wind_speed,2024-06-25T17:00:00Z,1.58,m/s
West Jakarta Mayor Office,wind_speed,2024-06-26T17:00:00Z,1.61,m/s
West Jakarta Mayor Office,wind_speed,2024-06-27T17:00:00Z,1.25,m/s
West Jakarta Mayor Office,wind_speed,2024-06-28T17:00:00Z,0.933,m/s
West Jakarta Mayor Office,wind_speed,2024-06-29T17:00:00Z,0.921,m/s
West Jakarta Mayor Office,wind_speed,2024-06-30T17:00:00Z,0.988,m/s
West Jakarta Mayor Office,wind_speed,2024-07-01T17:00:00Z,2.54,m/s
West Jakarta Mayor Office,wind_speed,2024-07-02T17:00:00Z,1.15,m/s
West Jakarta Mayor Office,wind_speed,2024-07-03T17:00:00Z,0.996,m/s
West Jakarta Mayor Office,wind_speed,2024-07-04T17:00:00Z,1.2,m/s
West Jakarta Mayor Office,wind_speed,2024-07-05T17:00:00Z,2.1,m/s
West Jakarta Mayor Office,wind_speed,2024-07-06T17:00:00Z,1.14,m/s
West Jakarta Mayor Office,wind_speed,2024-07-07T17:00:00Z,1.53,m/s
West Jakarta Mayor Office,wind_speed,2024-07-08T17:00:00Z,1.65,m/s
West Jakarta Mayor Office,wind_speed,2024-07-09T17:00:00Z,1.06,m/s
West Jakarta Mayor Office,wind_speed,2024-07-10T17:00:00Z,1.08,m/s
West Jakarta Mayor Office,wind_speed,2024-07-11T17:00:00Z,1.43,m/s
West Jakarta Mayor Office,wind_speed,2024-07-12T17:00:00Z,0.954,m/s
West Jakarta Mayor Office,wind_speed,2024-07-13T17:00:00Z,1.5,m/s
West Jakarta Mayor Office,wind_speed,2024-07-14T17:00:00Z,1.02,m/s
West Jakarta Mayor Office,wind_speed,2024-07-15T17:00:00Z,1.48,m/s
West Jakarta Mayor Office,wind_speed,2024-07-16T17:00:00Z,1.35,m/s
West Jakarta Mayor Office,wind_speed,2024-07-17T17:00:00Z,1.44,m/s
West Jakarta Mayor Office,wind_speed,2024-07-18T17:00:00Z,1.8,m/s
West Jakarta Mayor Office,wind_speed,2024-07-19T17:00:00Z,1.28,m/s
West Jakarta Mayor Office,wind_speed,2024-07-20T17:00:00Z,1.21,m/s
West Jakarta Mayor Office,wind_speed,2024-07-21T17:00:00Z,1.18,m/s
West Jakarta Mayor Office,wind_speed,2024-07-22T17:00:00Z,0.979,m/s
West Jakarta Mayor Office,wind_speed,2024-07-23T17:00:00Z,0.967,m/s
West Jakarta Mayor Office,wind_speed,2024-07-24T17:00:00Z,1.04,m/s
West Jakarta Mayor Office,wind_speed,2024-07-25T17:00:00Z,1.34,m/s
West Jakarta Mayor Office,wind_speed,2024-07-26T17:00:00Z,1.65,m/s
West Jakarta Mayor Office,wind_speed,2024-07-27T17:00:00Z,1.02,m/s
West Jakarta Mayor Office,wind_speed,2024-07-28T17:00:00Z,1.72,m/s
West Jakarta Mayor Office,wind_speed,2024-07-29T17:00:00Z,1.5,m/s
West Jakarta Mayor Office,wind_speed,2024-07-30T17:00:00Z,1.6,m/s
West Jakarta Mayor Office,wind_speed,2024-07-31T17:00:00Z,0.892,m/s
West Jakarta Mayor Office,wind_speed,2024-08-01T17:00:00Z,1.14,m/s
West Jakarta Mayor Office,wind_speed,2024-08-02T17:00:00Z,1.01,m/s
West Jakarta Mayor Office,wind_speed,2024-08-03T17:00:00Z,1.06,m/s
West Jakarta Mayor Office,wind_speed,2024-08-04T17:00:00Z,0.996,m/s
West Jakarta Mayor Office,wind_speed,2024-08-05T17:00:00Z,1.54,m/s
West Jakarta Mayor Office,wind_speed,2024-08-06T17:00:00Z,1.7,m/s
West Jakarta Mayor Office,wind_speed,2024-08-07T17:00:00Z,1.12,m/s
West Jakarta Mayor Office,wind_speed,2024-08-08T17:00:00Z,1.95,m/s
West Jakarta Mayor Office,wind_speed,2024-08-09T17:00:00Z,1.67,m/s
West Jakarta Mayor Office,wind_speed,2024-08-10T17:00:00Z,0.992,m/s
West Jakarta Mayor Office,wind_speed,2024-08-11T17:00:00Z,1.73,m/s
West Jakarta Mayor Office,wind_speed,2024-08-12T17:00:00Z,1.63,m/s
West Jakarta Mayor Office,wind_speed,2024-08-13T17:00:00Z,1.59,m/s
West Jakarta Mayor Office,wind_speed,2024-08-14T17:00:00Z,1.18,m/s
West Jakarta Mayor Office,wind_speed,2024-08-15T17:00:00Z,0.963,m/s
West Jakarta Mayor Office,wind_speed,2024-08-16T17:00:00Z,1.24,m/s
West Jakarta Mayor Office,wind_speed,2024-08-17T17:00:00Z,1.25,m/s
West Jakarta Mayor Office,wind_speed,2024-08-18T17:00:00Z,1.3,m/s
West Jakarta Mayor Office,wind_speed,2024-08-19T17:00:00Z,0.904,m/s
West Jakarta Mayor Office,wind_speed,2024-08-20T17:00:00Z,1.34,m/s
West Jakarta Mayor Office,wind_speed,2024-08-21T17:00:00Z,1.73,m/s
West Jakarta Mayor Office,wind_speed,2024-08-22T17:00:00Z,1.16,m/s
West Jakarta Mayor Office,wind_speed,2024-08-23T17:00:00Z,1.0,m/s
West Jakarta Mayor Office,wind_speed,2024-08-24T17:00:00Z,1.27,m/s
West Jakarta Mayor Office,wind_speed,2024-08-25T17:00:00Z,0.871,m/s
West Jakarta Mayor Office,wind_speed,2024-08-26T17:00:00Z,1.05,m/s
West Jakarta Mayor Office,wind_speed,2024-08-27T17:00:00Z,1.18,m/s
West Jakarta Mayor Office,wind_speed,2024-08-28T17:00:00Z,0.871,m/s
West Jakarta Mayor Office,wind_speed,2024-08-29T17:00:00Z,1.04,m/s
West Jakarta Mayor Office,wind_speed,2024-08-30T17:00:00Z,1.16,m/s
West Jakarta Mayor Office,wind_speed,2024-08-31T17:00:00Z,1.1,m/s
West Jakarta Mayor Office,wind_speed,2024-09-01T17:00:00Z,1.31,m/s
West Jakarta Mayor Office,wind_speed,2024-09-02T17:00:00Z,1.13,m/s
West Jakarta Mayor Office,wind_speed,2024-09-03T17:00:00Z,1.5,m/s
West Jakarta Mayor Office,wind_speed,2024-09-04T17:00:00Z,1.35,m/s
West Jakarta Mayor Office,wind_speed,2024-09-05T17:00:00Z,1.81,m/s
West Jakarta Mayor Office,wind_speed,2024-09-06T17:00:00Z,1.56,m/s
West Jakarta Mayor Office,wind_speed,2024-09-07T17:00:00Z,1.89,m/s
West Jakarta Mayor Office,wind_speed,2024-09-08T17:00:00Z,1.15,m/s
West Jakarta Mayor Office,wind_speed,2024-09-09T17:00:00Z,1.22,m/s
West Jakarta Mayor Office,wind_speed,2024-09-10T17:00:00Z,1.83,m/s
West Jakarta Mayor Office,wind_speed,2024-09-11T17:00:00Z,1.22,m/s
West Jakarta Mayor Office,wind_speed,2024-09-12T17:00:00Z,10.4,m/s
West Jakarta Mayor Office,wind_speed,2024-09-13T17:00:00Z,1.15,m/s
West Jakarta Mayor Office,wind_speed,2024-09-14T17:00:00Z,1.02,m/s
West Jakarta Mayor Office,wind_speed,2024-09-15T17:00:00Z,0.954,m/s
West Jakarta Mayor Office,wind_speed,2024-09-16T17:00:00Z,1.22,m/s
West Jakarta Mayor Office,wind_speed,2024-09-17T17:00:00Z,1.16,m/s
West Jakarta Mayor Office,wind_speed,2024-09-18T17:00:00Z,1.2,m/s
West Jakarta Mayor Office,wind_speed,2024-09-19T17:00:00Z,1.41,m/s
West Jakarta Mayor Office,wind_speed,2024-09-20T17:00:00Z,1.19,m/s
West Jakarta Mayor Office,wind_speed,2024-09-21T17:00:00Z,1.33,m/s
West Jakarta Mayor Office,wind_speed,2024-09-22T17:00:00Z,1.85,m/s
West Jakarta Mayor Office,wind_speed,2024-09-23T17:00:00Z,1.18,m/s
West Jakarta Mayor Office,wind_speed,2024-09-24T17:00:00Z,1.45,m/s
West Jakarta Mayor Office,wind_speed,2024-09-25T17:00:00Z,2.16,m/s
West Jakarta Mayor Office,wind_speed,2024-09-26T17:00:00Z,1.92,m/s
West Jakarta Mayor Office,wind_speed,2024-09-27T17:00:00Z,1.57,m/s
West Jakarta Mayor Office,wind_speed,2024-09-28T17:00:00Z,1.4,m/s
West Jakarta Mayor Office,wind_speed,2024-09-29T17:00:00Z,1.73,m/s
West Jakarta Mayor Office,wind_speed,2024-09-30T17:00:00Z,1.13,m/s
West Jakarta Mayor Office,wind_speed,2024-10-01T17:00:00Z,1.21,m/s
West Jakarta Mayor Office,wind_speed,2024-10-02T17:00:00Z,1.62,m/s
West Jakarta Mayor Office,wind_speed,2024-10-03T17:00:00Z,1.53,m/s
West Jakarta Mayor Office,wind_speed,2024-10-04T17:00:00Z,1.15,m/s
West Jakarta Mayor Office,wind_speed,2024-10-05T17:00:00Z,0.983,m/s
West Jakarta Mayor Office,wind_speed,2024-10-06T17:00:00Z,1.28,m/s
West Jakarta Mayor Office,wind_speed,2024-10-07T17:00:00Z,1.6,m/s
West Jakarta Mayor Office,wind_speed,2024-10-08T17:00:00Z,1.13,m/s
West Jakarta Mayor Office,wind_speed,2024-10-09T17:00:00Z,1.18,m/s
West Jakarta Mayor Office,wind_speed,2024-10-10T17:00:00Z,2.25,m/s
West Jakarta Mayor Office,wind_speed,2024-10-11T17:00:00Z,1.55,m/s
West Jakarta Mayor Office,wind_speed,2024-10-12T17:00:00Z,1.14,m/s
West Jakarta Mayor Office,wind_speed,2024-10-13T17:00:00Z,0.925,m/s
West Jakarta Mayor Office,wind_speed,2024-10-14T17:00:00Z,1.05,m/s
West Jakarta Mayor Office,wind_speed,2024-10-15T17:00:00Z,1.15,m/s
West Jakarta Mayor Office,wind_speed,2024-10-16T17:00:00Z,1.19,m/s
West Jakarta Mayor Office,wind_speed,2024-10-17T17:00:00Z,1.34,m/s
West Jakarta Mayor Office,wind_speed,2024-10-18T17:00:00Z,1.12,m/s
West Jakarta Mayor Office,wind_speed,2024-10-19T17:00:00Z,1.0,m/s
West Jakarta Mayor Office,wind_speed,2024-10-20T17:00:00Z,1.27,m/s
West Jakarta Mayor Office,wind_speed,2024-10-21T17:00:00Z,1.39,m/s
West Jakarta Mayor Office,wind_speed,2024-10-22T17:00:00Z,1.26,m/s
West Jakarta Mayor Office,wind_speed,2024-10-23T17:00:00Z,1.43,m/s
West Jakarta Mayor Office,wind_speed,2024-10-24T17:00:00Z,1.23,m/s
West Jakarta Mayor Office,wind_speed,2024-10-25T17:00:00Z,1.14,m/s
West Jakarta Mayor Office,wind_speed,2024-10-26T17:00:00Z,0.988,m/s
West Jakarta Mayor Office,wind_speed,2024-10-27T17:00:00Z,1.09,m/s
West Jakarta Mayor Office,wind_speed,2024-10-28T17:00:00Z,1.16,m/s
West Jakarta Mayor Office,wind_speed,2024-10-29T17:00:00Z,1.15,m/s
West Jakarta Mayor Office,wind_speed,2024-10-30T17:00:00Z,1.11,m/s
West Jakarta Mayor Office,wind_speed,2024-10-31T17:00:00Z,1.63,m/s
West Jakarta Mayor Office,wind_speed,2024-11-01T17:00:00Z,1.13,m/s
West Jakarta Mayor Office,wind_speed,2024-11-02T17:00:00Z,0.545,m/s
West Jakarta Mayor Office,wind_speed,2024-11-11T17:00:00Z,1.19,m/s
West Jakarta Mayor Office,wind_speed,2024-11-12T17:00:00Z,1.82,m/s
West Jakarta Mayor Office,wind_speed,2024-11-13T17:00:00Z,1.27,m/s
West Jakarta Mayor Office,wind_speed,2024-11-14T17:00:00Z,1.32,m/s
West Jakarta Mayor Office,wind_speed,2024-11-15T17:00:00Z,0.788,m/s
West Jakarta Mayor Office,wind_speed,2024-11-16T17:00:00Z,1.32,m/s
West Jakarta Mayor Office,wind_speed,2024-11-17T17:00:00Z,1.34,m/s
West Jakarta Mayor Office,wind_speed,2024-11-18T17:00:00Z,1.47,m/s
West Jakarta Mayor Office,wind_speed,2024-11-19T17:00:00Z,1.26,m/s
West Jakarta Mayor Office,wind_speed,2024-11-20T17:00:00Z,0.875,m/s
West Jakarta Mayor Office,wind_speed,2024-11-21T17:00:00Z,1.75,m/s
West Jakarta Mayor Office,wind_speed,2024-11-22T17:00:00Z,0.842,m/s
West Jakarta Mayor Office,wind_speed,2024-11-23T17:00:00Z,1.05,m/s
West Jakarta Mayor Office,wind_speed,2024-11-24T17:00:00Z,0.933,m/s
West Jakarta Mayor Office,wind_speed,2024-11-25T17:00:00Z,0.946,m/s
West Jakarta Mayor Office,wind_speed,2024-11-26T17:00:00Z,0.846,m/s
West Jakarta Mayor Office,wind_speed,2024-11-27T17:00:00Z,1.05,m/s
West Jakarta Mayor Office,wind_speed,2024-11-28T17:00:00Z,1.41,m/s
West Jakarta Mayor Office,wind_speed,2024-11-29T17:00:00Z,1.24,m/s
West Jakarta Mayor Office,wind_speed,2024-11-30T17:00:00Z,1.58,m/s
West Jakarta Mayor Office,wind_speed,2024-12-01T17:00:00Z,1.59,m/s
West Jakarta Mayor Office,wind_speed,2024-12-02T17:00:00Z,1.58,m/s
West Jakarta Mayor Office,wind_speed,2024-12-03T17:00:00Z,1.33,m/s
West Jakarta Mayor Office,wind_speed,2024-12-04T17:00:00Z,1.08,m/s
West Jakarta Mayor Office,wind_speed,2024-12-05T17:00:00Z,0.788,m/s
West Jakarta Mayor Office,wind_speed,2024-12-06T17:00:00Z,0.929,m/s
West Jakarta Mayor Office,wind_speed,2024-12-07T17:00:00Z,1.24,m/s
West Jakarta Mayor Office,wind_speed,2024-12-08T17:00:00Z,0.867,m/s
West Jakarta Mayor Office,wind_speed,2024-12-09T17:00:00Z,1.53,m/s
West Jakarta Mayor Office,wind_speed,2024-12-10T17:00:00Z,1.29,m/s
West Jakarta Mayor Office,wind_speed,2024-12-11T17:00:00Z,1.57,m/s
West Jakarta Mayor Office,wind_speed,2024-12-12T17:00:00Z,1.22,m/s
West Jakarta Mayor Office,wind_speed,2024-12-13T17:00:00Z,1.33,m/s
West Jakarta Mayor Office,wind_speed,2024-12-14T17:00:00Z,1.18,m/s
West Jakarta Mayor Office,wind_speed,2024-12-15T17:00:00Z,1.05,m/s
West Jakarta Mayor Office,wind_speed,2024-12-16T17:00:00Z,0.983,m/s
West Jakarta Mayor Office,wind_speed,2024-12-17T17:00:00Z,1.43,m/s
West Jakarta Mayor Office,wind_speed,2024-12-18T17:00:00Z,1.36,m/s
West Jakarta Mayor Office,wind_speed,2024-12-19T17:00:00Z,1.0,m/s
West Jakarta Mayor Office,wind_speed,2024-12-20T17:00:00Z,0.846,m/s
West Jakarta Mayor Office,wind_speed,2024-12-21T17:00:00Z,0.692,m/s
West Jakarta Mayor Office,wind_speed,2024-12-22T17:00:00Z,0.638,m/s
West Jakarta Mayor Office,wind_speed,2024-12-23T17:00:00Z,1.3,m/s
West Jakarta Mayor Office,wind_speed,2024-12-24T17:00:00Z,0.733,m/s
West Jakarta Mayor Office,wind_speed,2024-12-25T17:00:00Z,0.933,m/s
West Jakarta Mayor Office,wind_speed,2024-12-26T17:00:00Z,0.921,m/s
West Jakarta Mayor Office,wind_speed,2024-12-27T17:00:00Z,0.967,m/s
West Jakarta Mayor Office,wind_speed,2024-12-28T17:00:00Z,0.883,m/s
West Jakarta Mayor Office,wind_speed,2024-12-29T17:00:00Z,1.41,m/s
West Jakarta Mayor Office,wind_speed,2024-12-30T17:00:00Z,1.17,m/s
West Jakarta Mayor Office,wind_speed,2024-12-31T17:00:00Z,1.02,m/s
West Jakarta Mayor Office,wind_speed,2025-01-01T17:00:00Z,0.913,m/s
West Jakarta Mayor Office,wind_speed,2025-01-02T17:00:00Z,0.958,m/s
West Jakarta Mayor Office,wind_speed,2025-01-03T17:00:00Z,1.27,m/s
West Jakarta Mayor Office,wind_speed,2025-01-04T17:00:00Z,0.975,m/s
West Jakarta Mayor Office,wind_speed,2025-01-05T17:00:00Z,1.03,m/s
West Jakarta Mayor Office,wind_speed,2025-01-06T17:00:00Z,1.07,m/s
West Jakarta Mayor Office,wind_speed,2025-01-07T17:00:00Z,4.95,m/s
West Jakarta Mayor Office,wind_speed,2025-01-08T17:00:00Z,6.21,m/s
West Jakarta Mayor Office,wind_speed,2025-01-09T17:00:00Z,1.13,m/s
West Jakarta Mayor Office,wind_speed,2025-01-10T17:00:00Z,0.85,m/s
West Jakarta Mayor Office,wind_speed,2025-01-11T17:00:00Z,1.19,m/s
West Jakarta Mayor Office,wind_speed,2025-01-12T17:00:00Z,1.09,m/s
West Jakarta Mayor Office,wind_speed,2025-01-13T17:00:00Z,1.3,m/s
West Jakarta Mayor Office,wind_speed,2025-01-14T17:00:00Z,0.971,m/s
West Jakarta Mayor Office,wind_speed,2025-01-15T17:00:00Z,1.17,m/s
West Jakarta Mayor Office,wind_speed,2025-01-16T17:00:00Z,1.22,m/s
West Jakarta Mayor Office,wind_speed,2025-01-17T17:00:00Z,1.13,m/s
West Jakarta Mayor Office,wind_speed,2025-01-18T17:00:00Z,0.975,m/s
West Jakarta Mayor Office,wind_speed,2025-01-19T17:00:00Z,2.56,m/s
West Jakarta Mayor Office,wind_speed,2025-01-20T17:00:00Z,1.11,m/s
West Jakarta Mayor Office,wind_speed,2025-01-21T17:00:00Z,0.783,m/s
West Jakarta Mayor Office,wind_speed,2025-01-22T17:00:00Z,0.838,m/s
West Jakarta Mayor Office,wind_speed,2025-01-23T17:00:00Z,0.796,m/s
West Jakarta Mayor Office,wind_speed,2025-01-24T17:00:00Z,0.725,m/s
West Jakarta Mayor Office,wind_speed,2025-01-25T17:00:00Z,1.16,m/s
West Jakarta Mayor Office,wind_speed,2025-01-26T17:00:00Z,1.03,m/s
West Jakarta Mayor Office,wind_speed,2025-01-27T17:00:00Z,1.11,m/s
West Jakarta Mayor Office,wind_speed,2025-01-28T17:00:00Z,1.67,m/s
West Jakarta Mayor Office,wind_speed,2025-01-29T17:00:00Z,1.45,m/s
West Jakarta Mayor Office,wind_speed,2025-01-30T17:00:00Z,3.91,m/s
West Jakarta Mayor Office,wind_speed,2025-01-31T17:00:00Z,0.913,m/s
West Jakarta Mayor Office,wind_speed,2025-02-01T17:00:00Z,1.19,m/s
West Jakarta Mayor Office,wind_speed,2025-02-02T17:00:00Z,1.18,m/s
West Jakarta Mayor Office,wind_speed,2025-02-03T17:00:00Z,1.03,m/s
West Jakarta Mayor Office,wind_speed,2025-02-04T17:00:00Z,1.09,m/s
West Jakarta Mayor Office,wind_speed,2025-02-05T17:00:00Z,1.28,m/s
West Jakarta Mayor Office,wind_speed,2025-02-06T17:00:00Z,1.2,m/s
West Jakarta Mayor Office,wind_speed,2025-02-07T17:00:00Z,9.73,m/s
West Jakarta Mayor Office,wind_speed,2025-02-08T17:00:00Z,0.938,m/s
West Jakarta Mayor Office,wind_speed,2025-02-09T17:00:00Z,1.48,m/s
West Jakarta Mayor Office,wind_speed,2025-02-10T17:00:00Z,2.18,m/s
West Jakarta Mayor Office,wind_speed,2025-02-11T17:00:00Z,0.858,m/s
West Jakarta Mayor Office,wind_speed,2025-02-12T17:00:00Z,0.967,m/s
West Jakarta Mayor Office,wind_speed,2025-02-13T17:00:00Z,1.03,m/s
West Jakarta Mayor Office,wind_speed,2025-02-14T17:00:00Z,0.829,m/s
West Jakarta Mayor Office,wind_speed,2025-02-15T17:00:00Z,0.7,m/s
West Jakarta Mayor Office,wind_speed,2025-02-16T17:00:00Z,0.908,m/s
West Jakarta Mayor Office,wind_speed,2025-02-17T17:00:00Z,0.59,m/s
West Jakarta Mayor Office,wind_speed,2025-02-18T17:00:00Z,1.01,m/s
West Jakarta Mayor Office,wind_speed,2025-02-19T17:00:00Z,0.85,m/s
West Jakarta Mayor Office,wind_speed,2025-02-20T17:00:00Z,0.817,m/s
West Jakarta Mayor Office,wind_speed,2025-02-21T17:00:00Z,0.767,m/s
West Jakarta Mayor Office,wind_speed,2025-02-22T17:00:00Z,0.663,m/s
West Jakarta Mayor Office,wind_speed,2025-02-23T17:00:00Z,1.01,m/s
West Jakarta Mayor Office,wind_speed,2025-02-24T17:00:00Z,0.971,m/s
West Jakarta Mayor Office,wind_speed,2025-02-25T17:00:00Z,0.908,m/s
West Jakarta Mayor Office,wind_speed,2025-02-26T17:00:00Z,1.03,m/s
West Jakarta Mayor Office,wind_speed,2025-02-27T17:00:00Z,0.95,m/s
West Jakarta Mayor Office,wind_speed,2025-02-28T17:00:00Z,1.02,m/s
West Jakarta Mayor Office,wind_speed,2025-03-01T17:00:00Z,1.17,m/s
West Jakarta Mayor Office,wind_speed,2025-03-02T17:00:00Z,1.06,m/s
West Jakarta Mayor Office,wind_speed,2025-03-03T17:00:00Z,8.34,m/s
West Jakarta Mayor Office,wind_speed,2025-03-04T17:00:00Z,1.77,m/s
West Jakarta Mayor Office,wind_speed,2025-03-05T17:00:00Z,1.05,m/s
West Jakarta Mayor Office,wind_speed,2025-03-06T17:00:00Z,1.23,m/s
West Jakarta Mayor Office,wind_speed,2025-03-07T17:00:00Z,0.821,m/s
West Jakarta Mayor Office,wind_speed,2025-03-08T17:00:00Z,0.892,m/s
West Jakarta Mayor Office,wind_speed,2025-03-09T17:00:00Z,0.996,m/s
West Jakarta Mayor Office,wind_speed,2025-03-10T17:00:00Z,1.23,m/s
West Jakarta Mayor Office,wind_speed,2025-03-11T17:00:00Z,0.963,m/s
West Jakarta Mayor Office,wind_speed,2025-03-12T17:00:00Z,0.896,m/s
West Jakarta Mayor Office,wind_speed,2025-03-13T17:00:00Z,1.2,m/s
West Jakarta Mayor Office,wind_speed,2025-03-14T17:00:00Z,1.25,m/s
West Jakarta Mayor Office,wind_speed,2025-03-15T17:00:00Z,1.26,m/s
West Jakarta Mayor Office,wind_speed,2025-03-16T17:00:00Z,0.955,m/s
West Jakarta Mayor Office,wind_speed,2025-03-23T17:00:00Z,0.991,m/s
West Jakarta Mayor Office,wind_speed,2025-03-24T17:00:00Z,0.942,m/s
West Jakarta Mayor Office,wind_speed,2025-03-25T17:00:00Z,0.8,m/s
West Jakarta Mayor Office,wind_speed,2025-03-26T17:00:00Z,0.971,m/s
West Jakarta Mayor Office,wind_speed,2025-03-27T17:00:00Z,1.14,m/s
West Jakarta Mayor Office,wind_speed,2025-03-28T17:00:00Z,1.5,m/s
West Jakarta Mayor Office,wind_speed,2025-03-29T17:00:00Z,1.15,m/s
West Jakarta Mayor Office,wind_speed,2025-03-30T17:00:00Z,1.01,m/s
West Jakarta Mayor Office,wind_speed,2025-03-31T17:00:00Z,0.804,m/s
West Jakarta Mayor Office,wind_speed,2025-04-01T17:00:00Z,0.783,m/s
West Jakarta Mayor Office,wind_speed,2025-04-02T17:00:00Z,0.829,m/s
West Jakarta Mayor Office,wind_speed,2025-04-03T17:00:00Z,0.667,m/s
West Jakarta Mayor Office,wind_speed,2025-04-07T17:00:00Z,1.64,m/s
West Jakarta Mayor Office,wind_speed,2025-04-08T17:00:00Z,1.78,m/s
West Jakarta Mayor Office,wind_speed,2025-04-09T17:00:00Z,1.15,m/s
West Jakarta Mayor Office,wind_speed,2025-04-10T17:00:00Z,1.04,m/s
West Jakarta Mayor Office,wind_speed,2025-04-11T17:00:00Z,0.771,m/s
West Jakarta Mayor Office,wind_speed,2025-04-12T17:00:00Z,0.846,m/s
West Jakarta Mayor Office,wind_speed,2025-04-13T17:00:00Z,1.07,m/s
West Jakarta Mayor Office,wind_speed,2025-04-14T17:00:00Z,0.821,m/s
West Jakarta Mayor Office,wind_speed,2025-04-15T17:00:00Z,0.95,m/s
West Jakarta Mayor Office,wind_speed,2025-04-16T17:00:00Z,0.729,m/s
West Jakarta Mayor Office,wind_speed,2025-04-17T17:00:00Z,0.771,m/s
West Jakarta Mayor Office,wind_speed,2025-04-18T17:00:00Z,0.854,m/s
West Jakarta Mayor Office,wind_speed,2025-04-19T17:00:00Z,0.863,m/s
West Jakarta Mayor Office,wind_speed,2025-04-20T17:00:00Z,0.925,m/s
West Jakarta Mayor Office,wind_speed,2025-04-21T17:00:00Z,0.775,m/s
West Jakarta Mayor Office,wind_speed,2025-04-22T17:00:00Z,1.25,m/s
West Jakarta Mayor Office,wind_speed,2025-04-23T17:00:00Z,1.09,m/s
West Jakarta Mayor Office,wind_speed,2025-04-24T17:00:00Z,1.05,m/s
West Jakarta Mayor Office,wind_speed,2025-04-25T17:00:00Z,1.04,m/s
West Jakarta Mayor Office,wind_speed,2025-04-26T17:00:00Z,1.31,m/s
West Jakarta Mayor Office,wind_speed,2025-04-27T17:00:00Z,1.46,m/s
West Jakarta Mayor Office,wind_speed,2025-04-28T17:00:00Z,1.39,m/s
West Jakarta Mayor Office,wind_speed,2025-04-29T17:00:00Z,1.52,m/s
West Jakarta Mayor Office,wind_speed,2025-04-30T17:00:00Z,1.18,m/s
West Jakarta Mayor Office,wind_speed,2025-05-01T17:00:00Z,1.05,m/s
West Jakarta Mayor Office,wind_speed,2025-05-02T17:00:00Z,1.12,m/s
West Jakarta Mayor Office,wind_speed,2025-05-03T17:00:00Z,1.01,m/s
West Jakarta Mayor Office,wind_speed,2025-05-04T17:00:00Z,1.34,m/s
West Jakarta Mayor Office,wind_speed,2025-05-05T17:00:00Z,1.2,m/s
West Jakarta Mayor Office,wind_speed,2025-05-06T17:00:00Z,0.954,m/s
West Jakarta Mayor Office,wind_speed,2025-05-07T17:00:00Z,1.18,m/s
West Jakarta Mayor Office,wind_speed,2025-05-08T17:00:00Z,0.913,m/s
West Jakarta Mayor Office,wind_speed,2025-05-09T17:00:00Z,0.958,m/s
West Jakarta Mayor Office,wind_speed,2025-05-10T17:00:00Z,1.05,m/s
West Jakarta Mayor Office,wind_speed,2025-05-11T17:00:00Z,0.908,m/s
West Jakarta Mayor Office,wind_speed,2025-05-12T17:00:00Z,1.46,m/s
West Jakarta Mayor Office,wind_speed,2025-05-13T17:00:00Z,1.48,m/s
West Jakarta Mayor Office,wind_speed,2025-05-14T17:00:00Z,1.32,m/s
West Jakarta Mayor Office,wind_speed,2025-05-15T17:00:00Z,0.933,m/s
West Jakarta Mayor Office,wind_speed,2025-05-16T17:00:00Z,1.04,m/s
West Jakarta Mayor Office,wind_speed,2025-05-17T17:00:00Z,0.854,m/s
West Jakarta Mayor Office,wind_speed,2025-05-18T17:00:00Z,0.888,m/s
West Jakarta Mayor Office,wind_speed,2025-05-19T17:00:00Z,1.12,m/s
West Jakarta Mayor Office,wind_speed,2025-05-20T17:00:00Z,1.18,m/s
West Jakarta Mayor Office,wind_speed,2025-05-21T17:00:00Z,1.01,m/s
West Jakarta Mayor Office,wind_speed,2025-05-22T17:00:00Z,0.892,m/s
West Jakarta Mayor Office,wind_speed,2025-05-23T17:00:00Z,0.796,m/s
West Jakarta Mayor Office,wind_speed,2025-05-24T17:00:00Z,0.621,m/s
West Jakarta Mayor Office,wind_speed,2025-05-25T17:00:00Z,1.0,m/s
West Jakarta Mayor Office,wind_speed,2025-05-26T17:00:00Z,1.1,m/s
West Jakarta Mayor Office,wind_speed,2025-05-27T17:00:00Z,1.12,m/s
West Jakarta Mayor Office,wind_speed,2025-05-28T17:00:00Z,1.71,m/s
West Jakarta Mayor Office,wind_speed,2025-05-29T17:00:00Z,1.06,m/s
West Jakarta Mayor Office,wind_speed,2025-05-30T17:00:00Z,0.825,m/s
West Jakarta Mayor Office,wind_speed,2025-05-31T17:00:00Z,1.15,m/s
West Jakarta Mayor Office,wind_speed,2025-06-01T17:00:00Z,0.992,m/s
West Jakarta Mayor Office,wind_speed,2025-06-02T17:00:00Z,1.22,m/s
West Jakarta Mayor Office,wind_speed,2025-06-03T17:00:00Z,0.846,m/s
West Jakarta Mayor Office,wind_speed,2025-06-04T17:00:00Z,1.04,m/s
West Jakarta Mayor Office,wind_speed,2025-06-05T17:00:00Z,0.85,m/s
West Jakarta Mayor Office,wind_speed,2025-06-06T17:00:00Z,0.733,m/s
West Jakarta Mayor Office,wind_speed,2025-06-07T17:00:00Z,0.9,m/s
West Jakarta Mayor Office,wind_speed,2025-06-08T17:00:00Z,1.19,m/s
West Jakarta Mayor Office,wind_speed,2025-06-09T17:00:00Z,1.02,m/s
West Jakarta Mayor Office,wind_speed,2025-06-10T17:00:00Z,1.38,m/s
West Jakarta Mayor Office,wind_speed,2025-06-11T17:00:00Z,1.26,m/s
West Jakarta Mayor Office,wind_speed,2025-06-12T17:00:00Z,1.24,m/s
West Jakarta Mayor Office,wind_speed,2025-06-13T17:00:00Z,1.4,m/s
West Jakarta Mayor Office,wind_speed,2025-06-14T17:00:00Z,1.06,m/s
West Jakarta Mayor Office,wind_speed,2025-06-15T17:00:00Z,1.98,m/s
West Jakarta Mayor Office,wind_speed,2025-06-16T17:00:00Z,1.45,m/s
West Jakarta Mayor Office,wind_speed,2025-06-17T17:00:00Z,0.614,m/s
West Jakarta Mayor Office,wind_speed,2025-06-18T17:00:00Z,0.644,m/s
West Jakarta Mayor Office,wind_speed,2025-06-19T17:00:00Z,1.46,m/s
West Jakarta Mayor Office,wind_speed,2025-06-20T17:00:00Z,0.875,m/s
West Jakarta Mayor Office,wind_speed,2025-06-21T17:00:00Z,1.4,m/s
West Jakarta Mayor Office,wind_speed,2025-06-22T17:00:00Z,1.39,m/s
West Jakarta Mayor Office,wind_speed,2025-06-23T17:00:00Z,1.2,m/s
West Jakarta Mayor Office,wind_speed,2025-06-24T17:00:00Z,0.95,m/s
West Jakarta Mayor Office,wind_speed,2025-06-25T17:00:00Z,1.46,m/s
West Jakarta Mayor Office,wind_speed,2025-06-26T17:00:00Z,0.717,m/s
West Jakarta Mayor Office,wind_speed,2025-06-27T17:00:00Z,1.03,m/s
West Jakarta Mayor Office,wind_speed,2025-06-28T17:00:00Z,0.608,m/s
West Jakarta Mayor Office,wind_speed,2025-06-29T17:00:00Z,1.57,m/s
East Jakarta Mayor Office,bc_370,2023-10-01T17:00:00Z,3.95,ng/m³
East Jakarta Mayor Office,bc_370,2023-10-02T17:00:00Z,4.2,ng/m³
East Jakarta Mayor Office,bc_370,2023-10-03T17:00:00Z,5.86,ng/m³
East Jakarta Mayor Office,bc_370,2023-10-04T17:00:00Z,4.98,ng/m³
East Jakarta Mayor Office,bc_370,2023-10-05T17:00:00Z,6.36,ng/m³
East Jakarta Mayor Office,bc_370,2023-10-06T17:00:00Z,7.79,ng/m³
East Jakarta Mayor Office,bc_370,2023-10-07T17:00:00Z,4.99,ng/m³
East Jakarta Mayor Office,bc_370,2023-10-08T17:00:00Z,4.1,ng/m³
East Jakarta Mayor Office,bc_370,2023-10-09T17:00:00Z,5.18,ng/m³
East Jakarta Mayor Office,bc_370,2023-10-10T17:00:00Z,4.61,ng/m³
East Jakarta Mayor Office,bc_370,2023-10-11T17:00:00Z,5.84,ng/m³
East Jakarta Mayor Office,bc_370,2023-10-12T17:00:00Z,5.36,ng/m³
East Jakarta Mayor Office,bc_370,2023-10-13T17:00:00Z,5.38,ng/m³
East Jakarta Mayor Office,bc_370,2023-10-14T17:00:00Z,4.81,ng/m³
East Jakarta Mayor Office,bc_370,2023-10-15T17:00:00Z,5.56,ng/m³
East Jakarta Mayor Office,bc_370,2023-10-16T17:00:00Z,5.27,ng/m³
East Jakarta Mayor Office,bc_370,2023-10-17T17:00:00Z,7.09,ng/m³
East Jakarta Mayor Office,bc_370,2023-10-18T17:00:00Z,5.73,ng/m³
East Jakarta Mayor Office,bc_370,2023-10-19T17:00:00Z,5.74,ng/m³
East Jakarta Mayor Office,bc_370,2023-10-20T17:00:00Z,5.99,ng/m³
East Jakarta Mayor Office,bc_370,2023-10-21T17:00:00Z,4.6,ng/m³
East Jakarta Mayor Office,bc_370,2023-10-22T17:00:00Z,5.24,ng/m³
East Jakarta Mayor Office,bc_370,2023-10-23T17:00:00Z,5.34,ng/m³
East Jakarta Mayor Office,bc_370,2023-10-24T17:00:00Z,5.72,ng/m³
East Jakarta Mayor Office,bc_370,2023-10-25T17:00:00Z,7.01,ng/m³
East Jakarta Mayor Office,bc_370,2023-10-26T17:00:00Z,6.59,ng/m³
East Jakarta Mayor Office,bc_370,2023-10-27T17:00:00Z,4.33,ng/m³
East Jakarta Mayor Office,bc_370,2023-10-28T17:00:00Z,6.29,ng/m³
East Jakarta Mayor Office,bc_370,2023-10-29T17:00:00Z,4.78,ng/m³
East Jakarta Mayor Office,bc_370,2023-10-30T17:00:00Z,6.12,ng/m³
East Jakarta Mayor Office,bc_370,2023-10-31T17:00:00Z,5.92,ng/m³
East Jakarta Mayor Office,bc_370,2023-11-01T17:00:00Z,6.51,ng/m³
East Jakarta Mayor Office,bc_370,2023-11-02T17:00:00Z,6.88,ng/m³
East Jakarta Mayor Office,bc_370,2023-11-03T17:00:00Z,7.0,ng/m³
East Jakarta Mayor Office,bc_370,2023-11-04T17:00:00Z,5.03,ng/m³
East Jakarta Mayor Office,bc_370,2023-11-05T17:00:00Z,5.72,ng/m³
East Jakarta Mayor Office,bc_370,2023-11-06T17:00:00Z,4.61,ng/m³
East Jakarta Mayor Office,bc_370,2023-11-07T17:00:00Z,7.76,ng/m³
East Jakarta Mayor Office,bc_370,2023-11-15T17:00:00Z,5.58,ng/m³
East Jakarta Mayor Office,bc_370,2023-11-16T17:00:00Z,4.84,ng/m³
East Jakarta Mayor Office,bc_370,2023-11-17T17:00:00Z,5.56,ng/m³
East Jakarta Mayor Office,bc_370,2023-11-18T17:00:00Z,3.69,ng/m³
East Jakarta Mayor Office,bc_370,2023-11-19T17:00:00Z,3.85,ng/m³
East Jakarta Mayor Office,bc_370,2023-11-20T17:00:00Z,4.82,ng/m³
East Jakarta Mayor Office,bc_370,2023-11-21T17:00:00Z,3.62,ng/m³
East Jakarta Mayor Office,bc_370,2023-11-22T17:00:00Z,6.24,ng/m³
East Jakarta Mayor Office,bc_370,2023-11-23T17:00:00Z,6.93,ng/m³
East Jakarta Mayor Office,bc_370,2023-11-24T17:00:00Z,4.77,ng/m³
East Jakarta Mayor Office,bc_370,2023-11-25T17:00:00Z,5.22,ng/m³
East Jakarta Mayor Office,bc_370,2023-11-26T17:00:00Z,4.49,ng/m³
East Jakarta Mayor Office,bc_370,2023-11-27T17:00:00Z,5.07,ng/m³
East Jakarta Mayor Office,bc_370,2023-11-28T17:00:00Z,3.63,ng/m³
East Jakarta Mayor Office,bc_370,2023-11-29T17:00:00Z,3.2,ng/m³
East Jakarta Mayor Office,bc_370,2023-11-30T17:00:00Z,5.16,ng/m³
East Jakarta Mayor Office,bc_370,2023-12-01T17:00:00Z,5.41,ng/m³
East Jakarta Mayor Office,bc_370,2023-12-02T17:00:00Z,2.68,ng/m³
East Jakarta Mayor Office,bc_370,2023-12-03T17:00:00Z,5.96,ng/m³
East Jakarta Mayor Office,bc_370,2023-12-04T17:00:00Z,5.43,ng/m³
East Jakarta Mayor Office,bc_370,2023-12-05T17:00:00Z,4.84,ng/m³
East Jakarta Mayor Office,bc_370,2023-12-06T17:00:00Z,5.62,ng/m³
East Jakarta Mayor Office,bc_370,2023-12-07T17:00:00Z,8.41,ng/m³
East Jakarta Mayor Office,bc_370,2023-12-08T17:00:00Z,4.13,ng/m³
East Jakarta Mayor Office,bc_370,2023-12-09T17:00:00Z,4.69,ng/m³
East Jakarta Mayor Office,bc_370,2023-12-10T17:00:00Z,4.39,ng/m³
East Jakarta Mayor Office,bc_370,2023-12-11T17:00:00Z,3.98,ng/m³
East Jakarta Mayor Office,bc_370,2023-12-12T17:00:00Z,3.94,ng/m³
East Jakarta Mayor Office,bc_370,2023-12-13T17:00:00Z,4.32,ng/m³
East Jakarta Mayor Office,bc_370,2023-12-14T17:00:00Z,4.33,ng/m³
East Jakarta Mayor Office,bc_370,2023-12-15T17:00:00Z,3.37,ng/m³
East Jakarta Mayor Office,bc_370,2023-12-16T17:00:00Z,3.5,ng/m³
East Jakarta Mayor Office,bc_370,2023-12-17T17:00:00Z,4.2,ng/m³
East Jakarta Mayor Office,bc_370,2023-12-18T17:00:00Z,2.74,ng/m³
East Jakarta Mayor Office,bc_370,2023-12-19T17:00:00Z,4.04,ng/m³
East Jakarta Mayor Office,bc_370,2023-12-20T17:00:00Z,3.6,ng/m³
East Jakarta Mayor Office,bc_370,2023-12-21T17:00:00Z,5.77,ng/m³
East Jakarta Mayor Office,bc_370,2023-12-22T17:00:00Z,6.93,ng/m³
East Jakarta Mayor Office,bc_370,2023-12-23T17:00:00Z,3.73,ng/m³
East Jakarta Mayor Office,bc_370,2023-12-24T17:00:00Z,2.41,ng/m³
East Jakarta Mayor Office,bc_370,2023-12-25T17:00:00Z,4.1,ng/m³
East Jakarta Mayor Office,bc_370,2023-12-26T17:00:00Z,4.44,ng/m³
East Jakarta Mayor Office,bc_370,2023-12-27T17:00:00Z,4.61,ng/m³
East Jakarta Mayor Office,bc_370,2023-12-28T17:00:00Z,5.41,ng/m³
East Jakarta Mayor Office,bc_370,2023-12-29T17:00:00Z,5.48,ng/m³
East Jakarta Mayor Office,bc_370,2024-01-01T17:00:00Z,1.82,ng/m³
East Jakarta Mayor Office,bc_370,2024-01-02T17:00:00Z,3.41,ng/m³
East Jakarta Mayor Office,bc_370,2024-01-03T17:00:00Z,2.75,ng/m³
East Jakarta Mayor Office,bc_370,2024-01-04T17:00:00Z,3.37,ng/m³
East Jakarta Mayor Office,bc_370,2024-01-05T17:00:00Z,5.19,ng/m³
East Jakarta Mayor Office,bc_370,2024-01-06T17:00:00Z,4.99,ng/m³
East Jakarta Mayor Office,bc_370,2024-01-07T17:00:00Z,4.68,ng/m³
East Jakarta Mayor Office,bc_370,2024-01-08T17:00:00Z,4.98,ng/m³
East Jakarta Mayor Office,bc_370,2024-01-09T17:00:00Z,5.24,ng/m³
East Jakarta Mayor Office,bc_370,2024-01-10T17:00:00Z,3.99,ng/m³
East Jakarta Mayor Office,bc_370,2024-01-11T17:00:00Z,3.38,ng/m³
East Jakarta Mayor Office,bc_370,2024-01-12T17:00:00Z,3.13,ng/m³
East Jakarta Mayor Office,bc_370,2024-01-13T17:00:00Z,3.43,ng/m³
East Jakarta Mayor Office,bc_370,2024-01-14T17:00:00Z,2.64,ng/m³
East Jakarta Mayor Office,bc_370,2024-01-15T17:00:00Z,2.08,ng/m³
East Jakarta Mayor Office,bc_370,2024-01-16T17:00:00Z,4.51,ng/m³
East Jakarta Mayor Office,bc_370,2024-01-17T17:00:00Z,2.29,ng/m³
East Jakarta Mayor Office,bc_370,2024-01-18T17:00:00Z,1.61,ng/m³
East Jakarta Mayor Office,bc_370,2024-01-19T17:00:00Z,2.41,ng/m³
East Jakarta Mayor Office,bc_370,2024-01-20T17:00:00Z,1.67,ng/m³
East Jakarta Mayor Office,bc_370,2024-01-21T17:00:00Z,1.33,ng/m³
East Jakarta Mayor Office,bc_370,2024-01-22T17:00:00Z,2.1,ng/m³
East Jakarta Mayor Office,bc_370,2024-01-23T17:00:00Z,2.16,ng/m³
East Jakarta Mayor Office,bc_370,2024-01-24T17:00:00Z,3.26,ng/m³
East Jakarta Mayor Office,bc_370,2024-01-25T17:00:00Z,3.78,ng/m³
East Jakarta Mayor Office,bc_370,2024-01-26T17:00:00Z,2.65,ng/m³
East Jakarta Mayor Office,bc_370,2024-01-27T17:00:00Z,3.24,ng/m³
East Jakarta Mayor Office,bc_370,2024-01-28T17:00:00Z,6.77,ng/m³
East Jakarta Mayor Office,bc_370,2024-01-29T17:00:00Z,5.11,ng/m³
East Jakarta Mayor Office,bc_370,2024-01-30T17:00:00Z,3.44,ng/m³
East Jakarta Mayor Office,bc_370,2024-01-31T17:00:00Z,5.07,ng/m³
East Jakarta Mayor Office,bc_370,2024-02-01T17:00:00Z,3.24,ng/m³
East Jakarta Mayor Office,bc_370,2024-02-02T17:00:00Z,5.81,ng/m³
East Jakarta Mayor Office,bc_370,2024-02-12T17:00:00Z,2.97,ng/m³
East Jakarta Mayor Office,bc_370,2024-02-13T17:00:00Z,2.17,ng/m³
East Jakarta Mayor Office,bc_370,2024-02-14T17:00:00Z,7.21,ng/m³
East Jakarta Mayor Office,bc_370,2024-02-15T17:00:00Z,7.33,ng/m³
East Jakarta Mayor Office,bc_370,2024-02-16T17:00:00Z,2.89,ng/m³
East Jakarta Mayor Office,bc_370,2024-02-17T17:00:00Z,3.66,ng/m³
East Jakarta Mayor Office,bc_370,2024-02-18T17:00:00Z,5.81,ng/m³
East Jakarta Mayor Office,bc_370,2024-02-19T17:00:00Z,5.29,ng/m³
East Jakarta Mayor Office,bc_370,2024-02-20T17:00:00Z,5.86,ng/m³
East Jakarta Mayor Office,bc_370,2024-02-21T17:00:00Z,3.77,ng/m³
East Jakarta Mayor Office,bc_370,2024-02-22T17:00:00Z,3.53,ng/m³
East Jakarta Mayor Office,bc_370,2024-02-23T17:00:00Z,3.42,ng/m³
East Jakarta Mayor Office,bc_370,2024-02-29T17:00:00Z,4.79,ng/m³
East Jakarta Mayor Office,bc_370,2024-03-01T17:00:00Z,4.34,ng/m³
East Jakarta Mayor Office,bc_370,2024-03-02T17:00:00Z,3.2,ng/m³
East Jakarta Mayor Office,bc_370,2024-03-03T17:00:00Z,3.87,ng/m³
East Jakarta Mayor Office,bc_370,2024-03-04T17:00:00Z,2.82,ng/m³
East Jakarta Mayor Office,bc_370,2024-03-05T17:00:00Z,2.47,ng/m³
East Jakarta Mayor Office,bc_370,2024-03-06T17:00:00Z,1.43,ng/m³
East Jakarta Mayor Office,bc_370,2024-03-07T17:00:00Z,1.58,ng/m³
East Jakarta Mayor Office,bc_370,2024-03-08T17:00:00Z,6.86,ng/m³
East Jakarta Mayor Office,bc_370,2024-03-09T17:00:00Z,7.32,ng/m³
East Jakarta Mayor Office,bc_370,2024-03-10T17:00:00Z,3.55,ng/m³
East Jakarta Mayor Office,bc_370,2024-03-11T17:00:00Z,2.96,ng/m³
East Jakarta Mayor Office,bc_370,2024-03-12T17:00:00Z,2.9,ng/m³
East Jakarta Mayor Office,bc_370,2024-03-13T17:00:00Z,3.46,ng/m³
East Jakarta Mayor Office,bc_370,2024-03-14T17:00:00Z,1.86,ng/m³
East Jakarta Mayor Office,bc_370,2024-03-15T17:00:00Z,1.63,ng/m³
East Jakarta Mayor Office,bc_370,2024-03-16T17:00:00Z,1.64,ng/m³
East Jakarta Mayor Office,bc_370,2024-03-17T17:00:00Z,2.41,ng/m³
East Jakarta Mayor Office,bc_370,2024-03-18T17:00:00Z,2.73,ng/m³
East Jakarta Mayor Office,bc_370,2024-03-19T17:00:00Z,2.19,ng/m³
East Jakarta Mayor Office,bc_370,2024-03-20T17:00:00Z,3.02,ng/m³
East Jakarta Mayor Office,bc_370,2024-03-21T17:00:00Z,4.98,ng/m³
East Jakarta Mayor Office,bc_370,2024-03-22T17:00:00Z,17.9,ng/m³
East Jakarta Mayor Office,bc_370,2024-03-25T17:00:00Z,1.16,ng/m³
East Jakarta Mayor Office,bc_370,2024-03-26T17:00:00Z,4.06,ng/m³
East Jakarta Mayor Office,bc_370,2024-03-27T17:00:00Z,7.03,ng/m³
East Jakarta Mayor Office,bc_370,2024-03-28T17:00:00Z,7.61,ng/m³
East Jakarta Mayor Office,bc_370,2024-04-02T17:00:00Z,3.81,ng/m³
East Jakarta Mayor Office,bc_370,2024-04-03T17:00:00Z,7.74,ng/m³
East Jakarta Mayor Office,bc_370,2024-04-04T17:00:00Z,8.3,ng/m³
East Jakarta Mayor Office,bc_370,2024-04-05T17:00:00Z,4.99,ng/m³
East Jakarta Mayor Office,bc_370,2024-04-06T17:00:00Z,3.86,ng/m³
East Jakarta Mayor Office,bc_370,2024-04-07T17:00:00Z,4.14,ng/m³
East Jakarta Mayor Office,bc_370,2024-04-08T17:00:00Z,5.41,ng/m³
East Jakarta Mayor Office,bc_370,2024-04-09T17:00:00Z,4.45,ng/m³
East Jakarta Mayor Office,bc_370,2024-04-10T17:00:00Z,1.86,ng/m³
East Jakarta Mayor Office,bc_370,2024-04-11T17:00:00Z,1.96,ng/m³
East Jakarta Mayor Office,bc_370,2024-04-12T17:00:00Z,2.79,ng/m³
East Jakarta Mayor Office,bc_370,2024-04-13T17:00:00Z,2.24,ng/m³
East Jakarta Mayor Office,bc_370,2024-04-14T17:00:00Z,1.66,ng/m³
East Jakarta Mayor Office,bc_370,2024-04-15T17:00:00Z,3.26,ng/m³
East Jakarta Mayor Office,bc_370,2024-04-16T17:00:00Z,3.01,ng/m³
East Jakarta Mayor Office,bc_370,2024-04-17T17:00:00Z,4.21,ng/m³
East Jakarta Mayor Office,bc_370,2024-04-18T17:00:00Z,5.84,ng/m³
East Jakarta Mayor Office,bc_370,2024-04-19T17:00:00Z,6.51,ng/m³
East Jakarta Mayor Office,bc_370,2024-04-20T17:00:00Z,3.83,ng/m³
East Jakarta Mayor Office,bc_370,2024-04-21T17:00:00Z,5.92,ng/m³
East Jakarta Mayor Office,bc_370,2024-04-22T17:00:00Z,6.21,ng/m³
East Jakarta Mayor Office,bc_370,2024-04-23T17:00:00Z,8.76,ng/m³
East Jakarta Mayor Office,bc_370,2024-04-24T17:00:00Z,2.16,ng/m³
East Jakarta Mayor Office,bc_370,2024-04-25T17:00:00Z,6.71,ng/m³
East Jakarta Mayor Office,bc_370,2024-04-26T17:00:00Z,6.78,ng/m³
East Jakarta Mayor Office,bc_370,2024-04-27T17:00:00Z,5.02,ng/m³
East Jakarta Mayor Office,bc_370,2024-04-28T17:00:00Z,3.89,ng/m³
East Jakarta Mayor Office,bc_370,2024-04-29T17:00:00Z,4.8,ng/m³
East Jakarta Mayor Office,bc_370,2024-04-30T17:00:00Z,4.22,ng/m³
East Jakarta Mayor Office,bc_370,2024-05-01T17:00:00Z,5.28,ng/m³
East Jakarta Mayor Office,bc_370,2024-05-02T17:00:00Z,6.19,ng/m³
East Jakarta Mayor Office,bc_370,2024-05-03T17:00:00Z,7.89,ng/m³
East Jakarta Mayor Office,bc_370,2024-05-04T17:00:00Z,7.38,ng/m³
East Jakarta Mayor Office,bc_370,2024-05-05T17:00:00Z,7.38,ng/m³
East Jakarta Mayor Office,bc_370,2024-05-06T17:00:00Z,3.96,ng/m³
East Jakarta Mayor Office,bc_370,2024-05-07T17:00:00Z,8.13,ng/m³
East Jakarta Mayor Office,bc_370,2024-05-08T17:00:00Z,6.16,ng/m³
East Jakarta Mayor Office,bc_370,2024-05-09T17:00:00Z,5.35,ng/m³
East Jakarta Mayor Office,bc_370,2024-05-10T17:00:00Z,6.05,ng/m³
East Jakarta Mayor Office,bc_370,2024-05-11T17:00:00Z,6.32,ng/m³
East Jakarta Mayor Office,bc_370,2024-05-12T17:00:00Z,5.79,ng/m³
East Jakarta Mayor Office,bc_370,2024-05-13T17:00:00Z,6.79,ng/m³
East Jakarta Mayor Office,bc_370,2024-05-14T17:00:00Z,6.79,ng/m³
East Jakarta Mayor Office,bc_370,2024-05-15T17:00:00Z,6.74,ng/m³
East Jakarta Mayor Office,bc_370,2024-05-16T17:00:00Z,7.24,ng/m³
East Jakarta Mayor Office,bc_370,2024-05-17T17:00:00Z,7.63,ng/m³
East Jakarta Mayor Office,bc_370,2024-05-18T17:00:00Z,6.57,ng/m³
East Jakarta Mayor Office,bc_370,2024-05-19T17:00:00Z,8.31,ng/m³
East Jakarta Mayor Office,bc_370,2024-05-20T17:00:00Z,8.15,ng/m³
East Jakarta Mayor Office,bc_370,2024-05-21T17:00:00Z,6.48,ng/m³
East Jakarta Mayor Office,bc_370,2024-05-22T17:00:00Z,6.52,ng/m³
East Jakarta Mayor Office,bc_370,2024-05-23T17:00:00Z,5.64,ng/m³
East Jakarta Mayor Office,bc_370,2024-05-24T17:00:00Z,4.52,ng/m³
East Jakarta Mayor Office,bc_370,2024-05-25T17:00:00Z,7.29,ng/m³
East Jakarta Mayor Office,bc_370,2024-05-26T17:00:00Z,7.71,ng/m³
East Jakarta Mayor Office,bc_370,2024-05-27T17:00:00Z,8.19,ng/m³
East Jakarta Mayor Office,bc_370,2024-05-28T17:00:00Z,5.57,ng/m³
East Jakarta Mayor Office,bc_370,2024-05-29T17:00:00Z,7.04,ng/m³
East Jakarta Mayor Office,bc_370,2024-05-30T17:00:00Z,13.2,ng/m³
East Jakarta Mayor Office,bc_370,2024-06-04T17:00:00Z,5.55,ng/m³
East Jakarta Mayor Office,bc_370,2024-06-05T17:00:00Z,5.0,ng/m³
East Jakarta Mayor Office,bc_370,2024-06-06T17:00:00Z,6.64,ng/m³
East Jakarta Mayor Office,bc_370,2024-06-07T17:00:00Z,7.14,ng/m³
East Jakarta Mayor Office,bc_370,2024-06-08T17:00:00Z,5.29,ng/m³
East Jakarta Mayor Office,bc_370,2024-06-09T17:00:00Z,7.24,ng/m³
East Jakarta Mayor Office,bc_370,2024-06-10T17:00:00Z,5.67,ng/m³
East Jakarta Mayor Office,bc_370,2024-06-11T17:00:00Z,6.0,ng/m³
East Jakarta Mayor Office,bc_370,2024-06-12T17:00:00Z,5.6,ng/m³
East Jakarta Mayor Office,bc_370,2024-06-13T17:00:00Z,6.39,ng/m³
East Jakarta Mayor Office,bc_370,2024-06-14T17:00:00Z,3.55,ng/m³
East Jakarta Mayor Office,bc_370,2024-06-20T17:00:00Z,4.84,ng/m³
East Jakarta Mayor Office,bc_370,2024-06-21T17:00:00Z,8.55,ng/m³
East Jakarta Mayor Office,bc_370,2024-06-22T17:00:00Z,7.96,ng/m³
East Jakarta Mayor Office,bc_370,2024-06-23T17:00:00Z,6.83,ng/m³
East Jakarta Mayor Office,bc_370,2024-06-24T17:00:00Z,7.12,ng/m³
East Jakarta Mayor Office,bc_370,2024-06-25T17:00:00Z,6.92,ng/m³
East Jakarta Mayor Office,bc_370,2024-06-26T17:00:00Z,6.9,ng/m³
East Jakarta Mayor Office,bc_370,2024-06-27T17:00:00Z,6.44,ng/m³
East Jakarta Mayor Office,bc_370,2024-06-28T17:00:00Z,7.29,ng/m³
East Jakarta Mayor Office,bc_370,2024-06-29T17:00:00Z,4.58,ng/m³
East Jakarta Mayor Office,bc_370,2024-06-30T17:00:00Z,7.82,ng/m³
East Jakarta Mayor Office,bc_370,2024-07-01T17:00:00Z,7.95,ng/m³
East Jakarta Mayor Office,bc_370,2024-07-02T17:00:00Z,9.94,ng/m³
East Jakarta Mayor Office,bc_370,2024-07-03T17:00:00Z,6.2,ng/m³
East Jakarta Mayor Office,bc_370,2024-07-04T17:00:00Z,5.38,ng/m³
East Jakarta Mayor Office,bc_370,2024-07-05T17:00:00Z,3.62,ng/m³
East Jakarta Mayor Office,bc_370,2024-07-06T17:00:00Z,4.4,ng/m³
East Jakarta Mayor Office,bc_370,2024-07-07T17:00:00Z,4.59,ng/m³
East Jakarta Mayor Office,bc_370,2024-07-08T17:00:00Z,3.63,ng/m³
East Jakarta Mayor Office,bc_370,2024-07-09T17:00:00Z,4.72,ng/m³
East Jakarta Mayor Office,bc_370,2024-07-10T17:00:00Z,9.08,ng/m³
East Jakarta Mayor Office,bc_370,2024-07-11T17:00:00Z,6.88,ng/m³
East Jakarta Mayor Office,bc_370,2024-07-12T17:00:00Z,10.6,ng/m³
East Jakarta Mayor Office,bc_370,2024-07-13T17:00:00Z,7.83,ng/m³
East Jakarta Mayor Office,bc_370,2024-07-14T17:00:00Z,7.62,ng/m³
East Jakarta Mayor Office,bc_370,2024-07-15T17:00:00Z,6.62,ng/m³
East Jakarta Mayor Office,bc_370,2024-07-16T17:00:00Z,7.57,ng/m³
East Jakarta Mayor Office,bc_370,2024-07-17T17:00:00Z,5.81,ng/m³
East Jakarta Mayor Office,bc_370,2024-07-18T17:00:00Z,5.51,ng/m³
East Jakarta Mayor Office,bc_370,2024-07-19T17:00:00Z,7.56,ng/m³
East Jakarta Mayor Office,bc_370,2024-07-21T17:00:00Z,5.09,ng/m³
East Jakarta Mayor Office,bc_370,2024-07-22T17:00:00Z,5.13,ng/m³
East Jakarta Mayor Office,bc_370,2024-07-23T17:00:00Z,6.84,ng/m³
East Jakarta Mayor Office,bc_370,2024-07-24T17:00:00Z,4.77,ng/m³
East Jakarta Mayor Office,bc_370,2024-07-25T17:00:00Z,6.58,ng/m³
East Jakarta Mayor Office,bc_370,2024-07-26T17:00:00Z,7.28,ng/m³
East Jakarta Mayor Office,bc_370,2024-07-27T17:00:00Z,6.51,ng/m³
East Jakarta Mayor Office,bc_370,2024-07-28T17:00:00Z,5.25,ng/m³
East Jakarta Mayor Office,bc_370,2024-07-29T17:00:00Z,7.76,ng/m³
East Jakarta Mayor Office,bc_370,2024-07-30T17:00:00Z,9.99,ng/m³
East Jakarta Mayor Office,bc_370,2024-07-31T17:00:00Z,5.73,ng/m³
East Jakarta Mayor Office,bc_370,2024-08-01T17:00:00Z,4.81,ng/m³
East Jakarta Mayor Office,bc_370,2024-08-02T17:00:00Z,4.47,ng/m³
East Jakarta Mayor Office,bc_370,2024-08-03T17:00:00Z,5.44,ng/m³
East Jakarta Mayor Office,bc_370,2024-08-04T17:00:00Z,4.33,ng/m³
East Jakarta Mayor Office,bc_370,2024-08-05T17:00:00Z,6.02,ng/m³
East Jakarta Mayor Office,bc_370,2024-08-12T17:00:00Z,5.56,ng/m³
East Jakarta Mayor Office,bc_370,2024-08-13T17:00:00Z,7.3,ng/m³
East Jakarta Mayor Office,bc_370,2024-08-14T17:00:00Z,5.48,ng/m³
East Jakarta Mayor Office,bc_370,2024-08-15T17:00:00Z,6.74,ng/m³
East Jakarta Mayor Office,bc_370,2024-08-16T17:00:00Z,6.06,ng/m³
East Jakarta Mayor Office,bc_370,2024-08-17T17:00:00Z,4.82,ng/m³
East Jakarta Mayor Office,bc_370,2024-08-18T17:00:00Z,5.39,ng/m³
East Jakarta Mayor Office,bc_370,2024-08-19T17:00:00Z,6.18,ng/m³
East Jakarta Mayor Office,bc_370,2024-08-20T17:00:00Z,6.69,ng/m³
East Jakarta Mayor Office,bc_370,2024-08-21T17:00:00Z,5.42,ng/m³
East Jakarta Mayor Office,bc_370,2024-08-22T17:00:00Z,3.93,ng/m³
East Jakarta Mayor Office,bc_370,2024-08-23T17:00:00Z,6.22,ng/m³
East Jakarta Mayor Office,bc_370,2024-08-24T17:00:00Z,4.69,ng/m³
East Jakarta Mayor Office,bc_370,2024-08-25T17:00:00Z,5.68,ng/m³
East Jakarta Mayor Office,bc_370,2024-08-26T17:00:00Z,7.5,ng/m³
East Jakarta Mayor Office,bc_370,2024-08-27T17:00:00Z,5.07,ng/m³
East Jakarta Mayor Office,bc_370,2024-08-29T17:00:00Z,3.46,ng/m³
East Jakarta Mayor Office,bc_370,2024-08-30T17:00:00Z,4.66,ng/m³
East Jakarta Mayor Office,bc_370,2024-08-31T17:00:00Z,4.23,ng/m³
East Jakarta Mayor Office,bc_370,2024-09-01T17:00:00Z,3.86,ng/m³
East Jakarta Mayor Office,bc_370,2024-09-02T17:00:00Z,4.62,ng/m³
East Jakarta Mayor Office,bc_370,2024-09-03T17:00:00Z,3.93,ng/m³
East Jakarta Mayor Office,bc_370,2024-09-04T17:00:00Z,3.96,ng/m³
East Jakarta Mayor Office,bc_370,2024-09-05T17:00:00Z,5.02,ng/m³
East Jakarta Mayor Office,bc_370,2024-09-06T17:00:00Z,4.41,ng/m³
East Jakarta Mayor Office,bc_370,2024-09-07T17:00:00Z,3.6,ng/m³
East Jakarta Mayor Office,bc_370,2024-09-08T17:00:00Z,4.26,ng/m³
East Jakarta Mayor Office,bc_370,2024-09-09T17:00:00Z,5.68,ng/m³
East Jakarta Mayor Office,bc_370,2024-09-10T17:00:00Z,3.91,ng/m³
East Jakarta Mayor Office,bc_370,2024-09-11T17:00:00Z,4.65,ng/m³
East Jakarta Mayor Office,bc_370,2024-09-12T17:00:00Z,3.65,ng/m³
East Jakarta Mayor Office,bc_370,2024-09-13T17:00:00Z,5.32,ng/m³
East Jakarta Mayor Office,bc_370,2024-09-14T17:00:00Z,4.95,ng/m³
East Jakarta Mayor Office,bc_370,2024-09-15T17:00:00Z,5.38,ng/m³
East Jakarta Mayor Office,bc_370,2024-09-16T17:00:00Z,5.81,ng/m³
East Jakarta Mayor Office,bc_370,2024-09-17T17:00:00Z,4.78,ng/m³
East Jakarta Mayor Office,bc_370,2024-09-18T17:00:00Z,6.56,ng/m³
East Jakarta Mayor Office,bc_370,2024-09-19T17:00:00Z,5.93,ng/m³
East Jakarta Mayor Office,bc_370,2024-09-20T17:00:00Z,5.53,ng/m³
East Jakarta Mayor Office,bc_370,2024-09-21T17:00:00Z,5.0,ng/m³
East Jakarta Mayor Office,bc_370,2024-09-22T17:00:00Z,3.53,ng/m³
East Jakarta Mayor Office,bc_370,2024-09-23T17:00:00Z,5.66,ng/m³
East Jakarta Mayor Office,bc_370,2024-09-24T17:00:00Z,6.26,ng/m³
East Jakarta Mayor Office,bc_370,2024-09-25T17:00:00Z,4.86,ng/m³
East Jakarta Mayor Office,bc_370,2024-09-26T17:00:00Z,4.39,ng/m³
East Jakarta Mayor Office,bc_370,2024-09-27T17:00:00Z,4.29,ng/m³
East Jakarta Mayor Office,bc_370,2024-09-28T17:00:00Z,4.28,ng/m³
East Jakarta Mayor Office,bc_370,2024-09-29T17:00:00Z,3.86,ng/m³
East Jakarta Mayor Office,bc_370,2024-09-30T17:00:00Z,6.26,ng/m³
East Jakarta Mayor Office,bc_370,2024-10-01T17:00:00Z,5.08,ng/m³
East Jakarta Mayor Office,bc_370,2024-10-02T17:00:00Z,6.45,ng/m³
East Jakarta Mayor Office,bc_370,2024-10-03T17:00:00Z,4.89,ng/m³
East Jakarta Mayor Office,bc_370,2024-10-04T17:00:00Z,4.82,ng/m³
East Jakarta Mayor Office,bc_370,2024-10-05T17:00:00Z,5.79,ng/m³
East Jakarta Mayor Office,bc_370,2024-10-06T17:00:00Z,17.7,ng/m³
East Jakarta Mayor Office,bc_370,2024-10-07T17:00:00Z,4.23,ng/m³
East Jakarta Mayor Office,bc_370,2024-10-08T17:00:00Z,4.2,ng/m³
East Jakarta Mayor Office,bc_370,2024-10-09T17:00:00Z,5.4,ng/m³
East Jakarta Mayor Office,bc_370,2024-10-10T17:00:00Z,4.94,ng/m³
East Jakarta Mayor Office,bc_370,2024-10-11T17:00:00Z,5.32,ng/m³
East Jakarta Mayor Office,bc_370,2024-10-12T17:00:00Z,5.87,ng/m³
East Jakarta Mayor Office,bc_370,2024-10-13T17:00:00Z,5.15,ng/m³
East Jakarta Mayor Office,bc_370,2024-10-14T17:00:00Z,5.71,ng/m³
East Jakarta Mayor Office,bc_370,2024-10-15T17:00:00Z,5.32,ng/m³
East Jakarta Mayor Office,bc_370,2024-10-16T17:00:00Z,4.73,ng/m³
East Jakarta Mayor Office,bc_370,2024-10-17T17:00:00Z,4.93,ng/m³
East Jakarta Mayor Office,bc_370,2024-10-18T17:00:00Z,14.6,ng/m³
East Jakarta Mayor Office,bc_370,2024-10-20T17:00:00Z,2.87,ng/m³
East Jakarta Mayor Office,bc_370,2024-10-21T17:00:00Z,7.94,ng/m³
East Jakarta Mayor Office,bc_370,2024-10-22T17:00:00Z,4.15,ng/m³
East Jakarta Mayor Office,bc_370,2024-10-23T17:00:00Z,3.54,ng/m³
East Jakarta Mayor Office,bc_370,2024-10-24T17:00:00Z,2.37,ng/m³
East Jakarta Mayor Office,bc_370,2024-10-29T17:00:00Z,4.99,ng/m³
East Jakarta Mayor Office,bc_370,2024-10-30T17:00:00Z,4.93,ng/m³
East Jakarta Mayor Office,bc_370,2024-10-31T17:00:00Z,5.34,ng/m³
East Jakarta Mayor Office,bc_370,2024-11-01T17:00:00Z,4.87,ng/m³
East Jakarta Mayor Office,bc_370,2024-11-02T17:00:00Z,4.38,ng/m³
East Jakarta Mayor Office,bc_370,2024-11-03T17:00:00Z,4.56,ng/m³
East Jakarta Mayor Office,bc_370,2024-11-04T17:00:00Z,4.13,ng/m³
East Jakarta Mayor Office,bc_370,2024-11-05T17:00:00Z,4.2,ng/m³
East Jakarta Mayor Office,bc_370,2024-11-06T17:00:00Z,5.54,ng/m³
East Jakarta Mayor Office,bc_370,2024-11-07T17:00:00Z,4.8,ng/m³
East Jakarta Mayor Office,bc_370,2024-11-08T17:00:00Z,6.43,ng/m³
East Jakarta Mayor Office,bc_370,2024-11-09T17:00:00Z,5.71,ng/m³
East Jakarta Mayor Office,bc_370,2024-11-10T17:00:00Z,4.77,ng/m³
East Jakarta Mayor Office,bc_370,2024-11-11T17:00:00Z,4.53,ng/m³
East Jakarta Mayor Office,bc_370,2024-11-12T17:00:00Z,7.04,ng/m³
East Jakarta Mayor Office,bc_370,2024-11-13T17:00:00Z,5.8,ng/m³
East Jakarta Mayor Office,bc_370,2024-11-14T17:00:00Z,6.34,ng/m³
East Jakarta Mayor Office,bc_370,2024-11-15T17:00:00Z,5.91,ng/m³
East Jakarta Mayor Office,bc_370,2024-11-16T17:00:00Z,8.8,ng/m³
East Jakarta Mayor Office,bc_370,2024-11-17T17:00:00Z,3.27,ng/m³
East Jakarta Mayor Office,bc_370,2024-11-18T17:00:00Z,4.79,ng/m³
East Jakarta Mayor Office,bc_370,2024-11-19T17:00:00Z,4.12,ng/m³
East Jakarta Mayor Office,bc_370,2024-11-20T17:00:00Z,4.19,ng/m³
East Jakarta Mayor Office,bc_370,2024-11-21T17:00:00Z,2.99,ng/m³
East Jakarta Mayor Office,bc_370,2024-11-22T17:00:00Z,4.58,ng/m³
East Jakarta Mayor Office,bc_370,2024-11-23T17:00:00Z,3.77,ng/m³
East Jakarta Mayor Office,bc_370,2024-11-24T17:00:00Z,4.41,ng/m³
East Jakarta Mayor Office,bc_370,2024-11-25T17:00:00Z,5.02,ng/m³
East Jakarta Mayor Office,bc_370,2024-11-26T17:00:00Z,4.45,ng/m³
East Jakarta Mayor Office,bc_370,2024-11-27T17:00:00Z,2.84,ng/m³
East Jakarta Mayor Office,bc_370,2024-11-28T17:00:00Z,2.73,ng/m³
East Jakarta Mayor Office,bc_370,2024-11-29T17:00:00Z,2.51,ng/m³
East Jakarta Mayor Office,bc_370,2024-11-30T17:00:00Z,2.29,ng/m³
East Jakarta Mayor Office,bc_370,2024-12-01T17:00:00Z,1.82,ng/m³
East Jakarta Mayor Office,bc_370,2024-12-02T17:00:00Z,0.987,ng/m³
East Jakarta Mayor Office,bc_370,2024-12-03T17:00:00Z,1.38,ng/m³
East Jakarta Mayor Office,bc_370,2024-12-04T17:00:00Z,1.4,ng/m³
East Jakarta Mayor Office,bc_370,2024-12-05T17:00:00Z,2.56,ng/m³
East Jakarta Mayor Office,bc_370,2024-12-06T17:00:00Z,12.3,ng/m³
East Jakarta Mayor Office,bc_370,2024-12-07T17:00:00Z,4.89,ng/m³
East Jakarta Mayor Office,bc_370,2024-12-08T17:00:00Z,7.66,ng/m³
East Jakarta Mayor Office,bc_370,2024-12-09T17:00:00Z,1.44,ng/m³
East Jakarta Mayor Office,bc_370,2024-12-10T17:00:00Z,1.47,ng/m³
East Jakarta Mayor Office,bc_370,2024-12-11T17:00:00Z,1.1,ng/m³
East Jakarta Mayor Office,bc_370,2024-12-12T17:00:00Z,2.11,ng/m³
East Jakarta Mayor Office,bc_370,2024-12-13T17:00:00Z,1.38,ng/m³
East Jakarta Mayor Office,bc_370,2024-12-14T17:00:00Z,1.97,ng/m³
East Jakarta Mayor Office,bc_370,2024-12-15T17:00:00Z,2.04,ng/m³
East Jakarta Mayor Office,bc_370,2024-12-16T17:00:00Z,1.83,ng/m³
East Jakarta Mayor Office,bc_370,2024-12-17T17:00:00Z,1.68,ng/m³
East Jakarta Mayor Office,bc_370,2024-12-18T17:00:00Z,1.82,ng/m³
East Jakarta Mayor Office,bc_370,2024-12-19T17:00:00Z,2.68,ng/m³
East Jakarta Mayor Office,bc_370,2024-12-20T17:00:00Z,3.22,ng/m³
East Jakarta Mayor Office,bc_370,2024-12-21T17:00:00Z,3.33,ng/m³
East Jakarta Mayor Office,bc_370,2024-12-22T17:00:00Z,5.37,ng/m³
East Jakarta Mayor Office,bc_370,2024-12-23T17:00:00Z,1.94,ng/m³
East Jakarta Mayor Office,bc_370,2024-12-24T17:00:00Z,2.92,ng/m³
East Jakarta Mayor Office,bc_370,2024-12-25T17:00:00Z,3.68,ng/m³
East Jakarta Mayor Office,bc_370,2024-12-26T17:00:00Z,4.43,ng/m³
East Jakarta Mayor Office,bc_370,2024-12-27T17:00:00Z,2.69,ng/m³
East Jakarta Mayor Office,bc_370,2024-12-28T17:00:00Z,3.34,ng/m³
East Jakarta Mayor Office,bc_370,2024-12-29T17:00:00Z,1.6,ng/m³
East Jakarta Mayor Office,bc_370,2024-12-30T17:00:00Z,1.35,ng/m³
East Jakarta Mayor Office,bc_370,2024-12-31T17:00:00Z,2.08,ng/m³
East Jakarta Mayor Office,bc_370,2025-01-01T17:00:00Z,1.45,ng/m³
East Jakarta Mayor Office,bc_370,2025-01-02T17:00:00Z,3.84,ng/m³
East Jakarta Mayor Office,bc_370,2025-01-03T17:00:00Z,2.06,ng/m³
East Jakarta Mayor Office,bc_370,2025-01-04T17:00:00Z,2.45,ng/m³
East Jakarta Mayor Office,bc_370,2025-01-05T17:00:00Z,7.0,ng/m³
East Jakarta Mayor Office,bc_370,2025-01-06T17:00:00Z,2.33,ng/m³
East Jakarta Mayor Office,bc_370,2025-01-07T17:00:00Z,2.14,ng/m³
East Jakarta Mayor Office,bc_370,2025-01-08T17:00:00Z,2.27,ng/m³
East Jakarta Mayor Office,bc_370,2025-01-09T17:00:00Z,4.58,ng/m³
East Jakarta Mayor Office,bc_370,2025-01-10T17:00:00Z,2.63,ng/m³
East Jakarta Mayor Office,bc_370,2025-01-11T17:00:00Z,2.68,ng/m³
East Jakarta Mayor Office,bc_370,2025-01-12T17:00:00Z,2.22,ng/m³
East Jakarta Mayor Office,bc_370,2025-01-13T17:00:00Z,2.49,ng/m³
East Jakarta Mayor Office,bc_370,2025-01-14T17:00:00Z,2.73,ng/m³
East Jakarta Mayor Office,bc_370,2025-01-15T17:00:00Z,2.53,ng/m³
East Jakarta Mayor Office,bc_370,2025-01-16T17:00:00Z,2.11,ng/m³
East Jakarta Mayor Office,bc_370,2025-01-17T17:00:00Z,1.39,ng/m³
East Jakarta Mayor Office,bc_370,2025-01-18T17:00:00Z,1.48,ng/m³
East Jakarta Mayor Office,bc_370,2025-01-19T17:00:00Z,3.03,ng/m³
East Jakarta Mayor Office,bc_370,2025-01-20T17:00:00Z,4.1,ng/m³
East Jakarta Mayor Office,bc_370,2025-01-21T17:00:00Z,3.56,ng/m³
East Jakarta Mayor Office,bc_370,2025-01-22T17:00:00Z,3.08,ng/m³
East Jakarta Mayor Office,bc_370,2025-01-23T17:00:00Z,4.32,ng/m³
East Jakarta Mayor Office,bc_370,2025-01-24T17:00:00Z,5.46,ng/m³
East Jakarta Mayor Office,bc_370,2025-01-25T17:00:00Z,2.97,ng/m³
East Jakarta Mayor Office,bc_370,2025-01-26T17:00:00Z,2.08,ng/m³
East Jakarta Mayor Office,bc_370,2025-01-27T17:00:00Z,2.18,ng/m³
East Jakarta Mayor Office,bc_370,2025-01-28T17:00:00Z,1.05,ng/m³
East Jakarta Mayor Office,bc_370,2025-01-29T17:00:00Z,1.24,ng/m³
East Jakarta Mayor Office,bc_370,2025-01-30T17:00:00Z,2.34,ng/m³
East Jakarta Mayor Office,bc_370,2025-01-31T17:00:00Z,2.34,ng/m³
East Jakarta Mayor Office,bc_370,2025-02-01T17:00:00Z,1.6,ng/m³
East Jakarta Mayor Office,bc_370,2025-02-02T17:00:00Z,2.21,ng/m³
East Jakarta Mayor Office,bc_370,2025-02-03T17:00:00Z,4.62,ng/m³
East Jakarta Mayor Office,bc_370,2025-02-04T17:00:00Z,2.17,ng/m³
East Jakarta Mayor Office,bc_370,2025-02-05T17:00:00Z,1.85,ng/m³
East Jakarta Mayor Office,bc_370,2025-02-06T17:00:00Z,2.61,ng/m³
East Jakarta Mayor Office,bc_370,2025-02-07T17:00:00Z,2.72,ng/m³
East Jakarta Mayor Office,bc_370,2025-02-08T17:00:00Z,2.06,ng/m³
East Jakarta Mayor Office,bc_370,2025-02-09T17:00:00Z,2.38,ng/m³
East Jakarta Mayor Office,bc_370,2025-02-10T17:00:00Z,2.97,ng/m³
East Jakarta Mayor Office,bc_370,2025-02-11T17:00:00Z,5.36,ng/m³
East Jakarta Mayor Office,bc_370,2025-02-12T17:00:00Z,4.01,ng/m³
East Jakarta Mayor Office,bc_370,2025-02-13T17:00:00Z,4.1,ng/m³
East Jakarta Mayor Office,bc_370,2025-02-14T17:00:00Z,2.01,ng/m³
East Jakarta Mayor Office,bc_370,2025-02-15T17:00:00Z,3.79,ng/m³
East Jakarta Mayor Office,bc_370,2025-02-16T17:00:00Z,4.81,ng/m³
East Jakarta Mayor Office,bc_370,2025-03-08T17:00:00Z,2.88,ng/m³
East Jakarta Mayor Office,bc_370,2025-03-09T17:00:00Z,5.46,ng/m³
East Jakarta Mayor Office,bc_370,2025-03-10T17:00:00Z,5.26,ng/m³
East Jakarta Mayor Office,bc_370,2025-03-11T17:00:00Z,2.46,ng/m³
East Jakarta Mayor Office,bc_370,2025-03-12T17:00:00Z,4.64,ng/m³
East Jakarta Mayor Office,bc_370,2025-03-13T17:00:00Z,3.05,ng/m³
East Jakarta Mayor Office,bc_370,2025-03-14T17:00:00Z,1.98,ng/m³
East Jakarta Mayor Office,bc_370,2025-03-15T17:00:00Z,1.56,ng/m³
East Jakarta Mayor Office,bc_370,2025-03-16T17:00:00Z,2.32,ng/m³
East Jakarta Mayor Office,bc_370,2025-03-17T17:00:00Z,1.81,ng/m³
East Jakarta Mayor Office,bc_370,2025-03-18T17:00:00Z,1.57,ng/m³
East Jakarta Mayor Office,bc_370,2025-03-19T17:00:00Z,2.07,ng/m³
East Jakarta Mayor Office,bc_370,2025-03-20T17:00:00Z,1.4,ng/m³
East Jakarta Mayor Office,bc_370,2025-03-21T17:00:00Z,5.11,ng/m³
East Jakarta Mayor Office,bc_370,2025-03-22T17:00:00Z,2.7,ng/m³
East Jakarta Mayor Office,bc_370,2025-03-23T17:00:00Z,3.13,ng/m³
East Jakarta Mayor Office,bc_370,2025-03-24T17:00:00Z,2.17,ng/m³
East Jakarta Mayor Office,bc_370,2025-03-25T17:00:00Z,4.59,ng/m³
East Jakarta Mayor Office,bc_370,2025-03-26T17:00:00Z,5.84,ng/m³
East Jakarta Mayor Office,bc_370,2025-03-27T17:00:00Z,1.04,ng/m³
East Jakarta Mayor Office,bc_370,2025-03-28T17:00:00Z,1.34,ng/m³
East Jakarta Mayor Office,bc_370,2025-03-29T17:00:00Z,1.68,ng/m³
East Jakarta Mayor Office,bc_370,2025-03-30T17:00:00Z,1.04,ng/m³
East Jakarta Mayor Office,bc_370,2025-03-31T17:00:00Z,1.54,ng/m³
East Jakarta Mayor Office,bc_370,2025-04-01T17:00:00Z,2.32,ng/m³
East Jakarta Mayor Office,bc_370,2025-04-02T17:00:00Z,1.97,ng/m³
East Jakarta Mayor Office,bc_370,2025-04-03T17:00:00Z,2.59,ng/m³
East Jakarta Mayor Office,bc_370,2025-04-04T17:00:00Z,3.46,ng/m³
East Jakarta Mayor Office,bc_370,2025-04-05T17:00:00Z,3.56,ng/m³
East Jakarta Mayor Office,bc_370,2025-04-06T17:00:00Z,3.16,ng/m³
East Jakarta Mayor Office,bc_370,2025-04-07T17:00:00Z,2.75,ng/m³
East Jakarta Mayor Office,bc_370,2025-04-08T17:00:00Z,5.26,ng/m³
East Jakarta Mayor Office,bc_370,2025-04-09T17:00:00Z,4.62,ng/m³
East Jakarta Mayor Office,bc_370,2025-04-10T17:00:00Z,5.69,ng/m³
East Jakarta Mayor Office,bc_370,2025-04-11T17:00:00Z,5.64,ng/m³
East Jakarta Mayor Office,bc_370,2025-04-12T17:00:00Z,3.2,ng/m³
East Jakarta Mayor Office,bc_370,2025-04-13T17:00:00Z,1.9,ng/m³
East Jakarta Mayor Office,bc_370,2025-04-14T17:00:00Z,3.82,ng/m³
East Jakarta Mayor Office,bc_370,2025-04-15T17:00:00Z,5.39,ng/m³
East Jakarta Mayor Office,bc_370,2025-04-16T17:00:00Z,4.7,ng/m³
East Jakarta Mayor Office,bc_370,2025-04-17T17:00:00Z,4.76,ng/m³
East Jakarta Mayor Office,bc_370,2025-04-18T17:00:00Z,4.54,ng/m³
East Jakarta Mayor Office,bc_370,2025-04-19T17:00:00Z,3.03,ng/m³
East Jakarta Mayor Office,bc_370,2025-04-20T17:00:00Z,4.06,ng/m³
East Jakarta Mayor Office,bc_370,2025-04-21T17:00:00Z,8.45,ng/m³
East Jakarta Mayor Office,bc_370,2025-04-22T17:00:00Z,5.95,ng/m³
East Jakarta Mayor Office,bc_370,2025-04-23T17:00:00Z,7.36,ng/m³
East Jakarta Mayor Office,bc_370,2025-04-24T17:00:00Z,4.37,ng/m³
East Jakarta Mayor Office,bc_370,2025-04-25T17:00:00Z,5.47,ng/m³
East Jakarta Mayor Office,bc_370,2025-04-26T17:00:00Z,4.23,ng/m³
East Jakarta Mayor Office,bc_370,2025-04-27T17:00:00Z,4.31,ng/m³
East Jakarta Mayor Office,bc_370,2025-04-28T17:00:00Z,5.82,ng/m³
East Jakarta Mayor Office,bc_370,2025-04-29T17:00:00Z,5.55,ng/m³
East Jakarta Mayor Office,bc_370,2025-04-30T17:00:00Z,5.41,ng/m³
East Jakarta Mayor Office,bc_370,2025-05-01T17:00:00Z,4.89,ng/m³
East Jakarta Mayor Office,bc_370,2025-05-02T17:00:00Z,5.62,ng/m³
East Jakarta Mayor Office,bc_370,2025-05-03T17:00:00Z,5.25,ng/m³
East Jakarta Mayor Office,bc_370,2025-05-04T17:00:00Z,9.07,ng/m³
East Jakarta Mayor Office,bc_370,2025-05-05T17:00:00Z,5.59,ng/m³
East Jakarta Mayor Office,bc_370,2025-05-06T17:00:00Z,7.52,ng/m³
East Jakarta Mayor Office,bc_370,2025-05-07T17:00:00Z,9.76,ng/m³
East Jakarta Mayor Office,bc_370,2025-05-08T17:00:00Z,4.95,ng/m³
East Jakarta Mayor Office,bc_370,2025-05-09T17:00:00Z,6.3,ng/m³
East Jakarta Mayor Office,bc_370,2025-05-10T17:00:00Z,8.4,ng/m³
East Jakarta Mayor Office,bc_370,2025-05-26T17:00:00Z,3.78,ng/m³
East Jakarta Mayor Office,bc_370,2025-05-27T17:00:00Z,10.6,ng/m³
East Jakarta Mayor Office,bc_370,2025-05-28T17:00:00Z,8.34,ng/m³
East Jakarta Mayor Office,bc_370,2025-05-29T17:00:00Z,5.37,ng/m³
East Jakarta Mayor Office,bc_370,2025-05-30T17:00:00Z,8.35,ng/m³
East Jakarta Mayor Office,bc_370,2025-05-31T17:00:00Z,7.1,ng/m³
East Jakarta Mayor Office,bc_370,2025-06-01T17:00:00Z,8.58,ng/m³
East Jakarta Mayor Office,bc_370,2025-06-02T17:00:00Z,4.99,ng/m³
East Jakarta Mayor Office,bc_370,2025-06-03T17:00:00Z,10.1,ng/m³
East Jakarta Mayor Office,bc_370,2025-06-04T17:00:00Z,12.4,ng/m³
East Jakarta Mayor Office,bc_370,2025-06-05T17:00:00Z,4.72,ng/m³
East Jakarta Mayor Office,bc_370,2025-06-06T17:00:00Z,10.1,ng/m³
East Jakarta Mayor Office,bc_370,2025-06-07T17:00:00Z,6.33,ng/m³
East Jakarta Mayor Office,bc_370,2025-06-08T17:00:00Z,8.04,ng/m³
East Jakarta Mayor Office,bc_370,2025-06-09T17:00:00Z,5.44,ng/m³
East Jakarta Mayor Office,bc_370,2025-06-10T17:00:00Z,5.0,ng/m³
East Jakarta Mayor Office,bc_370,2025-06-11T17:00:00Z,8.43,ng/m³
East Jakarta Mayor Office,bc_370,2025-06-12T17:00:00Z,7.29,ng/m³
East Jakarta Mayor Office,bc_370,2025-06-13T17:00:00Z,6.51,ng/m³
East Jakarta Mayor Office,bc_370,2025-06-14T17:00:00Z,6.01,ng/m³
East Jakarta Mayor Office,bc_370,2025-06-15T17:00:00Z,5.12,ng/m³
East Jakarta Mayor Office,bc_370,2025-06-16T17:00:00Z,4.68,ng/m³
East Jakarta Mayor Office,bc_370,2025-06-17T17:00:00Z,4.7,ng/m³
East Jakarta Mayor Office,bc_370,2025-06-18T17:00:00Z,10.2,ng/m³
East Jakarta Mayor Office,bc_370,2025-06-19T17:00:00Z,5.84,ng/m³
East Jakarta Mayor Office,bc_370,2025-06-20T17:00:00Z,5.85,ng/m³
East Jakarta Mayor Office,bc_370,2025-06-21T17:00:00Z,6.37,ng/m³
East Jakarta Mayor Office,bc_370,2025-06-22T17:00:00Z,3.97,ng/m³
East Jakarta Mayor Office,bc_370,2025-06-23T17:00:00Z,8.5,ng/m³
East Jakarta Mayor Office,bc_370,2025-06-24T17:00:00Z,10.8,ng/m³
East Jakarta Mayor Office,bc_370,2025-06-25T17:00:00Z,9.06,ng/m³
East Jakarta Mayor Office,bc_370,2025-06-26T17:00:00Z,7.39,ng/m³
East Jakarta Mayor Office,bc_370,2025-06-27T17:00:00Z,7.76,ng/m³
East Jakarta Mayor Office,bc_370,2025-06-28T17:00:00Z,11.9,ng/m³
East Jakarta Mayor Office,bc_370,2025-06-29T17:00:00Z,4.49,ng/m³
East Jakarta Mayor Office,bc_880,2023-10-01T17:00:00Z,3.29,ng/m³
East Jakarta Mayor Office,bc_880,2023-10-02T17:00:00Z,3.49,ng/m³
East Jakarta Mayor Office,bc_880,2023-10-03T17:00:00Z,4.8,ng/m³
East Jakarta Mayor Office,bc_880,2023-10-04T17:00:00Z,4.28,ng/m³
East Jakarta Mayor Office,bc_880,2023-10-05T17:00:00Z,5.05,ng/m³
East Jakarta Mayor Office,bc_880,2023-10-06T17:00:00Z,6.52,ng/m³
East Jakarta Mayor Office,bc_880,2023-10-07T17:00:00Z,3.92,ng/m³
East Jakarta Mayor Office,bc_880,2023-10-08T17:00:00Z,3.25,ng/m³
East Jakarta Mayor Office,bc_880,2023-10-09T17:00:00Z,4.24,ng/m³
East Jakarta Mayor Office,bc_880,2023-10-10T17:00:00Z,4.06,ng/m³
East Jakarta Mayor Office,bc_880,2023-10-11T17:00:00Z,5.19,ng/m³
East Jakarta Mayor Office,bc_880,2023-10-12T17:00:00Z,4.77,ng/m³
East Jakarta Mayor Office,bc_880,2023-10-13T17:00:00Z,4.43,ng/m³
East Jakarta Mayor Office,bc_880,2023-10-14T17:00:00Z,3.91,ng/m³
East Jakarta Mayor Office,bc_880,2023-10-15T17:00:00Z,4.27,ng/m³
East Jakarta Mayor Office,bc_880,2023-10-16T17:00:00Z,4.11,ng/m³
East Jakarta Mayor Office,bc_880,2023-10-17T17:00:00Z,5.5,ng/m³
East Jakarta Mayor Office,bc_880,2023-10-18T17:00:00Z,4.87,ng/m³
East Jakarta Mayor Office,bc_880,2023-10-19T17:00:00Z,4.75,ng/m³
East Jakarta Mayor Office,bc_880,2023-10-20T17:00:00Z,4.94,ng/m³
East Jakarta Mayor Office,bc_880,2023-10-21T17:00:00Z,3.65,ng/m³
East Jakarta Mayor Office,bc_880,2023-10-22T17:00:00Z,4.2,ng/m³
East Jakarta Mayor Office,bc_880,2023-10-23T17:00:00Z,4.35,ng/m³
East Jakarta Mayor Office,bc_880,2023-10-24T17:00:00Z,4.77,ng/m³
East Jakarta Mayor Office,bc_880,2023-10-25T17:00:00Z,5.61,ng/m³
East Jakarta Mayor Office,bc_880,2023-10-26T17:00:00Z,5.6,ng/m³
East Jakarta Mayor Office,bc_880,2023-10-27T17:00:00Z,3.17,ng/m³
East Jakarta Mayor Office,bc_880,2023-10-28T17:00:00Z,4.96,ng/m³
East Jakarta Mayor Office,bc_880,2023-10-29T17:00:00Z,3.91,ng/m³
East Jakarta Mayor Office,bc_880,2023-10-30T17:00:00Z,5.08,ng/m³
East Jakarta Mayor Office,bc_880,2023-10-31T17:00:00Z,4.94,ng/m³
East Jakarta Mayor Office,bc_880,2023-11-01T17:00:00Z,5.31,ng/m³
East Jakarta Mayor Office,bc_880,2023-11-02T17:00:00Z,5.74,ng/m³
East Jakarta Mayor Office,bc_880,2023-11-03T17:00:00Z,5.93,ng/m³
East Jakarta Mayor Office,bc_880,2023-11-04T17:00:00Z,3.92,ng/m³
East Jakarta Mayor Office,bc_880,2023-11-05T17:00:00Z,4.23,ng/m³
East Jakarta Mayor Office,bc_880,2023-11-06T17:00:00Z,3.59,ng/m³
East Jakarta Mayor Office,bc_880,2023-11-07T17:00:00Z,5.76,ng/m³
East Jakarta Mayor Office,bc_880,2023-11-15T17:00:00Z,4.36,ng/m³
East Jakarta Mayor Office,bc_880,2023-11-16T17:00:00Z,3.95,ng/m³
East Jakarta Mayor Office,bc_880,2023-11-17T17:00:00Z,4.42,ng/m³
East Jakarta Mayor Office,bc_880,2023-11-18T17:00:00Z,2.87,ng/m³
East Jakarta Mayor Office,bc_880,2023-11-19T17:00:00Z,3.06,ng/m³
East Jakarta Mayor Office,bc_880,2023-11-20T17:00:00Z,4.05,ng/m³
East Jakarta Mayor Office,bc_880,2023-11-21T17:00:00Z,2.98,ng/m³
East Jakarta Mayor Office,bc_880,2023-11-22T17:00:00Z,4.91,ng/m³
East Jakarta Mayor Office,bc_880,2023-11-23T17:00:00Z,5.66,ng/m³
East Jakarta Mayor Office,bc_880,2023-11-24T17:00:00Z,3.74,ng/m³
East Jakarta Mayor Office,bc_880,2023-11-25T17:00:00Z,4.15,ng/m³
East Jakarta Mayor Office,bc_880,2023-11-26T17:00:00Z,3.43,ng/m³
East Jakarta Mayor Office,bc_880,2023-11-27T17:00:00Z,3.95,ng/m³
East Jakarta Mayor Office,bc_880,2023-11-28T17:00:00Z,2.97,ng/m³
East Jakarta Mayor Office,bc_880,2023-11-29T17:00:00Z,2.62,ng/m³
East Jakarta Mayor Office,bc_880,2023-11-30T17:00:00Z,4.14,ng/m³
East Jakarta Mayor Office,bc_880,2023-12-01T17:00:00Z,4.67,ng/m³
East Jakarta Mayor Office,bc_880,2023-12-02T17:00:00Z,2.08,ng/m³
East Jakarta Mayor Office,bc_880,2023-12-03T17:00:00Z,4.92,ng/m³
East Jakarta Mayor Office,bc_880,2023-12-04T17:00:00Z,4.22,ng/m³
East Jakarta Mayor Office,bc_880,2023-12-05T17:00:00Z,3.69,ng/m³
East Jakarta Mayor Office,bc_880,2023-12-06T17:00:00Z,4.43,ng/m³
East Jakarta Mayor Office,bc_880,2023-12-07T17:00:00Z,6.27,ng/m³
East Jakarta Mayor Office,bc_880,2023-12-08T17:00:00Z,3.11,ng/m³
East Jakarta Mayor Office,bc_880,2023-12-09T17:00:00Z,3.57,ng/m³
East Jakarta Mayor Office,bc_880,2023-12-10T17:00:00Z,3.58,ng/m³
East Jakarta Mayor Office,bc_880,2023-12-11T17:00:00Z,3.2,ng/m³
East Jakarta Mayor Office,bc_880,2023-12-12T17:00:00Z,3.09,ng/m³
East Jakarta Mayor Office,bc_880,2023-12-13T17:00:00Z,3.31,ng/m³
East Jakarta Mayor Office,bc_880,2023-12-14T17:00:00Z,3.22,ng/m³
East Jakarta Mayor Office,bc_880,2023-12-15T17:00:00Z,2.53,ng/m³
East Jakarta Mayor Office,bc_880,2023-12-16T17:00:00Z,2.6,ng/m³
East Jakarta Mayor Office,bc_880,2023-12-17T17:00:00Z,3.13,ng/m³
East Jakarta Mayor Office,bc_880,2023-12-18T17:00:00Z,2.06,ng/m³
East Jakarta Mayor Office,bc_880,2023-12-19T17:00:00Z,3.0,ng/m³
East Jakarta Mayor Office,bc_880,2023-12-20T17:00:00Z,2.75,ng/m³
East Jakarta Mayor Office,bc_880,2023-12-21T17:00:00Z,4.52,ng/m³
East Jakarta Mayor Office,bc_880,2023-12-22T17:00:00Z,5.28,ng/m³
East Jakarta Mayor Office,bc_880,2023-12-23T17:00:00Z,2.9,ng/m³
East Jakarta Mayor Office,bc_880,2023-12-24T17:00:00Z,2.04,ng/m³
East Jakarta Mayor Office,bc_880,2023-12-25T17:00:00Z,3.33,ng/m³
East Jakarta Mayor Office,bc_880,2023-12-26T17:00:00Z,3.57,ng/m³
East Jakarta Mayor Office,bc_880,2023-12-27T17:00:00Z,3.69,ng/m³
East Jakarta Mayor Office,bc_880,2023-12-28T17:00:00Z,4.19,ng/m³
East Jakarta Mayor Office,bc_880,2023-12-29T17:00:00Z,3.97,ng/m³
East Jakarta Mayor Office,bc_880,2024-01-01T17:00:00Z,1.46,ng/m³
East Jakarta Mayor Office,bc_880,2024-01-02T17:00:00Z,2.58,ng/m³
East Jakarta Mayor Office,bc_880,2024-01-03T17:00:00Z,2.17,ng/m³
East Jakarta Mayor Office,bc_880,2024-01-04T17:00:00Z,2.97,ng/m³
East Jakarta Mayor Office,bc_880,2024-01-05T17:00:00Z,5.03,ng/m³
East Jakarta Mayor Office,bc_880,2024-01-06T17:00:00Z,3.98,ng/m³
East Jakarta Mayor Office,bc_880,2024-01-07T17:00:00Z,3.39,ng/m³
East Jakarta Mayor Office,bc_880,2024-01-08T17:00:00Z,3.96,ng/m³
East Jakarta Mayor Office,bc_880,2024-01-09T17:00:00Z,4.09,ng/m³
East Jakarta Mayor Office,bc_880,2024-01-10T17:00:00Z,3.08,ng/m³
East Jakarta Mayor Office,bc_880,2024-01-11T17:00:00Z,2.71,ng/m³
East Jakarta Mayor Office,bc_880,2024-01-12T17:00:00Z,2.38,ng/m³
East Jakarta Mayor Office,bc_880,2024-01-13T17:00:00Z,2.27,ng/m³
East Jakarta Mayor Office,bc_880,2024-01-14T17:00:00Z,1.88,ng/m³
East Jakarta Mayor Office,bc_880,2024-01-15T17:00:00Z,1.53,ng/m³
East Jakarta Mayor Office,bc_880,2024-01-16T17:00:00Z,3.27,ng/m³
East Jakarta Mayor Office,bc_880,2024-01-17T17:00:00Z,1.71,ng/m³
East Jakarta Mayor Office,bc_880,2024-01-18T17:00:00Z,1.23,ng/m³
East Jakarta Mayor Office,bc_880,2024-01-19T17:00:00Z,1.8,ng/m³
East Jakarta Mayor Office,bc_880,2024-01-20T17:00:00Z,1.26,ng/m³
East Jakarta Mayor Office,bc_880,2024-01-21T17:00:00Z,0.994,ng/m³
East Jakarta Mayor Office,bc_880,2024-01-22T17:00:00Z,1.53,ng/m³
East Jakarta Mayor Office,bc_880,2024-01-23T17:00:00Z,1.67,ng/m³
East Jakarta Mayor Office,bc_880,2024-01-24T17:00:00Z,2.63,ng/m³
East Jakarta Mayor Office,bc_880,2024-01-25T17:00:00Z,3.21,ng/m³
East Jakarta Mayor Office,bc_880,2024-01-26T17:00:00Z,1.91,ng/m³
East Jakarta Mayor Office,bc_880,2024-01-27T17:00:00Z,2.47,ng/m³
East Jakarta Mayor Office,bc_880,2024-01-28T17:00:00Z,5.23,ng/m³
East Jakarta Mayor Office,bc_880,2024-01-29T17:00:00Z,4.11,ng/m³
East Jakarta Mayor Office,bc_880,2024-01-30T17:00:00Z,2.48,ng/m³
East Jakarta Mayor Office,bc_880,2024-01-31T17:00:00Z,3.76,ng/m³
East Jakarta Mayor Office,bc_880,2024-02-01T17:00:00Z,2.58,ng/m³
East Jakarta Mayor Office,bc_880,2024-02-02T17:00:00Z,5.08,ng/m³
East Jakarta Mayor Office,bc_880,2024-02-12T17:00:00Z,2.39,ng/m³
East Jakarta Mayor Office,bc_880,2024-02-13T17:00:00Z,1.73,ng/m³
East Jakarta Mayor Office,bc_880,2024-02-14T17:00:00Z,5.88,ng/m³
East Jakarta Mayor Office,bc_880,2024-02-15T17:00:00Z,5.9,ng/m³
East Jakarta Mayor Office,bc_880,2024-02-16T17:00:00Z,2.34,ng/m³
East Jakarta Mayor Office,bc_880,2024-02-17T17:00:00Z,2.51,ng/m³
East Jakarta Mayor Office,bc_880,2024-02-18T17:00:00Z,4.34,ng/m³
East Jakarta Mayor Office,bc_880,2024-02-19T17:00:00Z,4.43,ng/m³
East Jakarta Mayor Office,bc_880,2024-02-20T17:00:00Z,4.58,ng/m³
East Jakarta Mayor Office,bc_880,2024-02-21T17:00:00Z,2.92,ng/m³
East Jakarta Mayor Office,bc_880,2024-02-22T17:00:00Z,2.79,ng/m³
East Jakarta Mayor Office,bc_880,2024-02-23T17:00:00Z,2.18,ng/m³
East Jakarta Mayor Office,bc_880,2024-02-29T17:00:00Z,3.7,ng/m³
East Jakarta Mayor Office,bc_880,2024-03-01T17:00:00Z,3.71,ng/m³
East Jakarta Mayor Office,bc_880,2024-03-02T17:00:00Z,2.37,ng/m³
East Jakarta Mayor Office,bc_880,2024-03-03T17:00:00Z,2.78,ng/m³
East Jakarta Mayor Office,bc_880,2024-03-04T17:00:00Z,2.1,ng/m³
East Jakarta Mayor Office,bc_880,2024-03-05T17:00:00Z,1.95,ng/m³
East Jakarta Mayor Office,bc_880,2024-03-06T17:00:00Z,1.09,ng/m³
East Jakarta Mayor Office,bc_880,2024-03-07T17:00:00Z,1.23,ng/m³
East Jakarta Mayor Office,bc_880,2024-03-08T17:00:00Z,5.65,ng/m³
East Jakarta Mayor Office,bc_880,2024-03-09T17:00:00Z,5.69,ng/m³
East Jakarta Mayor Office,bc_880,2024-03-10T17:00:00Z,2.81,ng/m³
East Jakarta Mayor Office,bc_880,2024-03-11T17:00:00Z,2.18,ng/m³
East Jakarta Mayor Office,bc_880,2024-03-12T17:00:00Z,2.45,ng/m³
East Jakarta Mayor Office,bc_880,2024-03-13T17:00:00Z,2.68,ng/m³
East Jakarta Mayor Office,bc_880,2024-03-14T17:00:00Z,1.51,ng/m³
East Jakarta Mayor Office,bc_880,2024-03-15T17:00:00Z,1.31,ng/m³
East Jakarta Mayor Office,bc_880,2024-03-16T17:00:00Z,1.27,ng/m³
East Jakarta Mayor Office,bc_880,2024-03-17T17:00:00Z,1.92,ng/m³
East Jakarta Mayor Office,bc_880,2024-03-18T17:00:00Z,2.14,ng/m³
East Jakarta Mayor Office,bc_880,2024-03-19T17:00:00Z,1.53,ng/m³
East Jakarta Mayor Office,bc_880,2024-03-20T17:00:00Z,2.38,ng/m³
East Jakarta Mayor Office,bc_880,2024-03-21T17:00:00Z,3.79,ng/m³
East Jakarta Mayor Office,bc_880,2024-03-22T17:00:00Z,13.3,ng/m³
East Jakarta Mayor Office,bc_880,2024-03-25T17:00:00Z,0.962,ng/m³
East Jakarta Mayor Office,bc_880,2024-03-26T17:00:00Z,3.26,ng/m³
East Jakarta Mayor Office,bc_880,2024-03-27T17:00:00Z,5.92,ng/m³
East Jakarta Mayor Office,bc_880,2024-03-28T17:00:00Z,6.16,ng/m³
East Jakarta Mayor Office,bc_880,2024-04-02T17:00:00Z,3.08,ng/m³
East Jakarta Mayor Office,bc_880,2024-04-03T17:00:00Z,6.31,ng/m³
East Jakarta Mayor Office,bc_880,2024-04-04T17:00:00Z,6.38,ng/m³
East Jakarta Mayor Office,bc_880,2024-04-05T17:00:00Z,3.6,ng/m³
East Jakarta Mayor Office,bc_880,2024-04-06T17:00:00Z,2.88,ng/m³
East Jakarta Mayor Office,bc_880,2024-04-07T17:00:00Z,3.04,ng/m³
East Jakarta Mayor Office,bc_880,2024-04-08T17:00:00Z,3.47,ng/m³
East Jakarta Mayor Office,bc_880,2024-04-09T17:00:00Z,3.02,ng/m³
East Jakarta Mayor Office,bc_880,2024-04-10T17:00:00Z,1.36,ng/m³
East Jakarta Mayor Office,bc_880,2024-04-11T17:00:00Z,1.49,ng/m³
East Jakarta Mayor Office,bc_880,2024-04-12T17:00:00Z,1.99,ng/m³
East Jakarta Mayor Office,bc_880,2024-04-13T17:00:00Z,1.75,ng/m³
East Jakarta Mayor Office,bc_880,2024-04-14T17:00:00Z,1.29,ng/m³
East Jakarta Mayor Office,bc_880,2024-04-15T17:00:00Z,2.74,ng/m³
East Jakarta Mayor Office,bc_880,2024-04-16T17:00:00Z,2.37,ng/m³
East Jakarta Mayor Office,bc_880,2024-04-17T17:00:00Z,3.32,ng/m³
East Jakarta Mayor Office,bc_880,2024-04-18T17:00:00Z,4.42,ng/m³
East Jakarta Mayor Office,bc_880,2024-04-19T17:00:00Z,4.9,ng/m³
East Jakarta Mayor Office,bc_880,2024-04-20T17:00:00Z,2.82,ng/m³
East Jakarta Mayor Office,bc_880,2024-04-21T17:00:00Z,4.69,ng/m³
East Jakarta Mayor Office,bc_880,2024-04-22T17:00:00Z,4.88,ng/m³
East Jakarta Mayor Office,bc_880,2024-04-23T17:00:00Z,6.41,ng/m³
East Jakarta Mayor Office,bc_880,2024-04-24T17:00:00Z,1.69,ng/m³
East Jakarta Mayor Office,bc_880,2024-04-25T17:00:00Z,5.34,ng/m³
East Jakarta Mayor Office,bc_880,2024-04-26T17:00:00Z,4.96,ng/m³
East Jakarta Mayor Office,bc_880,2024-04-27T17:00:00Z,3.83,ng/m³
East Jakarta Mayor Office,bc_880,2024-04-28T17:00:00Z,3.12,ng/m³
East Jakarta Mayor Office,bc_880,2024-04-29T17:00:00Z,3.69,ng/m³
East Jakarta Mayor Office,bc_880,2024-04-30T17:00:00Z,3.12,ng/m³
East Jakarta Mayor Office,bc_880,2024-05-01T17:00:00Z,3.8,ng/m³
East Jakarta Mayor Office,bc_880,2024-05-02T17:00:00Z,4.99,ng/m³
East Jakarta Mayor Office,bc_880,2024-05-03T17:00:00Z,5.44,ng/m³
East Jakarta Mayor Office,bc_880,2024-05-04T17:00:00Z,5.22,ng/m³
East Jakarta Mayor Office,bc_880,2024-05-05T17:00:00Z,5.09,ng/m³
East Jakarta Mayor Office,bc_880,2024-05-06T17:00:00Z,2.79,ng/m³
East Jakarta Mayor Office,bc_880,2024-05-07T17:00:00Z,6.08,ng/m³
East Jakarta Mayor Office,bc_880,2024-05-08T17:00:00Z,4.39,ng/m³
East Jakarta Mayor Office,bc_880,2024-05-09T17:00:00Z,4.12,ng/m³
East Jakarta Mayor Office,bc_880,2024-05-10T17:00:00Z,4.56,ng/m³
East Jakarta Mayor Office,bc_880,2024-05-11T17:00:00Z,4.3,ng/m³
East Jakarta Mayor Office,bc_880,2024-05-12T17:00:00Z,4.37,ng/m³
East Jakarta Mayor Office,bc_880,2024-05-13T17:00:00Z,4.93,ng/m³
East Jakarta Mayor Office,bc_880,2024-05-14T17:00:00Z,5.06,ng/m³
East Jakarta Mayor Office,bc_880,2024-05-15T17:00:00Z,5.01,ng/m³
East Jakarta Mayor Office,bc_880,2024-05-16T17:00:00Z,5.59,ng/m³
East Jakarta Mayor Office,bc_880,2024-05-17T17:00:00Z,5.62,ng/m³
East Jakarta Mayor Office,bc_880,2024-05-18T17:00:00Z,4.76,ng/m³
East Jakarta Mayor Office,bc_880,2024-05-19T17:00:00Z,5.61,ng/m³
East Jakarta Mayor Office,bc_880,2024-05-20T17:00:00Z,5.84,ng/m³
East Jakarta Mayor Office,bc_880,2024-05-21T17:00:00Z,4.78,ng/m³
East Jakarta Mayor Office,bc_880,2024-05-22T17:00:00Z,5.3,ng/m³
East Jakarta Mayor Office,bc_880,2024-05-23T17:00:00Z,4.75,ng/m³
East Jakarta Mayor Office,bc_880,2024-05-24T17:00:00Z,3.65,ng/m³
East Jakarta Mayor Office,bc_880,2024-05-25T17:00:00Z,5.67,ng/m³
East Jakarta Mayor Office,bc_880,2024-05-26T17:00:00Z,6.5,ng/m³
East Jakarta Mayor Office,bc_880,2024-05-27T17:00:00Z,6.33,ng/m³
East Jakarta Mayor Office,bc_880,2024-05-28T17:00:00Z,4.41,ng/m³
East Jakarta Mayor Office,bc_880,2024-05-29T17:00:00Z,5.5,ng/m³
East Jakarta Mayor Office,bc_880,2024-05-30T17:00:00Z,11.5,ng/m³
East Jakarta Mayor Office,bc_880,2024-06-04T17:00:00Z,3.76,ng/m³
East Jakarta Mayor Office,bc_880,2024-06-05T17:00:00Z,3.6,ng/m³
East Jakarta Mayor Office,bc_880,2024-06-06T17:00:00Z,5.15,ng/m³
East Jakarta Mayor Office,bc_880,2024-06-07T17:00:00Z,5.51,ng/m³
East Jakarta Mayor Office,bc_880,2024-06-08T17:00:00Z,4.62,ng/m³
East Jakarta Mayor Office,bc_880,2024-06-09T17:00:00Z,5.47,ng/m³
East Jakarta Mayor Office,bc_880,2024-06-10T17:00:00Z,4.59,ng/m³
East Jakarta Mayor Office,bc_880,2024-06-11T17:00:00Z,4.79,ng/m³
East Jakarta Mayor Office,bc_880,2024-06-12T17:00:00Z,4.19,ng/m³
East Jakarta Mayor Office,bc_880,2024-06-13T17:00:00Z,5.21,ng/m³
East Jakarta Mayor Office,bc_880,2024-06-14T17:00:00Z,2.07,ng/m³
East Jakarta Mayor Office,bc_880,2024-06-20T17:00:00Z,3.32,ng/m³
East Jakarta Mayor Office,bc_880,2024-06-21T17:00:00Z,6.2,ng/m³
East Jakarta Mayor Office,bc_880,2024-06-22T17:00:00Z,5.21,ng/m³
East Jakarta Mayor Office,bc_880,2024-06-23T17:00:00Z,4.53,ng/m³
East Jakarta Mayor Office,bc_880,2024-06-24T17:00:00Z,5.21,ng/m³
East Jakarta Mayor Office,bc_880,2024-06-25T17:00:00Z,5.12,ng/m³
East Jakarta Mayor Office,bc_880,2024-06-26T17:00:00Z,5.97,ng/m³
East Jakarta Mayor Office,bc_880,2024-06-27T17:00:00Z,5.6,ng/m³
East Jakarta Mayor Office,bc_880,2024-06-28T17:00:00Z,5.72,ng/m³
East Jakarta Mayor Office,bc_880,2024-06-29T17:00:00Z,3.63,ng/m³
East Jakarta Mayor Office,bc_880,2024-06-30T17:00:00Z,5.81,ng/m³
East Jakarta Mayor Office,bc_880,2024-07-01T17:00:00Z,6.38,ng/m³
East Jakarta Mayor Office,bc_880,2024-07-02T17:00:00Z,7.92,ng/m³
East Jakarta Mayor Office,bc_880,2024-07-03T17:00:00Z,4.69,ng/m³
East Jakarta Mayor Office,bc_880,2024-07-04T17:00:00Z,4.54,ng/m³
East Jakarta Mayor Office,bc_880,2024-07-05T17:00:00Z,3.0,ng/m³
East Jakarta Mayor Office,bc_880,2024-07-06T17:00:00Z,3.73,ng/m³
East Jakarta Mayor Office,bc_880,2024-07-07T17:00:00Z,3.88,ng/m³
East Jakarta Mayor Office,bc_880,2024-07-08T17:00:00Z,3.01,ng/m³
East Jakarta Mayor Office,bc_880,2024-07-09T17:00:00Z,4.17,ng/m³
East Jakarta Mayor Office,bc_880,2024-07-10T17:00:00Z,6.78,ng/m³
East Jakarta Mayor Office,bc_880,2024-07-11T17:00:00Z,5.37,ng/m³
East Jakarta Mayor Office,bc_880,2024-07-12T17:00:00Z,7.4,ng/m³
East Jakarta Mayor Office,bc_880,2024-07-13T17:00:00Z,5.46,ng/m³
East Jakarta Mayor Office,bc_880,2024-07-14T17:00:00Z,5.55,ng/m³
East Jakarta Mayor Office,bc_880,2024-07-15T17:00:00Z,4.73,ng/m³
East Jakarta Mayor Office,bc_880,2024-07-16T17:00:00Z,5.6,ng/m³
East Jakarta Mayor Office,bc_880,2024-07-17T17:00:00Z,4.59,ng/m³
East Jakarta Mayor Office,bc_880,2024-07-18T17:00:00Z,4.2,ng/m³
East Jakarta Mayor Office,bc_880,2024-07-19T17:00:00Z,6.18,ng/m³
East Jakarta Mayor Office,bc_880,2024-07-21T17:00:00Z,4.42,ng/m³
East Jakarta Mayor Office,bc_880,2024-07-22T17:00:00Z,3.8,ng/m³
East Jakarta Mayor Office,bc_880,2024-07-23T17:00:00Z,5.9,ng/m³
East Jakarta Mayor Office,bc_880,2024-07-24T17:00:00Z,3.81,ng/m³
East Jakarta Mayor Office,bc_880,2024-07-25T17:00:00Z,4.9,ng/m³
East Jakarta Mayor Office,bc_880,2024-07-26T17:00:00Z,6.07,ng/m³
East Jakarta Mayor Office,bc_880,2024-07-27T17:00:00Z,4.95,ng/m³
East Jakarta Mayor Office,bc_880,2024-07-28T17:00:00Z,3.87,ng/m³
East Jakarta Mayor Office,bc_880,2024-07-29T17:00:00Z,5.55,ng/m³
East Jakarta Mayor Office,bc_880,2024-07-30T17:00:00Z,7.46,ng/m³
East Jakarta Mayor Office,bc_880,2024-07-31T17:00:00Z,4.43,ng/m³
East Jakarta Mayor Office,bc_880,2024-08-01T17:00:00Z,3.86,ng/m³
East Jakarta Mayor Office,bc_880,2024-08-02T17:00:00Z,3.84,ng/m³
East Jakarta Mayor Office,bc_880,2024-08-03T17:00:00Z,4.2,ng/m³
East Jakarta Mayor Office,bc_880,2024-08-04T17:00:00Z,3.3,ng/m³
East Jakarta Mayor Office,bc_880,2024-08-05T17:00:00Z,4.9,ng/m³
East Jakarta Mayor Office,bc_880,2024-08-12T17:00:00Z,4.21,ng/m³
East Jakarta Mayor Office,bc_880,2024-08-13T17:00:00Z,5.53,ng/m³
East Jakarta Mayor Office,bc_880,2024-08-14T17:00:00Z,4.25,ng/m³
East Jakarta Mayor Office,bc_880,2024-08-15T17:00:00Z,5.14,ng/m³
East Jakarta Mayor Office,bc_880,2024-08-16T17:00:00Z,4.5,ng/m³
East Jakarta Mayor Office,bc_880,2024-08-17T17:00:00Z,3.74,ng/m³
East Jakarta Mayor Office,bc_880,2024-08-18T17:00:00Z,4.48,ng/m³
East Jakarta Mayor Office,bc_880,2024-08-19T17:00:00Z,5.08,ng/m³
East Jakarta Mayor Office,bc_880,2024-08-20T17:00:00Z,5.39,ng/m³
East Jakarta Mayor Office,bc_880,2024-08-21T17:00:00Z,4.61,ng/m³
East Jakarta Mayor Office,bc_880,2024-08-22T17:00:00Z,3.33,ng/m³
East Jakarta Mayor Office,bc_880,2024-08-23T17:00:00Z,5.03,ng/m³
East Jakarta Mayor Office,bc_880,2024-08-24T17:00:00Z,3.69,ng/m³
East Jakarta Mayor Office,bc_880,2024-08-25T17:00:00Z,4.53,ng/m³
East Jakarta Mayor Office,bc_880,2024-08-26T17:00:00Z,5.58,ng/m³
East Jakarta Mayor Office,bc_880,2024-08-27T17:00:00Z,3.86,ng/m³
East Jakarta Mayor Office,bc_880,2024-08-29T17:00:00Z,2.69,ng/m³
East Jakarta Mayor Office,bc_880,2024-08-30T17:00:00Z,3.51,ng/m³
East Jakarta Mayor Office,bc_880,2024-08-31T17:00:00Z,3.18,ng/m³
East Jakarta Mayor Office,bc_880,2024-09-01T17:00:00Z,3.12,ng/m³
East Jakarta Mayor Office,bc_880,2024-09-02T17:00:00Z,3.7,ng/m³
East Jakarta Mayor Office,bc_880,2024-09-03T17:00:00Z,3.05,ng/m³
East Jakarta Mayor Office,bc_880,2024-09-04T17:00:00Z,3.02,ng/m³
East Jakarta Mayor Office,bc_880,2024-09-05T17:00:00Z,3.95,ng/m³
East Jakarta Mayor Office,bc_880,2024-09-06T17:00:00Z,3.31,ng/m³
East Jakarta Mayor Office,bc_880,2024-09-07T17:00:00Z,2.63,ng/m³
East Jakarta Mayor Office,bc_880,2024-09-08T17:00:00Z,3.24,ng/m³
East Jakarta Mayor Office,bc_880,2024-09-09T17:00:00Z,4.5,ng/m³
East Jakarta Mayor Office,bc_880,2024-09-10T17:00:00Z,3.03,ng/m³
East Jakarta Mayor Office,bc_880,2024-09-11T17:00:00Z,3.45,ng/m³
East Jakarta Mayor Office,bc_880,2024-09-12T17:00:00Z,2.89,ng/m³
East Jakarta Mayor Office,bc_880,2024-09-13T17:00:00Z,4.17,ng/m³
East Jakarta Mayor Office,bc_880,2024-09-14T17:00:00Z,3.51,ng/m³
East Jakarta Mayor Office,bc_880,2024-09-15T17:00:00Z,3.97,ng/m³
East Jakarta Mayor Office,bc_880,2024-09-16T17:00:00Z,4.43,ng/m³
East Jakarta Mayor Office,bc_880,2024-09-17T17:00:00Z,3.64,ng/m³
East Jakarta Mayor Office,bc_880,2024-09-18T17:00:00Z,5.35,ng/m³
East Jakarta Mayor Office,bc_880,2024-09-19T17:00:00Z,5.07,ng/m³
East Jakarta Mayor Office,bc_880,2024-09-20T17:00:00Z,4.64,ng/m³
East Jakarta Mayor Office,bc_880,2024-09-21T17:00:00Z,4.15,ng/m³
East Jakarta Mayor Office,bc_880,2024-09-22T17:00:00Z,2.9,ng/m³
East Jakarta Mayor Office,bc_880,2024-09-23T17:00:00Z,4.52,ng/m³
East Jakarta Mayor Office,bc_880,2024-09-24T17:00:00Z,5.05,ng/m³
East Jakarta Mayor Office,bc_880,2024-09-25T17:00:00Z,3.97,ng/m³
East Jakarta Mayor Office,bc_880,2024-09-26T17:00:00Z,3.56,ng/m³
East Jakarta Mayor Office,bc_880,2024-09-27T17:00:00Z,3.41,ng/m³
East Jakarta Mayor Office,bc_880,2024-09-28T17:00:00Z,3.16,ng/m³
East Jakarta Mayor Office,bc_880,2024-09-29T17:00:00Z,2.98,ng/m³
East Jakarta Mayor Office,bc_880,2024-09-30T17:00:00Z,4.48,ng/m³
East Jakarta Mayor Office,bc_880,2024-10-01T17:00:00Z,3.83,ng/m³
East Jakarta Mayor Office,bc_880,2024-10-02T17:00:00Z,5.16,ng/m³
East Jakarta Mayor Office,bc_880,2024-10-03T17:00:00Z,3.72,ng/m³
East Jakarta Mayor Office,bc_880,2024-10-04T17:00:00Z,3.81,ng/m³
East Jakarta Mayor Office,bc_880,2024-10-05T17:00:00Z,4.39,ng/m³
East Jakarta Mayor Office,bc_880,2024-10-06T17:00:00Z,13.8,ng/m³
East Jakarta Mayor Office,bc_880,2024-10-07T17:00:00Z,3.29,ng/m³
East Jakarta Mayor Office,bc_880,2024-10-08T17:00:00Z,3.24,ng/m³
East Jakarta Mayor Office,bc_880,2024-10-09T17:00:00Z,4.33,ng/m³
East Jakarta Mayor Office,bc_880,2024-10-10T17:00:00Z,4.05,ng/m³
East Jakarta Mayor Office,bc_880,2024-10-11T17:00:00Z,3.99,ng/m³
East Jakarta Mayor Office,bc_880,2024-10-12T17:00:00Z,4.39,ng/m³
East Jakarta Mayor Office,bc_880,2024-10-13T17:00:00Z,4.07,ng/m³
East Jakarta Mayor Office,bc_880,2024-10-14T17:00:00Z,4.55,ng/m³
East Jakarta Mayor Office,bc_880,2024-10-15T17:00:00Z,4.27,ng/m³
East Jakarta Mayor Office,bc_880,2024-10-16T17:00:00Z,3.78,ng/m³
East Jakarta Mayor Office,bc_880,2024-10-17T17:00:00Z,4.18,ng/m³
East Jakarta Mayor Office,bc_880,2024-10-18T17:00:00Z,11.2,ng/m³
East Jakarta Mayor Office,bc_880,2024-10-20T17:00:00Z,2.35,ng/m³
East Jakarta Mayor Office,bc_880,2024-10-21T17:00:00Z,6.09,ng/m³
East Jakarta Mayor Office,bc_880,2024-10-22T17:00:00Z,3.48,ng/m³
East Jakarta Mayor Office,bc_880,2024-10-23T17:00:00Z,2.94,ng/m³
East Jakarta Mayor Office,bc_880,2024-10-24T17:00:00Z,1.86,ng/m³
East Jakarta Mayor Office,bc_880,2024-10-29T17:00:00Z,3.84,ng/m³
East Jakarta Mayor Office,bc_880,2024-10-30T17:00:00Z,3.89,ng/m³
East Jakarta Mayor Office,bc_880,2024-10-31T17:00:00Z,4.05,ng/m³
East Jakarta Mayor Office,bc_880,2024-11-01T17:00:00Z,3.61,ng/m³
East Jakarta Mayor Office,bc_880,2024-11-02T17:00:00Z,3.26,ng/m³
East Jakarta Mayor Office,bc_880,2024-11-03T17:00:00Z,3.51,ng/m³
East Jakarta Mayor Office,bc_880,2024-11-04T17:00:00Z,3.21,ng/m³
East Jakarta Mayor Office,bc_880,2024-11-05T17:00:00Z,3.32,ng/m³
East Jakarta Mayor Office,bc_880,2024-11-06T17:00:00Z,4.39,ng/m³
East Jakarta Mayor Office,bc_880,2024-11-07T17:00:00Z,3.97,ng/m³
East Jakarta Mayor Office,bc_880,2024-11-08T17:00:00Z,5.0,ng/m³
East Jakarta Mayor Office,bc_880,2024-11-09T17:00:00Z,4.28,ng/m³
East Jakarta Mayor Office,bc_880,2024-11-10T17:00:00Z,3.89,ng/m³
East Jakarta Mayor Office,bc_880,2024-11-11T17:00:00Z,3.73,ng/m³
East Jakarta Mayor Office,bc_880,2024-11-12T17:00:00Z,5.64,ng/m³
East Jakarta Mayor Office,bc_880,2024-11-13T17:00:00Z,4.46,ng/m³
East Jakarta Mayor Office,bc_880,2024-11-14T17:00:00Z,4.61,ng/m³
East Jakarta Mayor Office,bc_880,2024-11-15T17:00:00Z,4.6,ng/m³
East Jakarta Mayor Office,bc_880,2024-11-16T17:00:00Z,6.93,ng/m³
East Jakarta Mayor Office,bc_880,2024-11-17T17:00:00Z,2.54,ng/m³
East Jakarta Mayor Office,bc_880,2024-11-18T17:00:00Z,3.53,ng/m³
East Jakarta Mayor Office,bc_880,2024-11-19T17:00:00Z,3.25,ng/m³
East Jakarta Mayor Office,bc_880,2024-11-20T17:00:00Z,3.17,ng/m³
East Jakarta Mayor Office,bc_880,2024-11-21T17:00:00Z,2.17,ng/m³
East Jakarta Mayor Office,bc_880,2024-11-22T17:00:00Z,3.39,ng/m³
East Jakarta Mayor Office,bc_880,2024-11-23T17:00:00Z,2.68,ng/m³
East Jakarta Mayor Office,bc_880,2024-11-24T17:00:00Z,3.4,ng/m³
East Jakarta Mayor Office,bc_880,2024-11-25T17:00:00Z,4.06,ng/m³
East Jakarta Mayor Office,bc_880,2024-11-26T17:00:00Z,3.19,ng/m³
East Jakarta Mayor Office,bc_880,2024-11-27T17:00:00Z,2.24,ng/m³
East Jakarta Mayor Office,bc_880,2024-11-28T17:00:00Z,2.15,ng/m³
East Jakarta Mayor Office,bc_880,2024-11-29T17:00:00Z,1.85,ng/m³
East Jakarta Mayor Office,bc_880,2024-11-30T17:00:00Z,1.64,ng/m³
East Jakarta Mayor Office,bc_880,2024-12-01T17:00:00Z,1.35,ng/m³
East Jakarta Mayor Office,bc_880,2024-12-02T17:00:00Z,0.764,ng/m³
East Jakarta Mayor Office,bc_880,2024-12-03T17:00:00Z,1.05,ng/m³
East Jakarta Mayor Office,bc_880,2024-12-04T17:00:00Z,1.12,ng/m³
East Jakarta Mayor Office,bc_880,2024-12-05T17:00:00Z,2.03,ng/m³
East Jakarta Mayor Office,bc_880,2024-12-06T17:00:00Z,9.07,ng/m³
East Jakarta Mayor Office,bc_880,2024-12-07T17:00:00Z,3.98,ng/m³
East Jakarta Mayor Office,bc_880,2024-12-08T17:00:00Z,5.83,ng/m³
East Jakarta Mayor Office,bc_880,2024-12-09T17:00:00Z,1.11,ng/m³
East Jakarta Mayor Office,bc_880,2024-12-10T17:00:00Z,1.12,ng/m³
East Jakarta Mayor Office,bc_880,2024-12-11T17:00:00Z,0.845,ng/m³
East Jakarta Mayor Office,bc_880,2024-12-12T17:00:00Z,1.68,ng/m³
East Jakarta Mayor Office,bc_880,2024-12-13T17:00:00Z,1.04,ng/m³
East Jakarta Mayor Office,bc_880,2024-12-14T17:00:00Z,1.43,ng/m³
East Jakarta Mayor Office,bc_880,2024-12-15T17:00:00Z,1.57,ng/m³
East Jakarta Mayor Office,bc_880,2024-12-16T17:00:00Z,1.4,ng/m³
East Jakarta Mayor Office,bc_880,2024-12-17T17:00:00Z,1.39,ng/m³
East Jakarta Mayor Office,bc_880,2024-12-18T17:00:00Z,1.42,ng/m³
East Jakarta Mayor Office,bc_880,2024-12-19T17:00:00Z,2.01,ng/m³
East Jakarta Mayor Office,bc_880,2024-12-20T17:00:00Z,2.5,ng/m³
East Jakarta Mayor Office,bc_880,2024-12-21T17:00:00Z,2.49,ng/m³
East Jakarta Mayor Office,bc_880,2024-12-22T17:00:00Z,4.2,ng/m³
East Jakarta Mayor Office,bc_880,2024-12-23T17:00:00Z,1.57,ng/m³
East Jakarta Mayor Office,bc_880,2024-12-24T17:00:00Z,2.16,ng/m³
East Jakarta Mayor Office,bc_880,2024-12-25T17:00:00Z,2.67,ng/m³
East Jakarta Mayor Office,bc_880,2024-12-26T17:00:00Z,3.42,ng/m³
East Jakarta Mayor Office,bc_880,2024-12-27T17:00:00Z,1.93,ng/m³
East Jakarta Mayor Office,bc_880,2024-12-28T17:00:00Z,2.51,ng/m³
East Jakarta Mayor Office,bc_880,2024-12-29T17:00:00Z,1.23,ng/m³
East Jakarta Mayor Office,bc_880,2024-12-30T17:00:00Z,1.05,ng/m³
East Jakarta Mayor Office,bc_880,2024-12-31T17:00:00Z,1.16,ng/m³
East Jakarta Mayor Office,bc_880,2025-01-01T17:00:00Z,1.05,ng/m³
East Jakarta Mayor Office,bc_880,2025-01-02T17:00:00Z,3.01,ng/m³
East Jakarta Mayor Office,bc_880,2025-01-03T17:00:00Z,1.48,ng/m³
East Jakarta Mayor Office,bc_880,2025-01-04T17:00:00Z,1.74,ng/m³
East Jakarta Mayor Office,bc_880,2025-01-05T17:00:00Z,5.34,ng/m³
East Jakarta Mayor Office,bc_880,2025-01-06T17:00:00Z,1.8,ng/m³
East Jakarta Mayor Office,bc_880,2025-01-07T17:00:00Z,1.58,ng/m³
East Jakarta Mayor Office,bc_880,2025-01-08T17:00:00Z,1.92,ng/m³
East Jakarta Mayor Office,bc_880,2025-01-09T17:00:00Z,3.68,ng/m³
East Jakarta Mayor Office,bc_880,2025-01-10T17:00:00Z,2.15,ng/m³
East Jakarta Mayor Office,bc_880,2025-01-11T17:00:00Z,1.88,ng/m³
East Jakarta Mayor Office,bc_880,2025-01-12T17:00:00Z,1.6,ng/m³
East Jakarta Mayor Office,bc_880,2025-01-13T17:00:00Z,1.83,ng/m³
East Jakarta Mayor Office,bc_880,2025-01-14T17:00:00Z,2.04,ng/m³
East Jakarta Mayor Office,bc_880,2025-01-15T17:00:00Z,1.93,ng/m³
East Jakarta Mayor Office,bc_880,2025-01-16T17:00:00Z,1.75,ng/m³
East Jakarta Mayor Office,bc_880,2025-01-17T17:00:00Z,1.06,ng/m³
East Jakarta Mayor Office,bc_880,2025-01-18T17:00:00Z,1.07,ng/m³
East Jakarta Mayor Office,bc_880,2025-01-19T17:00:00Z,2.31,ng/m³
East Jakarta Mayor Office,bc_880,2025-01-20T17:00:00Z,3.19,ng/m³
East Jakarta Mayor Office,bc_880,2025-01-21T17:00:00Z,2.79,ng/m³
East Jakarta Mayor Office,bc_880,2025-01-22T17:00:00Z,2.45,ng/m³
East Jakarta Mayor Office,bc_880,2025-01-23T17:00:00Z,3.49,ng/m³
East Jakarta Mayor Office,bc_880,2025-01-24T17:00:00Z,4.24,ng/m³
East Jakarta Mayor Office,bc_880,2025-01-25T17:00:00Z,1.97,ng/m³
East Jakarta Mayor Office,bc_880,2025-01-26T17:00:00Z,1.44,ng/m³
East Jakarta Mayor Office,bc_880,2025-01-27T17:00:00Z,1.78,ng/m³
East Jakarta Mayor Office,bc_880,2025-01-28T17:00:00Z,0.794,ng/m³
East Jakarta Mayor Office,bc_880,2025-01-29T17:00:00Z,0.931,ng/m³
East Jakarta Mayor Office,bc_880,2025-01-30T17:00:00Z,1.9,ng/m³
East Jakarta Mayor Office,bc_880,2025-01-31T17:00:00Z,1.99,ng/m³
East Jakarta Mayor Office,bc_880,2025-02-01T17:00:00Z,1.29,ng/m³
East Jakarta Mayor Office,bc_880,2025-02-02T17:00:00Z,1.73,ng/m³
East Jakarta Mayor Office,bc_880,2025-02-03T17:00:00Z,3.57,ng/m³
East Jakarta Mayor Office,bc_880,2025-02-04T17:00:00Z,1.6,ng/m³
East Jakarta Mayor Office,bc_880,2025-02-05T17:00:00Z,1.5,ng/m³
East Jakarta Mayor Office,bc_880,2025-02-06T17:00:00Z,2.01,ng/m³
East Jakarta Mayor Office,bc_880,2025-02-07T17:00:00Z,2.02,ng/m³
East Jakarta Mayor Office,bc_880,2025-02-08T17:00:00Z,1.71,ng/m³
East Jakarta Mayor Office,bc_880,2025-02-09T17:00:00Z,2.17,ng/m³
East Jakarta Mayor Office,bc_880,2025-02-10T17:00:00Z,2.47,ng/m³
East Jakarta Mayor Office,bc_880,2025-02-11T17:00:00Z,4.35,ng/m³
East Jakarta Mayor Office,bc_880,2025-02-12T17:00:00Z,3.19,ng/m³
East Jakarta Mayor Office,bc_880,2025-02-13T17:00:00Z,3.07,ng/m³
East Jakarta Mayor Office,bc_880,2025-02-14T17:00:00Z,1.49,ng/m³
East Jakarta Mayor Office,bc_880,2025-02-15T17:00:00Z,2.78,ng/m³
East Jakarta Mayor Office,bc_880,2025-02-16T17:00:00Z,3.68,ng/m³
East Jakarta Mayor Office,bc_880,2025-03-08T17:00:00Z,2.07,ng/m³
East Jakarta Mayor Office,bc_880,2025-03-09T17:00:00Z,4.01,ng/m³
East Jakarta Mayor Office,bc_880,2025-03-10T17:00:00Z,4.04,ng/m³
East Jakarta Mayor Office,bc_880,2025-03-11T17:00:00Z,2.03,ng/m³
East Jakarta Mayor Office,bc_880,2025-03-12T17:00:00Z,3.9,ng/m³
East Jakarta Mayor Office,bc_880,2025-03-13T17:00:00Z,2.36,ng/m³
East Jakarta Mayor Office,bc_880,2025-03-14T17:00:00Z,1.42,ng/m³
East Jakarta Mayor Office,bc_880,2025-03-15T17:00:00Z,1.13,ng/m³
East Jakarta Mayor Office,bc_880,2025-03-16T17:00:00Z,1.86,ng/m³
East Jakarta Mayor Office,bc_880,2025-03-17T17:00:00Z,1.52,ng/m³
East Jakarta Mayor Office,bc_880,2025-03-18T17:00:00Z,1.28,ng/m³
East Jakarta Mayor Office,bc_880,2025-03-19T17:00:00Z,1.68,ng/m³
East Jakarta Mayor Office,bc_880,2025-03-20T17:00:00Z,1.15,ng/m³
East Jakarta Mayor Office,bc_880,2025-03-21T17:00:00Z,3.96,ng/m³
East Jakarta Mayor Office,bc_880,2025-03-22T17:00:00Z,2.2,ng/m³
East Jakarta Mayor Office,bc_880,2025-03-23T17:00:00Z,2.56,ng/m³
East Jakarta Mayor Office,bc_880,2025-03-24T17:00:00Z,1.64,ng/m³
East Jakarta Mayor Office,bc_880,2025-03-25T17:00:00Z,3.47,ng/m³
East Jakarta Mayor Office,bc_880,2025-03-26T17:00:00Z,4.32,ng/m³
East Jakarta Mayor Office,bc_880,2025-03-27T17:00:00Z,0.778,ng/m³
East Jakarta Mayor Office,bc_880,2025-03-28T17:00:00Z,0.866,ng/m³
East Jakarta Mayor Office,bc_880,2025-03-29T17:00:00Z,1.05,ng/m³
East Jakarta Mayor Office,bc_880,2025-03-30T17:00:00Z,0.658,ng/m³
East Jakarta Mayor Office,bc_880,2025-03-31T17:00:00Z,1.02,ng/m³
East Jakarta Mayor Office,bc_880,2025-04-01T17:00:00Z,1.6,ng/m³
East Jakarta Mayor Office,bc_880,2025-04-02T17:00:00Z,1.47,ng/m³
East Jakarta Mayor Office,bc_880,2025-04-03T17:00:00Z,1.79,ng/m³
East Jakarta Mayor Office,bc_880,2025-04-04T17:00:00Z,2.5,ng/m³
East Jakarta Mayor Office,bc_880,2025-04-05T17:00:00Z,2.55,ng/m³
East Jakarta Mayor Office,bc_880,2025-04-06T17:00:00Z,2.3,ng/m³
East Jakarta Mayor Office,bc_880,2025-04-07T17:00:00Z,2.04,ng/m³
East Jakarta Mayor Office,bc_880,2025-04-08T17:00:00Z,3.96,ng/m³
East Jakarta Mayor Office,bc_880,2025-04-09T17:00:00Z,3.66,ng/m³
East Jakarta Mayor Office,bc_880,2025-04-10T17:00:00Z,4.56,ng/m³
East Jakarta Mayor Office,bc_880,2025-04-11T17:00:00Z,4.57,ng/m³
East Jakarta Mayor Office,bc_880,2025-04-12T17:00:00Z,2.38,ng/m³
East Jakarta Mayor Office,bc_880,2025-04-13T17:00:00Z,1.43,ng/m³
East Jakarta Mayor Office,bc_880,2025-04-14T17:00:00Z,2.92,ng/m³
East Jakarta Mayor Office,bc_880,2025-04-15T17:00:00Z,4.36,ng/m³
East Jakarta Mayor Office,bc_880,2025-04-16T17:00:00Z,3.63,ng/m³
East Jakarta Mayor Office,bc_880,2025-04-17T17:00:00Z,3.88,ng/m³
East Jakarta Mayor Office,bc_880,2025-04-18T17:00:00Z,3.79,ng/m³
East Jakarta Mayor Office,bc_880,2025-04-19T17:00:00Z,2.25,ng/m³
East Jakarta Mayor Office,bc_880,2025-04-20T17:00:00Z,2.78,ng/m³
East Jakarta Mayor Office,bc_880,2025-04-21T17:00:00Z,6.34,ng/m³
East Jakarta Mayor Office,bc_880,2025-04-22T17:00:00Z,4.64,ng/m³
East Jakarta Mayor Office,bc_880,2025-04-23T17:00:00Z,5.85,ng/m³
East Jakarta Mayor Office,bc_880,2025-04-24T17:00:00Z,3.43,ng/m³
East Jakarta Mayor Office,bc_880,2025-04-25T17:00:00Z,4.4,ng/m³
East Jakarta Mayor Office,bc_880,2025-04-26T17:00:00Z,3.4,ng/m³
East Jakarta Mayor Office,bc_880,2025-04-27T17:00:00Z,3.33,ng/m³
East Jakarta Mayor Office,bc_880,2025-04-28T17:00:00Z,4.43,ng/m³
East Jakarta Mayor Office,bc_880,2025-04-29T17:00:00Z,4.2,ng/m³
East Jakarta Mayor Office,bc_880,2025-04-30T17:00:00Z,4.0,ng/m³
East Jakarta Mayor Office,bc_880,2025-05-01T17:00:00Z,3.82,ng/m³
East Jakarta Mayor Office,bc_880,2025-05-02T17:00:00Z,4.85,ng/m³
East Jakarta Mayor Office,bc_880,2025-05-03T17:00:00Z,4.49,ng/m³
East Jakarta Mayor Office,bc_880,2025-05-04T17:00:00Z,7.46,ng/m³
East Jakarta Mayor Office,bc_880,2025-05-05T17:00:00Z,4.13,ng/m³
East Jakarta Mayor Office,bc_880,2025-05-06T17:00:00Z,5.78,ng/m³
East Jakarta Mayor Office,bc_880,2025-05-07T17:00:00Z,7.28,ng/m³
East Jakarta Mayor Office,bc_880,2025-05-08T17:00:00Z,3.82,ng/m³
East Jakarta Mayor Office,bc_880,2025-05-09T17:00:00Z,4.73,ng/m³
East Jakarta Mayor Office,bc_880,2025-05-10T17:00:00Z,7.57,ng/m³
East Jakarta Mayor Office,bc_880,2025-05-26T17:00:00Z,2.56,ng/m³
East Jakarta Mayor Office,bc_880,2025-05-27T17:00:00Z,8.61,ng/m³
East Jakarta Mayor Office,bc_880,2025-05-28T17:00:00Z,6.1,ng/m³
East Jakarta Mayor Office,bc_880,2025-05-29T17:00:00Z,4.62,ng/m³
East Jakarta Mayor Office,bc_880,2025-05-30T17:00:00Z,6.09,ng/m³
East Jakarta Mayor Office,bc_880,2025-05-31T17:00:00Z,5.17,ng/m³
East Jakarta Mayor Office,bc_880,2025-06-01T17:00:00Z,7.06,ng/m³
East Jakarta Mayor Office,bc_880,2025-06-02T17:00:00Z,3.95,ng/m³
East Jakarta Mayor Office,bc_880,2025-06-03T17:00:00Z,7.55,ng/m³
East Jakarta Mayor Office,bc_880,2025-06-04T17:00:00Z,9.41,ng/m³
East Jakarta Mayor Office,bc_880,2025-06-05T17:00:00Z,3.12,ng/m³
East Jakarta Mayor Office,bc_880,2025-06-06T17:00:00Z,6.27,ng/m³
East Jakarta Mayor Office,bc_880,2025-06-07T17:00:00Z,4.63,ng/m³
East Jakarta Mayor Office,bc_880,2025-06-08T17:00:00Z,5.47,ng/m³
East Jakarta Mayor Office,bc_880,2025-06-09T17:00:00Z,3.84,ng/m³
East Jakarta Mayor Office,bc_880,2025-06-10T17:00:00Z,3.75,ng/m³
East Jakarta Mayor Office,bc_880,2025-06-11T17:00:00Z,6.45,ng/m³
East Jakarta Mayor Office,bc_880,2025-06-12T17:00:00Z,5.37,ng/m³
East Jakarta Mayor Office,bc_880,2025-06-13T17:00:00Z,4.93,ng/m³
East Jakarta Mayor Office,bc_880,2025-06-14T17:00:00Z,4.61,ng/m³
East Jakarta Mayor Office,bc_880,2025-06-15T17:00:00Z,3.98,ng/m³
East Jakarta Mayor Office,bc_880,2025-06-16T17:00:00Z,3.58,ng/m³
East Jakarta Mayor Office,bc_880,2025-06-17T17:00:00Z,3.7,ng/m³
East Jakarta Mayor Office,bc_880,2025-06-18T17:00:00Z,8.02,ng/m³
East Jakarta Mayor Office,bc_880,2025-06-19T17:00:00Z,4.25,ng/m³
East Jakarta Mayor Office,bc_880,2025-06-20T17:00:00Z,4.52,ng/m³
East Jakarta Mayor Office,bc_880,2025-06-21T17:00:00Z,4.85,ng/m³
East Jakarta Mayor Office,bc_880,2025-06-22T17:00:00Z,3.06,ng/m³
East Jakarta Mayor Office,bc_880,2025-06-23T17:00:00Z,6.41,ng/m³
East Jakarta Mayor Office,bc_880,2025-06-24T17:00:00Z,7.98,ng/m³
East Jakarta Mayor Office,bc_880,2025-06-25T17:00:00Z,7.04,ng/m³
East Jakarta Mayor Office,bc_880,2025-06-26T17:00:00Z,5.48,ng/m³
East Jakarta Mayor Office,bc_880,2025-06-27T17:00:00Z,5.67,ng/m³
East Jakarta Mayor Office,bc_880,2025-06-28T17:00:00Z,9.0,ng/m³
East Jakarta Mayor Office,bc_880,2025-06-29T17:00:00Z,4.11,ng/m³
East Jakarta Mayor Office,pm25,2023-09-29T17:00:00Z,70.3,µg/m³
East Jakarta Mayor Office,pm25,2023-09-30T17:00:00Z,64.7,µg/m³
East Jakarta Mayor Office,pm25,2023-10-01T17:00:00Z,57.4,µg/m³
East Jakarta Mayor Office,pm25,2023-10-02T17:00:00Z,40.1,µg/m³
East Jakarta Mayor Office,pm25,2023-10-03T17:00:00Z,51.2,µg/m³
East Jakarta Mayor Office,pm25,2023-10-04T17:00:00Z,45.4,µg/m³
East Jakarta Mayor Office,pm25,2023-10-05T17:00:00Z,59.5,µg/m³
East Jakarta Mayor Office,pm25,2023-10-06T17:00:00Z,67.8,µg/m³
East Jakarta Mayor Office,pm25,2023-10-07T17:00:00Z,46.0,µg/m³
East Jakarta Mayor Office,pm25,2023-10-08T17:00:00Z,37.3,µg/m³
East Jakarta Mayor Office,pm25,2023-10-09T17:00:00Z,42.0,µg/m³
East Jakarta Mayor Office,pm25,2023-10-10T17:00:00Z,46.4,µg/m³
East Jakarta Mayor Office,pm25,2023-10-11T17:00:00Z,52.1,µg/m³
East Jakarta Mayor Office,pm25,2023-10-12T17:00:00Z,51.0,µg/m³
East Jakarta Mayor Office,pm25,2023-10-13T17:00:00Z,47.0,µg/m³
East Jakarta Mayor Office,pm25,2023-10-14T17:00:00Z,38.4,µg/m³
East Jakarta Mayor Office,pm25,2023-10-15T17:00:00Z,49.6,µg/m³
East Jakarta Mayor Office,pm25,2023-10-16T17:00:00Z,47.0,µg/m³
East Jakarta Mayor Office,pm25,2023-10-17T17:00:00Z,69.3,µg/m³
East Jakarta Mayor Office,pm25,2023-10-18T17:00:00Z,28.2,µg/m³
East Jakarta Mayor Office,pm25,2023-10-19T17:00:00Z,46.5,µg/m³
East Jakarta Mayor Office,pm25,2023-10-20T17:00:00Z,48.5,µg/m³
East Jakarta Mayor Office,pm25,2023-10-21T17:00:00Z,40.7,µg/m³
East Jakarta Mayor Office,pm25,2023-10-22T17:00:00Z,46.9,µg/m³
East Jakarta Mayor Office,pm25,2023-10-23T17:00:00Z,50.3,µg/m³
East Jakarta Mayor Office,pm25,2023-10-24T17:00:00Z,50.8,µg/m³
East Jakarta Mayor Office,pm25,2023-10-25T17:00:00Z,67.1,µg/m³
East Jakarta Mayor Office,pm25,2023-10-26T17:00:00Z,65.8,µg/m³
East Jakarta Mayor Office,pm25,2023-10-29T17:00:00Z,47.6,µg/m³
East Jakarta Mayor Office,pm25,2023-10-30T17:00:00Z,60.1,µg/m³
East Jakarta Mayor Office,pm25,2023-10-31T17:00:00Z,50.5,µg/m³
East Jakarta Mayor Office,pm25,2023-11-01T17:00:00Z,55.1,µg/m³
East Jakarta Mayor Office,pm25,2023-11-02T17:00:00Z,59.6,µg/m³
East Jakarta Mayor Office,pm25,2023-11-03T17:00:00Z,60.1,µg/m³
East Jakarta Mayor Office,pm25,2023-11-04T17:00:00Z,38.2,µg/m³
East Jakarta Mayor Office,pm25,2023-11-05T17:00:00Z,41.7,µg/m³
East Jakarta Mayor Office,pm25,2023-11-06T17:00:00Z,44.1,µg/m³
East Jakarta Mayor Office,pm25,2023-11-07T17:00:00Z,46.6,µg/m³
East Jakarta Mayor Office,pm25,2023-11-08T17:00:00Z,62.2,µg/m³
East Jakarta Mayor Office,pm25,2023-11-09T17:00:00Z,56.2,µg/m³
East Jakarta Mayor Office,pm25,2023-11-10T17:00:00Z,50.9,µg/m³
East Jakarta Mayor Office,pm25,2023-11-11T17:00:00Z,50.3,µg/m³
East Jakarta Mayor Office,pm25,2023-11-12T17:00:00Z,49.8,µg/m³
East Jakarta Mayor Office,pm25,2023-11-13T17:00:00Z,37.3,µg/m³
East Jakarta Mayor Office,pm25,2023-11-14T17:00:00Z,33.5,µg/m³
East Jakarta Mayor Office,pm25,2023-11-15T17:00:00Z,41.1,µg/m³
East Jakarta Mayor Office,pm25,2023-11-16T17:00:00Z,41.2,µg/m³
East Jakarta Mayor Office,pm25,2023-11-17T17:00:00Z,43.0,µg/m³
East Jakarta Mayor Office,pm25,2023-11-18T17:00:00Z,37.5,µg/m³
East Jakarta Mayor Office,pm25,2023-11-19T17:00:00Z,36.6,µg/m³
East Jakarta Mayor Office,pm25,2023-11-20T17:00:00Z,42.6,µg/m³
East Jakarta Mayor Office,pm25,2023-11-21T17:00:00Z,34.1,µg/m³
East Jakarta Mayor Office,pm25,2023-11-22T17:00:00Z,51.1,µg/m³
East Jakarta Mayor Office,pm25,2023-11-23T17:00:00Z,64.0,µg/m³
East Jakarta Mayor Office,pm25,2023-11-24T17:00:00Z,29.2,µg/m³
East Jakarta Mayor Office,pm25,2023-11-25T17:00:00Z,42.0,µg/m³
East Jakarta Mayor Office,pm25,2023-11-26T17:00:00Z,33.2,µg/m³
East Jakarta Mayor Office,pm25,2023-11-27T17:00:00Z,42.5,µg/m³
East Jakarta Mayor Office,pm25,2023-11-28T17:00:00Z,29.9,µg/m³
East Jakarta Mayor Office,pm25,2023-11-29T17:00:00Z,26.7,µg/m³
East Jakarta Mayor Office,pm25,2023-11-30T17:00:00Z,34.5,µg/m³
East Jakarta Mayor Office,pm25,2023-12-01T17:00:00Z,41.7,µg/m³
East Jakarta Mayor Office,pm25,2023-12-02T17:00:00Z,25.0,µg/m³
East Jakarta Mayor Office,pm25,2023-12-03T17:00:00Z,36.0,µg/m³
East Jakarta Mayor Office,pm25,2023-12-04T17:00:00Z,38.8,µg/m³
East Jakarta Mayor Office,pm25,2023-12-05T17:00:00Z,41.2,µg/m³
East Jakarta Mayor Office,pm25,2023-12-06T17:00:00Z,42.5,µg/m³
East Jakarta Mayor Office,pm25,2023-12-07T17:00:00Z,59.5,µg/m³
East Jakarta Mayor Office,pm25,2023-12-08T17:00:00Z,38.7,µg/m³
East Jakarta Mayor Office,pm25,2023-12-09T17:00:00Z,44.2,µg/m³
East Jakarta Mayor Office,pm25,2023-12-10T17:00:00Z,47.7,µg/m³
East Jakarta Mayor Office,pm25,2023-12-11T17:00:00Z,41.3,µg/m³
East Jakarta Mayor Office,pm25,2023-12-12T17:00:00Z,52.0,µg/m³
East Jakarta Mayor Office,pm25,2023-12-13T17:00:00Z,47.9,µg/m³
East Jakarta Mayor Office,pm25,2023-12-14T17:00:00Z,40.1,µg/m³
East Jakarta Mayor Office,pm25,2023-12-15T17:00:00Z,38.7,µg/m³
East Jakarta Mayor Office,pm25,2023-12-17T17:00:00Z,45.1,µg/m³
East Jakarta Mayor Office,pm25,2023-12-18T17:00:00Z,28.6,µg/m³
East Jakarta Mayor Office,pm25,2023-12-19T17:00:00Z,32.1,µg/m³
East Jakarta Mayor Office,pm25,2023-12-20T17:00:00Z,32.0,µg/m³
East Jakarta Mayor Office,pm25,2023-12-21T17:00:00Z,39.8,µg/m³
East Jakarta Mayor Office,pm25,2023-12-28T17:00:00Z,34.6,µg/m³
East Jakarta Mayor Office,pm25,2023-12-29T17:00:00Z,52.0,µg/m³
East Jakarta Mayor Office,pm25,2023-12-30T17:00:00Z,42.5,µg/m³
East Jakarta Mayor Office,pm25,2023-12-31T17:00:00Z,58.7,µg/m³
East Jakarta Mayor Office,pm25,2024-01-01T17:00:00Z,30.7,µg/m³
East Jakarta Mayor Office,pm25,2024-01-02T17:00:00Z,30.1,µg/m³
East Jakarta Mayor Office,pm25,2024-01-03T17:00:00Z,19.8,µg/m³
East Jakarta Mayor Office,pm25,2024-01-04T17:00:00Z,25.4,µg/m³
East Jakarta Mayor Office,pm25,2024-01-05T17:00:00Z,42.6,µg/m³
East Jakarta Mayor Office,pm25,2024-01-06T17:00:00Z,45.2,µg/m³
East Jakarta Mayor Office,pm25,2024-01-07T17:00:00Z,29.1,µg/m³
East Jakarta Mayor Office,pm25,2024-01-08T17:00:00Z,37.9,µg/m³
East Jakarta Mayor Office,pm25,2024-01-09T17:00:00Z,40.3,µg/m³
East Jakarta Mayor Office,pm25,2024-01-10T17:00:00Z,25.3,µg/m³
East Jakarta Mayor Office,pm25,2024-01-11T17:00:00Z,18.4,µg/m³
East Jakarta Mayor Office,pm25,2024-01-12T17:00:00Z,23.2,µg/m³
East Jakarta Mayor Office,pm25,2024-01-13T17:00:00Z,23.1,µg/m³
East Jakarta Mayor Office,pm25,2024-01-14T17:00:00Z,20.2,µg/m³
East Jakarta Mayor Office,pm25,2024-01-15T17:00:00Z,15.4,µg/m³
East Jakarta Mayor Office,pm25,2024-01-16T17:00:00Z,28.8,µg/m³
East Jakarta Mayor Office,pm25,2024-01-17T17:00:00Z,13.7,µg/m³
East Jakarta Mayor Office,pm25,2024-01-18T17:00:00Z,7.88,µg/m³
East Jakarta Mayor Office,pm25,2024-01-19T17:00:00Z,16.3,µg/m³
East Jakarta Mayor Office,pm25,2024-01-20T17:00:00Z,13.4,µg/m³
East Jakarta Mayor Office,pm25,2024-01-21T17:00:00Z,11.7,µg/m³
East Jakarta Mayor Office,pm25,2024-01-22T17:00:00Z,15.4,µg/m³
East Jakarta Mayor Office,pm25,2024-01-23T17:00:00Z,13.8,µg/m³
East Jakarta Mayor Office,pm25,2024-01-24T17:00:00Z,17.5,µg/m³
East Jakarta Mayor Office,pm25,2024-01-25T17:00:00Z,31.4,µg/m³
East Jakarta Mayor Office,pm25,2024-01-26T17:00:00Z,15.9,µg/m³
East Jakarta Mayor Office,pm25,2024-01-27T17:00:00Z,24.1,µg/m³
East Jakarta Mayor Office,pm25,2024-01-28T17:00:00Z,36.4,µg/m³
East Jakarta Mayor Office,pm25,2024-01-29T17:00:00Z,35.7,µg/m³
East Jakarta Mayor Office,pm25,2024-01-30T17:00:00Z,25.2,µg/m³
East Jakarta Mayor Office,pm25,2024-01-31T17:00:00Z,33.7,µg/m³
East Jakarta Mayor Office,pm25,2024-02-01T17:00:00Z,22.7,µg/m³
East Jakarta Mayor Office,pm25,2024-02-02T17:00:00Z,28.2,µg/m³
East Jakarta Mayor Office,pm25,2024-02-04T17:00:00Z,25.3,µg/m³
East Jakarta Mayor Office,pm25,2024-02-05T17:00:00Z,30.5,µg/m³
East Jakarta Mayor Office,pm25,2024-02-06T17:00:00Z,27.8,µg/m³
East Jakarta Mayor Office,pm25,2024-02-07T17:00:00Z,41.1,µg/m³
East Jakarta Mayor Office,pm25,2024-02-08T17:00:00Z,41.5,µg/m³
East Jakarta Mayor Office,pm25,2024-02-09T17:00:00Z,22.7,µg/m³
East Jakarta Mayor Office,pm25,2024-02-10T17:00:00Z,28.2,µg/m³
East Jakarta Mayor Office,pm25,2024-02-11T17:00:00Z,27.9,µg/m³
East Jakarta Mayor Office,pm25,2024-02-12T17:00:00Z,16.8,µg/m³
East Jakarta Mayor Office,pm25,2024-02-13T17:00:00Z,18.1,µg/m³
East Jakarta Mayor Office,pm25,2024-02-14T17:00:00Z,42.0,µg/m³
East Jakarta Mayor Office,pm25,2024-02-15T17:00:00Z,46.9,µg/m³
East Jakarta Mayor Office,pm25,2024-02-16T17:00:00Z,22.7,µg/m³
East Jakarta Mayor Office,pm25,2024-02-17T17:00:00Z,29.2,µg/m³
East Jakarta Mayor Office,pm25,2024-02-18T17:00:00Z,36.5,µg/m³
East Jakarta Mayor Office,pm25,2024-02-19T17:00:00Z,41.5,µg/m³
East Jakarta Mayor Office,pm25,2024-02-20T17:00:00Z,55.6,µg/m³
East Jakarta Mayor Office,pm25,2024-02-21T17:00:00Z,25.3,µg/m³
East Jakarta Mayor Office,pm25,2024-02-22T17:00:00Z,23.9,µg/m³
East Jakarta Mayor Office,pm25,2024-02-23T17:00:00Z,20.5,µg/m³
East Jakarta Mayor Office,pm25,2024-02-24T17:00:00Z,14.6,µg/m³
East Jakarta Mayor Office,pm25,2024-02-25T17:00:00Z,17.8,µg/m³
East Jakarta Mayor Office,pm25,2024-02-26T17:00:00Z,50.9,µg/m³
East Jakarta Mayor Office,pm25,2024-02-27T17:00:00Z,23.0,µg/m³
East Jakarta Mayor Office,pm25,2024-02-28T17:00:00Z,26.9,µg/m³
East Jakarta Mayor Office,pm25,2024-02-29T17:00:00Z,37.6,µg/m³
East Jakarta Mayor Office,pm25,2024-03-01T17:00:00Z,30.0,µg/m³
East Jakarta Mayor Office,pm25,2024-03-02T17:00:00Z,21.8,µg/m³
East Jakarta Mayor Office,pm25,2024-03-03T17:00:00Z,22.9,µg/m³
East Jakarta Mayor Office,pm25,2024-03-04T17:00:00Z,17.3,µg/m³
East Jakarta Mayor Office,pm25,2024-03-05T17:00:00Z,15.1,µg/m³
East Jakarta Mayor Office,pm25,2024-03-06T17:00:00Z,11.2,µg/m³
East Jakarta Mayor Office,pm25,2024-03-07T17:00:00Z,8.98,µg/m³
East Jakarta Mayor Office,pm25,2024-03-08T17:00:00Z,31.4,µg/m³
East Jakarta Mayor Office,pm25,2024-03-09T17:00:00Z,44.3,µg/m³
East Jakarta Mayor Office,pm25,2024-03-10T17:00:00Z,26.9,µg/m³
East Jakarta Mayor Office,pm25,2024-03-11T17:00:00Z,29.2,µg/m³
East Jakarta Mayor Office,pm25,2024-03-12T17:00:00Z,24.3,µg/m³
East Jakarta Mayor Office,pm25,2024-03-13T17:00:00Z,26.2,µg/m³
East Jakarta Mayor Office,pm25,2024-03-14T17:00:00Z,12.6,µg/m³
East Jakarta Mayor Office,pm25,2024-03-15T17:00:00Z,9.81,µg/m³
East Jakarta Mayor Office,pm25,2024-03-16T17:00:00Z,11.1,µg/m³
East Jakarta Mayor Office,pm25,2024-03-17T17:00:00Z,17.3,µg/m³
East Jakarta Mayor Office,pm25,2024-03-18T17:00:00Z,17.1,µg/m³
East Jakarta Mayor Office,pm25,2024-03-19T17:00:00Z,15.4,µg/m³
East Jakarta Mayor Office,pm25,2024-03-20T17:00:00Z,22.5,µg/m³
East Jakarta Mayor Office,pm25,2024-03-21T17:00:00Z,28.2,µg/m³
East Jakarta Mayor Office,pm25,2024-03-22T17:00:00Z,119.0,µg/m³
East Jakarta Mayor Office,pm25,2024-03-25T17:00:00Z,28.0,µg/m³
East Jakarta Mayor Office,pm25,2024-03-26T17:00:00Z,38.7,µg/m³
East Jakarta Mayor Office,pm25,2024-03-27T17:00:00Z,63.7,µg/m³
East Jakarta Mayor Office,pm25,2024-03-28T17:00:00Z,68.3,µg/m³
East Jakarta Mayor Office,pm25,2024-03-31T17:00:00Z,55.2,µg/m³
East Jakarta Mayor Office,pm25,2024-04-01T17:00:00Z,63.6,µg/m³
East Jakarta Mayor Office,pm25,2024-04-02T17:00:00Z,37.4,µg/m³
East Jakarta Mayor Office,pm25,2024-04-03T17:00:00Z,50.1,µg/m³
East Jakarta Mayor Office,pm25,2024-04-04T17:00:00Z,64.7,µg/m³
East Jakarta Mayor Office,pm25,2024-04-05T17:00:00Z,47.2,µg/m³
East Jakarta Mayor Office,pm25,2024-04-06T17:00:00Z,44.2,µg/m³
East Jakarta Mayor Office,pm25,2024-04-07T17:00:00Z,36.6,µg/m³
East Jakarta Mayor Office,pm25,2024-04-08T17:00:00Z,48.9,µg/m³
East Jakarta Mayor Office,pm25,2024-04-09T17:00:00Z,53.8,µg/m³
East Jakarta Mayor Office,pm25,2024-04-10T17:00:00Z,23.3,µg/m³
East Jakarta Mayor Office,pm25,2024-04-11T17:00:00Z,18.7,µg/m³
East Jakarta Mayor Office,pm25,2024-04-12T17:00:00Z,28.2,µg/m³
East Jakarta Mayor Office,pm25,2024-04-13T17:00:00Z,23.1,µg/m³
East Jakarta Mayor Office,pm25,2024-04-14T17:00:00Z,17.8,µg/m³
East Jakarta Mayor Office,pm25,2024-04-15T17:00:00Z,30.1,µg/m³
East Jakarta Mayor Office,pm25,2024-04-16T17:00:00Z,33.4,µg/m³
East Jakarta Mayor Office,pm25,2024-04-17T17:00:00Z,28.3,µg/m³
East Jakarta Mayor Office,pm25,2024-04-18T17:00:00Z,34.9,µg/m³
East Jakarta Mayor Office,pm25,2024-04-19T17:00:00Z,41.1,µg/m³
East Jakarta Mayor Office,pm25,2024-04-20T17:00:00Z,27.0,µg/m³
East Jakarta Mayor Office,pm25,2024-04-21T17:00:00Z,32.5,µg/m³
East Jakarta Mayor Office,pm25,2024-04-22T17:00:00Z,40.7,µg/m³
East Jakarta Mayor Office,pm25,2024-04-23T17:00:00Z,42.0,µg/m³
East Jakarta Mayor Office,pm25,2024-04-24T17:00:00Z,28.5,µg/m³
East Jakarta Mayor Office,pm25,2024-04-25T17:00:00Z,32.3,µg/m³
East Jakarta Mayor Office,pm25,2024-04-26T17:00:00Z,40.5,µg/m³
East Jakarta Mayor Office,pm25,2024-04-27T17:00:00Z,36.5,µg/m³
East Jakarta Mayor Office,pm25,2024-04-28T17:00:00Z,33.4,µg/m³
East Jakarta Mayor Office,pm25,2024-04-29T17:00:00Z,39.1,µg/m³
East Jakarta Mayor Office,pm25,2024-04-30T17:00:00Z,37.5,µg/m³
East Jakarta Mayor Office,pm25,2024-05-01T17:00:00Z,44.7,µg/m³
East Jakarta Mayor Office,pm25,2024-05-02T17:00:00Z,50.7,µg/m³
East Jakarta Mayor Office,pm25,2024-05-03T17:00:00Z,54.2,µg/m³
East Jakarta Mayor Office,pm25,2024-05-04T17:00:00Z,55.7,µg/m³
East Jakarta Mayor Office,pm25,2024-05-05T17:00:00Z,59.0,µg/m³
East Jakarta Mayor Office,pm25,2024-05-06T17:00:00Z,59.8,µg/m³
East Jakarta Mayor Office,pm25,2024-05-07T17:00:00Z,60.3,µg/m³
East Jakarta Mayor Office,pm25,2024-05-08T17:00:00Z,56.3,µg/m³
East Jakarta Mayor Office,pm25,2024-05-09T17:00:00Z,50.3,µg/m³
East Jakarta Mayor Office,pm25,2024-05-10T17:00:00Z,43.9,µg/m³
East Jakarta Mayor Office,pm25,2024-05-11T17:00:00Z,47.0,µg/m³
East Jakarta Mayor Office,pm25,2024-05-12T17:00:00Z,45.5,µg/m³
East Jakarta Mayor Office,pm25,2024-05-13T17:00:00Z,54.1,µg/m³
East Jakarta Mayor Office,pm25,2024-05-14T17:00:00Z,54.8,µg/m³
East Jakarta Mayor Office,pm25,2024-05-15T17:00:00Z,67.8,µg/m³
East Jakarta Mayor Office,pm25,2024-05-16T17:00:00Z,56.4,µg/m³
East Jakarta Mayor Office,pm25,2024-05-17T17:00:00Z,62.3,µg/m³
East Jakarta Mayor Office,pm25,2024-05-18T17:00:00Z,53.2,µg/m³
East Jakarta Mayor Office,pm25,2024-05-19T17:00:00Z,60.5,µg/m³
East Jakarta Mayor Office,pm25,2024-05-20T17:00:00Z,68.5,µg/m³
East Jakarta Mayor Office,pm25,2024-05-21T17:00:00Z,59.5,µg/m³
East Jakarta Mayor Office,pm25,2024-05-22T17:00:00Z,48.6,µg/m³
East Jakarta Mayor Office,pm25,2024-05-23T17:00:00Z,39.9,µg/m³
East Jakarta Mayor Office,pm25,2024-05-24T17:00:00Z,27.7,µg/m³
East Jakarta Mayor Office,pm25,2024-05-25T17:00:00Z,55.4,µg/m³
East Jakarta Mayor Office,pm25,2024-05-26T17:00:00Z,59.6,µg/m³
East Jakarta Mayor Office,pm25,2024-05-27T17:00:00Z,66.2,µg/m³
East Jakarta Mayor Office,pm25,2024-05-28T17:00:00Z,46.5,µg/m³
East Jakarta Mayor Office,pm25,2024-05-29T17:00:00Z,60.1,µg/m³
East Jakarta Mayor Office,pm25,2024-05-30T17:00:00Z,80.5,µg/m³
East Jakarta Mayor Office,pm25,2024-06-04T17:00:00Z,42.8,µg/m³
East Jakarta Mayor Office,pm25,2024-06-05T17:00:00Z,45.2,µg/m³
East Jakarta Mayor Office,pm25,2024-06-06T17:00:00Z,46.5,µg/m³
East Jakarta Mayor Office,pm25,2024-06-07T17:00:00Z,58.1,µg/m³
East Jakarta Mayor Office,pm25,2024-06-08T17:00:00Z,52.5,µg/m³
East Jakarta Mayor Office,pm25,2024-06-09T17:00:00Z,50.7,µg/m³
East Jakarta Mayor Office,pm25,2024-06-10T17:00:00Z,46.3,µg/m³
East Jakarta Mayor Office,pm25,2024-06-11T17:00:00Z,36.0,µg/m³
East Jakarta Mayor Office,pm25,2024-06-12T17:00:00Z,34.2,µg/m³
East Jakarta Mayor Office,pm25,2024-06-13T17:00:00Z,34.4,µg/m³
East Jakarta Mayor Office,pm25,2024-06-18T17:00:00Z,40.5,µg/m³
East Jakarta Mayor Office,pm25,2024-06-19T17:00:00Z,54.6,µg/m³
East Jakarta Mayor Office,pm25,2024-06-20T17:00:00Z,52.9,µg/m³
East Jakarta Mayor Office,pm25,2024-06-21T17:00:00Z,65.6,µg/m³
East Jakarta Mayor Office,pm25,2024-06-22T17:00:00Z,54.0,µg/m³
East Jakarta Mayor Office,pm25,2024-06-23T17:00:00Z,52.0,µg/m³
East Jakarta Mayor Office,pm25,2024-06-24T17:00:00Z,44.1,µg/m³
East Jakarta Mayor Office,pm25,2024-06-25T17:00:00Z,43.3,µg/m³
East Jakarta Mayor Office,pm25,2024-06-26T17:00:00Z,41.4,µg/m³
East Jakarta Mayor Office,pm25,2024-06-27T17:00:00Z,34.6,µg/m³
East Jakarta Mayor Office,pm25,2024-06-28T17:00:00Z,43.3,µg/m³
East Jakarta Mayor Office,pm25,2024-06-29T17:00:00Z,28.5,µg/m³
East Jakarta Mayor Office,pm25,2024-06-30T17:00:00Z,61.8,µg/m³
East Jakarta Mayor Office,pm25,2024-07-01T17:00:00Z,46.0,µg/m³
East Jakarta Mayor Office,pm25,2024-07-02T17:00:00Z,57.1,µg/m³
East Jakarta Mayor Office,pm25,2024-07-03T17:00:00Z,39.2,µg/m³
East Jakarta Mayor Office,pm25,2024-07-04T17:00:00Z,27.6,µg/m³
East Jakarta Mayor Office,pm25,2024-07-05T17:00:00Z,18.5,µg/m³
East Jakarta Mayor Office,pm25,2024-07-06T17:00:00Z,17.4,µg/m³
East Jakarta Mayor Office,pm25,2024-07-07T17:00:00Z,26.8,µg/m³
East Jakarta Mayor Office,pm25,2024-07-08T17:00:00Z,31.9,µg/m³
East Jakarta Mayor Office,pm25,2024-07-09T17:00:00Z,50.1,µg/m³
East Jakarta Mayor Office,pm25,2024-07-10T17:00:00Z,54.9,µg/m³
East Jakarta Mayor Office,pm25,2024-07-11T17:00:00Z,54.4,µg/m³
East Jakarta Mayor Office,pm25,2024-07-12T17:00:00Z,65.7,µg/m³
East Jakarta Mayor Office,pm25,2024-07-13T17:00:00Z,57.1,µg/m³
East Jakarta Mayor Office,pm25,2024-07-14T17:00:00Z,55.5,µg/m³
East Jakarta Mayor Office,pm25,2024-07-15T17:00:00Z,44.4,µg/m³
East Jakarta Mayor Office,pm25,2024-07-16T17:00:00Z,50.8,µg/m³
East Jakarta Mayor Office,pm25,2024-07-17T17:00:00Z,47.1,µg/m³
East Jakarta Mayor Office,pm25,2024-07-18T17:00:00Z,46.2,µg/m³
East Jakarta Mayor Office,pm25,2024-07-19T17:00:00Z,47.6,µg/m³
East Jakarta Mayor Office,pm25,2024-07-20T17:00:00Z,41.7,µg/m³
East Jakarta Mayor Office,pm25,2024-07-21T17:00:00Z,47.0,µg/m³
East Jakarta Mayor Office,pm25,2024-07-22T17:00:00Z,51.9,µg/m³
East Jakarta Mayor Office,pm25,2024-07-23T17:00:00Z,63.5,µg/m³
East Jakarta Mayor Office,pm25,2024-07-24T17:00:00Z,39.5,µg/m³
East Jakarta Mayor Office,pm25,2024-07-25T17:00:00Z,52.1,µg/m³
East Jakarta Mayor Office,pm25,2024-07-26T17:00:00Z,57.1,µg/m³
East Jakarta Mayor Office,pm25,2024-07-27T17:00:00Z,59.2,µg/m³
East Jakarta Mayor Office,pm25,2024-07-28T17:00:00Z,50.5,µg/m³
East Jakarta Mayor Office,pm25,2024-07-29T17:00:00Z,59.2,µg/m³
East Jakarta Mayor Office,pm25,2024-07-30T17:00:00Z,69.3,µg/m³
East Jakarta Mayor Office,pm25,2024-07-31T17:00:00Z,56.6,µg/m³
East Jakarta Mayor Office,pm25,2024-08-01T17:00:00Z,35.8,µg/m³
East Jakarta Mayor Office,pm25,2024-08-02T17:00:00Z,35.2,µg/m³
East Jakarta Mayor Office,pm25,2024-08-03T17:00:00Z,46.6,µg/m³
East Jakarta Mayor Office,pm25,2024-08-04T17:00:00Z,33.7,µg/m³
East Jakarta Mayor Office,pm25,2024-08-05T17:00:00Z,45.2,µg/m³
East Jakarta Mayor Office,pm25,2024-08-11T17:00:00Z,35.6,µg/m³
East Jakarta Mayor Office,pm25,2024-08-12T17:00:00Z,51.5,µg/m³
East Jakarta Mayor Office,pm25,2024-08-13T17:00:00Z,53.8,µg/m³
East Jakarta Mayor Office,pm25,2024-08-14T17:00:00Z,45.1,µg/m³
East Jakarta Mayor Office,pm25,2024-08-15T17:00:00Z,53.8,µg/m³
East Jakarta Mayor Office,pm25,2024-08-16T17:00:00Z,49.5,µg/m³
East Jakarta Mayor Office,pm25,2024-08-17T17:00:00Z,48.1,µg/m³
East Jakarta Mayor Office,pm25,2024-08-18T17:00:00Z,47.9,µg/m³
East Jakarta Mayor Office,pm25,2024-08-19T17:00:00Z,57.2,µg/m³
East Jakarta Mayor Office,pm25,2024-08-20T17:00:00Z,61.8,µg/m³
East Jakarta Mayor Office,pm25,2024-08-21T17:00:00Z,42.6,µg/m³
East Jakarta Mayor Office,pm25,2024-08-22T17:00:00Z,48.0,µg/m³
East Jakarta Mayor Office,pm25,2024-08-23T17:00:00Z,59.9,µg/m³
East Jakarta Mayor Office,pm25,2024-08-24T17:00:00Z,37.0,µg/m³
East Jakarta Mayor Office,pm25,2024-08-25T17:00:00Z,52.1,µg/m³
East Jakarta Mayor Office,pm25,2024-08-26T17:00:00Z,62.0,µg/m³
East Jakarta Mayor Office,pm25,2024-08-27T17:00:00Z,39.2,µg/m³
East Jakarta Mayor Office,pm25,2024-08-28T17:00:00Z,67.8,µg/m³
East Jakarta Mayor Office,pm25,2024-08-29T17:00:00Z,37.3,µg/m³
East Jakarta Mayor Office,pm25,2024-08-30T17:00:00Z,37.8,µg/m³
East Jakarta Mayor Office,pm25,2024-08-31T17:00:00Z,42.3,µg/m³
East Jakarta Mayor Office,pm25,2024-09-01T17:00:00Z,35.8,µg/m³
East Jakarta Mayor Office,pm25,2024-09-02T17:00:00Z,48.2,µg/m³
East Jakarta Mayor Office,pm25,2024-09-03T17:00:00Z,31.5,µg/m³
East Jakarta Mayor Office,pm25,2024-09-04T17:00:00Z,36.4,µg/m³
East Jakarta Mayor Office,pm25,2024-09-05T17:00:00Z,39.4,µg/m³
East Jakarta Mayor Office,pm25,2024-09-06T17:00:00Z,35.9,µg/m³
East Jakarta Mayor Office,pm25,2024-09-07T17:00:00Z,31.1,µg/m³
East Jakarta Mayor Office,pm25,2024-09-08T17:00:00Z,33.0,µg/m³
East Jakarta Mayor Office,pm25,2024-09-09T17:00:00Z,36.0,µg/m³
East Jakarta Mayor Office,pm25,2024-09-10T17:00:00Z,27.5,µg/m³
East Jakarta Mayor Office,pm25,2024-09-11T17:00:00Z,44.2,µg/m³
East Jakarta Mayor Office,pm25,2024-09-12T17:00:00Z,34.2,µg/m³
East Jakarta Mayor Office,pm25,2024-09-13T17:00:00Z,43.7,µg/m³
East Jakarta Mayor Office,pm25,2024-09-14T17:00:00Z,40.0,µg/m³
East Jakarta Mayor Office,pm25,2024-09-15T17:00:00Z,45.9,µg/m³
East Jakarta Mayor Office,pm25,2024-09-16T17:00:00Z,40.6,µg/m³
East Jakarta Mayor Office,pm25,2024-09-17T17:00:00Z,40.3,µg/m³
East Jakarta Mayor Office,pm25,2024-09-18T17:00:00Z,50.8,µg/m³
East Jakarta Mayor Office,pm25,2024-09-19T17:00:00Z,46.3,µg/m³
East Jakarta Mayor Office,pm25,2024-09-20T17:00:00Z,55.7,µg/m³
East Jakarta Mayor Office,pm25,2024-09-21T17:00:00Z,55.4,µg/m³
East Jakarta Mayor Office,pm25,2024-09-22T17:00:00Z,40.2,µg/m³
East Jakarta Mayor Office,pm25,2024-09-23T17:00:00Z,43.8,µg/m³
East Jakarta Mayor Office,pm25,2024-09-24T17:00:00Z,48.6,µg/m³
East Jakarta Mayor Office,pm25,2024-09-25T17:00:00Z,37.3,µg/m³
East Jakarta Mayor Office,pm25,2024-09-26T17:00:00Z,33.5,µg/m³
East Jakarta Mayor Office,pm25,2024-09-27T17:00:00Z,39.8,µg/m³
East Jakarta Mayor Office,pm25,2024-09-28T17:00:00Z,38.3,µg/m³
East Jakarta Mayor Office,pm25,2024-09-29T17:00:00Z,30.4,µg/m³
East Jakarta Mayor Office,pm25,2024-09-30T17:00:00Z,54.7,µg/m³
East Jakarta Mayor Office,pm25,2024-10-01T17:00:00Z,47.4,µg/m³
East Jakarta Mayor Office,pm25,2024-10-02T17:00:00Z,53.0,µg/m³
East Jakarta Mayor Office,pm25,2024-10-03T17:00:00Z,40.3,µg/m³
East Jakarta Mayor Office,pm25,2024-10-04T17:00:00Z,39.1,µg/m³
East Jakarta Mayor Office,pm25,2024-10-05T17:00:00Z,45.2,µg/m³
East Jakarta Mayor Office,pm25,2024-10-06T17:00:00Z,53.1,µg/m³
East Jakarta Mayor Office,pm25,2024-10-07T17:00:00Z,38.1,µg/m³
East Jakarta Mayor Office,pm25,2024-10-08T17:00:00Z,40.6,µg/m³
East Jakarta Mayor Office,pm25,2024-10-09T17:00:00Z,46.6,µg/m³
East Jakarta Mayor Office,pm25,2024-10-10T17:00:00Z,38.7,µg/m³
East Jakarta Mayor Office,pm25,2024-10-11T17:00:00Z,47.1,µg/m³
East Jakarta Mayor Office,pm25,2024-10-12T17:00:00Z,45.6,µg/m³
East Jakarta Mayor Office,pm25,2024-10-13T17:00:00Z,50.5,µg/m³
East Jakarta Mayor Office,pm25,2024-10-14T17:00:00Z,37.5,µg/m³
East Jakarta Mayor Office,pm25,2024-10-21T17:00:00Z,51.6,µg/m³
East Jakarta Mayor Office,pm25,2024-10-22T17:00:00Z,44.6,µg/m³
East Jakarta Mayor Office,pm25,2024-10-23T17:00:00Z,36.4,µg/m³
East Jakarta Mayor Office,pm25,2024-10-29T17:00:00Z,44.7,µg/m³
East Jakarta Mayor Office,pm25,2024-10-30T17:00:00Z,40.3,µg/m³
East Jakarta Mayor Office,pm25,2024-10-31T17:00:00Z,52.7,µg/m³
East Jakarta Mayor Office,pm25,2024-11-01T17:00:00Z,39.3,µg/m³
East Jakarta Mayor Office,pm25,2024-11-02T17:00:00Z,35.6,µg/m³
East Jakarta Mayor Office,pm25,2024-11-03T17:00:00Z,33.5,µg/m³
East Jakarta Mayor Office,pm25,2024-11-04T17:00:00Z,33.9,µg/m³
East Jakarta Mayor Office,pm25,2024-11-05T17:00:00Z,30.0,µg/m³
East Jakarta Mayor Office,pm25,2024-11-06T17:00:00Z,47.5,µg/m³
East Jakarta Mayor Office,pm25,2024-11-07T17:00:00Z,50.2,µg/m³
East Jakarta Mayor Office,pm25,2024-11-08T17:00:00Z,55.8,µg/m³
East Jakarta Mayor Office,pm25,2024-11-09T17:00:00Z,42.4,µg/m³
East Jakarta Mayor Office,pm25,2024-11-10T17:00:00Z,34.4,µg/m³
East Jakarta Mayor Office,pm25,2024-11-11T17:00:00Z,33.3,µg/m³
East Jakarta Mayor Office,pm25,2024-11-12T17:00:00Z,75.1,µg/m³
East Jakarta Mayor Office,relativehumidity,2023-09-29T17:00:00Z,65.8,%
East Jakarta Mayor Office,relativehumidity,2023-09-30T17:00:00Z,63.6,%
East Jakarta Mayor Office,relativehumidity,2023-10-01T17:00:00Z,60.2,%
East Jakarta Mayor Office,relativehumidity,2023-10-02T17:00:00Z,60.9,%
East Jakarta Mayor Office,relativehumidity,2023-10-03T17:00:00Z,62.7,%
East Jakarta Mayor Office,relativehumidity,2023-10-04T17:00:00Z,66.2,%
East Jakarta Mayor Office,relativehumidity,2023-10-05T17:00:00Z,65.6,%
East Jakarta Mayor Office,relativehumidity,2023-10-06T17:00:00Z,62.9,%
East Jakarta Mayor Office,relativehumidity,2023-10-07T17:00:00Z,61.2,%
East Jakarta Mayor Office,relativehumidity,2023-10-08T17:00:00Z,64.0,%
East Jakarta Mayor Office,relativehumidity,2023-10-09T17:00:00Z,65.8,%
East Jakarta Mayor Office,relativehumidity,2023-10-10T17:00:00Z,65.6,%
East Jakarta Mayor Office,relativehumidity,2023-10-11T17:00:00Z,64.8,%
East Jakarta Mayor Office,relativehumidity,2023-10-12T17:00:00Z,62.4,%
East Jakarta Mayor Office,relativehumidity,2023-10-13T17:00:00Z,59.8,%
East Jakarta Mayor Office,relativehumidity,2023-10-14T17:00:00Z,59.1,%
East Jakarta Mayor Office,relativehumidity,2023-10-15T17:00:00Z,59.6,%
East Jakarta Mayor Office,relativehumidity,2023-10-16T17:00:00Z,54.9,%
East Jakarta Mayor Office,relativehumidity,2023-10-17T17:00:00Z,56.4,%
East Jakarta Mayor Office,relativehumidity,2023-10-18T17:00:00Z,62.9,%
East Jakarta Mayor Office,relativehumidity,2023-10-19T17:00:00Z,63.6,%
East Jakarta Mayor Office,relativehumidity,2023-10-20T17:00:00Z,63.3,%
East Jakarta Mayor Office,relativehumidity,2023-10-21T17:00:00Z,60.5,%
East Jakarta Mayor Office,relativehumidity,2023-10-22T17:00:00Z,59.3,%
East Jakarta Mayor Office,relativehumidity,2023-10-23T17:00:00Z,64.1,%
East Jakarta Mayor Office,relativehumidity,2023-10-24T17:00:00Z,68.8,%
East Jakarta Mayor Office,relativehumidity,2023-10-25T17:00:00Z,64.7,%
East Jakarta Mayor Office,relativehumidity,2023-10-26T17:00:00Z,65.8,%
East Jakarta Mayor Office,relativehumidity,2023-10-29T17:00:00Z,67.1,%
East Jakarta Mayor Office,relativehumidity,2023-10-30T17:00:00Z,62.3,%
East Jakarta Mayor Office,relativehumidity,2023-10-31T17:00:00Z,66.5,%
East Jakarta Mayor Office,relativehumidity,2023-11-01T17:00:00Z,66.9,%
East Jakarta Mayor Office,relativehumidity,2023-11-02T17:00:00Z,65.8,%
East Jakarta Mayor Office,relativehumidity,2023-11-03T17:00:00Z,76.1,%
East Jakarta Mayor Office,relativehumidity,2023-11-04T17:00:00Z,80.7,%
East Jakarta Mayor Office,relativehumidity,2023-11-05T17:00:00Z,71.3,%
East Jakarta Mayor Office,relativehumidity,2023-11-06T17:00:00Z,69.1,%
East Jakarta Mayor Office,relativehumidity,2023-11-07T17:00:00Z,67.7,%
East Jakarta Mayor Office,relativehumidity,2023-11-08T17:00:00Z,66.9,%
East Jakarta Mayor Office,relativehumidity,2023-11-09T17:00:00Z,73.7,%
East Jakarta Mayor Office,relativehumidity,2023-11-10T17:00:00Z,78.9,%
East Jakarta Mayor Office,relativehumidity,2023-11-11T17:00:00Z,68.7,%
East Jakarta Mayor Office,relativehumidity,2023-11-12T17:00:00Z,65.5,%
East Jakarta Mayor Office,relativehumidity,2023-11-13T17:00:00Z,70.3,%
East Jakarta Mayor Office,relativehumidity,2023-11-14T17:00:00Z,75.1,%
East Jakarta Mayor Office,relativehumidity,2023-11-15T17:00:00Z,69.6,%
East Jakarta Mayor Office,relativehumidity,2023-11-16T17:00:00Z,72.3,%
East Jakarta Mayor Office,relativehumidity,2023-11-17T17:00:00Z,73.7,%
East Jakarta Mayor Office,relativehumidity,2023-11-18T17:00:00Z,72.0,%
East Jakarta Mayor Office,relativehumidity,2023-11-19T17:00:00Z,67.7,%
East Jakarta Mayor Office,relativehumidity,2023-11-20T17:00:00Z,67.8,%
East Jakarta Mayor Office,relativehumidity,2023-11-21T17:00:00Z,71.4,%
East Jakarta Mayor Office,relativehumidity,2023-11-22T17:00:00Z,74.2,%
East Jakarta Mayor Office,relativehumidity,2023-11-23T17:00:00Z,79.6,%
East Jakarta Mayor Office,relativehumidity,2023-11-24T17:00:00Z,88.1,%
East Jakarta Mayor Office,relativehumidity,2023-11-25T17:00:00Z,75.4,%
East Jakarta Mayor Office,relativehumidity,2023-11-26T17:00:00Z,78.3,%
East Jakarta Mayor Office,relativehumidity,2023-11-27T17:00:00Z,72.4,%
East Jakarta Mayor Office,relativehumidity,2023-11-28T17:00:00Z,72.7,%
East Jakarta Mayor Office,relativehumidity,2023-11-29T17:00:00Z,77.3,%
East Jakarta Mayor Office,relativehumidity,2023-11-30T17:00:00Z,84.9,%
East Jakarta Mayor Office,relativehumidity,2023-12-01T17:00:00Z,75.6,%
East Jakarta Mayor Office,relativehumidity,2023-12-02T17:00:00Z,74.6,%
East Jakarta Mayor Office,relativehumidity,2023-12-03T17:00:00Z,87.7,%
East Jakarta Mayor Office,relativehumidity,2023-12-04T17:00:00Z,72.3,%
East Jakarta Mayor Office,relativehumidity,2023-12-05T17:00:00Z,73.6,%
East Jakarta Mayor Office,relativehumidity,2023-12-06T17:00:00Z,75.8,%
East Jakarta Mayor Office,relativehumidity,2023-12-07T17:00:00Z,76.4,%
East Jakarta Mayor Office,relativehumidity,2023-12-08T17:00:00Z,74.0,%
East Jakarta Mayor Office,relativehumidity,2023-12-09T17:00:00Z,75.3,%
East Jakarta Mayor Office,relativehumidity,2023-12-10T17:00:00Z,72.5,%
East Jakarta Mayor Office,relativehumidity,2023-12-11T17:00:00Z,70.4,%
East Jakarta Mayor Office,relativehumidity,2023-12-12T17:00:00Z,66.7,%
East Jakarta Mayor Office,relativehumidity,2023-12-13T17:00:00Z,66.3,%
East Jakarta Mayor Office,relativehumidity,2023-12-14T17:00:00Z,62.2,%
East Jakarta Mayor Office,relativehumidity,2023-12-15T17:00:00Z,60.4,%
East Jakarta Mayor Office,relativehumidity,2023-12-16T17:00:00Z,62.1,%
East Jakarta Mayor Office,relativehumidity,2023-12-17T17:00:00Z,63.8,%
East Jakarta Mayor Office,relativehumidity,2023-12-18T17:00:00Z,56.7,%
East Jakarta Mayor Office,relativehumidity,2023-12-19T17:00:00Z,51.0,%
East Jakarta Mayor Office,relativehumidity,2023-12-20T17:00:00Z,55.3,%
East Jakarta Mayor Office,relativehumidity,2023-12-21T17:00:00Z,60.2,%
East Jakarta Mayor Office,relativehumidity,2023-12-22T17:00:00Z,59.7,%
East Jakarta Mayor Office,relativehumidity,2023-12-23T17:00:00Z,65.1,%
East Jakarta Mayor Office,relativehumidity,2023-12-24T17:00:00Z,73.4,%
East Jakarta Mayor Office,relativehumidity,2023-12-25T17:00:00Z,77.8,%
East Jakarta Mayor Office,relativehumidity,2023-12-26T17:00:00Z,76.5,%
East Jakarta Mayor Office,relativehumidity,2023-12-27T17:00:00Z,76.5,%
East Jakarta Mayor Office,relativehumidity,2023-12-28T17:00:00Z,76.0,%
East Jakarta Mayor Office,relativehumidity,2023-12-29T17:00:00Z,77.2,%
East Jakarta Mayor Office,relativehumidity,2023-12-30T17:00:00Z,76.4,%
East Jakarta Mayor Office,relativehumidity,2023-12-31T17:00:00Z,75.0,%
East Jakarta Mayor Office,relativehumidity,2024-01-01T17:00:00Z,75.8,%
East Jakarta Mayor Office,relativehumidity,2024-01-02T17:00:00Z,83.6,%
East Jakarta Mayor Office,relativehumidity,2024-01-03T17:00:00Z,83.2,%
East Jakarta Mayor Office,relativehumidity,2024-01-04T17:00:00Z,82.1,%
East Jakarta Mayor Office,relativehumidity,2024-01-05T17:00:00Z,81.8,%
East Jakarta Mayor Office,relativehumidity,2024-01-06T17:00:00Z,83.2,%
East Jakarta Mayor Office,relativehumidity,2024-01-07T17:00:00Z,77.6,%
East Jakarta Mayor Office,relativehumidity,2024-01-08T17:00:00Z,78.9,%
East Jakarta Mayor Office,relativehumidity,2024-01-09T17:00:00Z,78.5,%
East Jakarta Mayor Office,relativehumidity,2024-01-10T17:00:00Z,83.0,%
East Jakarta Mayor Office,relativehumidity,2024-01-11T17:00:00Z,80.4,%
East Jakarta Mayor Office,relativehumidity,2024-01-12T17:00:00Z,73.3,%
East Jakarta Mayor Office,relativehumidity,2024-01-13T17:00:00Z,73.8,%
East Jakarta Mayor Office,relativehumidity,2024-01-14T17:00:00Z,74.6,%
East Jakarta Mayor Office,relativehumidity,2024-01-15T17:00:00Z,68.4,%
East Jakarta Mayor Office,relativehumidity,2024-01-16T17:00:00Z,84.4,%
East Jakarta Mayor Office,relativehumidity,2024-01-17T17:00:00Z,75.4,%
East Jakarta Mayor Office,relativehumidity,2024-01-18T17:00:00Z,88.4,%
East Jakarta Mayor Office,relativehumidity,2024-01-19T17:00:00Z,66.1,%
East Jakarta Mayor Office,relativehumidity,2024-01-20T17:00:00Z,73.1,%
East Jakarta Mayor Office,relativehumidity,2024-01-21T17:00:00Z,65.0,%
East Jakarta Mayor Office,relativehumidity,2024-01-22T17:00:00Z,68.9,%
East Jakarta Mayor Office,relativehumidity,2024-01-23T17:00:00Z,66.8,%
East Jakarta Mayor Office,relativehumidity,2024-01-24T17:00:00Z,69.8,%
East Jakarta Mayor Office,relativehumidity,2024-01-25T17:00:00Z,74.8,%
East Jakarta Mayor Office,relativehumidity,2024-01-26T17:00:00Z,90.9,%
East Jakarta Mayor Office,relativehumidity,2024-01-27T17:00:00Z,87.3,%
East Jakarta Mayor Office,relativehumidity,2024-01-28T17:00:00Z,90.0,%
East Jakarta Mayor Office,relativehumidity,2024-01-29T17:00:00Z,89.1,%
East Jakarta Mayor Office,relativehumidity,2024-01-30T17:00:00Z,82.3,%
East Jakarta Mayor Office,relativehumidity,2024-01-31T17:00:00Z,80.5,%
East Jakarta Mayor Office,relativehumidity,2024-02-01T17:00:00Z,83.1,%
East Jakarta Mayor Office,relativehumidity,2024-02-02T17:00:00Z,96.4,%
East Jakarta Mayor Office,relativehumidity,2024-02-04T17:00:00Z,88.8,%
East Jakarta Mayor Office,relativehumidity,2024-02-05T17:00:00Z,85.0,%
East Jakarta Mayor Office,relativehumidity,2024-02-06T17:00:00Z,77.6,%
East Jakarta Mayor Office,relativehumidity,2024-02-07T17:00:00Z,74.8,%
East Jakarta Mayor Office,relativehumidity,2024-02-08T17:00:00Z,75.9,%
East Jakarta Mayor Office,relativehumidity,2024-02-09T17:00:00Z,81.9,%
East Jakarta Mayor Office,relativehumidity,2024-02-10T17:00:00Z,77.8,%
East Jakarta Mayor Office,relativehumidity,2024-02-11T17:00:00Z,82.1,%
East Jakarta Mayor Office,relativehumidity,2024-02-12T17:00:00Z,79.6,%
East Jakarta Mayor Office,relativehumidity,2024-02-13T17:00:00Z,86.0,%
East Jakarta Mayor Office,relativehumidity,2024-02-14T17:00:00Z,85.0,%
East Jakarta Mayor Office,relativehumidity,2024-02-15T17:00:00Z,83.1,%
East Jakarta Mayor Office,relativehumidity,2024-02-16T17:00:00Z,80.5,%
East Jakarta Mayor Office,relativehumidity,2024-02-17T17:00:00Z,78.1,%
East Jakarta Mayor Office,relativehumidity,2024-02-18T17:00:00Z,76.2,%
East Jakarta Mayor Office,relativehumidity,2024-02-19T17:00:00Z,75.5,%
East Jakarta Mayor Office,relativehumidity,2024-02-20T17:00:00Z,78.9,%
East Jakarta Mayor Office,relativehumidity,2024-02-21T17:00:00Z,76.8,%
East Jakarta Mayor Office,relativehumidity,2024-02-22T17:00:00Z,71.6,%
East Jakarta Mayor Office,relativehumidity,2024-02-23T17:00:00Z,75.3,%
East Jakarta Mayor Office,relativehumidity,2024-02-24T17:00:00Z,78.8,%
East Jakarta Mayor Office,relativehumidity,2024-02-25T17:00:00Z,80.4,%
East Jakarta Mayor Office,relativehumidity,2024-02-26T17:00:00Z,74.5,%
East Jakarta Mayor Office,relativehumidity,2024-02-27T17:00:00Z,84.5,%
East Jakarta Mayor Office,relativehumidity,2024-02-28T17:00:00Z,90.2,%
East Jakarta Mayor Office,relativehumidity,2024-02-29T17:00:00Z,78.7,%
East Jakarta Mayor Office,relativehumidity,2024-03-01T17:00:00Z,84.8,%
East Jakarta Mayor Office,relativehumidity,2024-03-02T17:00:00Z,84.5,%
East Jakarta Mayor Office,relativehumidity,2024-03-03T17:00:00Z,81.2,%
East Jakarta Mayor Office,relativehumidity,2024-03-04T17:00:00Z,74.7,%
East Jakarta Mayor Office,relativehumidity,2024-03-05T17:00:00Z,79.0,%
East Jakarta Mayor Office,relativehumidity,2024-03-06T17:00:00Z,75.1,%
East Jakarta Mayor Office,relativehumidity,2024-03-07T17:00:00Z,79.1,%
East Jakarta Mayor Office,relativehumidity,2024-03-08T17:00:00Z,88.6,%
East Jakarta Mayor Office,relativehumidity,2024-03-09T17:00:00Z,86.3,%
East Jakarta Mayor Office,relativehumidity,2024-03-10T17:00:00Z,87.3,%
East Jakarta Mayor Office,relativehumidity,2024-03-11T17:00:00Z,78.1,%
East Jakarta Mayor Office,relativehumidity,2024-03-12T17:00:00Z,84.4,%
East Jakarta Mayor Office,relativehumidity,2024-03-13T17:00:00Z,87.0,%
East Jakarta Mayor Office,relativehumidity,2024-03-14T17:00:00Z,85.0,%
East Jakarta Mayor Office,relativehumidity,2024-03-15T17:00:00Z,87.9,%
East Jakarta Mayor Office,relativehumidity,2024-03-16T17:00:00Z,84.7,%
East Jakarta Mayor Office,relativehumidity,2024-03-17T17:00:00Z,76.8,%
East Jakarta Mayor Office,relativehumidity,2024-03-18T17:00:00Z,65.8,%
East Jakarta Mayor Office,relativehumidity,2024-03-19T17:00:00Z,61.0,%
East Jakarta Mayor Office,relativehumidity,2024-03-20T17:00:00Z,71.6,%
East Jakarta Mayor Office,relativehumidity,2024-03-21T17:00:00Z,84.0,%
East Jakarta Mayor Office,relativehumidity,2024-03-22T17:00:00Z,81.9,%
East Jakarta Mayor Office,relativehumidity,2024-03-25T17:00:00Z,68.2,%
East Jakarta Mayor Office,relativehumidity,2024-03-26T17:00:00Z,78.2,%
East Jakarta Mayor Office,relativehumidity,2024-03-27T17:00:00Z,77.5,%
East Jakarta Mayor Office,relativehumidity,2024-03-28T17:00:00Z,82.9,%
East Jakarta Mayor Office,relativehumidity,2024-03-31T17:00:00Z,82.8,%
East Jakarta Mayor Office,relativehumidity,2024-04-01T17:00:00Z,78.8,%
East Jakarta Mayor Office,relativehumidity,2024-04-02T17:00:00Z,83.1,%
East Jakarta Mayor Office,relativehumidity,2024-04-03T17:00:00Z,77.9,%
East Jakarta Mayor Office,relativehumidity,2024-04-04T17:00:00Z,78.9,%
East Jakarta Mayor Office,relativehumidity,2024-04-05T17:00:00Z,79.4,%
East Jakarta Mayor Office,relativehumidity,2024-04-06T17:00:00Z,79.2,%
East Jakarta Mayor Office,relativehumidity,2024-04-07T17:00:00Z,75.3,%
East Jakarta Mayor Office,relativehumidity,2024-04-08T17:00:00Z,79.7,%
East Jakarta Mayor Office,relativehumidity,2024-04-09T17:00:00Z,80.4,%
East Jakarta Mayor Office,relativehumidity,2024-04-10T17:00:00Z,80.0,%
East Jakarta Mayor Office,relativehumidity,2024-04-11T17:00:00Z,90.2,%
East Jakarta Mayor Office,relativehumidity,2024-04-12T17:00:00Z,78.4,%
East Jakarta Mayor Office,relativehumidity,2024-04-13T17:00:00Z,82.5,%
East Jakarta Mayor Office,relativehumidity,2024-04-14T17:00:00Z,79.0,%
East Jakarta Mayor Office,relativehumidity,2024-04-15T17:00:00Z,76.2,%
East Jakarta Mayor Office,relativehumidity,2024-04-16T17:00:00Z,79.8,%
East Jakarta Mayor Office,relativehumidity,2024-04-17T17:00:00Z,78.0,%
East Jakarta Mayor Office,relativehumidity,2024-04-18T17:00:00Z,77.4,%
East Jakarta Mayor Office,relativehumidity,2024-04-19T17:00:00Z,77.3,%
East Jakarta Mayor Office,relativehumidity,2024-04-20T17:00:00Z,80.3,%
East Jakarta Mayor Office,relativehumidity,2024-04-21T17:00:00Z,74.2,%
East Jakarta Mayor Office,relativehumidity,2024-04-22T17:00:00Z,81.5,%
East Jakarta Mayor Office,relativehumidity,2024-04-23T17:00:00Z,79.0,%
East Jakarta Mayor Office,relativehumidity,2024-04-24T17:00:00Z,83.9,%
East Jakarta Mayor Office,relativehumidity,2024-04-25T17:00:00Z,82.0,%
East Jakarta Mayor Office,relativehumidity,2024-04-26T17:00:00Z,81.3,%
East Jakarta Mayor Office,relativehumidity,2024-04-27T17:00:00Z,81.3,%
East Jakarta Mayor Office,relativehumidity,2024-04-28T17:00:00Z,74.8,%
East Jakarta Mayor Office,relativehumidity,2024-04-29T17:00:00Z,75.8,%
East Jakarta Mayor Office,relativehumidity,2024-04-30T17:00:00Z,77.0,%
East Jakarta Mayor Office,relativehumidity,2024-05-01T17:00:00Z,74.7,%
East Jakarta Mayor Office,relativehumidity,2024-05-02T17:00:00Z,74.1,%
East Jakarta Mayor Office,relativehumidity,2024-05-03T17:00:00Z,70.1,%
East Jakarta Mayor Office,relativehumidity,2024-05-04T17:00:00Z,70.6,%
East Jakarta Mayor Office,relativehumidity,2024-05-05T17:00:00Z,73.9,%
East Jakarta Mayor Office,relativehumidity,2024-05-06T17:00:00Z,70.1,%
East Jakarta Mayor Office,relativehumidity,2024-05-07T17:00:00Z,72.0,%
East Jakarta Mayor Office,relativehumidity,2024-05-08T17:00:00Z,72.9,%
East Jakarta Mayor Office,relativehumidity,2024-05-09T17:00:00Z,75.1,%
East Jakarta Mayor Office,relativehumidity,2024-05-10T17:00:00Z,73.8,%
East Jakarta Mayor Office,relativehumidity,2024-05-11T17:00:00Z,72.2,%
East Jakarta Mayor Office,relativehumidity,2024-05-12T17:00:00Z,74.3,%
East Jakarta Mayor Office,relativehumidity,2024-05-13T17:00:00Z,79.0,%
East Jakarta Mayor Office,relativehumidity,2024-05-14T17:00:00Z,73.5,%
East Jakarta Mayor Office,relativehumidity,2024-05-15T17:00:00Z,74.5,%
East Jakarta Mayor Office,relativehumidity,2024-05-16T17:00:00Z,72.8,%
East Jakarta Mayor Office,relativehumidity,2024-05-17T17:00:00Z,70.9,%
East Jakarta Mayor Office,relativehumidity,2024-05-18T17:00:00Z,71.6,%
East Jakarta Mayor Office,relativehumidity,2024-05-19T17:00:00Z,69.8,%
East Jakarta Mayor Office,relativehumidity,2024-05-20T17:00:00Z,70.5,%
East Jakarta Mayor Office,relativehumidity,2024-05-21T17:00:00Z,72.9,%
East Jakarta Mayor Office,relativehumidity,2024-05-22T17:00:00Z,82.1,%
East Jakarta Mayor Office,relativehumidity,2024-05-23T17:00:00Z,79.9,%
East Jakarta Mayor Office,relativehumidity,2024-05-24T17:00:00Z,89.0,%
East Jakarta Mayor Office,relativehumidity,2024-05-25T17:00:00Z,78.9,%
East Jakarta Mayor Office,relativehumidity,2024-05-26T17:00:00Z,73.4,%
East Jakarta Mayor Office,relativehumidity,2024-05-27T17:00:00Z,75.0,%
East Jakarta Mayor Office,relativehumidity,2024-05-28T17:00:00Z,75.1,%
East Jakarta Mayor Office,relativehumidity,2024-05-29T17:00:00Z,73.8,%
East Jakarta Mayor Office,relativehumidity,2024-05-30T17:00:00Z,82.3,%
East Jakarta Mayor Office,relativehumidity,2024-06-04T17:00:00Z,69.8,%
East Jakarta Mayor Office,relativehumidity,2024-06-05T17:00:00Z,70.6,%
East Jakarta Mayor Office,relativehumidity,2024-06-06T17:00:00Z,73.5,%
East Jakarta Mayor Office,relativehumidity,2024-06-07T17:00:00Z,73.1,%
East Jakarta Mayor Office,relativehumidity,2024-06-08T17:00:00Z,75.1,%
East Jakarta Mayor Office,relativehumidity,2024-06-09T17:00:00Z,74.7,%
East Jakarta Mayor Office,relativehumidity,2024-06-10T17:00:00Z,81.7,%
East Jakarta Mayor Office,relativehumidity,2024-06-11T17:00:00Z,81.4,%
East Jakarta Mayor Office,relativehumidity,2024-06-12T17:00:00Z,79.9,%
East Jakarta Mayor Office,relativehumidity,2024-06-13T17:00:00Z,76.4,%
East Jakarta Mayor Office,relativehumidity,2024-06-18T17:00:00Z,70.3,%
East Jakarta Mayor Office,relativehumidity,2024-06-19T17:00:00Z,68.5,%
East Jakarta Mayor Office,relativehumidity,2024-06-20T17:00:00Z,68.4,%
East Jakarta Mayor Office,relativehumidity,2024-06-21T17:00:00Z,72.0,%
East Jakarta Mayor Office,relativehumidity,2024-06-22T17:00:00Z,64.1,%
East Jakarta Mayor Office,relativehumidity,2024-06-23T17:00:00Z,70.1,%
East Jakarta Mayor Office,relativehumidity,2024-06-24T17:00:00Z,81.0,%
East Jakarta Mayor Office,relativehumidity,2024-06-25T17:00:00Z,77.7,%
East Jakarta Mayor Office,relativehumidity,2024-06-26T17:00:00Z,77.9,%
East Jakarta Mayor Office,relativehumidity,2024-06-27T17:00:00Z,78.8,%
East Jakarta Mayor Office,relativehumidity,2024-06-28T17:00:00Z,85.1,%
East Jakarta Mayor Office,relativehumidity,2024-06-29T17:00:00Z,76.0,%
East Jakarta Mayor Office,relativehumidity,2024-06-30T17:00:00Z,80.9,%
East Jakarta Mayor Office,relativehumidity,2024-07-01T17:00:00Z,82.3,%
East Jakarta Mayor Office,relativehumidity,2024-07-02T17:00:00Z,80.0,%
East Jakarta Mayor Office,relativehumidity,2024-07-03T17:00:00Z,85.0,%
East Jakarta Mayor Office,relativehumidity,2024-07-04T17:00:00Z,87.0,%
East Jakarta Mayor Office,relativehumidity,2024-07-05T17:00:00Z,93.3,%
East Jakarta Mayor Office,relativehumidity,2024-07-06T17:00:00Z,84.1,%
East Jakarta Mayor Office,relativehumidity,2024-07-07T17:00:00Z,79.7,%
East Jakarta Mayor Office,relativehumidity,2024-07-08T17:00:00Z,82.1,%
East Jakarta Mayor Office,relativehumidity,2024-07-09T17:00:00Z,74.8,%
East Jakarta Mayor Office,relativehumidity,2024-07-10T17:00:00Z,72.2,%
East Jakarta Mayor Office,relativehumidity,2024-07-11T17:00:00Z,67.0,%
East Jakarta Mayor Office,relativehumidity,2024-07-12T17:00:00Z,66.4,%
East Jakarta Mayor Office,relativehumidity,2024-07-13T17:00:00Z,63.6,%
East Jakarta Mayor Office,relativehumidity,2024-07-14T17:00:00Z,65.0,%
East Jakarta Mayor Office,relativehumidity,2024-07-15T17:00:00Z,63.7,%
East Jakarta Mayor Office,relativehumidity,2024-07-16T17:00:00Z,68.1,%
East Jakarta Mayor Office,relativehumidity,2024-07-17T17:00:00Z,66.9,%
East Jakarta Mayor Office,relativehumidity,2024-07-18T17:00:00Z,66.5,%
East Jakarta Mayor Office,relativehumidity,2024-07-19T17:00:00Z,63.4,%
East Jakarta Mayor Office,relativehumidity,2024-07-20T17:00:00Z,63.8,%
East Jakarta Mayor Office,relativehumidity,2024-07-21T17:00:00Z,66.9,%
East Jakarta Mayor Office,relativehumidity,2024-07-22T17:00:00Z,61.8,%
East Jakarta Mayor Office,relativehumidity,2024-07-23T17:00:00Z,67.9,%
East Jakarta Mayor Office,relativehumidity,2024-07-24T17:00:00Z,67.4,%
East Jakarta Mayor Office,relativehumidity,2024-07-25T17:00:00Z,66.8,%
East Jakarta Mayor Office,relativehumidity,2024-07-26T17:00:00Z,66.8,%
East Jakarta Mayor Office,relativehumidity,2024-07-27T17:00:00Z,66.2,%
East Jakarta Mayor Office,relativehumidity,2024-07-28T17:00:00Z,64.5,%
East Jakarta Mayor Office,relativehumidity,2024-07-29T17:00:00Z,62.4,%
East Jakarta Mayor Office,relativehumidity,2024-07-30T17:00:00Z,66.3,%
East Jakarta Mayor Office,relativehumidity,2024-07-31T17:00:00Z,71.4,%
East Jakarta Mayor Office,relativehumidity,2024-08-01T17:00:00Z,74.1,%
East Jakarta Mayor Office,relativehumidity,2024-08-02T17:00:00Z,73.6,%
East Jakarta Mayor Office,relativehumidity,2024-08-03T17:00:00Z,69.8,%
East Jakarta Mayor Office,relativehumidity,2024-08-04T17:00:00Z,67.1,%
East Jakarta Mayor Office,relativehumidity,2024-08-05T17:00:00Z,63.9,%
East Jakarta Mayor Office,relativehumidity,2024-08-11T17:00:00Z,54.2,%
East Jakarta Mayor Office,relativehumidity,2024-08-12T17:00:00Z,59.6,%
East Jakarta Mayor Office,relativehumidity,2024-08-13T17:00:00Z,65.6,%
East Jakarta Mayor Office,relativehumidity,2024-08-14T17:00:00Z,65.8,%
East Jakarta Mayor Office,relativehumidity,2024-08-15T17:00:00Z,65.9,%
East Jakarta Mayor Office,relativehumidity,2024-08-16T17:00:00Z,66.6,%
East Jakarta Mayor Office,relativehumidity,2024-08-17T17:00:00Z,67.5,%
East Jakarta Mayor Office,relativehumidity,2024-08-18T17:00:00Z,68.0,%
East Jakarta Mayor Office,relativehumidity,2024-08-19T17:00:00Z,67.8,%
East Jakarta Mayor Office,relativehumidity,2024-08-20T17:00:00Z,68.2,%
East Jakarta Mayor Office,relativehumidity,2024-08-21T17:00:00Z,68.6,%
East Jakarta Mayor Office,relativehumidity,2024-08-22T17:00:00Z,69.4,%
East Jakarta Mayor Office,relativehumidity,2024-08-23T17:00:00Z,66.2,%
East Jakarta Mayor Office,relativehumidity,2024-08-24T17:00:00Z,61.2,%
East Jakarta Mayor Office,relativehumidity,2024-08-25T17:00:00Z,66.1,%
East Jakarta Mayor Office,relativehumidity,2024-08-26T17:00:00Z,66.8,%
East Jakarta Mayor Office,relativehumidity,2024-08-27T17:00:00Z,62.0,%
East Jakarta Mayor Office,relativehumidity,2024-08-28T17:00:00Z,65.2,%
East Jakarta Mayor Office,relativehumidity,2024-08-29T17:00:00Z,65.3,%
East Jakarta Mayor Office,relativehumidity,2024-09-02T17:00:00Z,64.1,%
East Jakarta Mayor Office,relativehumidity,2024-09-03T17:00:00Z,70.1,%
East Jakarta Mayor Office,relativehumidity,2024-09-08T17:00:00Z,76.1,%
East Jakarta Mayor Office,relativehumidity,2024-09-09T17:00:00Z,77.2,%
East Jakarta Mayor Office,relativehumidity,2024-09-10T17:00:00Z,66.5,%
East Jakarta Mayor Office,relativehumidity,2024-09-11T17:00:00Z,72.8,%
East Jakarta Mayor Office,relativehumidity,2024-09-12T17:00:00Z,71.5,%
East Jakarta Mayor Office,relativehumidity,2024-09-13T17:00:00Z,63.6,%
East Jakarta Mayor Office,relativehumidity,2024-09-14T17:00:00Z,62.8,%
East Jakarta Mayor Office,relativehumidity,2024-09-15T17:00:00Z,61.0,%
East Jakarta Mayor Office,relativehumidity,2024-09-16T17:00:00Z,59.4,%
East Jakarta Mayor Office,relativehumidity,2024-09-17T17:00:00Z,64.4,%
East Jakarta Mayor Office,relativehumidity,2024-09-18T17:00:00Z,64.0,%
East Jakarta Mayor Office,relativehumidity,2024-09-19T17:00:00Z,66.4,%
East Jakarta Mayor Office,relativehumidity,2024-09-20T17:00:00Z,66.4,%
East Jakarta Mayor Office,relativehumidity,2024-09-21T17:00:00Z,70.0,%
East Jakarta Mayor Office,relativehumidity,2024-09-22T17:00:00Z,70.1,%
East Jakarta Mayor Office,relativehumidity,2024-09-23T17:00:00Z,81.3,%
East Jakarta Mayor Office,relativehumidity,2024-09-24T17:00:00Z,78.1,%
East Jakarta Mayor Office,relativehumidity,2024-09-25T17:00:00Z,81.2,%
East Jakarta Mayor Office,relativehumidity,2024-09-26T17:00:00Z,73.2,%
East Jakarta Mayor Office,relativehumidity,2024-09-27T17:00:00Z,67.5,%
East Jakarta Mayor Office,relativehumidity,2024-09-28T17:00:00Z,66.5,%
East Jakarta Mayor Office,relativehumidity,2024-09-29T17:00:00Z,63.6,%
East Jakarta Mayor Office,relativehumidity,2024-09-30T17:00:00Z,65.2,%
East Jakarta Mayor Office,relativehumidity,2024-10-01T17:00:00Z,67.3,%
East Jakarta Mayor Office,relativehumidity,2024-10-02T17:00:00Z,67.1,%
East Jakarta Mayor Office,relativehumidity,2024-10-03T17:00:00Z,63.6,%
East Jakarta Mayor Office,relativehumidity,2024-10-04T17:00:00Z,66.7,%
East Jakarta Mayor Office,relativehumidity,2024-10-05T17:00:00Z,64.4,%
East Jakarta Mayor Office,relativehumidity,2024-10-06T17:00:00Z,60.1,%
East Jakarta Mayor Office,relativehumidity,2024-10-07T17:00:00Z,64.2,%
East Jakarta Mayor Office,relativehumidity,2024-10-08T17:00:00Z,66.5,%
East Jakarta Mayor Office,relativehumidity,2024-10-09T17:00:00Z,65.8,%
East Jakarta Mayor Office,relativehumidity,2024-10-10T17:00:00Z,65.7,%
East Jakarta Mayor Office,relativehumidity,2024-10-11T17:00:00Z,68.8,%
East Jakarta Mayor Office,relativehumidity,2024-10-12T17:00:00Z,72.4,%
East Jakarta Mayor Office,relativehumidity,2024-10-13T17:00:00Z,70.9,%
East Jakarta Mayor Office,relativehumidity,2024-10-14T17:00:00Z,72.1,%
East Jakarta Mayor Office,relativehumidity,2024-10-15T17:00:00Z,65.1,%
East Jakarta Mayor Office,relativehumidity,2024-10-16T17:00:00Z,61.1,%
East Jakarta Mayor Office,relativehumidity,2024-10-17T17:00:00Z,64.5,%
East Jakarta Mayor Office,relativehumidity,2024-10-18T17:00:00Z,65.9,%
East Jakarta Mayor Office,relativehumidity,2024-10-19T17:00:00Z,56.1,%
East Jakarta Mayor Office,relativehumidity,2024-10-20T17:00:00Z,63.8,%
East Jakarta Mayor Office,relativehumidity,2024-10-21T17:00:00Z,67.3,%
East Jakarta Mayor Office,relativehumidity,2024-10-22T17:00:00Z,68.9,%
East Jakarta Mayor Office,relativehumidity,2024-10-23T17:00:00Z,69.7,%
East Jakarta Mayor Office,relativehumidity,2024-10-29T17:00:00Z,69.4,%
East Jakarta Mayor Office,relativehumidity,2024-10-30T17:00:00Z,67.9,%
East Jakarta Mayor Office,relativehumidity,2024-10-31T17:00:00Z,68.7,%
East Jakarta Mayor Office,relativehumidity,2024-11-01T17:00:00Z,71.2,%
East Jakarta Mayor Office,relativehumidity,2024-11-02T17:00:00Z,77.0,%
East Jakarta Mayor Office,relativehumidity,2024-11-03T17:00:00Z,77.4,%
East Jakarta Mayor Office,relativehumidity,2024-11-04T17:00:00Z,72.5,%
East Jakarta Mayor Office,relativehumidity,2024-11-05T17:00:00Z,68.3,%
East Jakarta Mayor Office,relativehumidity,2024-11-06T17:00:00Z,69.6,%
East Jakarta Mayor Office,relativehumidity,2024-11-07T17:00:00Z,67.5,%
East Jakarta Mayor Office,relativehumidity,2024-11-08T17:00:00Z,74.5,%
East Jakarta Mayor Office,relativehumidity,2024-11-09T17:00:00Z,72.8,%
East Jakarta Mayor Office,relativehumidity,2024-11-10T17:00:00Z,79.1,%
East Jakarta Mayor Office,relativehumidity,2024-11-11T17:00:00Z,77.7,%
East Jakarta Mayor Office,relativehumidity,2024-11-12T17:00:00Z,71.5,%
East Jakarta Mayor Office,relativehumidity,2024-11-13T17:00:00Z,69.8,%
East Jakarta Mayor Office,relativehumidity,2024-11-14T17:00:00Z,73.5,%
East Jakarta Mayor Office,relativehumidity,2024-11-15T17:00:00Z,81.2,%
East Jakarta Mayor Office,relativehumidity,2024-11-16T17:00:00Z,75.4,%
East Jakarta Mayor Office,relativehumidity,2024-11-17T17:00:00Z,74.7,%
East Jakarta Mayor Office,relativehumidity,2024-11-18T17:00:00Z,76.5,%
East Jakarta Mayor Office,relativehumidity,2024-11-19T17:00:00Z,75.5,%
East Jakarta Mayor Office,relativehumidity,2024-11-20T17:00:00Z,73.3,%
East Jakarta Mayor Office,relativehumidity,2024-11-21T17:00:00Z,73.1,%
East Jakarta Mayor Office,relativehumidity,2024-11-22T17:00:00Z,79.8,%
East Jakarta Mayor Office,relativehumidity,2024-11-23T17:00:00Z,77.5,%
East Jakarta Mayor Office,relativehumidity,2024-11-24T17:00:00Z,71.6,%
East Jakarta Mayor Office,relativehumidity,2024-11-25T17:00:00Z,75.8,%
East Jakarta Mayor Office,relativehumidity,2024-11-26T17:00:00Z,79.7,%
East Jakarta Mayor Office,relativehumidity,2024-11-27T17:00:00Z,74.7,%
East Jakarta Mayor Office,relativehumidity,2024-11-28T17:00:00Z,67.5,%
East Jakarta Mayor Office,relativehumidity,2024-11-29T17:00:00Z,66.5,%
East Jakarta Mayor Office,relativehumidity,2024-11-30T17:00:00Z,68.9,%
East Jakarta Mayor Office,relativehumidity,2024-12-01T17:00:00Z,72.7,%
East Jakarta Mayor Office,relativehumidity,2024-12-02T17:00:00Z,73.8,%
East Jakarta Mayor Office,relativehumidity,2024-12-03T17:00:00Z,79.4,%
East Jakarta Mayor Office,relativehumidity,2024-12-04T17:00:00Z,81.9,%
East Jakarta Mayor Office,relativehumidity,2024-12-05T17:00:00Z,83.0,%
East Jakarta Mayor Office,relativehumidity,2024-12-06T17:00:00Z,82.9,%
East Jakarta Mayor Office,relativehumidity,2024-12-07T17:00:00Z,78.6,%
East Jakarta Mayor Office,relativehumidity,2024-12-08T17:00:00Z,87.4,%
East Jakarta Mayor Office,relativehumidity,2024-12-09T17:00:00Z,81.5,%
East Jakarta Mayor Office,relativehumidity,2024-12-10T17:00:00Z,71.6,%
East Jakarta Mayor Office,relativehumidity,2024-12-11T17:00:00Z,67.1,%
East Jakarta Mayor Office,relativehumidity,2024-12-12T17:00:00Z,67.0,%
East Jakarta Mayor Office,relativehumidity,2024-12-13T17:00:00Z,73.0,%
East Jakarta Mayor Office,relativehumidity,2024-12-14T17:00:00Z,79.0,%
East Jakarta Mayor Office,relativehumidity,2024-12-15T17:00:00Z,78.9,%
East Jakarta Mayor Office,relativehumidity,2024-12-16T17:00:00Z,73.2,%
East Jakarta Mayor Office,relativehumidity,2024-12-17T17:00:00Z,69.0,%
East Jakarta Mayor Office,relativehumidity,2024-12-18T17:00:00Z,82.3,%
East Jakarta Mayor Office,relativehumidity,2024-12-19T17:00:00Z,81.1,%
East Jakarta Mayor Office,relativehumidity,2024-12-20T17:00:00Z,80.4,%
East Jakarta Mayor Office,relativehumidity,2024-12-21T17:00:00Z,81.6,%
East Jakarta Mayor Office,relativehumidity,2024-12-22T17:00:00Z,89.3,%
East Jakarta Mayor Office,relativehumidity,2024-12-23T17:00:00Z,79.3,%
East Jakarta Mayor Office,relativehumidity,2024-12-24T17:00:00Z,79.2,%
East Jakarta Mayor Office,relativehumidity,2024-12-25T17:00:00Z,68.7,%
East Jakarta Mayor Office,relativehumidity,2024-12-26T17:00:00Z,70.4,%
East Jakarta Mayor Office,relativehumidity,2024-12-27T17:00:00Z,65.6,%
East Jakarta Mayor Office,relativehumidity,2024-12-28T17:00:00Z,71.5,%
East Jakarta Mayor Office,relativehumidity,2024-12-29T17:00:00Z,70.5,%
East Jakarta Mayor Office,relativehumidity,2024-12-30T17:00:00Z,72.1,%
East Jakarta Mayor Office,relativehumidity,2024-12-31T17:00:00Z,70.7,%
East Jakarta Mayor Office,relativehumidity,2025-01-01T17:00:00Z,69.4,%
East Jakarta Mayor Office,relativehumidity,2025-01-02T17:00:00Z,72.2,%
East Jakarta Mayor Office,relativehumidity,2025-01-03T17:00:00Z,68.2,%
East Jakarta Mayor Office,relativehumidity,2025-01-04T17:00:00Z,79.5,%
East Jakarta Mayor Office,relativehumidity,2025-01-05T17:00:00Z,77.2,%
East Jakarta Mayor Office,relativehumidity,2025-01-06T17:00:00Z,77.5,%
East Jakarta Mayor Office,relativehumidity,2025-01-07T17:00:00Z,80.7,%
East Jakarta Mayor Office,relativehumidity,2025-01-08T17:00:00Z,86.8,%
East Jakarta Mayor Office,relativehumidity,2025-01-09T17:00:00Z,75.5,%
East Jakarta Mayor Office,relativehumidity,2025-01-10T17:00:00Z,80.4,%
East Jakarta Mayor Office,relativehumidity,2025-01-11T17:00:00Z,72.2,%
East Jakarta Mayor Office,relativehumidity,2025-01-12T17:00:00Z,72.6,%
East Jakarta Mayor Office,relativehumidity,2025-01-13T17:00:00Z,80.1,%
East Jakarta Mayor Office,relativehumidity,2025-01-14T17:00:00Z,73.2,%
East Jakarta Mayor Office,relativehumidity,2025-01-15T17:00:00Z,71.5,%
East Jakarta Mayor Office,relativehumidity,2025-01-16T17:00:00Z,79.6,%
East Jakarta Mayor Office,relativehumidity,2025-01-17T17:00:00Z,80.6,%
East Jakarta Mayor Office,relativehumidity,2025-01-18T17:00:00Z,75.3,%
East Jakarta Mayor Office,relativehumidity,2025-01-19T17:00:00Z,86.2,%
East Jakarta Mayor Office,relativehumidity,2025-01-20T17:00:00Z,88.9,%
East Jakarta Mayor Office,relativehumidity,2025-01-21T17:00:00Z,80.3,%
East Jakarta Mayor Office,relativehumidity,2025-01-22T17:00:00Z,79.5,%
East Jakarta Mayor Office,relativehumidity,2025-01-23T17:00:00Z,79.2,%
East Jakarta Mayor Office,relativehumidity,2025-01-24T17:00:00Z,79.7,%
East Jakarta Mayor Office,relativehumidity,2025-01-25T17:00:00Z,73.9,%
East Jakarta Mayor Office,relativehumidity,2025-01-26T17:00:00Z,73.3,%
East Jakarta Mayor Office,relativehumidity,2025-01-27T17:00:00Z,87.9,%
East Jakarta Mayor Office,relativehumidity,2025-01-28T17:00:00Z,85.0,%
East Jakarta Mayor Office,relativehumidity,2025-01-29T17:00:00Z,78.8,%
East Jakarta Mayor Office,relativehumidity,2025-01-30T17:00:00Z,81.0,%
East Jakarta Mayor Office,relativehumidity,2025-01-31T17:00:00Z,79.1,%
East Jakarta Mayor Office,relativehumidity,2025-02-01T17:00:00Z,80.3,%
East Jakarta Mayor Office,relativehumidity,2025-02-02T17:00:00Z,78.3,%
East Jakarta Mayor Office,relativehumidity,2025-02-03T17:00:00Z,80.6,%
East Jakarta Mayor Office,relativehumidity,2025-02-04T17:00:00Z,76.2,%
East Jakarta Mayor Office,relativehumidity,2025-02-05T17:00:00Z,79.8,%
East Jakarta Mayor Office,relativehumidity,2025-02-06T17:00:00Z,81.3,%
East Jakarta Mayor Office,relativehumidity,2025-02-07T17:00:00Z,82.6,%
East Jakarta Mayor Office,relativehumidity,2025-02-08T17:00:00Z,78.0,%
East Jakarta Mayor Office,relativehumidity,2025-02-09T17:00:00Z,82.4,%
East Jakarta Mayor Office,relativehumidity,2025-02-10T17:00:00Z,82.6,%
East Jakarta Mayor Office,relativehumidity,2025-02-11T17:00:00Z,78.1,%
East Jakarta Mayor Office,relativehumidity,2025-02-12T17:00:00Z,72.5,%
East Jakarta Mayor Office,relativehumidity,2025-02-13T17:00:00Z,73.5,%
East Jakarta Mayor Office,relativehumidity,2025-02-14T17:00:00Z,74.5,%
East Jakarta Mayor Office,relativehumidity,2025-02-15T17:00:00Z,76.2,%
East Jakarta Mayor Office,relativehumidity,2025-02-16T17:00:00Z,83.5,%
East Jakarta Mayor Office,relativehumidity,2025-02-17T17:00:00Z,87.8,%
East Jakarta Mayor Office,relativehumidity,2025-02-18T17:00:00Z,83.6,%
East Jakarta Mayor Office,relativehumidity,2025-02-19T17:00:00Z,76.5,%
East Jakarta Mayor Office,relativehumidity,2025-02-20T17:00:00Z,76.1,%
East Jakarta Mayor Office,relativehumidity,2025-02-21T17:00:00Z,80.9,%
East Jakarta Mayor Office,relativehumidity,2025-02-22T17:00:00Z,80.1,%
East Jakarta Mayor Office,relativehumidity,2025-02-23T17:00:00Z,81.7,%
East Jakarta Mayor Office,relativehumidity,2025-02-24T17:00:00Z,79.1,%
East Jakarta Mayor Office,relativehumidity,2025-02-25T17:00:00Z,81.6,%
East Jakarta Mayor Office,relativehumidity,2025-02-26T17:00:00Z,81.8,%
East Jakarta Mayor Office,relativehumidity,2025-02-27T17:00:00Z,80.0,%
East Jakarta Mayor Office,relativehumidity,2025-02-28T17:00:00Z,77.9,%
East Jakarta Mayor Office,relativehumidity,2025-03-01T17:00:00Z,76.0,%
East Jakarta Mayor Office,relativehumidity,2025-03-02T17:00:00Z,79.5,%
East Jakarta Mayor Office,relativehumidity,2025-03-03T17:00:00Z,86.8,%
East Jakarta Mayor Office,relativehumidity,2025-03-04T17:00:00Z,76.7,%
East Jakarta Mayor Office,relativehumidity,2025-03-05T17:00:00Z,71.4,%
East Jakarta Mayor Office,relativehumidity,2025-03-06T17:00:00Z,71.2,%
East Jakarta Mayor Office,relativehumidity,2025-03-07T17:00:00Z,75.6,%
East Jakarta Mayor Office,relativehumidity,2025-03-08T17:00:00Z,78.9,%
East Jakarta Mayor Office,relativehumidity,2025-03-09T17:00:00Z,75.9,%
East Jakarta Mayor Office,relativehumidity,2025-03-10T17:00:00Z,73.3,%
East Jakarta Mayor Office,relativehumidity,2025-03-11T17:00:00Z,71.9,%
East Jakarta Mayor Office,relativehumidity,2025-03-12T17:00:00Z,74.7,%
East Jakarta Mayor Office,relativehumidity,2025-03-13T17:00:00Z,72.4,%
East Jakarta Mayor Office,relativehumidity,2025-03-14T17:00:00Z,74.4,%
East Jakarta Mayor Office,relativehumidity,2025-03-15T17:00:00Z,68.6,%
East Jakarta Mayor Office,relativehumidity,2025-03-16T17:00:00Z,79.6,%
East Jakarta Mayor Office,relativehumidity,2025-03-17T17:00:00Z,79.9,%
East Jakarta Mayor Office,relativehumidity,2025-03-18T17:00:00Z,73.9,%
East Jakarta Mayor Office,relativehumidity,2025-03-19T17:00:00Z,74.4,%
East Jakarta Mayor Office,relativehumidity,2025-03-20T17:00:00Z,70.5,%
East Jakarta Mayor Office,relativehumidity,2025-03-21T17:00:00Z,81.1,%
East Jakarta Mayor Office,relativehumidity,2025-03-22T17:00:00Z,77.2,%
East Jakarta Mayor Office,relativehumidity,2025-03-23T17:00:00Z,78.6,%
East Jakarta Mayor Office,relativehumidity,2025-03-24T17:00:00Z,79.5,%
East Jakarta Mayor Office,relativehumidity,2025-03-25T17:00:00Z,80.4,%
East Jakarta Mayor Office,relativehumidity,2025-03-26T17:00:00Z,86.0,%
East Jakarta Mayor Office,relativehumidity,2025-03-27T17:00:00Z,77.5,%
East Jakarta Mayor Office,relativehumidity,2025-03-28T17:00:00Z,71.7,%
East Jakarta Mayor Office,relativehumidity,2025-03-29T17:00:00Z,69.4,%
East Jakarta Mayor Office,relativehumidity,2025-03-30T17:00:00Z,74.1,%
East Jakarta Mayor Office,relativehumidity,2025-03-31T17:00:00Z,79.6,%
East Jakarta Mayor Office,relativehumidity,2025-04-01T17:00:00Z,81.5,%
East Jakarta Mayor Office,relativehumidity,2025-04-02T17:00:00Z,81.9,%
East Jakarta Mayor Office,relativehumidity,2025-04-03T17:00:00Z,77.5,%
East Jakarta Mayor Office,relativehumidity,2025-04-04T17:00:00Z,83.0,%
East Jakarta Mayor Office,relativehumidity,2025-04-05T17:00:00Z,81.9,%
East Jakarta Mayor Office,relativehumidity,2025-04-06T17:00:00Z,75.7,%
East Jakarta Mayor Office,relativehumidity,2025-04-07T17:00:00Z,72.7,%
East Jakarta Mayor Office,relativehumidity,2025-04-08T17:00:00Z,76.5,%
East Jakarta Mayor Office,relativehumidity,2025-04-09T17:00:00Z,76.4,%
East Jakarta Mayor Office,relativehumidity,2025-04-10T17:00:00Z,79.7,%
East Jakarta Mayor Office,relativehumidity,2025-04-11T17:00:00Z,81.5,%
East Jakarta Mayor Office,relativehumidity,2025-04-12T17:00:00Z,81.2,%
East Jakarta Mayor Office,relativehumidity,2025-04-13T17:00:00Z,72.9,%
East Jakarta Mayor Office,relativehumidity,2025-04-14T17:00:00Z,77.3,%
East Jakarta Mayor Office,relativehumidity,2025-04-15T17:00:00Z,78.2,%
East Jakarta Mayor Office,relativehumidity,2025-04-16T17:00:00Z,85.3,%
East Jakarta Mayor Office,relativehumidity,2025-04-17T17:00:00Z,80.1,%
East Jakarta Mayor Office,relativehumidity,2025-04-18T17:00:00Z,73.5,%
East Jakarta Mayor Office,relativehumidity,2025-04-19T17:00:00Z,68.3,%
East Jakarta Mayor Office,relativehumidity,2025-04-20T17:00:00Z,72.9,%
East Jakarta Mayor Office,relativehumidity,2025-04-21T17:00:00Z,74.8,%
East Jakarta Mayor Office,relativehumidity,2025-04-22T17:00:00Z,71.6,%
East Jakarta Mayor Office,relativehumidity,2025-04-23T17:00:00Z,73.8,%
East Jakarta Mayor Office,relativehumidity,2025-04-24T17:00:00Z,73.5,%
East Jakarta Mayor Office,relativehumidity,2025-04-25T17:00:00Z,78.3,%
East Jakarta Mayor Office,relativehumidity,2025-04-26T17:00:00Z,77.3,%
East Jakarta Mayor Office,relativehumidity,2025-04-27T17:00:00Z,75.1,%
East Jakarta Mayor Office,relativehumidity,2025-04-28T17:00:00Z,71.1,%
East Jakarta Mayor Office,relativehumidity,2025-04-29T17:00:00Z,71.6,%
East Jakarta Mayor Office,relativehumidity,2025-04-30T17:00:00Z,72.2,%
East Jakarta Mayor Office,relativehumidity,2025-05-01T17:00:00Z,76.6,%
East Jakarta Mayor Office,relativehumidity,2025-05-02T17:00:00Z,79.2,%
East Jakarta Mayor Office,relativehumidity,2025-05-03T17:00:00Z,77.5,%
East Jakarta Mayor Office,relativehumidity,2025-05-04T17:00:00Z,72.1,%
East Jakarta Mayor Office,relativehumidity,2025-05-05T17:00:00Z,77.0,%
East Jakarta Mayor Office,relativehumidity,2025-05-06T17:00:00Z,78.5,%
East Jakarta Mayor Office,relativehumidity,2025-05-07T17:00:00Z,75.4,%
East Jakarta Mayor Office,relativehumidity,2025-05-08T17:00:00Z,72.0,%
East Jakarta Mayor Office,relativehumidity,2025-05-09T17:00:00Z,79.9,%
East Jakarta Mayor Office,relativehumidity,2025-05-10T17:00:00Z,76.3,%
East Jakarta Mayor Office,relativehumidity,2025-05-11T17:00:00Z,71.9,%
East Jakarta Mayor Office,relativehumidity,2025-05-12T17:00:00Z,76.6,%
East Jakarta Mayor Office,relativehumidity,2025-05-13T17:00:00Z,83.1,%
East Jakarta Mayor Office,relativehumidity,2025-05-14T17:00:00Z,77.7,%
East Jakarta Mayor Office,relativehumidity,2025-05-15T17:00:00Z,84.2,%
East Jakarta Mayor Office,relativehumidity,2025-05-16T17:00:00Z,84.4,%
East Jakarta Mayor Office,relativehumidity,2025-05-17T17:00:00Z,81.5,%
East Jakarta Mayor Office,relativehumidity,2025-05-18T17:00:00Z,83.3,%
East Jakarta Mayor Office,relativehumidity,2025-05-19T17:00:00Z,75.3,%
East Jakarta Mayor Office,relativehumidity,2025-05-20T17:00:00Z,81.2,%
East Jakarta Mayor Office,relativehumidity,2025-05-21T17:00:00Z,80.1,%
East Jakarta Mayor Office,relativehumidity,2025-05-22T17:00:00Z,88.9,%
East Jakarta Mayor Office,relativehumidity,2025-05-23T17:00:00Z,78.3,%
East Jakarta Mayor Office,relativehumidity,2025-05-24T17:00:00Z,82.7,%
East Jakarta Mayor Office,relativehumidity,2025-05-25T17:00:00Z,82.5,%
East Jakarta Mayor Office,relativehumidity,2025-05-26T17:00:00Z,67.1,%
East Jakarta Mayor Office,relativehumidity,2025-05-27T17:00:00Z,71.3,%
East Jakarta Mayor Office,relativehumidity,2025-05-28T17:00:00Z,75.9,%
East Jakarta Mayor Office,relativehumidity,2025-05-29T17:00:00Z,79.1,%
East Jakarta Mayor Office,relativehumidity,2025-05-30T17:00:00Z,76.7,%
East Jakarta Mayor Office,relativehumidity,2025-05-31T17:00:00Z,77.3,%
East Jakarta Mayor Office,relativehumidity,2025-06-01T17:00:00Z,76.8,%
East Jakarta Mayor Office,relativehumidity,2025-06-02T17:00:00Z,78.0,%
East Jakarta Mayor Office,relativehumidity,2025-06-03T17:00:00Z,73.5,%
East Jakarta Mayor Office,relativehumidity,2025-06-04T17:00:00Z,72.0,%
East Jakarta Mayor Office,relativehumidity,2025-06-05T17:00:00Z,72.8,%
East Jakarta Mayor Office,relativehumidity,2025-06-06T17:00:00Z,76.3,%
East Jakarta Mayor Office,relativehumidity,2025-06-07T17:00:00Z,73.6,%
East Jakarta Mayor Office,relativehumidity,2025-06-08T17:00:00Z,72.9,%
East Jakarta Mayor Office,relativehumidity,2025-06-09T17:00:00Z,79.9,%
East Jakarta Mayor Office,relativehumidity,2025-06-10T17:00:00Z,77.4,%
East Jakarta Mayor Office,relativehumidity,2025-06-11T17:00:00Z,74.6,%
East Jakarta Mayor Office,relativehumidity,2025-06-12T17:00:00Z,70.0,%
East Jakarta Mayor Office,relativehumidity,2025-06-13T17:00:00Z,79.3,%
East Jakarta Mayor Office,relativehumidity,2025-06-14T17:00:00Z,77.8,%
East Jakarta Mayor Office,relativehumidity,2025-06-15T17:00:00Z,75.5,%
East Jakarta Mayor Office,relativehumidity,2025-06-16T17:00:00Z,77.3,%
East Jakarta Mayor Office,relativehumidity,2025-06-17T17:00:00Z,84.0,%
East Jakarta Mayor Office,relativehumidity,2025-06-18T17:00:00Z,78.7,%
East Jakarta Mayor Office,relativehumidity,2025-06-19T17:00:00Z,72.8,%
East Jakarta Mayor Office,relativehumidity,2025-06-20T17:00:00Z,83.8,%
East Jakarta Mayor Office,relativehumidity,2025-06-21T17:00:00Z,78.7,%
East Jakarta Mayor Office,relativehumidity,2025-06-22T17:00:00Z,77.8,%
East Jakarta Mayor Office,relativehumidity,2025-06-23T17:00:00Z,78.0,%
East Jakarta Mayor Office,relativehumidity,2025-06-24T17:00:00Z,75.7,%
East Jakarta Mayor Office,relativehumidity,2025-06-25T17:00:00Z,73.4,%
East Jakarta Mayor Office,relativehumidity,2025-06-26T17:00:00Z,74.5,%
East Jakarta Mayor Office,relativehumidity,2025-06-27T17:00:00Z,84.6,%
East Jakarta Mayor Office,relativehumidity,2025-06-28T17:00:00Z,90.8,%
East Jakarta Mayor Office,relativehumidity,2025-06-29T17:00:00Z,79.8,%
East Jakarta Mayor Office,temperature,2023-09-29T17:00:00Z,28.6,c
East Jakarta Mayor Office,temperature,2023-09-30T17:00:00Z,29.6,c
East Jakarta Mayor Office,temperature,2023-10-01T17:00:00Z,29.9,c
East Jakarta Mayor Office,temperature,2023-10-02T17:00:00Z,29.8,c
East Jakarta Mayor Office,temperature,2023-10-03T17:00:00Z,30.1,c
East Jakarta Mayor Office,temperature,2023-10-04T17:00:00Z,30.1,c
East Jakarta Mayor Office,temperature,2023-10-05T17:00:00Z,30.1,c
East Jakarta Mayor Office,temperature,2023-10-06T17:00:00Z,30.6,c
East Jakarta Mayor Office,temperature,2023-10-07T17:00:00Z,30.6,c
East Jakarta Mayor Office,temperature,2023-10-08T17:00:00Z,30.3,c
East Jakarta Mayor Office,temperature,2023-10-09T17:00:00Z,30.6,c
East Jakarta Mayor Office,temperature,2023-10-10T17:00:00Z,30.6,c
East Jakarta Mayor Office,temperature,2023-10-11T17:00:00Z,30.7,c
East Jakarta Mayor Office,temperature,2023-10-12T17:00:00Z,31.0,c
East Jakarta Mayor Office,temperature,2023-10-13T17:00:00Z,30.9,c
East Jakarta Mayor Office,temperature,2023-10-14T17:00:00Z,31.0,c
East Jakarta Mayor Office,temperature,2023-10-15T17:00:00Z,31.3,c
East Jakarta Mayor Office,temperature,2023-10-16T17:00:00Z,31.8,c
East Jakarta Mayor Office,temperature,2023-10-17T17:00:00Z,30.9,c
East Jakarta Mayor Office,temperature,2023-10-18T17:00:00Z,30.2,c
East Jakarta Mayor Office,temperature,2023-10-19T17:00:00Z,30.4,c
East Jakarta Mayor Office,temperature,2023-10-20T17:00:00Z,30.8,c
East Jakarta Mayor Office,temperature,2023-10-21T17:00:00Z,31.0,c
East Jakarta Mayor Office,temperature,2023-10-22T17:00:00Z,30.5,c
East Jakarta Mayor Office,temperature,2023-10-23T17:00:00Z,29.9,c
East Jakarta Mayor Office,temperature,2023-10-24T17:00:00Z,29.0,c
East Jakarta Mayor Office,temperature,2023-10-25T17:00:00Z,30.6,c
East Jakarta Mayor Office,temperature,2023-10-26T17:00:00Z,30.6,c
East Jakarta Mayor Office,temperature,2023-10-29T17:00:00Z,30.5,c
East Jakarta Mayor Office,temperature,2023-10-30T17:00:00Z,31.0,c
East Jakarta Mayor Office,temperature,2023-10-31T17:00:00Z,30.3,c
East Jakarta Mayor Office,temperature,2023-11-01T17:00:00Z,30.2,c
East Jakarta Mayor Office,temperature,2023-11-02T17:00:00Z,30.3,c
East Jakarta Mayor Office,temperature,2023-11-03T17:00:00Z,28.6,c
East Jakarta Mayor Office,temperature,2023-11-04T17:00:00Z,27.8,c
East Jakarta Mayor Office,temperature,2023-11-05T17:00:00Z,30.2,c
East Jakarta Mayor Office,temperature,2023-11-06T17:00:00Z,30.6,c
East Jakarta Mayor Office,temperature,2023-11-07T17:00:00Z,30.9,c
East Jakarta Mayor Office,temperature,2023-11-08T17:00:00Z,30.6,c
East Jakarta Mayor Office,temperature,2023-11-09T17:00:00Z,29.5,c
East Jakarta Mayor Office,temperature,2023-11-10T17:00:00Z,28.6,c
East Jakarta Mayor Office,temperature,2023-11-11T17:00:00Z,30.0,c
East Jakarta Mayor Office,temperature,2023-11-12T17:00:00Z,30.8,c
East Jakarta Mayor Office,temperature,2023-11-13T17:00:00Z,30.3,c
East Jakarta Mayor Office,temperature,2023-11-14T17:00:00Z,29.3,c
East Jakarta Mayor Office,temperature,2023-11-15T17:00:00Z,30.0,c
East Jakarta Mayor Office,temperature,2023-11-16T17:00:00Z,29.9,c
East Jakarta Mayor Office,temperature,2023-11-17T17:00:00Z,29.4,c
East Jakarta Mayor Office,temperature,2023-11-18T17:00:00Z,30.0,c
East Jakarta Mayor Office,temperature,2023-11-19T17:00:00Z,30.4,c
East Jakarta Mayor Office,temperature,2023-11-20T17:00:00Z,30.7,c
East Jakarta Mayor Office,temperature,2023-11-21T17:00:00Z,30.0,c
East Jakarta Mayor Office,temperature,2023-11-22T17:00:00Z,29.2,c
East Jakarta Mayor Office,temperature,2023-11-23T17:00:00Z,28.3,c
East Jakarta Mayor Office,temperature,2023-11-24T17:00:00Z,26.1,c
East Jakarta Mayor Office,temperature,2023-11-25T17:00:00Z,28.7,c
East Jakarta Mayor Office,temperature,2023-11-26T17:00:00Z,27.8,c
East Jakarta Mayor Office,temperature,2023-11-27T17:00:00Z,29.2,c
East Jakarta Mayor Office,temperature,2023-11-28T17:00:00Z,29.9,c
East Jakarta Mayor Office,temperature,2023-11-29T17:00:00Z,28.4,c
East Jakarta Mayor Office,temperature,2023-11-30T17:00:00Z,26.6,c
East Jakarta Mayor Office,temperature,2023-12-01T17:00:00Z,29.0,c
East Jakarta Mayor Office,temperature,2023-12-02T17:00:00Z,28.9,c
East Jakarta Mayor Office,temperature,2023-12-03T17:00:00Z,26.2,c
East Jakarta Mayor Office,temperature,2023-12-04T17:00:00Z,28.9,c
East Jakarta Mayor Office,temperature,2023-12-05T17:00:00Z,29.0,c
East Jakarta Mayor Office,temperature,2023-12-06T17:00:00Z,29.3,c
East Jakarta Mayor Office,temperature,2023-12-07T17:00:00Z,29.1,c
East Jakarta Mayor Office,temperature,2023-12-08T17:00:00Z,29.2,c
East Jakarta Mayor Office,temperature,2023-12-09T17:00:00Z,28.8,c
East Jakarta Mayor Office,temperature,2023-12-10T17:00:00Z,30.1,c
East Jakarta Mayor Office,temperature,2023-12-11T17:00:00Z,30.2,c
East Jakarta Mayor Office,temperature,2023-12-12T17:00:00Z,30.1,c
East Jakarta Mayor Office,temperature,2023-12-13T17:00:00Z,30.8,c
East Jakarta Mayor Office,temperature,2023-12-14T17:00:00Z,30.8,c
East Jakarta Mayor Office,temperature,2023-12-15T17:00:00Z,31.1,c
East Jakarta Mayor Office,temperature,2023-12-16T17:00:00Z,31.2,c
East Jakarta Mayor Office,temperature,2023-12-17T17:00:00Z,31.1,c
East Jakarta Mayor Office,temperature,2023-12-18T17:00:00Z,31.2,c
East Jakarta Mayor Office,temperature,2023-12-19T17:00:00Z,31.2,c
East Jakarta Mayor Office,temperature,2023-12-20T17:00:00Z,30.4,c
East Jakarta Mayor Office,temperature,2023-12-21T17:00:00Z,30.2,c
East Jakarta Mayor Office,temperature,2023-12-22T17:00:00Z,31.3,c
East Jakarta Mayor Office,temperature,2023-12-23T17:00:00Z,31.0,c
East Jakarta Mayor Office,temperature,2023-12-24T17:00:00Z,29.1,c
East Jakarta Mayor Office,temperature,2023-12-25T17:00:00Z,28.3,c
East Jakarta Mayor Office,temperature,2023-12-26T17:00:00Z,28.7,c
East Jakarta Mayor Office,temperature,2023-12-27T17:00:00Z,29.4,c
East Jakarta Mayor Office,temperature,2023-12-28T17:00:00Z,29.4,c
East Jakarta Mayor Office,temperature,2023-12-29T17:00:00Z,29.0,c
East Jakarta Mayor Office,temperature,2023-12-30T17:00:00Z,28.8,c
East Jakarta Mayor Office,temperature,2023-12-31T17:00:00Z,29.5,c
East Jakarta Mayor Office,temperature,2024-01-01T17:00:00Z,29.7,c
East Jakarta Mayor Office,temperature,2024-01-02T17:00:00Z,27.8,c
East Jakarta Mayor Office,temperature,2024-01-03T17:00:00Z,27.2,c
East Jakarta Mayor Office,temperature,2024-01-04T17:00:00Z,27.7,c
East Jakarta Mayor Office,temperature,2024-01-05T17:00:00Z,27.8,c
East Jakarta Mayor Office,temperature,2024-01-06T17:00:00Z,27.4,c
East Jakarta Mayor Office,temperature,2024-01-07T17:00:00Z,28.3,c
East Jakarta Mayor Office,temperature,2024-01-08T17:00:00Z,28.5,c
East Jakarta Mayor Office,temperature,2024-01-09T17:00:00Z,28.6,c
East Jakarta Mayor Office,temperature,2024-01-10T17:00:00Z,27.8,c
East Jakarta Mayor Office,temperature,2024-01-11T17:00:00Z,27.9,c
East Jakarta Mayor Office,temperature,2024-01-12T17:00:00Z,28.7,c
East Jakarta Mayor Office,temperature,2024-01-13T17:00:00Z,29.5,c
East Jakarta Mayor Office,temperature,2024-01-14T17:00:00Z,29.4,c
East Jakarta Mayor Office,temperature,2024-01-15T17:00:00Z,30.1,c
East Jakarta Mayor Office,temperature,2024-01-16T17:00:00Z,27.3,c
East Jakarta Mayor Office,temperature,2024-01-17T17:00:00Z,28.3,c
East Jakarta Mayor Office,temperature,2024-01-18T17:00:00Z,25.4,c
East Jakarta Mayor Office,temperature,2024-01-19T17:00:00Z,29.7,c
East Jakarta Mayor Office,temperature,2024-01-20T17:00:00Z,28.7,c
East Jakarta Mayor Office,temperature,2024-01-21T17:00:00Z,30.1,c
East Jakarta Mayor Office,temperature,2024-01-22T17:00:00Z,29.9,c
East Jakarta Mayor Office,temperature,2024-01-23T17:00:00Z,29.9,c
East Jakarta Mayor Office,temperature,2024-01-24T17:00:00Z,29.9,c
East Jakarta Mayor Office,temperature,2024-01-25T17:00:00Z,29.2,c
East Jakarta Mayor Office,temperature,2024-01-26T17:00:00Z,25.9,c
East Jakarta Mayor Office,temperature,2024-01-27T17:00:00Z,26.7,c
East Jakarta Mayor Office,temperature,2024-01-28T17:00:00Z,26.2,c
East Jakarta Mayor Office,temperature,2024-01-29T17:00:00Z,26.4,c
East Jakarta Mayor Office,temperature,2024-01-30T17:00:00Z,27.3,c
East Jakarta Mayor Office,temperature,2024-01-31T17:00:00Z,27.9,c
East Jakarta Mayor Office,temperature,2024-02-01T17:00:00Z,27.4,c
East Jakarta Mayor Office,temperature,2024-02-02T17:00:00Z,24.4,c
East Jakarta Mayor Office,temperature,2024-02-04T17:00:00Z,26.4,c
East Jakarta Mayor Office,temperature,2024-02-05T17:00:00Z,26.8,c
East Jakarta Mayor Office,temperature,2024-02-06T17:00:00Z,27.9,c
East Jakarta Mayor Office,temperature,2024-02-07T17:00:00Z,29.0,c
East Jakarta Mayor Office,temperature,2024-02-08T17:00:00Z,29.4,c
East Jakarta Mayor Office,temperature,2024-02-09T17:00:00Z,27.8,c
East Jakarta Mayor Office,temperature,2024-02-10T17:00:00Z,28.5,c
East Jakarta Mayor Office,temperature,2024-02-11T17:00:00Z,28.1,c
East Jakarta Mayor Office,temperature,2024-02-12T17:00:00Z,28.6,c
East Jakarta Mayor Office,temperature,2024-02-13T17:00:00Z,27.2,c
East Jakarta Mayor Office,temperature,2024-02-14T17:00:00Z,28.2,c
East Jakarta Mayor Office,temperature,2024-02-15T17:00:00Z,28.2,c
East Jakarta Mayor Office,temperature,2024-02-16T17:00:00Z,28.3,c
East Jakarta Mayor Office,temperature,2024-02-17T17:00:00Z,28.6,c
East Jakarta Mayor Office,temperature,2024-02-18T17:00:00Z,29.3,c
East Jakarta Mayor Office,temperature,2024-02-19T17:00:00Z,30.0,c
East Jakarta Mayor Office,temperature,2024-02-20T17:00:00Z,29.1,c
East Jakarta Mayor Office,temperature,2024-02-21T17:00:00Z,29.2,c
East Jakarta Mayor Office,temperature,2024-02-22T17:00:00Z,29.9,c
East Jakarta Mayor Office,temperature,2024-02-23T17:00:00Z,29.6,c
East Jakarta Mayor Office,temperature,2024-02-24T17:00:00Z,28.3,c
East Jakarta Mayor Office,temperature,2024-02-25T17:00:00Z,28.0,c
East Jakarta Mayor Office,temperature,2024-02-26T17:00:00Z,29.5,c
East Jakarta Mayor Office,temperature,2024-02-27T17:00:00Z,27.8,c
East Jakarta Mayor Office,temperature,2024-02-28T17:00:00Z,26.4,c
East Jakarta Mayor Office,temperature,2024-02-29T17:00:00Z,29.1,c
East Jakarta Mayor Office,temperature,2024-03-01T17:00:00Z,28.1,c
East Jakarta Mayor Office,temperature,2024-03-02T17:00:00Z,27.8,c
East Jakarta Mayor Office,temperature,2024-03-03T17:00:00Z,28.3,c
East Jakarta Mayor Office,temperature,2024-03-04T17:00:00Z,29.8,c
East Jakarta Mayor Office,temperature,2024-03-05T17:00:00Z,29.2,c
East Jakarta Mayor Office,temperature,2024-03-06T17:00:00Z,29.9,c
East Jakarta Mayor Office,temperature,2024-03-07T17:00:00Z,28.7,c
East Jakarta Mayor Office,temperature,2024-03-08T17:00:00Z,26.1,c
East Jakarta Mayor Office,temperature,2024-03-09T17:00:00Z,27.6,c
East Jakarta Mayor Office,temperature,2024-03-10T17:00:00Z,27.9,c
East Jakarta Mayor Office,temperature,2024-03-11T17:00:00Z,29.0,c
East Jakarta Mayor Office,temperature,2024-03-12T17:00:00Z,28.1,c
East Jakarta Mayor Office,temperature,2024-03-13T17:00:00Z,27.4,c
East Jakarta Mayor Office,temperature,2024-03-14T17:00:00Z,27.2,c
East Jakarta Mayor Office,temperature,2024-03-15T17:00:00Z,26.3,c
East Jakarta Mayor Office,temperature,2024-03-16T17:00:00Z,27.2,c
East Jakarta Mayor Office,temperature,2024-03-17T17:00:00Z,28.9,c
East Jakarta Mayor Office,temperature,2024-03-18T17:00:00Z,30.6,c
East Jakarta Mayor Office,temperature,2024-03-19T17:00:00Z,30.7,c
East Jakarta Mayor Office,temperature,2024-03-20T17:00:00Z,29.5,c
East Jakarta Mayor Office,temperature,2024-03-21T17:00:00Z,27.5,c
East Jakarta Mayor Office,temperature,2024-03-22T17:00:00Z,28.1,c
East Jakarta Mayor Office,temperature,2024-03-25T17:00:00Z,31.8,c
East Jakarta Mayor Office,temperature,2024-03-26T17:00:00Z,29.2,c
East Jakarta Mayor Office,temperature,2024-03-27T17:00:00Z,29.3,c
East Jakarta Mayor Office,temperature,2024-03-28T17:00:00Z,27.5,c
East Jakarta Mayor Office,temperature,2024-03-31T17:00:00Z,28.2,c
East Jakarta Mayor Office,temperature,2024-04-01T17:00:00Z,29.6,c
East Jakarta Mayor Office,temperature,2024-04-02T17:00:00Z,28.7,c
East Jakarta Mayor Office,temperature,2024-04-03T17:00:00Z,29.7,c
East Jakarta Mayor Office,temperature,2024-04-04T17:00:00Z,29.5,c
East Jakarta Mayor Office,temperature,2024-04-05T17:00:00Z,29.4,c
East Jakarta Mayor Office,temperature,2024-04-06T17:00:00Z,29.8,c
East Jakarta Mayor Office,temperature,2024-04-07T17:00:00Z,30.2,c
East Jakarta Mayor Office,temperature,2024-04-08T17:00:00Z,28.7,c
East Jakarta Mayor Office,temperature,2024-04-09T17:00:00Z,28.9,c
East Jakarta Mayor Office,temperature,2024-04-10T17:00:00Z,29.6,c
East Jakarta Mayor Office,temperature,2024-04-11T17:00:00Z,27.3,c
East Jakarta Mayor Office,temperature,2024-04-12T17:00:00Z,29.9,c
East Jakarta Mayor Office,temperature,2024-04-13T17:00:00Z,28.8,c
East Jakarta Mayor Office,temperature,2024-04-14T17:00:00Z,29.7,c
East Jakarta Mayor Office,temperature,2024-04-15T17:00:00Z,30.8,c
East Jakarta Mayor Office,temperature,2024-04-16T17:00:00Z,29.3,c
East Jakarta Mayor Office,temperature,2024-04-17T17:00:00Z,29.1,c
East Jakarta Mayor Office,temperature,2024-04-18T17:00:00Z,29.0,c
East Jakarta Mayor Office,temperature,2024-04-19T17:00:00Z,29.6,c
East Jakarta Mayor Office,temperature,2024-04-20T17:00:00Z,28.7,c
East Jakarta Mayor Office,temperature,2024-04-21T17:00:00Z,30.0,c
East Jakarta Mayor Office,temperature,2024-04-22T17:00:00Z,28.9,c
East Jakarta Mayor Office,temperature,2024-04-23T17:00:00Z,29.2,c
East Jakarta Mayor Office,temperature,2024-04-24T17:00:00Z,28.2,c
East Jakarta Mayor Office,temperature,2024-04-25T17:00:00Z,28.7,c
East Jakarta Mayor Office,temperature,2024-04-26T17:00:00Z,28.8,c
East Jakarta Mayor Office,temperature,2024-04-27T17:00:00Z,29.3,c
East Jakarta Mayor Office,temperature,2024-04-28T17:00:00Z,30.7,c
East Jakarta Mayor Office,temperature,2024-04-29T17:00:00Z,30.6,c
East Jakarta Mayor Office,temperature,2024-04-30T17:00:00Z,29.9,c
East Jakarta Mayor Office,temperature,2024-05-01T17:00:00Z,30.6,c
East Jakarta Mayor Office,temperature,2024-05-02T17:00:00Z,30.4,c
East Jakarta Mayor Office,temperature,2024-05-03T17:00:00Z,30.2,c
East Jakarta Mayor Office,temperature,2024-05-04T17:00:00Z,30.2,c
East Jakarta Mayor Office,temperature,2024-05-05T17:00:00Z,29.5,c
East Jakarta Mayor Office,temperature,2024-05-06T17:00:00Z,30.1,c
East Jakarta Mayor Office,temperature,2024-05-07T17:00:00Z,30.1,c
East Jakarta Mayor Office,temperature,2024-05-08T17:00:00Z,30.1,c
East Jakarta Mayor Office,temperature,2024-05-09T17:00:00Z,30.2,c
East Jakarta Mayor Office,temperature,2024-05-10T17:00:00Z,30.3,c
East Jakarta Mayor Office,temperature,2024-05-11T17:00:00Z,30.4,c
East Jakarta Mayor Office,temperature,2024-05-12T17:00:00Z,30.3,c
East Jakarta Mayor Office,temperature,2024-05-13T17:00:00Z,29.0,c
East Jakarta Mayor Office,temperature,2024-05-14T17:00:00Z,29.9,c
East Jakarta Mayor Office,temperature,2024-05-15T17:00:00Z,29.8,c
East Jakarta Mayor Office,temperature,2024-05-16T17:00:00Z,29.9,c
East Jakarta Mayor Office,temperature,2024-05-17T17:00:00Z,30.1,c
East Jakarta Mayor Office,temperature,2024-05-18T17:00:00Z,30.1,c
East Jakarta Mayor Office,temperature,2024-05-19T17:00:00Z,29.9,c
East Jakarta Mayor Office,temperature,2024-05-20T17:00:00Z,30.1,c
East Jakarta Mayor Office,temperature,2024-05-21T17:00:00Z,30.0,c
East Jakarta Mayor Office,temperature,2024-05-22T17:00:00Z,28.3,c
East Jakarta Mayor Office,temperature,2024-05-23T17:00:00Z,28.9,c
East Jakarta Mayor Office,temperature,2024-05-24T17:00:00Z,26.5,c
East Jakarta Mayor Office,temperature,2024-05-25T17:00:00Z,29.1,c
East Jakarta Mayor Office,temperature,2024-05-26T17:00:00Z,30.0,c
East Jakarta Mayor Office,temperature,2024-05-27T17:00:00Z,30.4,c
East Jakarta Mayor Office,temperature,2024-05-28T17:00:00Z,30.5,c
East Jakarta Mayor Office,temperature,2024-05-29T17:00:00Z,30.6,c
East Jakarta Mayor Office,temperature,2024-05-30T17:00:00Z,29.1,c
East Jakarta Mayor Office,temperature,2024-06-04T17:00:00Z,31.1,c
East Jakarta Mayor Office,temperature,2024-06-05T17:00:00Z,30.0,c
East Jakarta Mayor Office,temperature,2024-06-06T17:00:00Z,30.1,c
East Jakarta Mayor Office,temperature,2024-06-07T17:00:00Z,30.2,c
East Jakarta Mayor Office,temperature,2024-06-08T17:00:00Z,29.8,c
East Jakarta Mayor Office,temperature,2024-06-09T17:00:00Z,30.2,c
East Jakarta Mayor Office,temperature,2024-06-10T17:00:00Z,28.8,c
East Jakarta Mayor Office,temperature,2024-06-11T17:00:00Z,28.6,c
East Jakarta Mayor Office,temperature,2024-06-12T17:00:00Z,28.7,c
East Jakarta Mayor Office,temperature,2024-06-13T17:00:00Z,29.6,c
East Jakarta Mayor Office,temperature,2024-06-18T17:00:00Z,30.8,c
East Jakarta Mayor Office,temperature,2024-06-19T17:00:00Z,29.5,c
East Jakarta Mayor Office,temperature,2024-06-20T17:00:00Z,29.8,c
East Jakarta Mayor Office,temperature,2024-06-21T17:00:00Z,29.6,c
East Jakarta Mayor Office,temperature,2024-06-22T17:00:00Z,29.8,c
East Jakarta Mayor Office,temperature,2024-06-23T17:00:00Z,29.9,c
East Jakarta Mayor Office,temperature,2024-06-24T17:00:00Z,27.6,c
East Jakarta Mayor Office,temperature,2024-06-25T17:00:00Z,29.1,c
East Jakarta Mayor Office,temperature,2024-06-26T17:00:00Z,29.6,c
East Jakarta Mayor Office,temperature,2024-06-27T17:00:00Z,29.4,c
East Jakarta Mayor Office,temperature,2024-06-28T17:00:00Z,27.6,c
East Jakarta Mayor Office,temperature,2024-06-29T17:00:00Z,29.1,c
East Jakarta Mayor Office,temperature,2024-06-30T17:00:00Z,28.8,c
East Jakarta Mayor Office,temperature,2024-07-01T17:00:00Z,28.0,c
East Jakarta Mayor Office,temperature,2024-07-02T17:00:00Z,28.4,c
East Jakarta Mayor Office,temperature,2024-07-03T17:00:00Z,26.9,c
East Jakarta Mayor Office,temperature,2024-07-04T17:00:00Z,26.6,c
East Jakarta Mayor Office,temperature,2024-07-05T17:00:00Z,24.9,c
East Jakarta Mayor Office,temperature,2024-07-06T17:00:00Z,27.1,c
East Jakarta Mayor Office,temperature,2024-07-07T17:00:00Z,28.7,c
East Jakarta Mayor Office,temperature,2024-07-08T17:00:00Z,28.4,c
East Jakarta Mayor Office,temperature,2024-07-09T17:00:00Z,29.0,c
East Jakarta Mayor Office,temperature,2024-07-10T17:00:00Z,29.6,c
East Jakarta Mayor Office,temperature,2024-07-11T17:00:00Z,29.2,c
East Jakarta Mayor Office,temperature,2024-07-12T17:00:00Z,28.7,c
East Jakarta Mayor Office,temperature,2024-07-13T17:00:00Z,28.8,c
East Jakarta Mayor Office,temperature,2024-07-14T17:00:00Z,28.2,c
East Jakarta Mayor Office,temperature,2024-07-15T17:00:00Z,28.9,c
East Jakarta Mayor Office,temperature,2024-07-16T17:00:00Z,29.1,c
East Jakarta Mayor Office,temperature,2024-07-17T17:00:00Z,29.4,c
East Jakarta Mayor Office,temperature,2024-07-18T17:00:00Z,29.2,c
East Jakarta Mayor Office,temperature,2024-07-19T17:00:00Z,29.5,c
East Jakarta Mayor Office,temperature,2024-07-20T17:00:00Z,29.5,c
East Jakarta Mayor Office,temperature,2024-07-21T17:00:00Z,29.3,c
East Jakarta Mayor Office,temperature,2024-07-22T17:00:00Z,29.5,c
East Jakarta Mayor Office,temperature,2024-07-23T17:00:00Z,29.0,c
East Jakarta Mayor Office,temperature,2024-07-24T17:00:00Z,28.9,c
East Jakarta Mayor Office,temperature,2024-07-25T17:00:00Z,29.2,c
East Jakarta Mayor Office,temperature,2024-07-26T17:00:00Z,29.5,c
East Jakarta Mayor Office,temperature,2024-07-27T17:00:00Z,29.6,c
East Jakarta Mayor Office,temperature,2024-07-28T17:00:00Z,29.6,c
East Jakarta Mayor Office,temperature,2024-07-29T17:00:00Z,29.9,c
East Jakarta Mayor Office,temperature,2024-07-30T17:00:00Z,29.7,c
East Jakarta Mayor Office,temperature,2024-07-31T17:00:00Z,29.0,c
East Jakarta Mayor Office,temperature,2024-08-01T17:00:00Z,28.0,c
East Jakarta Mayor Office,temperature,2024-08-02T17:00:00Z,28.5,c
East Jakarta Mayor Office,temperature,2024-08-03T17:00:00Z,29.5,c
East Jakarta Mayor Office,temperature,2024-08-04T17:00:00Z,29.0,c
East Jakarta Mayor Office,temperature,2024-08-05T17:00:00Z,29.7,c
East Jakarta Mayor Office,temperature,2024-08-11T17:00:00Z,30.4,c
East Jakarta Mayor Office,temperature,2024-08-12T17:00:00Z,29.3,c
East Jakarta Mayor Office,temperature,2024-08-13T17:00:00Z,29.5,c
East Jakarta Mayor Office,temperature,2024-08-14T17:00:00Z,29.7,c
East Jakarta Mayor Office,temperature,2024-08-15T17:00:00Z,29.4,c
East Jakarta Mayor Office,temperature,2024-08-16T17:00:00Z,29.8,c
East Jakarta Mayor Office,temperature,2024-08-17T17:00:00Z,29.8,c
East Jakarta Mayor Office,temperature,2024-08-18T17:00:00Z,29.5,c
East Jakarta Mayor Office,temperature,2024-08-19T17:00:00Z,29.3,c
East Jakarta Mayor Office,temperature,2024-08-20T17:00:00Z,29.5,c
East Jakarta Mayor Office,temperature,2024-08-21T17:00:00Z,29.3,c
East Jakarta Mayor Office,temperature,2024-08-22T17:00:00Z,29.5,c
East Jakarta Mayor Office,temperature,2024-08-23T17:00:00Z,29.5,c
East Jakarta Mayor Office,temperature,2024-08-24T17:00:00Z,29.8,c
East Jakarta Mayor Office,temperature,2024-08-25T17:00:00Z,30.0,c
East Jakarta Mayor Office,temperature,2024-08-26T17:00:00Z,30.0,c
East Jakarta Mayor Office,temperature,2024-08-27T17:00:00Z,29.9,c
East Jakarta Mayor Office,temperature,2024-08-28T17:00:00Z,30.2,c
East Jakarta Mayor Office,temperature,2024-08-29T17:00:00Z,29.0,c
East Jakarta Mayor Office,temperature,2024-09-02T17:00:00Z,30.8,c
East Jakarta Mayor Office,temperature,2024-09-03T17:00:00Z,28.1,c
East Jakarta Mayor Office,temperature,2024-09-08T17:00:00Z,28.5,c
East Jakarta Mayor Office,temperature,2024-09-09T17:00:00Z,27.8,c
East Jakarta Mayor Office,temperature,2024-09-10T17:00:00Z,29.4,c
East Jakarta Mayor Office,temperature,2024-09-11T17:00:00Z,29.0,c
East Jakarta Mayor Office,temperature,2024-09-12T17:00:00Z,28.2,c
East Jakarta Mayor Office,temperature,2024-09-13T17:00:00Z,29.6,c
East Jakarta Mayor Office,temperature,2024-09-14T17:00:00Z,29.9,c
East Jakarta Mayor Office,temperature,2024-09-15T17:00:00Z,30.1,c
East Jakarta Mayor Office,temperature,2024-09-16T17:00:00Z,30.1,c
East Jakarta Mayor Office,temperature,2024-09-17T17:00:00Z,29.0,c
East Jakarta Mayor Office,temperature,2024-09-18T17:00:00Z,29.1,c
East Jakarta Mayor Office,temperature,2024-09-19T17:00:00Z,29.7,c
East Jakarta Mayor Office,temperature,2024-09-20T17:00:00Z,30.1,c
East Jakarta Mayor Office,temperature,2024-09-21T17:00:00Z,30.1,c
East Jakarta Mayor Office,temperature,2024-09-22T17:00:00Z,30.0,c
East Jakarta Mayor Office,temperature,2024-09-23T17:00:00Z,27.4,c
East Jakarta Mayor Office,temperature,2024-09-24T17:00:00Z,27.6,c
East Jakarta Mayor Office,temperature,2024-09-25T17:00:00Z,27.2,c
East Jakarta Mayor Office,temperature,2024-09-26T17:00:00Z,29.2,c
East Jakarta Mayor Office,temperature,2024-09-27T17:00:00Z,30.9,c
East Jakarta Mayor Office,temperature,2024-09-28T17:00:00Z,30.8,c
East Jakarta Mayor Office,temperature,2024-09-29T17:00:00Z,30.6,c
East Jakarta Mayor Office,temperature,2024-09-30T17:00:00Z,30.8,c
East Jakarta Mayor Office,temperature,2024-10-01T17:00:00Z,31.0,c
East Jakarta Mayor Office,temperature,2024-10-02T17:00:00Z,30.3,c
East Jakarta Mayor Office,temperature,2024-10-03T17:00:00Z,30.5,c
East Jakarta Mayor Office,temperature,2024-10-04T17:00:00Z,29.9,c
East Jakarta Mayor Office,temperature,2024-10-05T17:00:00Z,30.5,c
East Jakarta Mayor Office,temperature,2024-10-06T17:00:00Z,30.9,c
East Jakarta Mayor Office,temperature,2024-10-07T17:00:00Z,30.7,c
East Jakarta Mayor Office,temperature,2024-10-08T17:00:00Z,30.8,c
East Jakarta Mayor Office,temperature,2024-10-09T17:00:00Z,31.0,c
East Jakarta Mayor Office,temperature,2024-10-10T17:00:00Z,31.2,c
East Jakarta Mayor Office,temperature,2024-10-11T17:00:00Z,30.7,c
East Jakarta Mayor Office,temperature,2024-10-12T17:00:00Z,29.7,c
East Jakarta Mayor Office,temperature,2024-10-13T17:00:00Z,29.2,c
East Jakarta Mayor Office,temperature,2024-10-14T17:00:00Z,28.7,c
East Jakarta Mayor Office,temperature,2024-10-15T17:00:00Z,30.0,c
East Jakarta Mayor Office,temperature,2024-10-16T17:00:00Z,29.7,c
East Jakarta Mayor Office,temperature,2024-10-17T17:00:00Z,29.9,c
East Jakarta Mayor Office,temperature,2024-10-18T17:00:00Z,30.2,c
East Jakarta Mayor Office,temperature,2024-10-19T17:00:00Z,31.3,c
East Jakarta Mayor Office,temperature,2024-10-20T17:00:00Z,30.0,c
East Jakarta Mayor Office,temperature,2024-10-21T17:00:00Z,30.4,c
East Jakarta Mayor Office,temperature,2024-10-22T17:00:00Z,30.7,c
East Jakarta Mayor Office,temperature,2024-10-23T17:00:00Z,30.3,c
East Jakarta Mayor Office,temperature,2024-10-29T17:00:00Z,29.7,c
East Jakarta Mayor Office,temperature,2024-10-30T17:00:00Z,30.6,c
East Jakarta Mayor Office,temperature,2024-10-31T17:00:00Z,30.5,c
East Jakarta Mayor Office,temperature,2024-11-01T17:00:00Z,29.2,c
East Jakarta Mayor Office,temperature,2024-11-02T17:00:00Z,27.5,c
East Jakarta Mayor Office,temperature,2024-11-03T17:00:00Z,27.8,c
East Jakarta Mayor Office,temperature,2024-11-04T17:00:00Z,29.0,c
East Jakarta Mayor Office,temperature,2024-11-05T17:00:00Z,29.5,c
East Jakarta Mayor Office,temperature,2024-11-06T17:00:00Z,29.6,c
East Jakarta Mayor Office,temperature,2024-11-07T17:00:00Z,30.6,c
East Jakarta Mayor Office,temperature,2024-11-08T17:00:00Z,29.3,c
East Jakarta Mayor Office,temperature,2024-11-09T17:00:00Z,29.1,c
East Jakarta Mayor Office,temperature,2024-11-10T17:00:00Z,27.6,c
East Jakarta Mayor Office,temperature,2024-11-11T17:00:00Z,28.1,c
East Jakarta Mayor Office,temperature,2024-11-12T17:00:00Z,29.9,c
East Jakarta Mayor Office,temperature,2024-11-13T17:00:00Z,30.4,c
East Jakarta Mayor Office,temperature,2024-11-14T17:00:00Z,29.6,c
East Jakarta Mayor Office,temperature,2024-11-15T17:00:00Z,28.2,c
East Jakarta Mayor Office,temperature,2024-11-16T17:00:00Z,29.4,c
East Jakarta Mayor Office,temperature,2024-11-17T17:00:00Z,28.9,c
East Jakarta Mayor Office,temperature,2024-11-18T17:00:00Z,28.4,c
East Jakarta Mayor Office,temperature,2024-11-19T17:00:00Z,29.0,c
East Jakarta Mayor Office,temperature,2024-11-20T17:00:00Z,29.3,c
East Jakarta Mayor Office,temperature,2024-11-21T17:00:00Z,29.3,c
East Jakarta Mayor Office,temperature,2024-11-22T17:00:00Z,28.0,c
East Jakarta Mayor Office,temperature,2024-11-23T17:00:00Z,28.3,c
East Jakarta Mayor Office,temperature,2024-11-24T17:00:00Z,29.6,c
East Jakarta Mayor Office,temperature,2024-11-25T17:00:00Z,29.0,c
East Jakarta Mayor Office,temperature,2024-11-26T17:00:00Z,27.9,c
East Jakarta Mayor Office,temperature,2024-11-27T17:00:00Z,28.7,c
East Jakarta Mayor Office,temperature,2024-11-28T17:00:00Z,29.6,c
East Jakarta Mayor Office,temperature,2024-11-29T17:00:00Z,30.6,c
East Jakarta Mayor Office,temperature,2024-11-30T17:00:00Z,30.0,c
East Jakarta Mayor Office,temperature,2024-12-01T17:00:00Z,28.5,c
East Jakarta Mayor Office,temperature,2024-12-02T17:00:00Z,27.5,c
East Jakarta Mayor Office,temperature,2024-12-03T17:00:00Z,26.8,c
East Jakarta Mayor Office,temperature,2024-12-04T17:00:00Z,27.0,c
East Jakarta Mayor Office,temperature,2024-12-05T17:00:00Z,26.8,c
East Jakarta Mayor Office,temperature,2024-12-06T17:00:00Z,27.6,c
East Jakarta Mayor Office,temperature,2024-12-07T17:00:00Z,28.8,c
East Jakarta Mayor Office,temperature,2024-12-08T17:00:00Z,26.1,c
East Jakarta Mayor Office,temperature,2024-12-09T17:00:00Z,27.2,c
East Jakarta Mayor Office,temperature,2024-12-10T17:00:00Z,29.4,c
East Jakarta Mayor Office,temperature,2024-12-11T17:00:00Z,29.6,c
East Jakarta Mayor Office,temperature,2024-12-12T17:00:00Z,30.0,c
East Jakarta Mayor Office,temperature,2024-12-13T17:00:00Z,28.3,c
East Jakarta Mayor Office,temperature,2024-12-14T17:00:00Z,27.3,c
East Jakarta Mayor Office,temperature,2024-12-15T17:00:00Z,27.8,c
East Jakarta Mayor Office,temperature,2024-12-16T17:00:00Z,28.6,c
East Jakarta Mayor Office,temperature,2024-12-17T17:00:00Z,28.8,c
East Jakarta Mayor Office,temperature,2024-12-18T17:00:00Z,27.0,c
East Jakarta Mayor Office,temperature,2024-12-19T17:00:00Z,27.5,c
East Jakarta Mayor Office,temperature,2024-12-20T17:00:00Z,28.0,c
East Jakarta Mayor Office,temperature,2024-12-21T17:00:00Z,28.0,c
East Jakarta Mayor Office,temperature,2024-12-22T17:00:00Z,26.5,c
East Jakarta Mayor Office,temperature,2024-12-23T17:00:00Z,27.5,c
East Jakarta Mayor Office,temperature,2024-12-24T17:00:00Z,27.7,c
East Jakarta Mayor Office,temperature,2024-12-25T17:00:00Z,29.3,c
East Jakarta Mayor Office,temperature,2024-12-26T17:00:00Z,29.7,c
East Jakarta Mayor Office,temperature,2024-12-27T17:00:00Z,30.3,c
East Jakarta Mayor Office,temperature,2024-12-28T17:00:00Z,29.8,c
East Jakarta Mayor Office,temperature,2024-12-29T17:00:00Z,28.7,c
East Jakarta Mayor Office,temperature,2024-12-30T17:00:00Z,28.6,c
East Jakarta Mayor Office,temperature,2024-12-31T17:00:00Z,28.9,c
East Jakarta Mayor Office,temperature,2025-01-01T17:00:00Z,29.5,c
East Jakarta Mayor Office,temperature,2025-01-02T17:00:00Z,29.0,c
East Jakarta Mayor Office,temperature,2025-01-03T17:00:00Z,29.5,c
East Jakarta Mayor Office,temperature,2025-01-04T17:00:00Z,27.5,c
East Jakarta Mayor Office,temperature,2025-01-05T17:00:00Z,28.3,c
East Jakarta Mayor Office,temperature,2025-01-06T17:00:00Z,27.9,c
East Jakarta Mayor Office,temperature,2025-01-07T17:00:00Z,27.8,c
East Jakarta Mayor Office,temperature,2025-01-08T17:00:00Z,26.1,c
East Jakarta Mayor Office,temperature,2025-01-09T17:00:00Z,28.5,c
East Jakarta Mayor Office,temperature,2025-01-10T17:00:00Z,27.6,c
East Jakarta Mayor Office,temperature,2025-01-11T17:00:00Z,28.2,c
East Jakarta Mayor Office,temperature,2025-01-12T17:00:00Z,28.7,c
East Jakarta Mayor Office,temperature,2025-01-13T17:00:00Z,27.1,c
East Jakarta Mayor Office,temperature,2025-01-14T17:00:00Z,28.8,c
East Jakarta Mayor Office,temperature,2025-01-15T17:00:00Z,29.1,c
East Jakarta Mayor Office,temperature,2025-01-16T17:00:00Z,27.7,c
East Jakarta Mayor Office,temperature,2025-01-17T17:00:00Z,27.0,c
East Jakarta Mayor Office,temperature,2025-01-18T17:00:00Z,28.5,c
East Jakarta Mayor Office,temperature,2025-01-19T17:00:00Z,25.8,c
East Jakarta Mayor Office,temperature,2025-01-20T17:00:00Z,25.5,c
East Jakarta Mayor Office,temperature,2025-01-21T17:00:00Z,27.1,c
East Jakarta Mayor Office,temperature,2025-01-22T17:00:00Z,27.6,c
East Jakarta Mayor Office,temperature,2025-01-23T17:00:00Z,27.7,c
East Jakarta Mayor Office,temperature,2025-01-24T17:00:00Z,27.6,c
East Jakarta Mayor Office,temperature,2025-01-25T17:00:00Z,28.6,c
East Jakarta Mayor Office,temperature,2025-01-26T17:00:00Z,28.0,c
East Jakarta Mayor Office,temperature,2025-01-27T17:00:00Z,25.9,c
East Jakarta Mayor Office,temperature,2025-01-28T17:00:00Z,26.1,c
East Jakarta Mayor Office,temperature,2025-01-29T17:00:00Z,26.9,c
East Jakarta Mayor Office,temperature,2025-01-30T17:00:00Z,27.1,c
East Jakarta Mayor Office,temperature,2025-01-31T17:00:00Z,27.8,c
East Jakarta Mayor Office,temperature,2025-02-01T17:00:00Z,28.2,c
East Jakarta Mayor Office,temperature,2025-02-02T17:00:00Z,28.5,c
East Jakarta Mayor Office,temperature,2025-02-03T17:00:00Z,27.5,c
East Jakarta Mayor Office,temperature,2025-02-04T17:00:00Z,28.0,c
East Jakarta Mayor Office,temperature,2025-02-05T17:00:00Z,27.5,c
East Jakarta Mayor Office,temperature,2025-02-06T17:00:00Z,27.4,c
East Jakarta Mayor Office,temperature,2025-02-07T17:00:00Z,26.8,c
East Jakarta Mayor Office,temperature,2025-02-08T17:00:00Z,27.8,c
East Jakarta Mayor Office,temperature,2025-02-09T17:00:00Z,27.4,c
East Jakarta Mayor Office,temperature,2025-02-10T17:00:00Z,27.7,c
East Jakarta Mayor Office,temperature,2025-02-11T17:00:00Z,28.9,c
East Jakarta Mayor Office,temperature,2025-02-12T17:00:00Z,29.9,c
East Jakarta Mayor Office,temperature,2025-02-13T17:00:00Z,29.2,c
East Jakarta Mayor Office,temperature,2025-02-14T17:00:00Z,29.0,c
East Jakarta Mayor Office,temperature,2025-02-15T17:00:00Z,28.7,c
East Jakarta Mayor Office,temperature,2025-02-16T17:00:00Z,26.8,c
East Jakarta Mayor Office,temperature,2025-02-17T17:00:00Z,25.9,c
East Jakarta Mayor Office,temperature,2025-02-18T17:00:00Z,26.6,c
East Jakarta Mayor Office,temperature,2025-02-19T17:00:00Z,27.7,c
East Jakarta Mayor Office,temperature,2025-02-20T17:00:00Z,28.5,c
East Jakarta Mayor Office,temperature,2025-02-21T17:00:00Z,27.3,c
East Jakarta Mayor Office,temperature,2025-02-22T17:00:00Z,27.5,c
East Jakarta Mayor Office,temperature,2025-02-23T17:00:00Z,26.9,c
East Jakarta Mayor Office,temperature,2025-02-24T17:00:00Z,27.4,c
East Jakarta Mayor Office,temperature,2025-02-25T17:00:00Z,27.1,c
East Jakarta Mayor Office,temperature,2025-02-26T17:00:00Z,27.4,c
East Jakarta Mayor Office,temperature,2025-02-27T17:00:00Z,27.8,c
East Jakarta Mayor Office,temperature,2025-02-28T17:00:00Z,28.5,c
East Jakarta Mayor Office,temperature,2025-03-01T17:00:00Z,29.2,c
East Jakarta Mayor Office,temperature,2025-03-02T17:00:00Z,28.3,c
East Jakarta Mayor Office,temperature,2025-03-03T17:00:00Z,26.7,c
East Jakarta Mayor Office,temperature,2025-03-04T17:00:00Z,28.7,c
East Jakarta Mayor Office,temperature,2025-03-05T17:00:00Z,29.7,c
East Jakarta Mayor Office,temperature,2025-03-06T17:00:00Z,29.1,c
East Jakarta Mayor Office,temperature,2025-03-07T17:00:00Z,28.4,c
East Jakarta Mayor Office,temperature,2025-03-08T17:00:00Z,28.2,c
East Jakarta Mayor Office,temperature,2025-03-09T17:00:00Z,28.5,c
East Jakarta Mayor Office,temperature,2025-03-10T17:00:00Z,29.0,c
East Jakarta Mayor Office,temperature,2025-03-11T17:00:00Z,29.5,c
East Jakarta Mayor Office,temperature,2025-03-12T17:00:00Z,29.3,c
East Jakarta Mayor Office,temperature,2025-03-13T17:00:00Z,29.0,c
East Jakarta Mayor Office,temperature,2025-03-14T17:00:00Z,28.2,c
East Jakarta Mayor Office,temperature,2025-03-15T17:00:00Z,29.3,c
East Jakarta Mayor Office,temperature,2025-03-16T17:00:00Z,27.8,c
East Jakarta Mayor Office,temperature,2025-03-17T17:00:00Z,27.2,c
East Jakarta Mayor Office,temperature,2025-03-18T17:00:00Z,28.4,c
East Jakarta Mayor Office,temperature,2025-03-19T17:00:00Z,28.8,c
East Jakarta Mayor Office,temperature,2025-03-20T17:00:00Z,29.6,c
East Jakarta Mayor Office,temperature,2025-03-21T17:00:00Z,28.0,c
East Jakarta Mayor Office,temperature,2025-03-22T17:00:00Z,29.0,c
East Jakarta Mayor Office,temperature,2025-03-23T17:00:00Z,28.3,c
East Jakarta Mayor Office,temperature,2025-03-24T17:00:00Z,28.4,c
East Jakarta Mayor Office,temperature,2025-03-25T17:00:00Z,28.7,c
East Jakarta Mayor Office,temperature,2025-03-26T17:00:00Z,27.8,c
East Jakarta Mayor Office,temperature,2025-03-27T17:00:00Z,28.4,c
East Jakarta Mayor Office,temperature,2025-03-28T17:00:00Z,28.9,c
East Jakarta Mayor Office,temperature,2025-03-29T17:00:00Z,30.1,c
East Jakarta Mayor Office,temperature,2025-03-30T17:00:00Z,28.9,c
East Jakarta Mayor Office,temperature,2025-03-31T17:00:00Z,27.5,c
East Jakarta Mayor Office,temperature,2025-04-01T17:00:00Z,27.3,c
East Jakarta Mayor Office,temperature,2025-04-02T17:00:00Z,27.9,c
East Jakarta Mayor Office,temperature,2025-04-03T17:00:00Z,28.4,c
East Jakarta Mayor Office,temperature,2025-04-04T17:00:00Z,27.3,c
East Jakarta Mayor Office,temperature,2025-04-05T17:00:00Z,27.4,c
East Jakarta Mayor Office,temperature,2025-04-06T17:00:00Z,28.9,c
East Jakarta Mayor Office,temperature,2025-04-07T17:00:00Z,29.4,c
East Jakarta Mayor Office,temperature,2025-04-08T17:00:00Z,29.0,c
East Jakarta Mayor Office,temperature,2025-04-09T17:00:00Z,28.9,c
East Jakarta Mayor Office,temperature,2025-04-10T17:00:00Z,27.9,c
East Jakarta Mayor Office,temperature,2025-04-11T17:00:00Z,27.8,c
East Jakarta Mayor Office,temperature,2025-04-12T17:00:00Z,27.5,c
East Jakarta Mayor Office,temperature,2025-04-13T17:00:00Z,29.5,c
East Jakarta Mayor Office,temperature,2025-04-14T17:00:00Z,28.4,c
East Jakarta Mayor Office,temperature,2025-04-15T17:00:00Z,28.7,c
East Jakarta Mayor Office,temperature,2025-04-16T17:00:00Z,27.0,c
East Jakarta Mayor Office,temperature,2025-04-17T17:00:00Z,28.3,c
East Jakarta Mayor Office,temperature,2025-04-18T17:00:00Z,29.7,c
East Jakarta Mayor Office,temperature,2025-04-19T17:00:00Z,30.1,c
East Jakarta Mayor Office,temperature,2025-04-20T17:00:00Z,28.8,c
East Jakarta Mayor Office,temperature,2025-04-21T17:00:00Z,28.7,c
East Jakarta Mayor Office,temperature,2025-04-22T17:00:00Z,29.2,c
East Jakarta Mayor Office,temperature,2025-04-23T17:00:00Z,28.8,c
East Jakarta Mayor Office,temperature,2025-04-24T17:00:00Z,29.3,c
East Jakarta Mayor Office,temperature,2025-04-25T17:00:00Z,28.7,c
East Jakarta Mayor Office,temperature,2025-04-26T17:00:00Z,29.1,c
East Jakarta Mayor Office,temperature,2025-04-27T17:00:00Z,29.2,c
East Jakarta Mayor Office,temperature,2025-04-28T17:00:00Z,29.8,c
East Jakarta Mayor Office,temperature,2025-04-29T17:00:00Z,29.7,c
East Jakarta Mayor Office,temperature,2025-04-30T17:00:00Z,29.9,c
East Jakarta Mayor Office,temperature,2025-05-01T17:00:00Z,29.2,c
East Jakarta Mayor Office,temperature,2025-05-02T17:00:00Z,28.2,c
East Jakarta Mayor Office,temperature,2025-05-03T17:00:00Z,28.5,c
East Jakarta Mayor Office,temperature,2025-05-04T17:00:00Z,29.8,c
East Jakarta Mayor Office,temperature,2025-05-05T17:00:00Z,28.7,c
East Jakarta Mayor Office,temperature,2025-05-06T17:00:00Z,28.6,c
East Jakarta Mayor Office,temperature,2025-05-07T17:00:00Z,29.7,c
East Jakarta Mayor Office,temperature,2025-05-08T17:00:00Z,30.0,c
East Jakarta Mayor Office,temperature,2025-05-09T17:00:00Z,28.5,c
East Jakarta Mayor Office,temperature,2025-05-10T17:00:00Z,28.9,c
East Jakarta Mayor Office,temperature,2025-05-11T17:00:00Z,29.6,c
East Jakarta Mayor Office,temperature,2025-05-12T17:00:00Z,28.8,c
East Jakarta Mayor Office,temperature,2025-05-13T17:00:00Z,27.8,c
East Jakarta Mayor Office,temperature,2025-05-14T17:00:00Z,28.8,c
East Jakarta Mayor Office,temperature,2025-05-15T17:00:00Z,27.8,c
East Jakarta Mayor Office,temperature,2025-05-16T17:00:00Z,27.0,c
East Jakarta Mayor Office,temperature,2025-05-17T17:00:00Z,27.9,c
East Jakarta Mayor Office,temperature,2025-05-18T17:00:00Z,27.3,c
East Jakarta Mayor Office,temperature,2025-05-19T17:00:00Z,29.2,c
East Jakarta Mayor Office,temperature,2025-05-20T17:00:00Z,28.0,c
East Jakarta Mayor Office,temperature,2025-05-21T17:00:00Z,28.2,c
East Jakarta Mayor Office,temperature,2025-05-22T17:00:00Z,26.0,c
East Jakarta Mayor Office,temperature,2025-05-23T17:00:00Z,28.4,c
East Jakarta Mayor Office,temperature,2025-05-24T17:00:00Z,27.9,c
East Jakarta Mayor Office,temperature,2025-05-25T17:00:00Z,27.5,c
East Jakarta Mayor Office,temperature,2025-05-26T17:00:00Z,30.1,c
East Jakarta Mayor Office,temperature,2025-05-27T17:00:00Z,30.0,c
East Jakarta Mayor Office,temperature,2025-05-28T17:00:00Z,29.4,c
East Jakarta Mayor Office,temperature,2025-05-29T17:00:00Z,28.9,c
East Jakarta Mayor Office,temperature,2025-05-30T17:00:00Z,29.3,c
East Jakarta Mayor Office,temperature,2025-05-31T17:00:00Z,28.2,c
East Jakarta Mayor Office,temperature,2025-06-01T17:00:00Z,29.0,c
East Jakarta Mayor Office,temperature,2025-06-02T17:00:00Z,29.0,c
East Jakarta Mayor Office,temperature,2025-06-03T17:00:00Z,29.8,c
East Jakarta Mayor Office,temperature,2025-06-04T17:00:00Z,30.1,c
East Jakarta Mayor Office,temperature,2025-06-05T17:00:00Z,29.4,c
East Jakarta Mayor Office,temperature,2025-06-06T17:00:00Z,28.8,c
East Jakarta Mayor Office,temperature,2025-06-07T17:00:00Z,29.2,c
East Jakarta Mayor Office,temperature,2025-06-08T17:00:00Z,29.7,c
East Jakarta Mayor Office,temperature,2025-06-09T17:00:00Z,28.4,c
East Jakarta Mayor Office,temperature,2025-06-10T17:00:00Z,28.7,c
East Jakarta Mayor Office,temperature,2025-06-11T17:00:00Z,29.2,c
East Jakarta Mayor Office,temperature,2025-06-12T17:00:00Z,29.9,c
East Jakarta Mayor Office,temperature,2025-06-13T17:00:00Z,27.8,c
East Jakarta Mayor Office,temperature,2025-06-14T17:00:00Z,28.8,c
East Jakarta Mayor Office,temperature,2025-06-15T17:00:00Z,29.7,c
East Jakarta Mayor Office,temperature,2025-06-16T17:00:00Z,28.6,c
East Jakarta Mayor Office,temperature,2025-06-17T17:00:00Z,26.4,c
East Jakarta Mayor Office,temperature,2025-06-18T17:00:00Z,26.5,c
East Jakarta Mayor Office,temperature,2025-06-19T17:00:00Z,28.2,c
East Jakarta Mayor Office,temperature,2025-06-20T17:00:00Z,26.5,c
East Jakarta Mayor Office,temperature,2025-06-21T17:00:00Z,28.3,c
East Jakarta Mayor Office,temperature,2025-06-22T17:00:00Z,28.3,c
East Jakarta Mayor Office,temperature,2025-06-23T17:00:00Z,28.1,c
East Jakarta Mayor Office,temperature,2025-06-24T17:00:00Z,28.1,c
East Jakarta Mayor Office,temperature,2025-06-25T17:00:00Z,29.0,c
East Jakarta Mayor Office,temperature,2025-06-26T17:00:00Z,29.4,c
East Jakarta Mayor Office,temperature,2025-06-27T17:00:00Z,26.6,c
East Jakarta Mayor Office,temperature,2025-06-28T17:00:00Z,25.0,c
East Jakarta Mayor Office,temperature,2025-06-29T17:00:00Z,27.7,c
East Jakarta Mayor Office,wind_direction,2023-09-29T17:00:00Z,240.0,deg
East Jakarta Mayor Office,wind_direction,2023-09-30T17:00:00Z,129.0,deg
East Jakarta Mayor Office,wind_direction,2023-10-01T17:00:00Z,112.0,deg
East Jakarta Mayor Office,wind_direction,2023-10-02T17:00:00Z,146.0,deg
East Jakarta Mayor Office,wind_direction,2023-10-03T17:00:00Z,144.0,deg
East Jakarta Mayor Office,wind_direction,2023-10-04T17:00:00Z,147.0,deg
East Jakarta Mayor Office,wind_direction,2023-10-05T17:00:00Z,125.0,deg
East Jakarta Mayor Office,wind_direction,2023-10-06T17:00:00Z,147.0,deg
East Jakarta Mayor Office,wind_direction,2023-10-07T17:00:00Z,142.0,deg
East Jakarta Mayor Office,wind_direction,2023-10-08T17:00:00Z,206.0,deg
East Jakarta Mayor Office,wind_direction,2023-10-09T17:00:00Z,183.0,deg
East Jakarta Mayor Office,wind_direction,2023-10-10T17:00:00Z,158.0,deg
East Jakarta Mayor Office,wind_direction,2023-10-11T17:00:00Z,161.0,deg
East Jakarta Mayor Office,wind_direction,2023-10-12T17:00:00Z,129.0,deg
East Jakarta Mayor Office,wind_direction,2023-10-13T17:00:00Z,166.0,deg
East Jakarta Mayor Office,wind_direction,2023-10-14T17:00:00Z,151.0,deg
East Jakarta Mayor Office,wind_direction,2023-10-15T17:00:00Z,173.0,deg
East Jakarta Mayor Office,wind_direction,2023-10-16T17:00:00Z,160.0,deg
East Jakarta Mayor Office,wind_direction,2023-10-17T17:00:00Z,185.0,deg
East Jakarta Mayor Office,wind_direction,2023-10-18T17:00:00Z,179.0,deg
East Jakarta Mayor Office,wind_direction,2023-10-19T17:00:00Z,182.0,deg
East Jakarta Mayor Office,wind_direction,2023-10-20T17:00:00Z,126.0,deg
East Jakarta Mayor Office,wind_direction,2023-10-21T17:00:00Z,135.0,deg
East Jakarta Mayor Office,wind_direction,2023-10-22T17:00:00Z,134.0,deg
East Jakarta Mayor Office,wind_direction,2023-10-23T17:00:00Z,131.0,deg
East Jakarta Mayor Office,wind_direction,2023-10-24T17:00:00Z,148.0,deg
East Jakarta Mayor Office,wind_direction,2023-10-25T17:00:00Z,160.0,deg
East Jakarta Mayor Office,wind_direction,2023-10-26T17:00:00Z,166.0,deg
East Jakarta Mayor Office,wind_direction,2023-10-29T17:00:00Z,132.0,deg
East Jakarta Mayor Office,wind_direction,2023-10-30T17:00:00Z,141.0,deg
East Jakarta Mayor Office,wind_direction,2023-10-31T17:00:00Z,159.0,deg
East Jakarta Mayor Office,wind_direction,2023-11-01T17:00:00Z,152.0,deg
East Jakarta Mayor Office,wind_direction,2023-11-02T17:00:00Z,143.0,deg
East Jakarta Mayor Office,wind_direction,2023-11-03T17:00:00Z,144.0,deg
East Jakarta Mayor Office,wind_direction,2023-11-04T17:00:00Z,145.0,deg
East Jakarta Mayor Office,wind_direction,2023-11-05T17:00:00Z,148.0,deg
East Jakarta Mayor Office,wind_direction,2023-11-06T17:00:00Z,119.0,deg
East Jakarta Mayor Office,wind_direction,2023-11-07T17:00:00Z,186.0,deg
East Jakarta Mayor Office,wind_direction,2023-11-08T17:00:00Z,162.0,deg
East Jakarta Mayor Office,wind_direction,2023-11-09T17:00:00Z,157.0,deg
East Jakarta Mayor Office,wind_direction,2023-11-10T17:00:00Z,159.0,deg
East Jakarta Mayor Office,wind_direction,2023-11-11T17:00:00Z,175.0,deg
East Jakarta Mayor Office,wind_direction,2023-11-12T17:00:00Z,149.0,deg
East Jakarta Mayor Office,wind_direction,2023-11-13T17:00:00Z,198.0,deg
East Jakarta Mayor Office,wind_direction,2023-11-14T17:00:00Z,142.0,deg
East Jakarta Mayor Office,wind_direction,2023-11-15T17:00:00Z,191.0,deg
East Jakarta Mayor Office,wind_direction,2023-11-16T17:00:00Z,138.0,deg
East Jakarta Mayor Office,wind_direction,2023-11-17T17:00:00Z,159.0,deg
East Jakarta Mayor Office,wind_direction,2023-11-18T17:00:00Z,135.0,deg
East Jakarta Mayor Office,wind_direction,2023-11-19T17:00:00Z,150.0,deg
East Jakarta Mayor Office,wind_direction,2023-11-20T17:00:00Z,201.0,deg
East Jakarta Mayor Office,wind_direction,2023-11-21T17:00:00Z,194.0,deg
East Jakarta Mayor Office,wind_direction,2023-11-22T17:00:00Z,164.0,deg
East Jakarta Mayor Office,wind_direction,2023-11-23T17:00:00Z,168.0,deg
East Jakarta Mayor Office,wind_direction,2023-11-24T17:00:00Z,198.0,deg
East Jakarta Mayor Office,wind_direction,2023-11-25T17:00:00Z,160.0,deg
East Jakarta Mayor Office,wind_direction,2023-11-26T17:00:00Z,154.0,deg
East Jakarta Mayor Office,wind_direction,2023-11-27T17:00:00Z,133.0,deg
East Jakarta Mayor Office,wind_direction,2023-11-28T17:00:00Z,153.0,deg
East Jakarta Mayor Office,wind_direction,2023-11-29T17:00:00Z,176.0,deg
East Jakarta Mayor Office,wind_direction,2023-11-30T17:00:00Z,173.0,deg
East Jakarta Mayor Office,wind_direction,2023-12-01T17:00:00Z,141.0,deg
East Jakarta Mayor Office,wind_direction,2023-12-02T17:00:00Z,172.0,deg
East Jakarta Mayor Office,wind_direction,2023-12-03T17:00:00Z,177.0,deg
East Jakarta Mayor Office,wind_direction,2023-12-04T17:00:00Z,129.0,deg
East Jakarta Mayor Office,wind_direction,2023-12-05T17:00:00Z,145.0,deg
East Jakarta Mayor Office,wind_direction,2023-12-06T17:00:00Z,144.0,deg
East Jakarta Mayor Office,wind_direction,2023-12-07T17:00:00Z,193.0,deg
East Jakarta Mayor Office,wind_direction,2023-12-08T17:00:00Z,183.0,deg
East Jakarta Mayor Office,wind_direction,2023-12-09T17:00:00Z,150.0,deg
East Jakarta Mayor Office,wind_direction,2023-12-10T17:00:00Z,129.0,deg
East Jakarta Mayor Office,wind_direction,2023-12-11T17:00:00Z,152.0,deg
East Jakarta Mayor Office,wind_direction,2023-12-12T17:00:00Z,144.0,deg
East Jakarta Mayor Office,wind_direction,2023-12-13T17:00:00Z,137.0,deg
East Jakarta Mayor Office,wind_direction,2023-12-14T17:00:00Z,167.0,deg
East Jakarta Mayor Office,wind_direction,2023-12-15T17:00:00Z,247.0,deg
East Jakarta Mayor Office,wind_direction,2023-12-16T17:00:00Z,251.0,deg
East Jakarta Mayor Office,wind_direction,2023-12-17T17:00:00Z,240.0,deg
East Jakarta Mayor Office,wind_direction,2023-12-18T17:00:00Z,239.0,deg
East Jakarta Mayor Office,wind_direction,2023-12-19T17:00:00Z,229.0,deg
East Jakarta Mayor Office,wind_direction,2023-12-20T17:00:00Z,211.0,deg
East Jakarta Mayor Office,wind_direction,2023-12-21T17:00:00Z,157.0,deg
East Jakarta Mayor Office,wind_direction,2023-12-22T17:00:00Z,190.0,deg
East Jakarta Mayor Office,wind_direction,2023-12-23T17:00:00Z,134.0,deg
East Jakarta Mayor Office,wind_direction,2023-12-24T17:00:00Z,176.0,deg
East Jakarta Mayor Office,wind_direction,2023-12-25T17:00:00Z,212.0,deg
East Jakarta Mayor Office,wind_direction,2023-12-26T17:00:00Z,147.0,deg
East Jakarta Mayor Office,wind_direction,2023-12-27T17:00:00Z,112.0,deg
East Jakarta Mayor Office,wind_direction,2023-12-28T17:00:00Z,172.0,deg
East Jakarta Mayor Office,wind_direction,2023-12-29T17:00:00Z,221.0,deg
East Jakarta Mayor Office,wind_direction,2023-12-30T17:00:00Z,203.0,deg
East Jakarta Mayor Office,wind_direction,2023-12-31T17:00:00Z,204.0,deg
East Jakarta Mayor Office,wind_direction,2024-01-01T17:00:00Z,144.0,deg
East Jakarta Mayor Office,wind_direction,2024-01-02T17:00:00Z,227.0,deg
East Jakarta Mayor Office,wind_direction,2024-01-03T17:00:00Z,232.0,deg
East Jakarta Mayor Office,wind_direction,2024-01-04T17:00:00Z,155.0,deg
East Jakarta Mayor Office,wind_direction,2024-01-05T17:00:00Z,178.0,deg
East Jakarta Mayor Office,wind_direction,2024-01-06T17:00:00Z,184.0,deg
East Jakarta Mayor Office,wind_direction,2024-01-07T17:00:00Z,202.0,deg
East Jakarta Mayor Office,wind_direction,2024-01-08T17:00:00Z,187.0,deg
East Jakarta Mayor Office,wind_direction,2024-01-09T17:00:00Z,196.0,deg
East Jakarta Mayor Office,wind_direction,2024-01-10T17:00:00Z,221.0,deg
East Jakarta Mayor Office,wind_direction,2024-01-11T17:00:00Z,270.0,deg
East Jakarta Mayor Office,wind_direction,2024-01-12T17:00:00Z,246.0,deg
East Jakarta Mayor Office,wind_direction,2024-01-13T17:00:00Z,193.0,deg
East Jakarta Mayor Office,wind_direction,2024-01-14T17:00:00Z,239.0,deg
East Jakarta Mayor Office,wind_direction,2024-01-15T17:00:00Z,260.0,deg
East Jakarta Mayor Office,wind_direction,2024-01-16T17:00:00Z,253.0,deg
East Jakarta Mayor Office,wind_direction,2024-01-17T17:00:00Z,272.0,deg
East Jakarta Mayor Office,wind_direction,2024-01-18T17:00:00Z,274.0,deg
East Jakarta Mayor Office,wind_direction,2024-01-19T17:00:00Z,260.0,deg
East Jakarta Mayor Office,wind_direction,2024-01-20T17:00:00Z,268.0,deg
East Jakarta Mayor Office,wind_direction,2024-01-21T17:00:00Z,271.0,deg
East Jakarta Mayor Office,wind_direction,2024-01-22T17:00:00Z,263.0,deg
East Jakarta Mayor Office,wind_direction,2024-01-23T17:00:00Z,255.0,deg
East Jakarta Mayor Office,wind_direction,2024-01-24T17:00:00Z,227.0,deg
East Jakarta Mayor Office,wind_direction,2024-01-25T17:00:00Z,163.0,deg
East Jakarta Mayor Office,wind_direction,2024-01-26T17:00:00Z,247.0,deg
East Jakarta Mayor Office,wind_direction,2024-01-27T17:00:00Z,196.0,deg
East Jakarta Mayor Office,wind_direction,2024-01-28T17:00:00Z,162.0,deg
East Jakarta Mayor Office,wind_direction,2024-01-29T17:00:00Z,213.0,deg
East Jakarta Mayor Office,wind_direction,2024-01-30T17:00:00Z,199.0,deg
East Jakarta Mayor Office,wind_direction,2024-01-31T17:00:00Z,228.0,deg
East Jakarta Mayor Office,wind_direction,2024-02-01T17:00:00Z,207.0,deg
East Jakarta Mayor Office,wind_direction,2024-02-02T17:00:00Z,38.0,deg
East Jakarta Mayor Office,wind_direction,2024-02-04T17:00:00Z,144.0,deg
East Jakarta Mayor Office,wind_direction,2024-02-05T17:00:00Z,236.0,deg
East Jakarta Mayor Office,wind_direction,2024-02-06T17:00:00Z,217.0,deg
East Jakarta Mayor Office,wind_direction,2024-02-07T17:00:00Z,191.0,deg
East Jakarta Mayor Office,wind_direction,2024-02-08T17:00:00Z,163.0,deg
East Jakarta Mayor Office,wind_direction,2024-02-09T17:00:00Z,234.0,deg
East Jakarta Mayor Office,wind_direction,2024-02-10T17:00:00Z,231.0,deg
East Jakarta Mayor Office,wind_direction,2024-02-11T17:00:00Z,241.0,deg
East Jakarta Mayor Office,wind_direction,2024-02-12T17:00:00Z,196.0,deg
East Jakarta Mayor Office,wind_direction,2024-02-13T17:00:00Z,175.0,deg
East Jakarta Mayor Office,wind_direction,2024-02-14T17:00:00Z,151.0,deg
East Jakarta Mayor Office,wind_direction,2024-02-15T17:00:00Z,161.0,deg
East Jakarta Mayor Office,wind_direction,2024-02-16T17:00:00Z,201.0,deg
East Jakarta Mayor Office,wind_direction,2024-02-17T17:00:00Z,206.0,deg
East Jakarta Mayor Office,wind_direction,2024-02-18T17:00:00Z,114.0,deg
East Jakarta Mayor Office,wind_direction,2024-02-19T17:00:00Z,142.0,deg
East Jakarta Mayor Office,wind_direction,2024-02-20T17:00:00Z,172.0,deg
East Jakarta Mayor Office,wind_direction,2024-02-21T17:00:00Z,214.0,deg
East Jakarta Mayor Office,wind_direction,2024-02-22T17:00:00Z,252.0,deg
East Jakarta Mayor Office,wind_direction,2024-02-23T17:00:00Z,202.0,deg
East Jakarta Mayor Office,wind_direction,2024-02-24T17:00:00Z,230.0,deg
East Jakarta Mayor Office,wind_direction,2024-02-25T17:00:00Z,215.0,deg
East Jakarta Mayor Office,wind_direction,2024-02-26T17:00:00Z,201.0,deg
East Jakarta Mayor Office,wind_direction,2024-02-27T17:00:00Z,257.0,deg
East Jakarta Mayor Office,wind_direction,2024-02-28T17:00:00Z,243.0,deg
East Jakarta Mayor Office,wind_direction,2024-02-29T17:00:00Z,236.0,deg
East Jakarta Mayor Office,wind_direction,2024-03-01T17:00:00Z,277.0,deg
East Jakarta Mayor Office,wind_direction,2024-03-02T17:00:00Z,275.0,deg
East Jakarta Mayor Office,wind_direction,2024-03-03T17:00:00Z,271.0,deg
East Jakarta Mayor Office,wind_direction,2024-03-04T17:00:00Z,260.0,deg
East Jakarta Mayor Office,wind_direction,2024-03-05T17:00:00Z,267.0,deg
East Jakarta Mayor Office,wind_direction,2024-03-06T17:00:00Z,273.0,deg
East Jakarta Mayor Office,wind_direction,2024-03-07T17:00:00Z,275.0,deg
East Jakarta Mayor Office,wind_direction,2024-03-08T17:00:00Z,269.0,deg
East Jakarta Mayor Office,wind_direction,2024-03-09T17:00:00Z,256.0,deg
East Jakarta Mayor Office,wind_direction,2024-03-10T17:00:00Z,279.0,deg
East Jakarta Mayor Office,wind_direction,2024-03-11T17:00:00Z,283.0,deg
East Jakarta Mayor Office,wind_direction,2024-03-12T17:00:00Z,277.0,deg
East Jakarta Mayor Office,wind_direction,2024-03-13T17:00:00Z,277.0,deg
East Jakarta Mayor Office,wind_direction,2024-03-14T17:00:00Z,275.0,deg
East Jakarta Mayor Office,wind_direction,2024-03-15T17:00:00Z,281.0,deg
East Jakarta Mayor Office,wind_direction,2024-03-16T17:00:00Z,275.0,deg
East Jakarta Mayor Office,wind_direction,2024-03-17T17:00:00Z,265.0,deg
East Jakarta Mayor Office,wind_direction,2024-03-18T17:00:00Z,277.0,deg
East Jakarta Mayor Office,wind_direction,2024-03-19T17:00:00Z,276.0,deg
East Jakarta Mayor Office,wind_direction,2024-03-20T17:00:00Z,293.0,deg
East Jakarta Mayor Office,wind_direction,2024-03-21T17:00:00Z,237.0,deg
East Jakarta Mayor Office,wind_direction,2024-03-22T17:00:00Z,246.0,deg
East Jakarta Mayor Office,wind_direction,2024-03-25T17:00:00Z,230.0,deg
East Jakarta Mayor Office,wind_direction,2024-03-26T17:00:00Z,247.0,deg
East Jakarta Mayor Office,wind_direction,2024-03-27T17:00:00Z,208.0,deg
East Jakarta Mayor Office,wind_direction,2024-03-28T17:00:00Z,202.0,deg
East Jakarta Mayor Office,wind_direction,2024-03-31T17:00:00Z,198.0,deg
East Jakarta Mayor Office,wind_direction,2024-04-01T17:00:00Z,227.0,deg
East Jakarta Mayor Office,wind_direction,2024-04-02T17:00:00Z,217.0,deg
East Jakarta Mayor Office,wind_direction,2024-04-03T17:00:00Z,258.0,deg
East Jakarta Mayor Office,wind_direction,2024-04-04T17:00:00Z,275.0,deg
East Jakarta Mayor Office,wind_direction,2024-04-05T17:00:00Z,252.0,deg
East Jakarta Mayor Office,wind_direction,2024-04-06T17:00:00Z,220.0,deg
East Jakarta Mayor Office,wind_direction,2024-04-07T17:00:00Z,235.0,deg
East Jakarta Mayor Office,wind_direction,2024-04-08T17:00:00Z,247.0,deg
East Jakarta Mayor Office,wind_direction,2024-04-09T17:00:00Z,197.0,deg
East Jakarta Mayor Office,wind_direction,2024-04-10T17:00:00Z,233.0,deg
East Jakarta Mayor Office,wind_direction,2024-04-11T17:00:00Z,162.0,deg
East Jakarta Mayor Office,wind_direction,2024-04-12T17:00:00Z,223.0,deg
East Jakarta Mayor Office,wind_direction,2024-04-13T17:00:00Z,245.0,deg
East Jakarta Mayor Office,wind_direction,2024-04-14T17:00:00Z,198.0,deg
East Jakarta Mayor Office,wind_direction,2024-04-15T17:00:00Z,148.0,deg
East Jakarta Mayor Office,wind_direction,2024-04-16T17:00:00Z,238.0,deg
East Jakarta Mayor Office,wind_direction,2024-04-17T17:00:00Z,236.0,deg
East Jakarta Mayor Office,wind_direction,2024-04-18T17:00:00Z,204.0,deg
East Jakarta Mayor Office,wind_direction,2024-04-19T17:00:00Z,190.0,deg
East Jakarta Mayor Office,wind_direction,2024-04-20T17:00:00Z,212.0,deg
East Jakarta Mayor Office,wind_direction,2024-04-21T17:00:00Z,207.0,deg
East Jakarta Mayor Office,wind_direction,2024-04-22T17:00:00Z,206.0,deg
East Jakarta Mayor Office,wind_direction,2024-04-23T17:00:00Z,254.0,deg
East Jakarta Mayor Office,wind_direction,2024-04-24T17:00:00Z,187.0,deg
East Jakarta Mayor Office,wind_direction,2024-04-25T17:00:00Z,196.0,deg
East Jakarta Mayor Office,wind_direction,2024-04-26T17:00:00Z,156.0,deg
East Jakarta Mayor Office,wind_direction,2024-04-27T17:00:00Z,252.0,deg
East Jakarta Mayor Office,wind_direction,2024-04-28T17:00:00Z,127.0,deg
East Jakarta Mayor Office,wind_direction,2024-04-29T17:00:00Z,210.0,deg
East Jakarta Mayor Office,wind_direction,2024-04-30T17:00:00Z,213.0,deg
East Jakarta Mayor Office,wind_direction,2024-05-01T17:00:00Z,195.0,deg
East Jakarta Mayor Office,wind_direction,2024-05-02T17:00:00Z,251.0,deg
East Jakarta Mayor Office,wind_direction,2024-05-03T17:00:00Z,204.0,deg
East Jakarta Mayor Office,wind_direction,2024-05-04T17:00:00Z,178.0,deg
East Jakarta Mayor Office,wind_direction,2024-05-05T17:00:00Z,231.0,deg
East Jakarta Mayor Office,wind_direction,2024-05-06T17:00:00Z,178.0,deg
East Jakarta Mayor Office,wind_direction,2024-05-07T17:00:00Z,158.0,deg
East Jakarta Mayor Office,wind_direction,2024-05-08T17:00:00Z,184.0,deg
East Jakarta Mayor Office,wind_direction,2024-05-09T17:00:00Z,117.0,deg
East Jakarta Mayor Office,wind_direction,2024-05-10T17:00:00Z,142.0,deg
East Jakarta Mayor Office,wind_direction,2024-05-11T17:00:00Z,153.0,deg
East Jakarta Mayor Office,wind_direction,2024-05-12T17:00:00Z,166.0,deg
East Jakarta Mayor Office,wind_direction,2024-05-13T17:00:00Z,176.0,deg
East Jakarta Mayor Office,wind_direction,2024-05-14T17:00:00Z,206.0,deg
East Jakarta Mayor Office,wind_direction,2024-05-15T17:00:00Z,181.0,deg
East Jakarta Mayor Office,wind_direction,2024-05-16T17:00:00Z,240.0,deg
East Jakarta Mayor Office,wind_direction,2024-05-17T17:00:00Z,219.0,deg
East Jakarta Mayor Office,wind_direction,2024-05-18T17:00:00Z,206.0,deg
East Jakarta Mayor Office,wind_direction,2024-05-19T17:00:00Z,146.0,deg
East Jakarta Mayor Office,wind_direction,2024-05-20T17:00:00Z,227.0,deg
East Jakarta Mayor Office,wind_direction,2024-05-21T17:00:00Z,163.0,deg
East Jakarta Mayor Office,wind_direction,2024-05-22T17:00:00Z,187.0,deg
East Jakarta Mayor Office,wind_direction,2024-05-23T17:00:00Z,192.0,deg
East Jakarta Mayor Office,wind_direction,2024-05-24T17:00:00Z,172.0,deg
East Jakarta Mayor Office,wind_direction,2024-05-25T17:00:00Z,244.0,deg
East Jakarta Mayor Office,wind_direction,2024-05-26T17:00:00Z,153.0,deg
East Jakarta Mayor Office,wind_direction,2024-05-27T17:00:00Z,176.0,deg
East Jakarta Mayor Office,wind_direction,2024-05-28T17:00:00Z,167.0,deg
East Jakarta Mayor Office,wind_direction,2024-05-29T17:00:00Z,203.0,deg
East Jakarta Mayor Office,wind_direction,2024-05-30T17:00:00Z,199.0,deg
East Jakarta Mayor Office,wind_direction,2024-06-04T17:00:00Z,256.0,deg
East Jakarta Mayor Office,wind_direction,2024-06-05T17:00:00Z,230.0,deg
East Jakarta Mayor Office,wind_direction,2024-06-06T17:00:00Z,167.0,deg
East Jakarta Mayor Office,wind_direction,2024-06-07T17:00:00Z,180.0,deg
East Jakarta Mayor Office,wind_direction,2024-06-08T17:00:00Z,193.0,deg
East Jakarta Mayor Office,wind_direction,2024-06-09T17:00:00Z,215.0,deg
East Jakarta Mayor Office,wind_direction,2024-06-10T17:00:00Z,244.0,deg
East Jakarta Mayor Office,wind_direction,2024-06-11T17:00:00Z,258.0,deg
East Jakarta Mayor Office,wind_direction,2024-06-12T17:00:00Z,167.0,deg
East Jakarta Mayor Office,wind_direction,2024-06-13T17:00:00Z,179.0,deg
East Jakarta Mayor Office,wind_direction,2024-06-18T17:00:00Z,177.0,deg
East Jakarta Mayor Office,wind_direction,2024-06-19T17:00:00Z,150.0,deg
East Jakarta Mayor Office,wind_direction,2024-06-20T17:00:00Z,196.0,deg
East Jakarta Mayor Office,wind_direction,2024-06-21T17:00:00Z,209.0,deg
East Jakarta Mayor Office,wind_direction,2024-06-22T17:00:00Z,178.0,deg
East Jakarta Mayor Office,wind_direction,2024-06-23T17:00:00Z,207.0,deg
East Jakarta Mayor Office,wind_direction,2024-06-24T17:00:00Z,223.0,deg
East Jakarta Mayor Office,wind_direction,2024-06-25T17:00:00Z,189.0,deg
East Jakarta Mayor Office,wind_direction,2024-06-26T17:00:00Z,169.0,deg
East Jakarta Mayor Office,wind_direction,2024-06-27T17:00:00Z,197.0,deg
East Jakarta Mayor Office,wind_direction,2024-06-28T17:00:00Z,243.0,deg
East Jakarta Mayor Office,wind_direction,2024-06-29T17:00:00Z,242.0,deg
East Jakarta Mayor Office,wind_direction,2024-06-30T17:00:00Z,224.0,deg
East Jakarta Mayor Office,wind_direction,2024-07-01T17:00:00Z,222.0,deg
East Jakarta Mayor Office,wind_direction,2024-07-02T17:00:00Z,253.0,deg
East Jakarta Mayor Office,wind_direction,2024-07-03T17:00:00Z,221.0,deg
East Jakarta Mayor Office,wind_direction,2024-07-04T17:00:00Z,184.0,deg
East Jakarta Mayor Office,wind_direction,2024-07-05T17:00:00Z,168.0,deg
East Jakarta Mayor Office,wind_direction,2024-07-06T17:00:00Z,219.0,deg
East Jakarta Mayor Office,wind_direction,2024-07-07T17:00:00Z,231.0,deg
East Jakarta Mayor Office,wind_direction,2024-07-08T17:00:00Z,254.0,deg
East Jakarta Mayor Office,wind_direction,2024-07-09T17:00:00Z,144.0,deg
East Jakarta Mayor Office,wind_direction,2024-07-10T17:00:00Z,247.0,deg
East Jakarta Mayor Office,wind_direction,2024-07-11T17:00:00Z,189.0,deg
East Jakarta Mayor Office,wind_direction,2024-07-12T17:00:00Z,237.0,deg
East Jakarta Mayor Office,wind_direction,2024-07-13T17:00:00Z,234.0,deg
East Jakarta Mayor Office,wind_direction,2024-07-14T17:00:00Z,249.0,deg
East Jakarta Mayor Office,wind_direction,2024-07-15T17:00:00Z,208.0,deg
East Jakarta Mayor Office,wind_direction,2024-07-16T17:00:00Z,167.0,deg
East Jakarta Mayor Office,wind_direction,2024-07-17T17:00:00Z,197.0,deg
East Jakarta Mayor Office,wind_direction,2024-07-18T17:00:00Z,225.0,deg
East Jakarta Mayor Office,wind_direction,2024-07-19T17:00:00Z,172.0,deg
East Jakarta Mayor Office,wind_direction,2024-07-20T17:00:00Z,192.0,deg
East Jakarta Mayor Office,wind_direction,2024-07-21T17:00:00Z,246.0,deg
East Jakarta Mayor Office,wind_direction,2024-07-22T17:00:00Z,272.0,deg
East Jakarta Mayor Office,wind_direction,2024-07-23T17:00:00Z,241.0,deg
East Jakarta Mayor Office,wind_direction,2024-07-24T17:00:00Z,280.0,deg
East Jakarta Mayor Office,wind_direction,2024-07-25T17:00:00Z,214.0,deg
East Jakarta Mayor Office,wind_direction,2024-07-26T17:00:00Z,167.0,deg
East Jakarta Mayor Office,wind_direction,2024-07-27T17:00:00Z,227.0,deg
East Jakarta Mayor Office,wind_direction,2024-07-28T17:00:00Z,187.0,deg
East Jakarta Mayor Office,wind_direction,2024-07-29T17:00:00Z,204.0,deg
East Jakarta Mayor Office,wind_direction,2024-07-30T17:00:00Z,247.0,deg
East Jakarta Mayor Office,wind_direction,2024-07-31T17:00:00Z,267.0,deg
East Jakarta Mayor Office,wind_direction,2024-08-01T17:00:00Z,256.0,deg
East Jakarta Mayor Office,wind_direction,2024-08-02T17:00:00Z,193.0,deg
East Jakarta Mayor Office,wind_direction,2024-08-03T17:00:00Z,236.0,deg
East Jakarta Mayor Office,wind_direction,2024-08-04T17:00:00Z,247.0,deg
East Jakarta Mayor Office,wind_direction,2024-08-05T17:00:00Z,206.0,deg
East Jakarta Mayor Office,wind_direction,2024-08-11T17:00:00Z,235.0,deg
East Jakarta Mayor Office,wind_direction,2024-08-12T17:00:00Z,189.0,deg
East Jakarta Mayor Office,wind_direction,2024-08-13T17:00:00Z,187.0,deg
East Jakarta Mayor Office,wind_direction,2024-08-14T17:00:00Z,206.0,deg
East Jakarta Mayor Office,wind_direction,2024-08-15T17:00:00Z,257.0,deg
East Jakarta Mayor Office,wind_direction,2024-08-16T17:00:00Z,189.0,deg
East Jakarta Mayor Office,wind_direction,2024-08-17T17:00:00Z,209.0,deg
East Jakarta Mayor Office,wind_direction,2024-08-18T17:00:00Z,233.0,deg
East Jakarta Mayor Office,wind_direction,2024-08-19T17:00:00Z,213.0,deg
East Jakarta Mayor Office,wind_direction,2024-08-20T17:00:00Z,183.0,deg
East Jakarta Mayor Office,wind_direction,2024-08-21T17:00:00Z,189.0,deg
East Jakarta Mayor Office,wind_direction,2024-08-22T17:00:00Z,169.0,deg
East Jakarta Mayor Office,wind_direction,2024-08-23T17:00:00Z,235.0,deg
East Jakarta Mayor Office,wind_direction,2024-08-24T17:00:00Z,216.0,deg
East Jakarta Mayor Office,wind_direction,2024-08-25T17:00:00Z,268.0,deg
East Jakarta Mayor Office,wind_direction,2024-08-26T17:00:00Z,251.0,deg
East Jakarta Mayor Office,wind_direction,2024-08-27T17:00:00Z,234.0,deg
East Jakarta Mayor Office,wind_direction,2024-08-28T17:00:00Z,275.0,deg
East Jakarta Mayor Office,wind_direction,2024-08-29T17:00:00Z,210.0,deg
East Jakarta Mayor Office,wind_direction,2024-09-02T17:00:00Z,234.0,deg
East Jakarta Mayor Office,wind_direction,2024-09-03T17:00:00Z,195.0,deg
East Jakarta Mayor Office,wind_direction,2024-09-08T17:00:00Z,291.0,deg
East Jakarta Mayor Office,wind_direction,2024-09-09T17:00:00Z,264.0,deg
East Jakarta Mayor Office,wind_direction,2024-09-10T17:00:00Z,167.0,deg
East Jakarta Mayor Office,wind_direction,2024-09-11T17:00:00Z,287.0,deg
East Jakarta Mayor Office,wind_direction,2024-09-12T17:00:00Z,273.0,deg
East Jakarta Mayor Office,wind_direction,2024-09-13T17:00:00Z,196.0,deg
East Jakarta Mayor Office,wind_direction,2024-09-14T17:00:00Z,225.0,deg
East Jakarta Mayor Office,wind_direction,2024-09-15T17:00:00Z,226.0,deg
East Jakarta Mayor Office,wind_direction,2024-09-16T17:00:00Z,261.0,deg
East Jakarta Mayor Office,wind_direction,2024-09-17T17:00:00Z,255.0,deg
East Jakarta Mayor Office,wind_direction,2024-09-18T17:00:00Z,245.0,deg
East Jakarta Mayor Office,wind_direction,2024-09-19T17:00:00Z,217.0,deg
East Jakarta Mayor Office,wind_direction,2024-09-20T17:00:00Z,233.0,deg
East Jakarta Mayor Office,wind_direction,2024-09-21T17:00:00Z,203.0,deg
East Jakarta Mayor Office,wind_direction,2024-09-22T17:00:00Z,196.0,deg
East Jakarta Mayor Office,wind_direction,2024-09-23T17:00:00Z,187.0,deg
East Jakarta Mayor Office,wind_direction,2024-09-24T17:00:00Z,247.0,deg
East Jakarta Mayor Office,wind_direction,2024-09-25T17:00:00Z,237.0,deg
East Jakarta Mayor Office,wind_direction,2024-09-26T17:00:00Z,175.0,deg
East Jakarta Mayor Office,wind_direction,2024-09-27T17:00:00Z,149.0,deg
East Jakarta Mayor Office,wind_direction,2024-09-28T17:00:00Z,212.0,deg
East Jakarta Mayor Office,wind_direction,2024-09-29T17:00:00Z,213.0,deg
East Jakarta Mayor Office,wind_direction,2024-09-30T17:00:00Z,228.0,deg
East Jakarta Mayor Office,wind_direction,2024-10-01T17:00:00Z,252.0,deg
East Jakarta Mayor Office,wind_direction,2024-10-02T17:00:00Z,179.0,deg
East Jakarta Mayor Office,wind_direction,2024-10-03T17:00:00Z,224.0,deg
East Jakarta Mayor Office,wind_direction,2024-10-04T17:00:00Z,271.0,deg
East Jakarta Mayor Office,wind_direction,2024-10-05T17:00:00Z,239.0,deg
East Jakarta Mayor Office,wind_direction,2024-10-06T17:00:00Z,190.0,deg
East Jakarta Mayor Office,wind_direction,2024-10-07T17:00:00Z,193.0,deg
East Jakarta Mayor Office,wind_direction,2024-10-08T17:00:00Z,262.0,deg
East Jakarta Mayor Office,wind_direction,2024-10-09T17:00:00Z,240.0,deg
East Jakarta Mayor Office,wind_direction,2024-10-10T17:00:00Z,157.0,deg
East Jakarta Mayor Office,wind_direction,2024-10-11T17:00:00Z,241.0,deg
East Jakarta Mayor Office,wind_direction,2024-10-12T17:00:00Z,304.0,deg
East Jakarta Mayor Office,wind_direction,2024-10-13T17:00:00Z,290.0,deg
East Jakarta Mayor Office,wind_direction,2024-10-14T17:00:00Z,258.0,deg
East Jakarta Mayor Office,wind_direction,2024-10-15T17:00:00Z,251.0,deg
East Jakarta Mayor Office,wind_direction,2024-10-16T17:00:00Z,251.0,deg
East Jakarta Mayor Office,wind_direction,2024-10-17T17:00:00Z,265.0,deg
East Jakarta Mayor Office,wind_direction,2024-10-18T17:00:00Z,253.0,deg
East Jakarta Mayor Office,wind_direction,2024-10-19T17:00:00Z,269.0,deg
East Jakarta Mayor Office,wind_direction,2024-10-20T17:00:00Z,243.0,deg
East Jakarta Mayor Office,wind_direction,2024-10-21T17:00:00Z,260.0,deg
East Jakarta Mayor Office,wind_direction,2024-10-22T17:00:00Z,271.0,deg
East Jakarta Mayor Office,wind_direction,2024-10-23T17:00:00Z,225.0,deg
East Jakarta Mayor Office,wind_direction,2024-10-29T17:00:00Z,273.0,deg
East Jakarta Mayor Office,wind_direction,2024-10-30T17:00:00Z,248.0,deg
East Jakarta Mayor Office,wind_direction,2024-10-31T17:00:00Z,206.0,deg
East Jakarta Mayor Office,wind_direction,2024-11-01T17:00:00Z,189.0,deg
East Jakarta Mayor Office,wind_direction,2024-11-02T17:00:00Z,229.0,deg
East Jakarta Mayor Office,wind_direction,2024-11-03T17:00:00Z,259.0,deg
East Jakarta Mayor Office,wind_direction,2024-11-04T17:00:00Z,220.0,deg
East Jakarta Mayor Office,wind_direction,2024-11-05T17:00:00Z,165.0,deg
East Jakarta Mayor Office,wind_direction,2024-11-06T17:00:00Z,235.0,deg
East Jakarta Mayor Office,wind_direction,2024-11-07T17:00:00Z,241.0,deg
East Jakarta Mayor Office,wind_direction,2024-11-08T17:00:00Z,226.0,deg
East Jakarta Mayor Office,wind_direction,2024-11-09T17:00:00Z,233.0,deg
East Jakarta Mayor Office,wind_direction,2024-11-10T17:00:00Z,219.0,deg
East Jakarta Mayor Office,wind_direction,2024-11-11T17:00:00Z,186.0,deg
East Jakarta Mayor Office,wind_direction,2024-11-12T17:00:00Z,160.0,deg
East Jakarta Mayor Office,wind_direction,2024-11-13T17:00:00Z,181.0,deg
East Jakarta Mayor Office,wind_direction,2024-11-14T17:00:00Z,283.0,deg
East Jakarta Mayor Office,wind_direction,2024-11-15T17:00:00Z,247.0,deg
East Jakarta Mayor Office,wind_direction,2024-11-16T17:00:00Z,245.0,deg
East Jakarta Mayor Office,wind_direction,2024-11-17T17:00:00Z,249.0,deg
East Jakarta Mayor Office,wind_direction,2024-11-18T17:00:00Z,241.0,deg
East Jakarta Mayor Office,wind_direction,2024-11-19T17:00:00Z,221.0,deg
East Jakarta Mayor Office,wind_direction,2024-11-20T17:00:00Z,267.0,deg
East Jakarta Mayor Office,wind_direction,2024-11-21T17:00:00Z,264.0,deg
East Jakarta Mayor Office,wind_direction,2024-11-22T17:00:00Z,254.0,deg
East Jakarta Mayor Office,wind_direction,2024-11-23T17:00:00Z,263.0,deg
East Jakarta Mayor Office,wind_direction,2024-11-24T17:00:00Z,239.0,deg
East Jakarta Mayor Office,wind_direction,2024-11-25T17:00:00Z,272.0,deg
East Jakarta Mayor Office,wind_direction,2024-11-26T17:00:00Z,266.0,deg
East Jakarta Mayor Office,wind_direction,2024-11-27T17:00:00Z,248.0,deg
East Jakarta Mayor Office,wind_direction,2024-11-28T17:00:00Z,269.0,deg
East Jakarta Mayor Office,wind_direction,2024-11-29T17:00:00Z,276.0,deg
East Jakarta Mayor Office,wind_direction,2024-11-30T17:00:00Z,275.0,deg
East Jakarta Mayor Office,wind_direction,2024-12-01T17:00:00Z,268.0,deg
East Jakarta Mayor Office,wind_direction,2024-12-02T17:00:00Z,271.0,deg
East Jakarta Mayor Office,wind_direction,2024-12-03T17:00:00Z,269.0,deg
East Jakarta Mayor Office,wind_direction,2024-12-04T17:00:00Z,278.0,deg
East Jakarta Mayor Office,wind_direction,2024-12-05T17:00:00Z,220.0,deg
East Jakarta Mayor Office,wind_direction,2024-12-06T17:00:00Z,236.0,deg
East Jakarta Mayor Office,wind_direction,2024-12-07T17:00:00Z,281.0,deg
East Jakarta Mayor Office,wind_direction,2024-12-08T17:00:00Z,209.0,deg
East Jakarta Mayor Office,wind_direction,2024-12-09T17:00:00Z,270.0,deg
East Jakarta Mayor Office,wind_direction,2024-12-10T17:00:00Z,273.0,deg
East Jakarta Mayor Office,wind_direction,2024-12-11T17:00:00Z,273.0,deg
East Jakarta Mayor Office,wind_direction,2024-12-12T17:00:00Z,277.0,deg
East Jakarta Mayor Office,wind_direction,2024-12-13T17:00:00Z,270.0,deg
East Jakarta Mayor Office,wind_direction,2024-12-14T17:00:00Z,286.0,deg
East Jakarta Mayor Office,wind_direction,2024-12-15T17:00:00Z,270.0,deg
East Jakarta Mayor Office,wind_direction,2024-12-16T17:00:00Z,274.0,deg
East Jakarta Mayor Office,wind_direction,2024-12-17T17:00:00Z,272.0,deg
East Jakarta Mayor Office,wind_direction,2024-12-18T17:00:00Z,270.0,deg
East Jakarta Mayor Office,wind_direction,2024-12-19T17:00:00Z,274.0,deg
East Jakarta Mayor Office,wind_direction,2024-12-20T17:00:00Z,283.0,deg
East Jakarta Mayor Office,wind_direction,2024-12-21T17:00:00Z,279.0,deg
East Jakarta Mayor Office,wind_direction,2024-12-22T17:00:00Z,226.0,deg
East Jakarta Mayor Office,wind_direction,2024-12-23T17:00:00Z,271.0,deg
East Jakarta Mayor Office,wind_direction,2024-12-24T17:00:00Z,268.0,deg
East Jakarta Mayor Office,wind_direction,2024-12-25T17:00:00Z,278.0,deg
East Jakarta Mayor Office,wind_direction,2024-12-26T17:00:00Z,263.0,deg
East Jakarta Mayor Office,wind_direction,2024-12-27T17:00:00Z,286.0,deg
East Jakarta Mayor Office,wind_direction,2024-12-28T17:00:00Z,287.0,deg
East Jakarta Mayor Office,wind_direction,2024-12-29T17:00:00Z,276.0,deg
East Jakarta Mayor Office,wind_direction,2024-12-30T17:00:00Z,283.0,deg
East Jakarta Mayor Office,wind_direction,2024-12-31T17:00:00Z,284.0,deg
East Jakarta Mayor Office,wind_direction,2025-01-01T17:00:00Z,273.0,deg
East Jakarta Mayor Office,wind_direction,2025-01-02T17:00:00Z,280.0,deg
East Jakarta Mayor Office,wind_direction,2025-01-03T17:00:00Z,277.0,deg
East Jakarta Mayor Office,wind_direction,2025-01-04T17:00:00Z,199.0,deg
East Jakarta Mayor Office,wind_direction,2025-01-05T17:00:00Z,259.0,deg
East Jakarta Mayor Office,wind_direction,2025-01-06T17:00:00Z,270.0,deg
East Jakarta Mayor Office,wind_direction,2025-01-07T17:00:00Z,287.0,deg
East Jakarta Mayor Office,wind_direction,2025-01-08T17:00:00Z,270.0,deg
East Jakarta Mayor Office,wind_direction,2025-01-09T17:00:00Z,287.0,deg
East Jakarta Mayor Office,wind_direction,2025-01-10T17:00:00Z,270.0,deg
East Jakarta Mayor Office,wind_direction,2025-01-11T17:00:00Z,277.0,deg
East Jakarta Mayor Office,wind_direction,2025-01-12T17:00:00Z,282.0,deg
East Jakarta Mayor Office,wind_direction,2025-01-13T17:00:00Z,278.0,deg
East Jakarta Mayor Office,wind_direction,2025-01-14T17:00:00Z,275.0,deg
East Jakarta Mayor Office,wind_direction,2025-01-15T17:00:00Z,278.0,deg
East Jakarta Mayor Office,wind_direction,2025-01-16T17:00:00Z,260.0,deg
East Jakarta Mayor Office,wind_direction,2025-01-17T17:00:00Z,273.0,deg
East Jakarta Mayor Office,wind_direction,2025-01-18T17:00:00Z,282.0,deg
East Jakarta Mayor Office,wind_direction,2025-01-19T17:00:00Z,270.0,deg
East Jakarta Mayor Office,wind_direction,2025-01-20T17:00:00Z,225.0,deg
East Jakarta Mayor Office,wind_direction,2025-01-21T17:00:00Z,281.0,deg
East Jakarta Mayor Office,wind_direction,2025-01-22T17:00:00Z,269.0,deg
East Jakarta Mayor Office,wind_direction,2025-01-23T17:00:00Z,272.0,deg
East Jakarta Mayor Office,wind_direction,2025-01-24T17:00:00Z,268.0,deg
East Jakarta Mayor Office,wind_direction,2025-01-25T17:00:00Z,275.0,deg
East Jakarta Mayor Office,wind_direction,2025-01-26T17:00:00Z,278.0,deg
East Jakarta Mayor Office,wind_direction,2025-01-27T17:00:00Z,263.0,deg
East Jakarta Mayor Office,wind_direction,2025-01-28T17:00:00Z,287.0,deg
East Jakarta Mayor Office,wind_direction,2025-01-29T17:00:00Z,293.0,deg
East Jakarta Mayor Office,wind_direction,2025-01-30T17:00:00Z,286.0,deg
East Jakarta Mayor Office,wind_direction,2025-01-31T17:00:00Z,280.0,deg
East Jakarta Mayor Office,wind_direction,2025-02-01T17:00:00Z,292.0,deg
East Jakarta Mayor Office,wind_direction,2025-02-02T17:00:00Z,293.0,deg
East Jakarta Mayor Office,wind_direction,2025-02-03T17:00:00Z,274.0,deg
East Jakarta Mayor Office,wind_direction,2025-02-04T17:00:00Z,277.0,deg
East Jakarta Mayor Office,wind_direction,2025-02-05T17:00:00Z,296.0,deg
East Jakarta Mayor Office,wind_direction,2025-02-06T17:00:00Z,284.0,deg
East Jakarta Mayor Office,wind_direction,2025-02-07T17:00:00Z,290.0,deg
East Jakarta Mayor Office,wind_direction,2025-02-08T17:00:00Z,283.0,deg
East Jakarta Mayor Office,wind_direction,2025-02-09T17:00:00Z,271.0,deg
East Jakarta Mayor Office,wind_direction,2025-02-10T17:00:00Z,292.0,deg
East Jakarta Mayor Office,wind_direction,2025-02-11T17:00:00Z,221.0,deg
East Jakarta Mayor Office,wind_direction,2025-02-12T17:00:00Z,230.0,deg
East Jakarta Mayor Office,wind_direction,2025-02-13T17:00:00Z,258.0,deg
East Jakarta Mayor Office,wind_direction,2025-02-14T17:00:00Z,286.0,deg
East Jakarta Mayor Office,wind_direction,2025-02-15T17:00:00Z,281.0,deg
East Jakarta Mayor Office,wind_direction,2025-02-16T17:00:00Z,270.0,deg
East Jakarta Mayor Office,wind_direction,2025-02-17T17:00:00Z,253.0,deg
East Jakarta Mayor Office,wind_direction,2025-02-18T17:00:00Z,263.0,deg
East Jakarta Mayor Office,wind_direction,2025-02-19T17:00:00Z,278.0,deg
East Jakarta Mayor Office,wind_direction,2025-02-20T17:00:00Z,269.0,deg
East Jakarta Mayor Office,wind_direction,2025-02-21T17:00:00Z,273.0,deg
East Jakarta Mayor Office,wind_direction,2025-02-22T17:00:00Z,290.0,deg
East Jakarta Mayor Office,wind_direction,2025-02-23T17:00:00Z,253.0,deg
East Jakarta Mayor Office,wind_direction,2025-02-24T17:00:00Z,265.0,deg
East Jakarta Mayor Office,wind_direction,2025-02-25T17:00:00Z,247.0,deg
East Jakarta Mayor Office,wind_direction,2025-02-26T17:00:00Z,249.0,deg
East Jakarta Mayor Office,wind_direction,2025-02-27T17:00:00Z,245.0,deg
East Jakarta Mayor Office,wind_direction,2025-02-28T17:00:00Z,266.0,deg
East Jakarta Mayor Office,wind_direction,2025-03-01T17:00:00Z,275.0,deg
East Jakarta Mayor Office,wind_direction,2025-03-02T17:00:00Z,262.0,deg
East Jakarta Mayor Office,wind_direction,2025-03-03T17:00:00Z,146.0,deg
East Jakarta Mayor Office,wind_direction,2025-03-04T17:00:00Z,176.0,deg
East Jakarta Mayor Office,wind_direction,2025-03-05T17:00:00Z,232.0,deg
East Jakarta Mayor Office,wind_direction,2025-03-06T17:00:00Z,253.0,deg
East Jakarta Mayor Office,wind_direction,2025-03-07T17:00:00Z,210.0,deg
East Jakarta Mayor Office,wind_direction,2025-03-08T17:00:00Z,192.0,deg
East Jakarta Mayor Office,wind_direction,2025-03-09T17:00:00Z,245.0,deg
East Jakarta Mayor Office,wind_direction,2025-03-10T17:00:00Z,262.0,deg
East Jakarta Mayor Office,wind_direction,2025-03-11T17:00:00Z,269.0,deg
East Jakarta Mayor Office,wind_direction,2025-03-12T17:00:00Z,257.0,deg
East Jakarta Mayor Office,wind_direction,2025-03-13T17:00:00Z,265.0,deg
East Jakarta Mayor Office,wind_direction,2025-03-14T17:00:00Z,270.0,deg
East Jakarta Mayor Office,wind_direction,2025-03-15T17:00:00Z,277.0,deg
East Jakarta Mayor Office,wind_direction,2025-03-16T17:00:00Z,245.0,deg
East Jakarta Mayor Office,wind_direction,2025-03-17T17:00:00Z,275.0,deg
East Jakarta Mayor Office,wind_direction,2025-03-18T17:00:00Z,285.0,deg
East Jakarta Mayor Office,wind_direction,2025-03-19T17:00:00Z,285.0,deg
East Jakarta Mayor Office,wind_direction,2025-03-20T17:00:00Z,291.0,deg
East Jakarta Mayor Office,wind_direction,2025-03-21T17:00:00Z,271.0,deg
East Jakarta Mayor Office,wind_direction,2025-03-22T17:00:00Z,286.0,deg
East Jakarta Mayor Office,wind_direction,2025-03-23T17:00:00Z,281.0,deg
East Jakarta Mayor Office,wind_direction,2025-03-24T17:00:00Z,293.0,deg
East Jakarta Mayor Office,wind_direction,2025-03-25T17:00:00Z,272.0,deg
East Jakarta Mayor Office,wind_direction,2025-03-26T17:00:00Z,198.0,deg
East Jakarta Mayor Office,wind_direction,2025-03-27T17:00:00Z,270.0,deg
East Jakarta Mayor Office,wind_direction,2025-03-28T17:00:00Z,272.0,deg
East Jakarta Mayor Office,wind_direction,2025-03-29T17:00:00Z,277.0,deg
East Jakarta Mayor Office,wind_direction,2025-03-30T17:00:00Z,280.0,deg
East Jakarta Mayor Office,wind_direction,2025-03-31T17:00:00Z,263.0,deg
East Jakarta Mayor Office,wind_direction,2025-04-01T17:00:00Z,254.0,deg
East Jakarta Mayor Office,wind_direction,2025-04-02T17:00:00Z,235.0,deg
East Jakarta Mayor Office,wind_direction,2025-04-03T17:00:00Z,225.0,deg
East Jakarta Mayor Office,wind_direction,2025-04-04T17:00:00Z,232.0,deg
East Jakarta Mayor Office,wind_direction,2025-04-05T17:00:00Z,262.0,deg
East Jakarta Mayor Office,wind_direction,2025-04-06T17:00:00Z,252.0,deg
East Jakarta Mayor Office,wind_direction,2025-04-07T17:00:00Z,216.0,deg
East Jakarta Mayor Office,wind_direction,2025-04-08T17:00:00Z,204.0,deg
East Jakarta Mayor Office,wind_direction,2025-04-09T17:00:00Z,231.0,deg
East Jakarta Mayor Office,wind_direction,2025-04-10T17:00:00Z,220.0,deg
East Jakarta Mayor Office,wind_direction,2025-04-11T17:00:00Z,231.0,deg
East Jakarta Mayor Office,wind_direction,2025-04-12T17:00:00Z,265.0,deg
East Jakarta Mayor Office,wind_direction,2025-04-13T17:00:00Z,276.0,deg
East Jakarta Mayor Office,wind_direction,2025-04-14T17:00:00Z,233.0,deg
East Jakarta Mayor Office,wind_direction,2025-04-15T17:00:00Z,259.0,deg
East Jakarta Mayor Office,wind_direction,2025-04-16T17:00:00Z,217.0,deg
East Jakarta Mayor Office,wind_direction,2025-04-17T17:00:00Z,263.0,deg
East Jakarta Mayor Office,wind_direction,2025-04-18T17:00:00Z,231.0,deg
East Jakarta Mayor Office,wind_direction,2025-04-19T17:00:00Z,251.0,deg
East Jakarta Mayor Office,wind_direction,2025-04-20T17:00:00Z,234.0,deg
East Jakarta Mayor Office,wind_direction,2025-04-21T17:00:00Z,255.0,deg
East Jakarta Mayor Office,wind_direction,2025-04-22T17:00:00Z,273.0,deg
East Jakarta Mayor Office,wind_direction,2025-04-23T17:00:00Z,244.0,deg
East Jakarta Mayor Office,wind_direction,2025-04-24T17:00:00Z,274.0,deg
East Jakarta Mayor Office,wind_direction,2025-04-25T17:00:00Z,250.0,deg
East Jakarta Mayor Office,wind_direction,2025-04-26T17:00:00Z,238.0,deg
East Jakarta Mayor Office,wind_direction,2025-04-27T17:00:00Z,233.0,deg
East Jakarta Mayor Office,wind_direction,2025-04-28T17:00:00Z,188.0,deg
East Jakarta Mayor Office,wind_direction,2025-04-29T17:00:00Z,209.0,deg
East Jakarta Mayor Office,wind_direction,2025-04-30T17:00:00Z,231.0,deg
East Jakarta Mayor Office,wind_direction,2025-05-01T17:00:00Z,216.0,deg
East Jakarta Mayor Office,wind_direction,2025-05-02T17:00:00Z,207.0,deg
East Jakarta Mayor Office,wind_direction,2025-05-03T17:00:00Z,210.0,deg
East Jakarta Mayor Office,wind_direction,2025-05-04T17:00:00Z,239.0,deg
East Jakarta Mayor Office,wind_direction,2025-05-05T17:00:00Z,231.0,deg
East Jakarta Mayor Office,wind_direction,2025-05-06T17:00:00Z,227.0,deg
East Jakarta Mayor Office,wind_direction,2025-05-07T17:00:00Z,231.0,deg
East Jakarta Mayor Office,wind_direction,2025-05-08T17:00:00Z,262.0,deg
East Jakarta Mayor Office,wind_direction,2025-05-09T17:00:00Z,234.0,deg
East Jakarta Mayor Office,wind_direction,2025-05-10T17:00:00Z,242.0,deg
East Jakarta Mayor Office,wind_direction,2025-05-11T17:00:00Z,273.0,deg
East Jakarta Mayor Office,wind_direction,2025-05-12T17:00:00Z,251.0,deg
East Jakarta Mayor Office,wind_direction,2025-05-13T17:00:00Z,190.0,deg
East Jakarta Mayor Office,wind_direction,2025-05-14T17:00:00Z,261.0,deg
East Jakarta Mayor Office,wind_direction,2025-05-15T17:00:00Z,191.0,deg
East Jakarta Mayor Office,wind_direction,2025-05-16T17:00:00Z,189.0,deg
East Jakarta Mayor Office,wind_direction,2025-05-17T17:00:00Z,181.0,deg
East Jakarta Mayor Office,wind_direction,2025-05-18T17:00:00Z,149.0,deg
East Jakarta Mayor Office,wind_direction,2025-05-19T17:00:00Z,180.0,deg
East Jakarta Mayor Office,wind_direction,2025-05-20T17:00:00Z,212.0,deg
East Jakarta Mayor Office,wind_direction,2025-05-21T17:00:00Z,255.0,deg
East Jakarta Mayor Office,wind_direction,2025-05-22T17:00:00Z,236.0,deg
East Jakarta Mayor Office,wind_direction,2025-05-23T17:00:00Z,275.0,deg
East Jakarta Mayor Office,wind_direction,2025-05-24T17:00:00Z,242.0,deg
East Jakarta Mayor Office,wind_direction,2025-05-25T17:00:00Z,266.0,deg
East Jakarta Mayor Office,wind_direction,2025-05-26T17:00:00Z,277.0,deg
East Jakarta Mayor Office,wind_direction,2025-05-27T17:00:00Z,225.0,deg
East Jakarta Mayor Office,wind_direction,2025-05-28T17:00:00Z,207.0,deg
East Jakarta Mayor Office,wind_direction,2025-05-29T17:00:00Z,215.0,deg
East Jakarta Mayor Office,wind_direction,2025-05-30T17:00:00Z,216.0,deg
East Jakarta Mayor Office,wind_direction,2025-05-31T17:00:00Z,216.0,deg
East Jakarta Mayor Office,wind_direction,2025-06-01T17:00:00Z,193.0,deg
East Jakarta Mayor Office,wind_direction,2025-06-02T17:00:00Z,207.0,deg
East Jakarta Mayor Office,wind_direction,2025-06-03T17:00:00Z,223.0,deg
East Jakarta Mayor Office,wind_direction,2025-06-04T17:00:00Z,246.0,deg
East Jakarta Mayor Office,wind_direction,2025-06-05T17:00:00Z,246.0,deg
East Jakarta Mayor Office,wind_direction,2025-06-06T17:00:00Z,199.0,deg
East Jakarta Mayor Office,wind_direction,2025-06-07T17:00:00Z,195.0,deg
East Jakarta Mayor Office,wind_direction,2025-06-08T17:00:00Z,193.0,deg
East Jakarta Mayor Office,wind_direction,2025-06-09T17:00:00Z,224.0,deg
East Jakarta Mayor Office,wind_direction,2025-06-10T17:00:00Z,166.0,deg
East Jakarta Mayor Office,wind_direction,2025-06-11T17:00:00Z,172.0,deg
East Jakarta Mayor Office,wind_direction,2025-06-12T17:00:00Z,173.0,deg
East Jakarta Mayor Office,wind_direction,2025-06-13T17:00:00Z,167.0,deg
East Jakarta Mayor Office,wind_direction,2025-06-14T17:00:00Z,154.0,deg
East Jakarta Mayor Office,wind_direction,2025-06-15T17:00:00Z,178.0,deg
East Jakarta Mayor Office,wind_direction,2025-06-16T17:00:00Z,259.0,deg
East Jakarta Mayor Office,wind_direction,2025-06-17T17:00:00Z,259.0,deg
East Jakarta Mayor Office,wind_direction,2025-06-18T17:00:00Z,166.0,deg
East Jakarta Mayor Office,wind_direction,2025-06-19T17:00:00Z,227.0,deg
East Jakarta Mayor Office,wind_direction,2025-06-20T17:00:00Z,250.0,deg
East Jakarta Mayor Office,wind_direction,2025-06-21T17:00:00Z,194.0,deg
East Jakarta Mayor Office,wind_direction,2025-06-22T17:00:00Z,86.3,deg
East Jakarta Mayor Office,wind_direction,2025-06-23T17:00:00Z,199.0,deg
East Jakarta Mayor Office,wind_direction,2025-06-24T17:00:00Z,255.0,deg
East Jakarta Mayor Office,wind_direction,2025-06-25T17:00:00Z,230.0,deg
East Jakarta Mayor Office,wind_direction,2025-06-26T17:00:00Z,280.0,deg
East Jakarta Mayor Office,wind_direction,2025-06-27T17:00:00Z,226.0,deg
East Jakarta Mayor Office,wind_direction,2025-06-28T17:00:00Z,251.0,deg
East Jakarta Mayor Office,wind_direction,2025-06-29T17:00:00Z,118.0,deg
East Jakarta Mayor Office,wind_speed,2023-09-29T17:00:00Z,0.9,m/s
East Jakarta Mayor Office,wind_speed,2023-09-30T17:00:00Z,1.03,m/s
East Jakarta Mayor Office,wind_speed,2023-10-01T17:00:00Z,1.11,m/s
East Jakarta Mayor Office,wind_speed,2023-10-02T17:00:00Z,1.15,m/s
East Jakarta Mayor Office,wind_speed,2023-10-03T17:00:00Z,1.3,m/s
East Jakarta Mayor Office,wind_speed,2023-10-04T17:00:00Z,1.65,m/s
East Jakarta Mayor Office,wind_speed,2023-10-05T17:00:00Z,1.11,m/s
East Jakarta Mayor Office,wind_speed,2023-10-06T17:00:00Z,1.09,m/s
East Jakarta Mayor Office,wind_speed,2023-10-07T17:00:00Z,1.45,m/s
East Jakarta Mayor Office,wind_speed,2023-10-08T17:00:00Z,1.74,m/s
East Jakarta Mayor Office,wind_speed,2023-10-09T17:00:00Z,1.69,m/s
East Jakarta Mayor Office,wind_speed,2023-10-10T17:00:00Z,1.38,m/s
East Jakarta Mayor Office,wind_speed,2023-10-11T17:00:00Z,1.57,m/s
East Jakarta Mayor Office,wind_speed,2023-10-12T17:00:00Z,1.39,m/s
East Jakarta Mayor Office,wind_speed,2023-10-13T17:00:00Z,1.13,m/s
East Jakarta Mayor Office,wind_speed,2023-10-14T17:00:00Z,1.48,m/s
East Jakarta Mayor Office,wind_speed,2023-10-15T17:00:00Z,1.34,m/s
East Jakarta Mayor Office,wind_speed,2023-10-16T17:00:00Z,1.54,m/s
East Jakarta Mayor Office,wind_speed,2023-10-17T17:00:00Z,1.65,m/s
East Jakarta Mayor Office,wind_speed,2023-10-18T17:00:00Z,1.91,m/s
East Jakarta Mayor Office,wind_speed,2023-10-19T17:00:00Z,1.53,m/s
East Jakarta Mayor Office,wind_speed,2023-10-20T17:00:00Z,1.28,m/s
East Jakarta Mayor Office,wind_speed,2023-10-21T17:00:00Z,1.07,m/s
East Jakarta Mayor Office,wind_speed,2023-10-22T17:00:00Z,1.31,m/s
East Jakarta Mayor Office,wind_speed,2023-10-23T17:00:00Z,1.2,m/s
East Jakarta Mayor Office,wind_speed,2023-10-24T17:00:00Z,1.1,m/s
East Jakarta Mayor Office,wind_speed,2023-10-25T17:00:00Z,1.14,m/s
East Jakarta Mayor Office,wind_speed,2023-10-26T17:00:00Z,1.47,m/s
East Jakarta Mayor Office,wind_speed,2023-10-29T17:00:00Z,0.738,m/s
East Jakarta Mayor Office,wind_speed,2023-10-30T17:00:00Z,1.27,m/s
East Jakarta Mayor Office,wind_speed,2023-10-31T17:00:00Z,1.15,m/s
East Jakarta Mayor Office,wind_speed,2023-11-01T17:00:00Z,1.06,m/s
East Jakarta Mayor Office,wind_speed,2023-11-02T17:00:00Z,1.07,m/s
East Jakarta Mayor Office,wind_speed,2023-11-03T17:00:00Z,1.19,m/s
East Jakarta Mayor Office,wind_speed,2023-11-04T17:00:00Z,1.18,m/s
East Jakarta Mayor Office,wind_speed,2023-11-05T17:00:00Z,1.16,m/s
East Jakarta Mayor Office,wind_speed,2023-11-06T17:00:00Z,1.03,m/s
East Jakarta Mayor Office,wind_speed,2023-11-07T17:00:00Z,1.08,m/s
East Jakarta Mayor Office,wind_speed,2023-11-08T17:00:00Z,1.26,m/s
East Jakarta Mayor Office,wind_speed,2023-11-09T17:00:00Z,1.17,m/s
East Jakarta Mayor Office,wind_speed,2023-11-10T17:00:00Z,1.03,m/s
East Jakarta Mayor Office,wind_speed,2023-11-11T17:00:00Z,1.07,m/s
East Jakarta Mayor Office,wind_speed,2023-11-12T17:00:00Z,1.33,m/s
East Jakarta Mayor Office,wind_speed,2023-11-13T17:00:00Z,1.52,m/s
East Jakarta Mayor Office,wind_speed,2023-11-14T17:00:00Z,1.13,m/s
East Jakarta Mayor Office,wind_speed,2023-11-15T17:00:00Z,1.23,m/s
East Jakarta Mayor Office,wind_speed,2023-11-16T17:00:00Z,1.15,m/s
East Jakarta Mayor Office,wind_speed,2023-11-17T17:00:00Z,1.03,m/s
East Jakarta Mayor Office,wind_speed,2023-11-18T17:00:00Z,1.16,m/s
East Jakarta Mayor Office,wind_speed,2023-11-19T17:00:00Z,1.26,m/s
East Jakarta Mayor Office,wind_speed,2023-11-20T17:00:00Z,1.25,m/s
East Jakarta Mayor Office,wind_speed,2023-11-21T17:00:00Z,1.15,m/s
East Jakarta Mayor Office,wind_speed,2023-11-22T17:00:00Z,1.01,m/s
East Jakarta Mayor Office,wind_speed,2023-11-23T17:00:00Z,0.921,m/s
East Jakarta Mayor Office,wind_speed,2023-11-24T17:00:00Z,0.783,m/s
East Jakarta Mayor Office,wind_speed,2023-11-25T17:00:00Z,1.13,m/s
East Jakarta Mayor Office,wind_speed,2023-11-26T17:00:00Z,1.14,m/s
East Jakarta Mayor Office,wind_speed,2023-11-27T17:00:00Z,1.2,m/s
East Jakarta Mayor Office,wind_speed,2023-11-28T17:00:00Z,1.43,m/s
East Jakarta Mayor Office,wind_speed,2023-11-29T17:00:00Z,1.14,m/s
East Jakarta Mayor Office,wind_speed,2023-11-30T17:00:00Z,1.13,m/s
East Jakarta Mayor Office,wind_speed,2023-12-01T17:00:00Z,1.18,m/s
East Jakarta Mayor Office,wind_speed,2023-12-02T17:00:00Z,1.1,m/s
East Jakarta Mayor Office,wind_speed,2023-12-03T17:00:00Z,0.946,m/s
East Jakarta Mayor Office,wind_speed,2023-12-04T17:00:00Z,1.23,m/s
East Jakarta Mayor Office,wind_speed,2023-12-05T17:00:00Z,1.17,m/s
East Jakarta Mayor Office,wind_speed,2023-12-06T17:00:00Z,1.03,m/s
East Jakarta Mayor Office,wind_speed,2023-12-07T17:00:00Z,1.05,m/s
East Jakarta Mayor Office,wind_speed,2023-12-08T17:00:00Z,1.06,m/s
East Jakarta Mayor Office,wind_speed,2023-12-09T17:00:00Z,1.09,m/s
East Jakarta Mayor Office,wind_speed,2023-12-10T17:00:00Z,1.19,m/s
East Jakarta Mayor Office,wind_speed,2023-12-11T17:00:00Z,1.06,m/s
East Jakarta Mayor Office,wind_speed,2023-12-12T17:00:00Z,1.18,m/s
East Jakarta Mayor Office,wind_speed,2023-12-13T17:00:00Z,1.35,m/s
East Jakarta Mayor Office,wind_speed,2023-12-14T17:00:00Z,1.34,m/s
East Jakarta Mayor Office,wind_speed,2023-12-15T17:00:00Z,1.48,m/s
East Jakarta Mayor Office,wind_speed,2023-12-16T17:00:00Z,1.45,m/s
East Jakarta Mayor Office,wind_speed,2023-12-17T17:00:00Z,1.53,m/s
East Jakarta Mayor Office,wind_speed,2023-12-18T17:00:00Z,1.82,m/s
East Jakarta Mayor Office,wind_speed,2023-12-19T17:00:00Z,1.61,m/s
East Jakarta Mayor Office,wind_speed,2023-12-20T17:00:00Z,1.35,m/s
East Jakarta Mayor Office,wind_speed,2023-12-21T17:00:00Z,1.02,m/s
East Jakarta Mayor Office,wind_speed,2023-12-22T17:00:00Z,0.963,m/s
East Jakarta Mayor Office,wind_speed,2023-12-23T17:00:00Z,1.15,m/s
East Jakarta Mayor Office,wind_speed,2023-12-24T17:00:00Z,1.24,m/s
East Jakarta Mayor Office,wind_speed,2023-12-25T17:00:00Z,0.871,m/s
East Jakarta Mayor Office,wind_speed,2023-12-26T17:00:00Z,1.05,m/s
East Jakarta Mayor Office,wind_speed,2023-12-27T17:00:00Z,1.07,m/s
East Jakarta Mayor Office,wind_speed,2023-12-28T17:00:00Z,1.18,m/s
East Jakarta Mayor Office,wind_speed,2023-12-29T17:00:00Z,0.838,m/s
East Jakarta Mayor Office,wind_speed,2023-12-30T17:00:00Z,1.14,m/s
East Jakarta Mayor Office,wind_speed,2023-12-31T17:00:00Z,1.05,m/s
East Jakarta Mayor Office,wind_speed,2024-01-01T17:00:00Z,1.05,m/s
East Jakarta Mayor Office,wind_speed,2024-01-02T17:00:00Z,1.22,m/s
East Jakarta Mayor Office,wind_speed,2024-01-03T17:00:00Z,1.28,m/s
East Jakarta Mayor Office,wind_speed,2024-01-04T17:00:00Z,1.05,m/s
East Jakarta Mayor Office,wind_speed,2024-01-05T17:00:00Z,1.05,m/s
East Jakarta Mayor Office,wind_speed,2024-01-06T17:00:00Z,0.925,m/s
East Jakarta Mayor Office,wind_speed,2024-01-07T17:00:00Z,1.04,m/s
East Jakarta Mayor Office,wind_speed,2024-01-08T17:00:00Z,1.3,m/s
East Jakarta Mayor Office,wind_speed,2024-01-09T17:00:00Z,1.04,m/s
East Jakarta Mayor Office,wind_speed,2024-01-10T17:00:00Z,1.18,m/s
East Jakarta Mayor Office,wind_speed,2024-01-11T17:00:00Z,1.63,m/s
East Jakarta Mayor Office,wind_speed,2024-01-12T17:00:00Z,1.27,m/s
East Jakarta Mayor Office,wind_speed,2024-01-13T17:00:00Z,1.04,m/s
East Jakarta Mayor Office,wind_speed,2024-01-14T17:00:00Z,1.49,m/s
East Jakarta Mayor Office,wind_speed,2024-01-15T17:00:00Z,2.1,m/s
East Jakarta Mayor Office,wind_speed,2024-01-16T17:00:00Z,1.22,m/s
East Jakarta Mayor Office,wind_speed,2024-01-17T17:00:00Z,2.15,m/s
East Jakarta Mayor Office,wind_speed,2024-01-18T17:00:00Z,2.1,m/s
East Jakarta Mayor Office,wind_speed,2024-01-19T17:00:00Z,2.1,m/s
East Jakarta Mayor Office,wind_speed,2024-01-20T17:00:00Z,2.19,m/s
East Jakarta Mayor Office,wind_speed,2024-01-21T17:00:00Z,2.88,m/s
East Jakarta Mayor Office,wind_speed,2024-01-22T17:00:00Z,2.16,m/s
East Jakarta Mayor Office,wind_speed,2024-01-23T17:00:00Z,2.31,m/s
East Jakarta Mayor Office,wind_speed,2024-01-24T17:00:00Z,1.46,m/s
East Jakarta Mayor Office,wind_speed,2024-01-25T17:00:00Z,1.14,m/s
East Jakarta Mayor Office,wind_speed,2024-01-26T17:00:00Z,1.04,m/s
East Jakarta Mayor Office,wind_speed,2024-01-27T17:00:00Z,0.896,m/s
East Jakarta Mayor Office,wind_speed,2024-01-28T17:00:00Z,0.883,m/s
East Jakarta Mayor Office,wind_speed,2024-01-29T17:00:00Z,1.11,m/s
East Jakarta Mayor Office,wind_speed,2024-01-30T17:00:00Z,1.09,m/s
East Jakarta Mayor Office,wind_speed,2024-01-31T17:00:00Z,1.02,m/s
East Jakarta Mayor Office,wind_speed,2024-02-01T17:00:00Z,1.93,m/s
East Jakarta Mayor Office,wind_speed,2024-02-02T17:00:00Z,2.16,m/s
East Jakarta Mayor Office,wind_speed,2024-02-04T17:00:00Z,0.613,m/s
East Jakarta Mayor Office,wind_speed,2024-02-05T17:00:00Z,1.41,m/s
East Jakarta Mayor Office,wind_speed,2024-02-06T17:00:00Z,1.29,m/s
East Jakarta Mayor Office,wind_speed,2024-02-07T17:00:00Z,1.11,m/s
East Jakarta Mayor Office,wind_speed,2024-02-08T17:00:00Z,0.996,m/s
East Jakarta Mayor Office,wind_speed,2024-02-09T17:00:00Z,1.69,m/s
East Jakarta Mayor Office,wind_speed,2024-02-10T17:00:00Z,5.54,m/s
East Jakarta Mayor Office,wind_speed,2024-02-11T17:00:00Z,1.46,m/s
East Jakarta Mayor Office,wind_speed,2024-02-12T17:00:00Z,3.1,m/s
East Jakarta Mayor Office,wind_speed,2024-02-13T17:00:00Z,0.938,m/s
East Jakarta Mayor Office,wind_speed,2024-02-14T17:00:00Z,0.879,m/s
East Jakarta Mayor Office,wind_speed,2024-02-15T17:00:00Z,0.946,m/s
East Jakarta Mayor Office,wind_speed,2024-02-16T17:00:00Z,1.15,m/s
East Jakarta Mayor Office,wind_speed,2024-02-17T17:00:00Z,0.933,m/s
East Jakarta Mayor Office,wind_speed,2024-02-18T17:00:00Z,0.954,m/s
East Jakarta Mayor Office,wind_speed,2024-02-19T17:00:00Z,1.05,m/s
East Jakarta Mayor Office,wind_speed,2024-02-20T17:00:00Z,0.854,m/s
East Jakarta Mayor Office,wind_speed,2024-02-21T17:00:00Z,1.74,m/s
East Jakarta Mayor Office,wind_speed,2024-02-22T17:00:00Z,1.48,m/s
East Jakarta Mayor Office,wind_speed,2024-02-23T17:00:00Z,1.17,m/s
East Jakarta Mayor Office,wind_speed,2024-02-24T17:00:00Z,1.29,m/s
East Jakarta Mayor Office,wind_speed,2024-02-25T17:00:00Z,9.71,m/s
East Jakarta Mayor Office,wind_speed,2024-02-26T17:00:00Z,0.93,m/s
East Jakarta Mayor Office,wind_speed,2024-02-27T17:00:00Z,1.21,m/s
East Jakarta Mayor Office,wind_speed,2024-02-28T17:00:00Z,1.39,m/s
East Jakarta Mayor Office,wind_speed,2024-02-29T17:00:00Z,1.23,m/s
East Jakarta Mayor Office,wind_speed,2024-03-01T17:00:00Z,1.12,m/s
East Jakarta Mayor Office,wind_speed,2024-03-02T17:00:00Z,1.15,m/s
East Jakarta Mayor Office,wind_speed,2024-03-03T17:00:00Z,1.7,m/s
East Jakarta Mayor Office,wind_speed,2024-03-04T17:00:00Z,1.9,m/s
East Jakarta Mayor Office,wind_speed,2024-03-05T17:00:00Z,3.32,m/s
East Jakarta Mayor Office,wind_speed,2024-03-06T17:00:00Z,2.35,m/s
East Jakarta Mayor Office,wind_speed,2024-03-07T17:00:00Z,2.84,m/s
East Jakarta Mayor Office,wind_speed,2024-03-08T17:00:00Z,1.37,m/s
East Jakarta Mayor Office,wind_speed,2024-03-09T17:00:00Z,0.788,m/s
East Jakarta Mayor Office,wind_speed,2024-03-10T17:00:00Z,1.33,m/s
East Jakarta Mayor Office,wind_speed,2024-03-11T17:00:00Z,1.58,m/s
East Jakarta Mayor Office,wind_speed,2024-03-12T17:00:00Z,2.8,m/s
East Jakarta Mayor Office,wind_speed,2024-03-13T17:00:00Z,1.57,m/s
East Jakarta Mayor Office,wind_speed,2024-03-14T17:00:00Z,2.18,m/s
East Jakarta Mayor Office,wind_speed,2024-03-15T17:00:00Z,2.13,m/s
East Jakarta Mayor Office,wind_speed,2024-03-16T17:00:00Z,2.09,m/s
East Jakarta Mayor Office,wind_speed,2024-03-17T17:00:00Z,1.84,m/s
East Jakarta Mayor Office,wind_speed,2024-03-18T17:00:00Z,2.46,m/s
East Jakarta Mayor Office,wind_speed,2024-03-19T17:00:00Z,2.28,m/s
East Jakarta Mayor Office,wind_speed,2024-03-20T17:00:00Z,1.45,m/s
East Jakarta Mayor Office,wind_speed,2024-03-21T17:00:00Z,1.9,m/s
East Jakarta Mayor Office,wind_speed,2024-03-22T17:00:00Z,0.79,m/s
East Jakarta Mayor Office,wind_speed,2024-03-25T17:00:00Z,1.84,m/s
East Jakarta Mayor Office,wind_speed,2024-03-26T17:00:00Z,1.09,m/s
East Jakarta Mayor Office,wind_speed,2024-03-27T17:00:00Z,1.03,m/s
East Jakarta Mayor Office,wind_speed,2024-03-28T17:00:00Z,0.744,m/s
East Jakarta Mayor Office,wind_speed,2024-03-31T17:00:00Z,0.722,m/s
East Jakarta Mayor Office,wind_speed,2024-04-01T17:00:00Z,0.863,m/s
East Jakarta Mayor Office,wind_speed,2024-04-02T17:00:00Z,1.32,m/s
East Jakarta Mayor Office,wind_speed,2024-04-03T17:00:00Z,1.14,m/s
East Jakarta Mayor Office,wind_speed,2024-04-04T17:00:00Z,1.13,m/s
East Jakarta Mayor Office,wind_speed,2024-04-05T17:00:00Z,1.12,m/s
East Jakarta Mayor Office,wind_speed,2024-04-06T17:00:00Z,1.05,m/s
East Jakarta Mayor Office,wind_speed,2024-04-07T17:00:00Z,1.0,m/s
East Jakarta Mayor Office,wind_speed,2024-04-08T17:00:00Z,1.09,m/s
East Jakarta Mayor Office,wind_speed,2024-04-09T17:00:00Z,0.958,m/s
East Jakarta Mayor Office,wind_speed,2024-04-10T17:00:00Z,1.15,m/s
East Jakarta Mayor Office,wind_speed,2024-04-11T17:00:00Z,7.2,m/s
East Jakarta Mayor Office,wind_speed,2024-04-12T17:00:00Z,1.47,m/s
East Jakarta Mayor Office,wind_speed,2024-04-13T17:00:00Z,1.1,m/s
East Jakarta Mayor Office,wind_speed,2024-04-14T17:00:00Z,1.07,m/s
East Jakarta Mayor Office,wind_speed,2024-04-15T17:00:00Z,1.23,m/s
East Jakarta Mayor Office,wind_speed,2024-04-16T17:00:00Z,1.18,m/s
East Jakarta Mayor Office,wind_speed,2024-04-17T17:00:00Z,1.37,m/s
East Jakarta Mayor Office,wind_speed,2024-04-18T17:00:00Z,1.33,m/s
East Jakarta Mayor Office,wind_speed,2024-04-19T17:00:00Z,1.12,m/s
East Jakarta Mayor Office,wind_speed,2024-04-20T17:00:00Z,2.53,m/s
East Jakarta Mayor Office,wind_speed,2024-04-21T17:00:00Z,1.3,m/s
East Jakarta Mayor Office,wind_speed,2024-04-22T17:00:00Z,1.09,m/s
East Jakarta Mayor Office,wind_speed,2024-04-23T17:00:00Z,1.4,m/s
East Jakarta Mayor Office,wind_speed,2024-04-24T17:00:00Z,1.21,m/s
East Jakarta Mayor Office,wind_speed,2024-04-25T17:00:00Z,1.23,m/s
East Jakarta Mayor Office,wind_speed,2024-04-26T17:00:00Z,1.22,m/s
East Jakarta Mayor Office,wind_speed,2024-04-27T17:00:00Z,1.29,m/s
East Jakarta Mayor Office,wind_speed,2024-04-28T17:00:00Z,1.48,m/s
East Jakarta Mayor Office,wind_speed,2024-04-29T17:00:00Z,1.25,m/s
East Jakarta Mayor Office,wind_speed,2024-04-30T17:00:00Z,1.04,m/s
East Jakarta Mayor Office,wind_speed,2024-05-01T17:00:00Z,1.38,m/s
East Jakarta Mayor Office,wind_speed,2024-05-02T17:00:00Z,1.3,m/s
East Jakarta Mayor Office,wind_speed,2024-05-03T17:00:00Z,1.15,m/s
East Jakarta Mayor Office,wind_speed,2024-05-04T17:00:00Z,1.06,m/s
East Jakarta Mayor Office,wind_speed,2024-05-05T17:00:00Z,1.07,m/s
East Jakarta Mayor Office,wind_speed,2024-05-06T17:00:00Z,1.25,m/s
East Jakarta Mayor Office,wind_speed,2024-05-07T17:00:00Z,1.21,m/s
East Jakarta Mayor Office,wind_speed,2024-05-08T17:00:00Z,1.19,m/s
East Jakarta Mayor Office,wind_speed,2024-05-09T17:00:00Z,1.42,m/s
East Jakarta Mayor Office,wind_speed,2024-05-10T17:00:00Z,1.23,m/s
East Jakarta Mayor Office,wind_speed,2024-05-11T17:00:00Z,1.3,m/s
East Jakarta Mayor Office,wind_speed,2024-05-12T17:00:00Z,1.33,m/s
East Jakarta Mayor Office,wind_speed,2024-05-13T17:00:00Z,1.01,m/s
East Jakarta Mayor Office,wind_speed,2024-05-14T17:00:00Z,1.36,m/s
East Jakarta Mayor Office,wind_speed,2024-05-15T17:00:00Z,1.36,m/s
East Jakarta Mayor Office,wind_speed,2024-05-16T17:00:00Z,1.29,m/s
East Jakarta Mayor Office,wind_speed,2024-05-17T17:00:00Z,1.04,m/s
East Jakarta Mayor Office,wind_speed,2024-05-18T17:00:00Z,1.1,m/s
East Jakarta Mayor Office,wind_speed,2024-05-19T17:00:00Z,1.23,m/s
East Jakarta Mayor Office,wind_speed,2024-05-20T17:00:00Z,1.18,m/s
East Jakarta Mayor Office,wind_speed,2024-05-21T17:00:00Z,1.26,m/s
East Jakarta Mayor Office,wind_speed,2024-05-22T17:00:00Z,0.833,m/s
East Jakarta Mayor Office,wind_speed,2024-05-23T17:00:00Z,1.1,m/s
East Jakarta Mayor Office,wind_speed,2024-05-24T17:00:00Z,0.9,m/s
East Jakarta Mayor Office,wind_speed,2024-05-25T17:00:00Z,1.06,m/s
East Jakarta Mayor Office,wind_speed,2024-05-26T17:00:00Z,1.2,m/s
East Jakarta Mayor Office,wind_speed,2024-05-27T17:00:00Z,1.43,m/s
East Jakarta Mayor Office,wind_speed,2024-05-28T17:00:00Z,1.25,m/s
East Jakarta Mayor Office,wind_speed,2024-05-29T17:00:00Z,1.16,m/s
East Jakarta Mayor Office,wind_speed,2024-05-30T17:00:00Z,0.533,m/s
East Jakarta Mayor Office,wind_speed,2024-06-04T17:00:00Z,1.48,m/s
East Jakarta Mayor Office,wind_speed,2024-06-05T17:00:00Z,1.4,m/s
East Jakarta Mayor Office,wind_speed,2024-06-06T17:00:00Z,1.11,m/s
East Jakarta Mayor Office,wind_speed,2024-06-07T17:00:00Z,1.09,m/s
East Jakarta Mayor Office,wind_speed,2024-06-08T17:00:00Z,1.15,m/s
East Jakarta Mayor Office,wind_speed,2024-06-09T17:00:00Z,1.47,m/s
East Jakarta Mayor Office,wind_speed,2024-06-10T17:00:00Z,1.21,m/s
East Jakarta Mayor Office,wind_speed,2024-06-11T17:00:00Z,1.34,m/s
East Jakarta Mayor Office,wind_speed,2024-06-12T17:00:00Z,1.14,m/s
East Jakarta Mayor Office,wind_speed,2024-06-13T17:00:00Z,1.33,m/s
East Jakarta Mayor Office,wind_speed,2024-06-18T17:00:00Z,2.0,m/s
East Jakarta Mayor Office,wind_speed,2024-06-19T17:00:00Z,1.25,m/s
East Jakarta Mayor Office,wind_speed,2024-06-20T17:00:00Z,1.2,m/s
East Jakarta Mayor Office,wind_speed,2024-06-21T17:00:00Z,0.946,m/s
East Jakarta Mayor Office,wind_speed,2024-06-22T17:00:00Z,0.942,m/s
East Jakarta Mayor Office,wind_speed,2024-06-23T17:00:00Z,1.3,m/s
East Jakarta Mayor Office,wind_speed,2024-06-24T17:00:00Z,1.09,m/s
East Jakarta Mayor Office,wind_speed,2024-06-25T17:00:00Z,1.32,m/s
East Jakarta Mayor Office,wind_speed,2024-06-26T17:00:00Z,1.39,m/s
East Jakarta Mayor Office,wind_speed,2024-06-27T17:00:00Z,1.18,m/s
East Jakarta Mayor Office,wind_speed,2024-06-28T17:00:00Z,0.85,m/s
East Jakarta Mayor Office,wind_speed,2024-06-29T17:00:00Z,1.18,m/s
East Jakarta Mayor Office,wind_speed,2024-06-30T17:00:00Z,0.817,m/s
East Jakarta Mayor Office,wind_speed,2024-07-01T17:00:00Z,0.983,m/s
East Jakarta Mayor Office,wind_speed,2024-07-02T17:00:00Z,1.26,m/s
East Jakarta Mayor Office,wind_speed,2024-07-03T17:00:00Z,1.32,m/s
East Jakarta Mayor Office,wind_speed,2024-07-04T17:00:00Z,1.36,m/s
East Jakarta Mayor Office,wind_speed,2024-07-05T17:00:00Z,1.52,m/s
East Jakarta Mayor Office,wind_speed,2024-07-06T17:00:00Z,1.03,m/s
East Jakarta Mayor Office,wind_speed,2024-07-07T17:00:00Z,1.35,m/s
East Jakarta Mayor Office,wind_speed,2024-07-08T17:00:00Z,1.58,m/s
East Jakarta Mayor Office,wind_speed,2024-07-09T17:00:00Z,1.16,m/s
East Jakarta Mayor Office,wind_speed,2024-07-10T17:00:00Z,1.15,m/s
East Jakarta Mayor Office,wind_speed,2024-07-11T17:00:00Z,1.11,m/s
East Jakarta Mayor Office,wind_speed,2024-07-12T17:00:00Z,1.0,m/s
East Jakarta Mayor Office,wind_speed,2024-07-13T17:00:00Z,1.08,m/s
East Jakarta Mayor Office,wind_speed,2024-07-14T17:00:00Z,1.14,m/s
East Jakarta Mayor Office,wind_speed,2024-07-15T17:00:00Z,1.23,m/s
East Jakarta Mayor Office,wind_speed,2024-07-16T17:00:00Z,1.32,m/s
East Jakarta Mayor Office,wind_speed,2024-07-17T17:00:00Z,1.33,m/s
East Jakarta Mayor Office,wind_speed,2024-07-18T17:00:00Z,1.33,m/s
East Jakarta Mayor Office,wind_speed,2024-07-19T17:00:00Z,1.18,m/s
East Jakarta Mayor Office,wind_speed,2024-07-20T17:00:00Z,1.17,m/s
East Jakarta Mayor Office,wind_speed,2024-07-21T17:00:00Z,1.3,m/s
East Jakarta Mayor Office,wind_speed,2024-07-22T17:00:00Z,1.13,m/s
East Jakarta Mayor Office,wind_speed,2024-07-23T17:00:00Z,1.23,m/s
East Jakarta Mayor Office,wind_speed,2024-07-24T17:00:00Z,1.22,m/s
East Jakarta Mayor Office,wind_speed,2024-07-25T17:00:00Z,1.22,m/s
East Jakarta Mayor Office,wind_speed,2024-07-26T17:00:00Z,1.03,m/s
East Jakarta Mayor Office,wind_speed,2024-07-27T17:00:00Z,1.15,m/s
East Jakarta Mayor Office,wind_speed,2024-07-28T17:00:00Z,1.2,m/s
East Jakarta Mayor Office,wind_speed,2024-07-29T17:00:00Z,1.01,m/s
East Jakarta Mayor Office,wind_speed,2024-07-30T17:00:00Z,1.13,m/s
East Jakarta Mayor Office,wind_speed,2024-07-31T17:00:00Z,1.3,m/s
East Jakarta Mayor Office,wind_speed,2024-08-01T17:00:00Z,1.36,m/s
East Jakarta Mayor Office,wind_speed,2024-08-02T17:00:00Z,1.09,m/s
East Jakarta Mayor Office,wind_speed,2024-08-03T17:00:00Z,1.16,m/s
East Jakarta Mayor Office,wind_speed,2024-08-04T17:00:00Z,1.52,m/s
East Jakarta Mayor Office,wind_speed,2024-08-05T17:00:00Z,1.32,m/s
East Jakarta Mayor Office,wind_speed,2024-08-11T17:00:00Z,1.51,m/s
East Jakarta Mayor Office,wind_speed,2024-08-12T17:00:00Z,1.27,m/s
East Jakarta Mayor Office,wind_speed,2024-08-13T17:00:00Z,1.28,m/s
East Jakarta Mayor Office,wind_speed,2024-08-14T17:00:00Z,1.35,m/s
East Jakarta Mayor Office,wind_speed,2024-08-15T17:00:00Z,1.08,m/s
East Jakarta Mayor Office,wind_speed,2024-08-16T17:00:00Z,1.03,m/s
East Jakarta Mayor Office,wind_speed,2024-08-17T17:00:00Z,1.24,m/s
East Jakarta Mayor Office,wind_speed,2024-08-18T17:00:00Z,1.49,m/s
East Jakarta Mayor Office,wind_speed,2024-08-19T17:00:00Z,1.17,m/s
East Jakarta Mayor Office,wind_speed,2024-08-20T17:00:00Z,1.34,m/s
East Jakarta Mayor Office,wind_speed,2024-08-21T17:00:00Z,1.55,m/s
East Jakarta Mayor Office,wind_speed,2024-08-22T17:00:00Z,1.15,m/s
East Jakarta Mayor Office,wind_speed,2024-08-23T17:00:00Z,1.16,m/s
East Jakarta Mayor Office,wind_speed,2024-08-24T17:00:00Z,1.23,m/s
East Jakarta Mayor Office,wind_speed,2024-08-25T17:00:00Z,1.12,m/s
East Jakarta Mayor Office,wind_speed,2024-08-26T17:00:00Z,1.18,m/s
East Jakarta Mayor Office,wind_speed,2024-08-27T17:00:00Z,1.2,m/s
East Jakarta Mayor Office,wind_speed,2024-08-28T17:00:00Z,1.23,m/s
East Jakarta Mayor Office,wind_speed,2024-08-29T17:00:00Z,1.21,m/s
East Jakarta Mayor Office,wind_speed,2024-09-02T17:00:00Z,1.5,m/s
East Jakarta Mayor Office,wind_speed,2024-09-03T17:00:00Z,0.744,m/s
East Jakarta Mayor Office,wind_speed,2024-09-08T17:00:00Z,1.75,m/s
East Jakarta Mayor Office,wind_speed,2024-09-09T17:00:00Z,1.38,m/s
East Jakarta Mayor Office,wind_speed,2024-09-10T17:00:00Z,1.37,m/s
East Jakarta Mayor Office,wind_speed,2024-09-11T17:00:00Z,1.34,m/s
East Jakarta Mayor Office,wind_speed,2024-09-12T17:00:00Z,1.26,m/s
East Jakarta Mayor Office,wind_speed,2024-09-13T17:00:00Z,1.07,m/s
East Jakarta Mayor Office,wind_speed,2024-09-14T17:00:00Z,1.15,m/s
East Jakarta Mayor Office,wind_speed,2024-09-15T17:00:00Z,1.14,m/s
East Jakarta Mayor Office,wind_speed,2024-09-16T17:00:00Z,1.11,m/s
East Jakarta Mayor Office,wind_speed,2024-09-17T17:00:00Z,1.43,m/s
East Jakarta Mayor Office,wind_speed,2024-09-18T17:00:00Z,1.15,m/s
East Jakarta Mayor Office,wind_speed,2024-09-19T17:00:00Z,1.18,m/s
East Jakarta Mayor Office,wind_speed,2024-09-20T17:00:00Z,1.11,m/s
East Jakarta Mayor Office,wind_speed,2024-09-21T17:00:00Z,1.13,m/s
East Jakarta Mayor Office,wind_speed,2024-09-22T17:00:00Z,1.43,m/s
East Jakarta Mayor Office,wind_speed,2024-09-23T17:00:00Z,1.21,m/s
East Jakarta Mayor Office,wind_speed,2024-09-24T17:00:00Z,1.55,m/s
East Jakarta Mayor Office,wind_speed,2024-09-25T17:00:00Z,1.43,m/s
East Jakarta Mayor Office,wind_speed,2024-09-26T17:00:00Z,1.27,m/s
East Jakarta Mayor Office,wind_speed,2024-09-27T17:00:00Z,1.14,m/s
East Jakarta Mayor Office,wind_speed,2024-09-28T17:00:00Z,1.19,m/s
East Jakarta Mayor Office,wind_speed,2024-09-29T17:00:00Z,1.5,m/s
East Jakarta Mayor Office,wind_speed,2024-09-30T17:00:00Z,1.52,m/s
East Jakarta Mayor Office,wind_speed,2024-10-01T17:00:00Z,1.35,m/s
East Jakarta Mayor Office,wind_speed,2024-10-02T17:00:00Z,1.26,m/s
East Jakarta Mayor Office,wind_speed,2024-10-03T17:00:00Z,1.55,m/s
East Jakarta Mayor Office,wind_speed,2024-10-04T17:00:00Z,1.47,m/s
East Jakarta Mayor Office,wind_speed,2024-10-05T17:00:00Z,1.2,m/s
East Jakarta Mayor Office,wind_speed,2024-10-06T17:00:00Z,1.43,m/s
East Jakarta Mayor Office,wind_speed,2024-10-07T17:00:00Z,1.49,m/s
East Jakarta Mayor Office,wind_speed,2024-10-08T17:00:00Z,1.51,m/s
East Jakarta Mayor Office,wind_speed,2024-10-09T17:00:00Z,1.42,m/s
East Jakarta Mayor Office,wind_speed,2024-10-10T17:00:00Z,1.4,m/s
East Jakarta Mayor Office,wind_speed,2024-10-11T17:00:00Z,1.12,m/s
East Jakarta Mayor Office,wind_speed,2024-10-12T17:00:00Z,1.28,m/s
East Jakarta Mayor Office,wind_speed,2024-10-13T17:00:00Z,1.34,m/s
East Jakarta Mayor Office,wind_speed,2024-10-14T17:00:00Z,1.3,m/s
East Jakarta Mayor Office,wind_speed,2024-10-15T17:00:00Z,1.35,m/s
East Jakarta Mayor Office,wind_speed,2024-10-16T17:00:00Z,1.42,m/s
East Jakarta Mayor Office,wind_speed,2024-10-17T17:00:00Z,1.27,m/s
East Jakarta Mayor Office,wind_speed,2024-10-18T17:00:00Z,1.08,m/s
East Jakarta Mayor Office,wind_speed,2024-10-19T17:00:00Z,1.82,m/s
East Jakarta Mayor Office,wind_speed,2024-10-20T17:00:00Z,1.25,m/s
East Jakarta Mayor Office,wind_speed,2024-10-21T17:00:00Z,1.38,m/s
East Jakarta Mayor Office,wind_speed,2024-10-22T17:00:00Z,1.32,m/s
East Jakarta Mayor Office,wind_speed,2024-10-23T17:00:00Z,1.4,m/s
East Jakarta Mayor Office,wind_speed,2024-10-29T17:00:00Z,1.15,m/s
East Jakarta Mayor Office,wind_speed,2024-10-30T17:00:00Z,1.4,m/s
East Jakarta Mayor Office,wind_speed,2024-10-31T17:00:00Z,1.54,m/s
East Jakarta Mayor Office,wind_speed,2024-11-01T17:00:00Z,1.3,m/s
East Jakarta Mayor Office,wind_speed,2024-11-02T17:00:00Z,1.15,m/s
East Jakarta Mayor Office,wind_speed,2024-11-03T17:00:00Z,1.17,m/s
East Jakarta Mayor Office,wind_speed,2024-11-04T17:00:00Z,1.43,m/s
East Jakarta Mayor Office,wind_speed,2024-11-05T17:00:00Z,1.46,m/s
East Jakarta Mayor Office,wind_speed,2024-11-06T17:00:00Z,1.23,m/s
East Jakarta Mayor Office,wind_speed,2024-11-07T17:00:00Z,1.14,m/s
East Jakarta Mayor Office,wind_speed,2024-11-08T17:00:00Z,1.18,m/s
East Jakarta Mayor Office,wind_speed,2024-11-09T17:00:00Z,1.21,m/s
East Jakarta Mayor Office,wind_speed,2024-11-10T17:00:00Z,3.63,m/s
East Jakarta Mayor Office,wind_speed,2024-11-11T17:00:00Z,1.09,m/s
East Jakarta Mayor Office,wind_speed,2024-11-12T17:00:00Z,1.11,m/s
East Jakarta Mayor Office,wind_speed,2024-11-13T17:00:00Z,1.22,m/s
East Jakarta Mayor Office,wind_speed,2024-11-14T17:00:00Z,1.52,m/s
East Jakarta Mayor Office,wind_speed,2024-11-15T17:00:00Z,0.825,m/s
East Jakarta Mayor Office,wind_speed,2024-11-16T17:00:00Z,1.11,m/s
East Jakarta Mayor Office,wind_speed,2024-11-17T17:00:00Z,1.35,m/s
East Jakarta Mayor Office,wind_speed,2024-11-18T17:00:00Z,1.34,m/s
East Jakarta Mayor Office,wind_speed,2024-11-19T17:00:00Z,1.2,m/s
East Jakarta Mayor Office,wind_speed,2024-11-20T17:00:00Z,1.15,m/s
East Jakarta Mayor Office,wind_speed,2024-11-21T17:00:00Z,1.48,m/s
East Jakarta Mayor Office,wind_speed,2024-11-22T17:00:00Z,1.58,m/s
East Jakarta Mayor Office,wind_speed,2024-11-23T17:00:00Z,1.42,m/s
East Jakarta Mayor Office,wind_speed,2024-11-24T17:00:00Z,1.23,m/s
East Jakarta Mayor Office,wind_speed,2024-11-25T17:00:00Z,1.26,m/s
East Jakarta Mayor Office,wind_speed,2024-11-26T17:00:00Z,1.38,m/s
East Jakarta Mayor Office,wind_speed,2024-11-27T17:00:00Z,1.78,m/s
East Jakarta Mayor Office,wind_speed,2024-11-28T17:00:00Z,2.36,m/s
East Jakarta Mayor Office,wind_speed,2024-11-29T17:00:00Z,1.98,m/s
East Jakarta Mayor Office,wind_speed,2024-11-30T17:00:00Z,2.33,m/s
East Jakarta Mayor Office,wind_speed,2024-12-01T17:00:00Z,2.67,m/s
East Jakarta Mayor Office,wind_speed,2024-12-02T17:00:00Z,3.18,m/s
East Jakarta Mayor Office,wind_speed,2024-12-03T17:00:00Z,2.85,m/s
East Jakarta Mayor Office,wind_speed,2024-12-04T17:00:00Z,2.13,m/s
East Jakarta Mayor Office,wind_speed,2024-12-05T17:00:00Z,1.32,m/s
East Jakarta Mayor Office,wind_speed,2024-12-06T17:00:00Z,0.796,m/s
East Jakarta Mayor Office,wind_speed,2024-12-07T17:00:00Z,0.9,m/s
East Jakarta Mayor Office,wind_speed,2024-12-08T17:00:00Z,2.43,m/s
East Jakarta Mayor Office,wind_speed,2024-12-09T17:00:00Z,2.86,m/s
East Jakarta Mayor Office,wind_speed,2024-12-10T17:00:00Z,2.41,m/s
East Jakarta Mayor Office,wind_speed,2024-12-11T17:00:00Z,3.21,m/s
East Jakarta Mayor Office,wind_speed,2024-12-12T17:00:00Z,2.03,m/s
East Jakarta Mayor Office,wind_speed,2024-12-13T17:00:00Z,2.59,m/s
East Jakarta Mayor Office,wind_speed,2024-12-14T17:00:00Z,1.7,m/s
East Jakarta Mayor Office,wind_speed,2024-12-15T17:00:00Z,1.97,m/s
East Jakarta Mayor Office,wind_speed,2024-12-16T17:00:00Z,2.01,m/s
East Jakarta Mayor Office,wind_speed,2024-12-17T17:00:00Z,2.81,m/s
East Jakarta Mayor Office,wind_speed,2024-12-18T17:00:00Z,2.4,m/s
East Jakarta Mayor Office,wind_speed,2024-12-19T17:00:00Z,1.93,m/s
East Jakarta Mayor Office,wind_speed,2024-12-20T17:00:00Z,1.35,m/s
East Jakarta Mayor Office,wind_speed,2024-12-21T17:00:00Z,1.01,m/s
East Jakarta Mayor Office,wind_speed,2024-12-22T17:00:00Z,4.1,m/s
East Jakarta Mayor Office,wind_speed,2024-12-23T17:00:00Z,1.91,m/s
East Jakarta Mayor Office,wind_speed,2024-12-24T17:00:00Z,1.1,m/s
East Jakarta Mayor Office,wind_speed,2024-12-25T17:00:00Z,2.13,m/s
East Jakarta Mayor Office,wind_speed,2024-12-26T17:00:00Z,1.36,m/s
East Jakarta Mayor Office,wind_speed,2024-12-27T17:00:00Z,1.77,m/s
East Jakarta Mayor Office,wind_speed,2024-12-28T17:00:00Z,1.53,m/s
East Jakarta Mayor Office,wind_speed,2024-12-29T17:00:00Z,3.01,m/s
East Jakarta Mayor Office,wind_speed,2024-12-30T17:00:00Z,2.04,m/s
East Jakarta Mayor Office,wind_speed,2024-12-31T17:00:00Z,1.97,m/s
East Jakarta Mayor Office,wind_speed,2025-01-01T17:00:00Z,1.55,m/s
East Jakarta Mayor Office,wind_speed,2025-01-02T17:00:00Z,1.33,m/s
East Jakarta Mayor Office,wind_speed,2025-01-03T17:00:00Z,2.12,m/s
East Jakarta Mayor Office,wind_speed,2025-01-04T17:00:00Z,1.65,m/s
East Jakarta Mayor Office,wind_speed,2025-01-05T17:00:00Z,1.41,m/s
East Jakarta Mayor Office,wind_speed,2025-01-06T17:00:00Z,1.69,m/s
East Jakarta Mayor Office,wind_speed,2025-01-07T17:00:00Z,1.44,m/s
East Jakarta Mayor Office,wind_speed,2025-01-08T17:00:00Z,2.76,m/s
East Jakarta Mayor Office,wind_speed,2025-01-09T17:00:00Z,1.31,m/s
East Jakarta Mayor Office,wind_speed,2025-01-10T17:00:00Z,1.43,m/s
East Jakarta Mayor Office,wind_speed,2025-01-11T17:00:00Z,2.12,m/s
East Jakarta Mayor Office,wind_speed,2025-01-12T17:00:00Z,2.21,m/s
East Jakarta Mayor Office,wind_speed,2025-01-13T17:00:00Z,1.91,m/s
East Jakarta Mayor Office,wind_speed,2025-01-14T17:00:00Z,1.58,m/s
East Jakarta Mayor Office,wind_speed,2025-01-15T17:00:00Z,1.85,m/s
East Jakarta Mayor Office,wind_speed,2025-01-16T17:00:00Z,1.95,m/s
East Jakarta Mayor Office,wind_speed,2025-01-17T17:00:00Z,2.22,m/s
East Jakarta Mayor Office,wind_speed,2025-01-18T17:00:00Z,1.64,m/s
East Jakarta Mayor Office,wind_speed,2025-01-19T17:00:00Z,1.9,m/s
East Jakarta Mayor Office,wind_speed,2025-01-20T17:00:00Z,3.9,m/s
East Jakarta Mayor Office,wind_speed,2025-01-21T17:00:00Z,1.49,m/s
East Jakarta Mayor Office,wind_speed,2025-01-22T17:00:00Z,1.18,m/s
East Jakarta Mayor Office,wind_speed,2025-01-23T17:00:00Z,1.33,m/s
East Jakarta Mayor Office,wind_speed,2025-01-24T17:00:00Z,1.13,m/s
East Jakarta Mayor Office,wind_speed,2025-01-25T17:00:00Z,2.13,m/s
East Jakarta Mayor Office,wind_speed,2025-01-26T17:00:00Z,1.85,m/s
East Jakarta Mayor Office,wind_speed,2025-01-27T17:00:00Z,1.7,m/s
East Jakarta Mayor Office,wind_speed,2025-01-28T17:00:00Z,1.95,m/s
East Jakarta Mayor Office,wind_speed,2025-01-29T17:00:00Z,1.78,m/s
East Jakarta Mayor Office,wind_speed,2025-01-30T17:00:00Z,1.37,m/s
East Jakarta Mayor Office,wind_speed,2025-01-31T17:00:00Z,1.17,m/s
East Jakarta Mayor Office,wind_speed,2025-02-01T17:00:00Z,1.17,m/s
East Jakarta Mayor Office,wind_speed,2025-02-02T17:00:00Z,1.13,m/s
East Jakarta Mayor Office,wind_speed,2025-02-03T17:00:00Z,1.6,m/s
East Jakarta Mayor Office,wind_speed,2025-02-04T17:00:00Z,1.58,m/s
East Jakarta Mayor Office,wind_speed,2025-02-05T17:00:00Z,1.55,m/s
East Jakarta Mayor Office,wind_speed,2025-02-06T17:00:00Z,1.27,m/s
East Jakarta Mayor Office,wind_speed,2025-02-07T17:00:00Z,1.23,m/s
East Jakarta Mayor Office,wind_speed,2025-02-08T17:00:00Z,1.33,m/s
East Jakarta Mayor Office,wind_speed,2025-02-09T17:00:00Z,1.23,m/s
East Jakarta Mayor Office,wind_speed,2025-02-10T17:00:00Z,0.983,m/s
East Jakarta Mayor Office,wind_speed,2025-02-11T17:00:00Z,1.2,m/s
East Jakarta Mayor Office,wind_speed,2025-02-12T17:00:00Z,1.4,m/s
East Jakarta Mayor Office,wind_speed,2025-02-13T17:00:00Z,1.62,m/s
East Jakarta Mayor Office,wind_speed,2025-02-14T17:00:00Z,1.48,m/s
East Jakarta Mayor Office,wind_speed,2025-02-15T17:00:00Z,1.22,m/s
East Jakarta Mayor Office,wind_speed,2025-02-16T17:00:00Z,1.37,m/s
East Jakarta Mayor Office,wind_speed,2025-02-17T17:00:00Z,0.933,m/s
East Jakarta Mayor Office,wind_speed,2025-02-18T17:00:00Z,1.22,m/s
East Jakarta Mayor Office,wind_speed,2025-02-19T17:00:00Z,1.08,m/s
East Jakarta Mayor Office,wind_speed,2025-02-20T17:00:00Z,1.45,m/s
East Jakarta Mayor Office,wind_speed,2025-02-21T17:00:00Z,1.19,m/s
East Jakarta Mayor Office,wind_speed,2025-02-22T17:00:00Z,0.996,m/s
East Jakarta Mayor Office,wind_speed,2025-02-23T17:00:00Z,1.02,m/s
East Jakarta Mayor Office,wind_speed,2025-02-24T17:00:00Z,1.11,m/s
East Jakarta Mayor Office,wind_speed,2025-02-25T17:00:00Z,0.738,m/s
East Jakarta Mayor Office,wind_speed,2025-02-26T17:00:00Z,1.07,m/s
East Jakarta Mayor Office,wind_speed,2025-02-27T17:00:00Z,2.91,m/s
East Jakarta Mayor Office,wind_speed,2025-02-28T17:00:00Z,1.35,m/s
East Jakarta Mayor Office,wind_speed,2025-03-01T17:00:00Z,1.26,m/s
East Jakarta Mayor Office,wind_speed,2025-03-02T17:00:00Z,1.85,m/s
East Jakarta Mayor Office,wind_speed,2025-03-03T17:00:00Z,1.38,m/s
East Jakarta Mayor Office,wind_speed,2025-03-04T17:00:00Z,1.29,m/s
East Jakarta Mayor Office,wind_speed,2025-03-05T17:00:00Z,1.42,m/s
East Jakarta Mayor Office,wind_speed,2025-03-06T17:00:00Z,1.93,m/s
East Jakarta Mayor Office,wind_speed,2025-03-07T17:00:00Z,1.12,m/s
East Jakarta Mayor Office,wind_speed,2025-03-08T17:00:00Z,0.958,m/s
East Jakarta Mayor Office,wind_speed,2025-03-09T17:00:00Z,1.03,m/s
East Jakarta Mayor Office,wind_speed,2025-03-10T17:00:00Z,1.26,m/s
East Jakarta Mayor Office,wind_speed,2025-03-11T17:00:00Z,1.2,m/s
East Jakarta Mayor Office,wind_speed,2025-03-12T17:00:00Z,1.01,m/s
East Jakarta Mayor Office,wind_speed,2025-03-13T17:00:00Z,1.89,m/s
East Jakarta Mayor Office,wind_speed,2025-03-14T17:00:00Z,2.36,m/s
East Jakarta Mayor Office,wind_speed,2025-03-15T17:00:00Z,2.47,m/s
East Jakarta Mayor Office,wind_speed,2025-03-16T17:00:00Z,1.36,m/s
East Jakarta Mayor Office,wind_speed,2025-03-17T17:00:00Z,1.4,m/s
East Jakarta Mayor Office,wind_speed,2025-03-18T17:00:00Z,1.75,m/s
East Jakarta Mayor Office,wind_speed,2025-03-19T17:00:00Z,1.65,m/s
East Jakarta Mayor Office,wind_speed,2025-03-20T17:00:00Z,1.45,m/s
East Jakarta Mayor Office,wind_speed,2025-03-21T17:00:00Z,1.25,m/s
East Jakarta Mayor Office,wind_speed,2025-03-22T17:00:00Z,1.42,m/s
East Jakarta Mayor Office,wind_speed,2025-03-23T17:00:00Z,1.53,m/s
East Jakarta Mayor Office,wind_speed,2025-03-24T17:00:00Z,1.14,m/s
East Jakarta Mayor Office,wind_speed,2025-03-25T17:00:00Z,0.921,m/s
East Jakarta Mayor Office,wind_speed,2025-03-26T17:00:00Z,0.896,m/s
East Jakarta Mayor Office,wind_speed,2025-03-27T17:00:00Z,1.8,m/s
East Jakarta Mayor Office,wind_speed,2025-03-28T17:00:00Z,2.6,m/s
East Jakarta Mayor Office,wind_speed,2025-03-29T17:00:00Z,1.94,m/s
East Jakarta Mayor Office,wind_speed,2025-03-30T17:00:00Z,1.48,m/s
East Jakarta Mayor Office,wind_speed,2025-03-31T17:00:00Z,1.06,m/s
East Jakarta Mayor Office,wind_speed,2025-04-01T17:00:00Z,1.0,m/s
East Jakarta Mayor Office,wind_speed,2025-04-02T17:00:00Z,0.867,m/s
East Jakarta Mayor Office,wind_speed,2025-04-03T17:00:00Z,2.93,m/s
East Jakarta Mayor Office,wind_speed,2025-04-04T17:00:00Z,0.796,m/s
East Jakarta Mayor Office,wind_speed,2025-04-05T17:00:00Z,0.954,m/s
East Jakarta Mayor Office,wind_speed,2025-04-06T17:00:00Z,1.03,m/s
East Jakarta Mayor Office,wind_speed,2025-04-07T17:00:00Z,1.28,m/s
East Jakarta Mayor Office,wind_speed,2025-04-08T17:00:00Z,1.19,m/s
East Jakarta Mayor Office,wind_speed,2025-04-09T17:00:00Z,1.15,m/s
East Jakarta Mayor Office,wind_speed,2025-04-10T17:00:00Z,0.846,m/s
East Jakarta Mayor Office,wind_speed,2025-04-11T17:00:00Z,0.833,m/s
East Jakarta Mayor Office,wind_speed,2025-04-12T17:00:00Z,1.31,m/s
East Jakarta Mayor Office,wind_speed,2025-04-13T17:00:00Z,2.11,m/s
East Jakarta Mayor Office,wind_speed,2025-04-14T17:00:00Z,1.01,m/s
East Jakarta Mayor Office,wind_speed,2025-04-15T17:00:00Z,1.17,m/s
East Jakarta Mayor Office,wind_speed,2025-04-16T17:00:00Z,2.79,m/s
East Jakarta Mayor Office,wind_speed,2025-04-17T17:00:00Z,1.1,m/s
East Jakarta Mayor Office,wind_speed,2025-04-18T17:00:00Z,1.12,m/s
East Jakarta Mayor Office,wind_speed,2025-04-19T17:00:00Z,1.5,m/s
East Jakarta Mayor Office,wind_speed,2025-04-20T17:00:00Z,1.42,m/s
East Jakarta Mayor Office,wind_speed,2025-04-21T17:00:00Z,1.23,m/s
East Jakarta Mayor Office,wind_speed,2025-04-22T17:00:00Z,2.09,m/s
East Jakarta Mayor Office,wind_speed,2025-04-23T17:00:00Z,1.36,m/s
East Jakarta Mayor Office,wind_speed,2025-04-24T17:00:00Z,1.26,m/s
East Jakarta Mayor Office,wind_speed,2025-04-25T17:00:00Z,0.917,m/s
East Jakarta Mayor Office,wind_speed,2025-04-26T17:00:00Z,1.02,m/s
East Jakarta Mayor Office,wind_speed,2025-04-27T17:00:00Z,1.17,m/s
East Jakarta Mayor Office,wind_speed,2025-04-28T17:00:00Z,1.13,m/s
East Jakarta Mayor Office,wind_speed,2025-04-29T17:00:00Z,1.28,m/s
East Jakarta Mayor Office,wind_speed,2025-04-30T17:00:00Z,1.04,m/s
East Jakarta Mayor Office,wind_speed,2025-05-01T17:00:00Z,2.09,m/s
East Jakarta Mayor Office,wind_speed,2025-05-02T17:00:00Z,1.11,m/s
East Jakarta Mayor Office,wind_speed,2025-05-03T17:00:00Z,0.929,m/s
East Jakarta Mayor Office,wind_speed,2025-05-04T17:00:00Z,1.34,m/s
East Jakarta Mayor Office,wind_speed,2025-05-05T17:00:00Z,2.1,m/s
East Jakarta Mayor Office,wind_speed,2025-05-06T17:00:00Z,1.08,m/s
East Jakarta Mayor Office,wind_speed,2025-05-07T17:00:00Z,1.37,m/s
East Jakarta Mayor Office,wind_speed,2025-05-08T17:00:00Z,1.7,m/s
East Jakarta Mayor Office,wind_speed,2025-05-09T17:00:00Z,0.9,m/s
East Jakarta Mayor Office,wind_speed,2025-05-10T17:00:00Z,1.02,m/s
East Jakarta Mayor Office,wind_speed,2025-05-11T17:00:00Z,1.42,m/s
East Jakarta Mayor Office,wind_speed,2025-05-12T17:00:00Z,1.33,m/s
East Jakarta Mayor Office,wind_speed,2025-05-13T17:00:00Z,1.18,m/s
East Jakarta Mayor Office,wind_speed,2025-05-14T17:00:00Z,1.3,m/s
East Jakarta Mayor Office,wind_speed,2025-05-15T17:00:00Z,2.05,m/s
East Jakarta Mayor Office,wind_speed,2025-05-16T17:00:00Z,0.758,m/s
East Jakarta Mayor Office,wind_speed,2025-05-17T17:00:00Z,0.925,m/s
East Jakarta Mayor Office,wind_speed,2025-05-18T17:00:00Z,0.788,m/s
East Jakarta Mayor Office,wind_speed,2025-05-19T17:00:00Z,1.0,m/s
East Jakarta Mayor Office,wind_speed,2025-05-20T17:00:00Z,0.792,m/s
East Jakarta Mayor Office,wind_speed,2025-05-21T17:00:00Z,1.13,m/s
East Jakarta Mayor Office,wind_speed,2025-05-22T17:00:00Z,3.69,m/s
East Jakarta Mayor Office,wind_speed,2025-05-23T17:00:00Z,1.08,m/s
East Jakarta Mayor Office,wind_speed,2025-05-24T17:00:00Z,0.575,m/s
East Jakarta Mayor Office,wind_speed,2025-05-25T17:00:00Z,1.26,m/s
East Jakarta Mayor Office,wind_speed,2025-05-26T17:00:00Z,1.97,m/s
East Jakarta Mayor Office,wind_speed,2025-05-27T17:00:00Z,1.06,m/s
East Jakarta Mayor Office,wind_speed,2025-05-28T17:00:00Z,1.98,m/s
East Jakarta Mayor Office,wind_speed,2025-05-29T17:00:00Z,3.07,m/s
East Jakarta Mayor Office,wind_speed,2025-05-30T17:00:00Z,1.9,m/s
East Jakarta Mayor Office,wind_speed,2025-05-31T17:00:00Z,0.75,m/s
East Jakarta Mayor Office,wind_speed,2025-06-01T17:00:00Z,1.16,m/s
East Jakarta Mayor Office,wind_speed,2025-06-02T17:00:00Z,0.925,m/s
East Jakarta Mayor Office,wind_speed,2025-06-03T17:00:00Z,0.933,m/s
East Jakarta Mayor Office,wind_speed,2025-06-04T17:00:00Z,1.06,m/s
East Jakarta Mayor Office,wind_speed,2025-06-05T17:00:00Z,0.967,m/s
East Jakarta Mayor Office,wind_speed,2025-06-06T17:00:00Z,0.921,m/s
East Jakarta Mayor Office,wind_speed,2025-06-07T17:00:00Z,1.05,m/s
East Jakarta Mayor Office,wind_speed,2025-06-08T17:00:00Z,0.883,m/s
East Jakarta Mayor Office,wind_speed,2025-06-09T17:00:00Z,0.958,m/s
East Jakarta Mayor Office,wind_speed,2025-06-10T17:00:00Z,1.12,m/s
East Jakarta Mayor Office,wind_speed,2025-06-11T17:00:00Z,1.11,m/s
East Jakarta Mayor Office,wind_speed,2025-06-12T17:00:00Z,1.23,m/s
East Jakarta Mayor Office,wind_speed,2025-06-13T17:00:00Z,1.28,m/s
East Jakarta Mayor Office,wind_speed,2025-06-14T17:00:00Z,1.09,m/s
East Jakarta Mayor Office,wind_speed,2025-06-15T17:00:00Z,1.39,m/s
East Jakarta Mayor Office,wind_speed,2025-06-16T17:00:00Z,1.31,m/s
East Jakarta Mayor Office,wind_speed,2025-06-17T17:00:00Z,1.18,m/s
East Jakarta Mayor Office,wind_speed,2025-06-18T17:00:00Z,0.871,m/s
East Jakarta Mayor Office,wind_speed,2025-06-19T17:00:00Z,1.48,m/s
East Jakarta Mayor Office,wind_speed,2025-06-20T17:00:00Z,0.883,m/s
East Jakarta Mayor Office,wind_speed,2025-06-21T17:00:00Z,1.21,m/s
East Jakarta Mayor Office,wind_speed,2025-06-22T17:00:00Z,1.4,m/s
East Jakarta Mayor Office,wind_speed,2025-06-23T17:00:00Z,1.0,m/s
East Jakarta Mayor Office,wind_speed,2025-06-24T17:00:00Z,1.17,m/s
East Jakarta Mayor Office,wind_speed,2025-06-25T17:00:00Z,1.23,m/s
East Jakarta Mayor Office,wind_speed,2025-06-26T17:00:00Z,1.02,m/s
East Jakarta Mayor Office,wind_speed,2025-06-27T17:00:00Z,3.73,m/s
East Jakarta Mayor Office,wind_speed,2025-06-28T17:00:00Z,1.13,m/s
East Jakarta Mayor Office,wind_speed,2025-06-29T17:00:00Z,1.72,m/s
North Jakarta,bc_370,2023-09-29T17:00:00Z,6.95,ng/m³
North Jakarta,bc_370,2023-09-30T17:00:00Z,6.15,ng/m³
North Jakarta,bc_370,2023-10-01T17:00:00Z,6.2,ng/m³
North Jakarta,bc_370,2023-10-02T17:00:00Z,3.7,ng/m³
North Jakarta,bc_370,2023-10-03T17:00:00Z,5.46,ng/m³
North Jakarta,bc_370,2023-10-04T17:00:00Z,4.04,ng/m³
North Jakarta,bc_370,2023-10-05T17:00:00Z,5.21,ng/m³
North Jakarta,bc_370,2023-10-06T17:00:00Z,7.23,ng/m³
North Jakarta,bc_370,2023-10-07T17:00:00Z,4.41,ng/m³
North Jakarta,bc_370,2023-10-08T17:00:00Z,3.76,ng/m³
North Jakarta,bc_370,2023-10-09T17:00:00Z,3.69,ng/m³
North Jakarta,bc_370,2023-10-10T17:00:00Z,4.0,ng/m³
North Jakarta,bc_370,2023-10-11T17:00:00Z,5.32,ng/m³
North Jakarta,bc_370,2023-10-12T17:00:00Z,6.8,ng/m³
North Jakarta,bc_370,2023-10-16T17:00:00Z,2.75,ng/m³
North Jakarta,bc_370,2023-10-17T17:00:00Z,4.88,ng/m³
North Jakarta,bc_370,2023-10-18T17:00:00Z,4.39,ng/m³
North Jakarta,bc_370,2023-10-19T17:00:00Z,4.93,ng/m³
North Jakarta,bc_370,2023-10-20T17:00:00Z,4.45,ng/m³
North Jakarta,bc_370,2023-10-21T17:00:00Z,4.23,ng/m³
North Jakarta,bc_370,2023-10-22T17:00:00Z,5.2,ng/m³
North Jakarta,bc_370,2023-10-23T17:00:00Z,4.88,ng/m³
North Jakarta,bc_370,2023-10-24T17:00:00Z,5.33,ng/m³
North Jakarta,bc_370,2023-10-25T17:00:00Z,6.29,ng/m³
North Jakarta,bc_370,2023-10-26T17:00:00Z,6.16,ng/m³
North Jakarta,bc_370,2023-10-27T17:00:00Z,5.5,ng/m³
North Jakarta,bc_370,2023-10-28T17:00:00Z,5.02,ng/m³
North Jakarta,bc_370,2023-10-29T17:00:00Z,4.09,ng/m³
North Jakarta,bc_370,2023-10-30T17:00:00Z,5.85,ng/m³
North Jakarta,bc_370,2023-10-31T17:00:00Z,4.99,ng/m³
North Jakarta,bc_370,2023-11-01T17:00:00Z,5.39,ng/m³
North Jakarta,bc_370,2023-11-02T17:00:00Z,6.27,ng/m³
North Jakarta,bc_370,2023-11-03T17:00:00Z,10.5,ng/m³
North Jakarta,bc_370,2023-11-15T17:00:00Z,4.15,ng/m³
North Jakarta,bc_370,2023-11-16T17:00:00Z,3.7,ng/m³
North Jakarta,bc_370,2023-11-17T17:00:00Z,4.46,ng/m³
North Jakarta,bc_370,2023-11-18T17:00:00Z,2.88,ng/m³
North Jakarta,bc_370,2023-11-19T17:00:00Z,2.8,ng/m³
North Jakarta,bc_370,2023-11-20T17:00:00Z,3.82,ng/m³
North Jakarta,bc_370,2023-11-21T17:00:00Z,3.03,ng/m³
North Jakarta,bc_370,2023-11-22T17:00:00Z,4.7,ng/m³
North Jakarta,bc_370,2023-11-23T17:00:00Z,5.82,ng/m³
North Jakarta,bc_370,2023-11-24T17:00:00Z,4.07,ng/m³
North Jakarta,bc_370,2023-11-25T17:00:00Z,4.12,ng/m³
North Jakarta,bc_370,2023-11-26T17:00:00Z,3.29,ng/m³
North Jakarta,bc_370,2023-11-27T17:00:00Z,4.33,ng/m³
North Jakarta,bc_370,2023-11-28T17:00:00Z,2.96,ng/m³
North Jakarta,bc_370,2023-11-29T17:00:00Z,3.59,ng/m³
North Jakarta,bc_370,2023-11-30T17:00:00Z,4.85,ng/m³
North Jakarta,bc_370,2023-12-01T17:00:00Z,5.45,ng/m³
North Jakarta,bc_370,2023-12-02T17:00:00Z,2.43,ng/m³
North Jakarta,bc_370,2023-12-03T17:00:00Z,5.12,ng/m³
North Jakarta,bc_370,2023-12-04T17:00:00Z,4.99,ng/m³
North Jakarta,bc_370,2023-12-05T17:00:00Z,4.46,ng/m³
North Jakarta,bc_370,2023-12-06T17:00:00Z,4.99,ng/m³
North Jakarta,bc_370,2023-12-07T17:00:00Z,6.13,ng/m³
North Jakarta,bc_370,2023-12-08T17:00:00Z,3.56,ng/m³
North Jakarta,bc_370,2023-12-09T17:00:00Z,4.18,ng/m³
North Jakarta,bc_370,2023-12-10T17:00:00Z,4.61,ng/m³
North Jakarta,bc_370,2023-12-11T17:00:00Z,3.44,ng/m³
North Jakarta,bc_370,2023-12-12T17:00:00Z,3.66,ng/m³
North Jakarta,bc_370,2023-12-13T17:00:00Z,4.1,ng/m³
North Jakarta,bc_370,2023-12-14T17:00:00Z,3.79,ng/m³
North Jakarta,bc_370,2023-12-15T17:00:00Z,3.03,ng/m³
North Jakarta,bc_370,2023-12-16T17:00:00Z,2.9,ng/m³
North Jakarta,bc_370,2023-12-17T17:00:00Z,3.64,ng/m³
North Jakarta,bc_370,2023-12-18T17:00:00Z,2.72,ng/m³
North Jakarta,bc_370,2023-12-19T17:00:00Z,3.24,ng/m³
North Jakarta,bc_370,2023-12-20T17:00:00Z,3.24,ng/m³
North Jakarta,bc_370,2023-12-21T17:00:00Z,3.52,ng/m³
North Jakarta,bc_370,2023-12-22T17:00:00Z,6.06,ng/m³
North Jakarta,bc_370,2023-12-23T17:00:00Z,3.83,ng/m³
North Jakarta,bc_370,2023-12-24T17:00:00Z,2.18,ng/m³
North Jakarta,bc_370,2023-12-25T17:00:00Z,3.76,ng/m³
North Jakarta,bc_370,2023-12-26T17:00:00Z,4.4,ng/m³
North Jakarta,bc_370,2023-12-27T17:00:00Z,4.02,ng/m³
North Jakarta,bc_370,2023-12-28T17:00:00Z,4.78,ng/m³
North Jakarta,bc_370,2023-12-29T17:00:00Z,4.72,ng/m³
North Jakarta,bc_370,2023-12-30T17:00:00Z,3.74,ng/m³
North Jakarta,bc_370,2024-01-01T17:00:00Z,1.52,ng/m³
North Jakarta,bc_370,2024-01-02T17:00:00Z,3.32,ng/m³
North Jakarta,bc_370,2024-01-03T17:00:00Z,2.45,ng/m³
North Jakarta,bc_370,2024-01-04T17:00:00Z,3.18,ng/m³
North Jakarta,bc_370,2024-01-05T17:00:00Z,4.47,ng/m³
North Jakarta,bc_370,2024-01-06T17:00:00Z,3.75,ng/m³
North Jakarta,bc_370,2024-01-07T17:00:00Z,3.34,ng/m³
North Jakarta,bc_370,2024-01-08T17:00:00Z,4.0,ng/m³
North Jakarta,bc_370,2024-01-09T17:00:00Z,4.18,ng/m³
North Jakarta,bc_370,2024-01-10T17:00:00Z,2.52,ng/m³
North Jakarta,bc_370,2024-01-11T17:00:00Z,2.86,ng/m³
North Jakarta,bc_370,2024-01-12T17:00:00Z,2.55,ng/m³
North Jakarta,bc_370,2024-01-13T17:00:00Z,2.98,ng/m³
North Jakarta,bc_370,2024-01-14T17:00:00Z,2.33,ng/m³
North Jakarta,bc_370,2024-01-15T17:00:00Z,1.79,ng/m³
North Jakarta,bc_370,2024-01-16T17:00:00Z,3.85,ng/m³
North Jakarta,bc_370,2024-01-17T17:00:00Z,2.23,ng/m³
North Jakarta,bc_370,2024-01-18T17:00:00Z,1.93,ng/m³
North Jakarta,bc_370,2024-01-19T17:00:00Z,1.58,ng/m³
North Jakarta,bc_370,2024-01-20T17:00:00Z,1.41,ng/m³
North Jakarta,bc_370,2024-01-21T17:00:00Z,1.32,ng/m³
North Jakarta,bc_370,2024-01-22T17:00:00Z,1.7,ng/m³
North Jakarta,bc_370,2024-01-23T17:00:00Z,2.21,ng/m³
North Jakarta,bc_370,2024-01-24T17:00:00Z,3.04,ng/m³
North Jakarta,bc_370,2024-01-25T17:00:00Z,3.59,ng/m³
North Jakarta,bc_370,2024-01-26T17:00:00Z,2.39,ng/m³
North Jakarta,bc_370,2024-01-27T17:00:00Z,2.57,ng/m³
North Jakarta,bc_370,2024-01-28T17:00:00Z,3.87,ng/m³
North Jakarta,bc_370,2024-01-29T17:00:00Z,4.76,ng/m³
North Jakarta,bc_370,2024-01-30T17:00:00Z,2.73,ng/m³
North Jakarta,bc_370,2024-01-31T17:00:00Z,4.35,ng/m³
North Jakarta,bc_370,2024-02-01T17:00:00Z,3.87,ng/m³
North Jakarta,bc_370,2024-02-02T17:00:00Z,2.82,ng/m³
North Jakarta,bc_370,2024-02-03T17:00:00Z,1.93,ng/m³
North Jakarta,bc_370,2024-02-04T17:00:00Z,4.14,ng/m³
North Jakarta,bc_370,2024-02-05T17:00:00Z,3.88,ng/m³
North Jakarta,bc_370,2024-02-06T17:00:00Z,4.68,ng/m³
North Jakarta,bc_370,2024-02-07T17:00:00Z,4.19,ng/m³
North Jakarta,bc_370,2024-02-08T17:00:00Z,3.47,ng/m³
North Jakarta,bc_370,2024-02-09T17:00:00Z,1.95,ng/m³
North Jakarta,bc_370,2024-02-10T17:00:00Z,1.86,ng/m³
North Jakarta,bc_370,2024-02-11T17:00:00Z,2.27,ng/m³
North Jakarta,bc_370,2024-02-12T17:00:00Z,1.76,ng/m³
North Jakarta,bc_370,2024-02-13T17:00:00Z,1.67,ng/m³
North Jakarta,bc_370,2024-02-14T17:00:00Z,6.07,ng/m³
North Jakarta,bc_370,2024-02-15T17:00:00Z,5.14,ng/m³
North Jakarta,bc_370,2024-02-16T17:00:00Z,2.78,ng/m³
North Jakarta,bc_370,2024-02-17T17:00:00Z,3.26,ng/m³
North Jakarta,bc_370,2024-02-18T17:00:00Z,9.11,ng/m³
North Jakarta,bc_370,2024-02-19T17:00:00Z,3.22,ng/m³
North Jakarta,bc_370,2024-02-20T17:00:00Z,6.18,ng/m³
North Jakarta,bc_370,2024-02-21T17:00:00Z,3.13,ng/m³
North Jakarta,bc_370,2024-02-22T17:00:00Z,2.83,ng/m³
North Jakarta,bc_370,2024-02-23T17:00:00Z,2.15,ng/m³
North Jakarta,bc_370,2024-02-24T17:00:00Z,1.28,ng/m³
North Jakarta,bc_370,2024-02-25T17:00:00Z,1.95,ng/m³
North Jakarta,bc_370,2024-02-26T17:00:00Z,6.52,ng/m³
North Jakarta,bc_370,2024-02-27T17:00:00Z,2.88,ng/m³
North Jakarta,bc_370,2024-02-28T17:00:00Z,3.63,ng/m³
North Jakarta,bc_370,2024-02-29T17:00:00Z,4.46,ng/m³
North Jakarta,bc_370,2024-03-01T17:00:00Z,2.93,ng/m³
North Jakarta,bc_370,2024-03-02T17:00:00Z,2.53,ng/m³
North Jakarta,bc_370,2024-03-03T17:00:00Z,2.98,ng/m³
North Jakarta,bc_370,2024-03-04T17:00:00Z,1.9,ng/m³
North Jakarta,bc_370,2024-03-05T17:00:00Z,1.93,ng/m³
North Jakarta,bc_370,2024-03-06T17:00:00Z,1.44,ng/m³
North Jakarta,bc_370,2024-03-07T17:00:00Z,1.5,ng/m³
North Jakarta,bc_370,2024-03-08T17:00:00Z,5.39,ng/m³
North Jakarta,bc_370,2024-03-09T17:00:00Z,5.95,ng/m³
North Jakarta,bc_370,2024-03-10T17:00:00Z,2.74,ng/m³
North Jakarta,bc_370,2024-03-11T17:00:00Z,2.16,ng/m³
North Jakarta,bc_370,2024-03-12T17:00:00Z,1.9,ng/m³
North Jakarta,bc_370,2024-03-13T17:00:00Z,2.4,ng/m³
North Jakarta,bc_370,2024-03-14T17:00:00Z,2.11,ng/m³
North Jakarta,bc_370,2024-03-15T17:00:00Z,1.68,ng/m³
North Jakarta,bc_370,2024-03-16T17:00:00Z,1.69,ng/m³
North Jakarta,bc_370,2024-03-17T17:00:00Z,1.53,ng/m³
North Jakarta,bc_370,2024-03-18T17:00:00Z,1.88,ng/m³
North Jakarta,bc_370,2024-03-19T17:00:00Z,1.71,ng/m³
North Jakarta,bc_370,2024-03-20T17:00:00Z,1.81,ng/m³
North Jakarta,bc_370,2024-03-21T17:00:00Z,4.64,ng/m³
North Jakarta,bc_370,2024-03-22T17:00:00Z,8.79,ng/m³
North Jakarta,bc_370,2024-03-23T17:00:00Z,2.65,ng/m³
North Jakarta,bc_370,2024-03-24T17:00:00Z,3.48,ng/m³
North Jakarta,bc_370,2024-03-25T17:00:00Z,4.61,ng/m³
North Jakarta,bc_370,2024-03-26T17:00:00Z,4.38,ng/m³
North Jakarta,bc_370,2024-03-27T17:00:00Z,6.3,ng/m³
North Jakarta,bc_370,2024-03-28T17:00:00Z,4.34,ng/m³
North Jakarta,bc_370,2024-03-29T17:00:00Z,4.94,ng/m³
North Jakarta,bc_370,2024-03-30T17:00:00Z,4.72,ng/m³
North Jakarta,bc_370,2024-03-31T17:00:00Z,5.66,ng/m³
North Jakarta,bc_370,2024-04-01T17:00:00Z,6.97,ng/m³
North Jakarta,bc_370,2024-04-02T17:00:00Z,5.18,ng/m³
North Jakarta,bc_370,2024-04-03T17:00:00Z,5.88,ng/m³
North Jakarta,bc_370,2024-04-04T17:00:00Z,7.39,ng/m³
North Jakarta,bc_370,2024-04-05T17:00:00Z,4.03,ng/m³
North Jakarta,bc_370,2024-04-06T17:00:00Z,2.97,ng/m³
North Jakarta,bc_370,2024-04-07T17:00:00Z,3.23,ng/m³
North Jakarta,bc_370,2024-04-08T17:00:00Z,4.11,ng/m³
North Jakarta,bc_370,2024-04-09T17:00:00Z,4.01,ng/m³
North Jakarta,bc_370,2024-04-10T17:00:00Z,1.65,ng/m³
North Jakarta,bc_370,2024-04-11T17:00:00Z,1.62,ng/m³
North Jakarta,bc_370,2024-04-12T17:00:00Z,2.55,ng/m³
North Jakarta,bc_370,2024-04-13T17:00:00Z,1.79,ng/m³
North Jakarta,bc_370,2024-04-14T17:00:00Z,1.74,ng/m³
North Jakarta,bc_370,2024-04-15T17:00:00Z,2.48,ng/m³
North Jakarta,bc_370,2024-04-16T17:00:00Z,3.03,ng/m³
North Jakarta,bc_370,2024-04-17T17:00:00Z,3.05,ng/m³
North Jakarta,bc_370,2024-04-18T17:00:00Z,4.01,ng/m³
North Jakarta,bc_370,2024-04-19T17:00:00Z,4.5,ng/m³
North Jakarta,bc_370,2024-04-20T17:00:00Z,2.51,ng/m³
North Jakarta,bc_370,2024-04-21T17:00:00Z,3.52,ng/m³
North Jakarta,bc_370,2024-04-22T17:00:00Z,3.73,ng/m³
North Jakarta,bc_370,2024-04-23T17:00:00Z,5.95,ng/m³
North Jakarta,bc_370,2024-04-24T17:00:00Z,2.29,ng/m³
North Jakarta,bc_370,2024-04-25T17:00:00Z,3.58,ng/m³
North Jakarta,bc_370,2024-04-26T17:00:00Z,4.01,ng/m³
North Jakarta,bc_370,2024-04-27T17:00:00Z,3.4,ng/m³
North Jakarta,bc_370,2024-04-28T17:00:00Z,2.82,ng/m³
North Jakarta,bc_370,2024-04-29T17:00:00Z,3.32,ng/m³
North Jakarta,bc_370,2024-04-30T17:00:00Z,3.37,ng/m³
North Jakarta,bc_370,2024-05-01T17:00:00Z,3.71,ng/m³
North Jakarta,bc_370,2024-05-02T17:00:00Z,4.39,ng/m³
North Jakarta,bc_370,2024-05-03T17:00:00Z,4.93,ng/m³
North Jakarta,bc_370,2024-05-04T17:00:00Z,5.14,ng/m³
North Jakarta,bc_370,2024-05-05T17:00:00Z,5.93,ng/m³
North Jakarta,bc_370,2024-05-06T17:00:00Z,5.28,ng/m³
North Jakarta,bc_370,2024-05-07T17:00:00Z,5.26,ng/m³
North Jakarta,bc_370,2024-05-08T17:00:00Z,5.64,ng/m³
North Jakarta,bc_370,2024-05-09T17:00:00Z,4.07,ng/m³
North Jakarta,bc_370,2024-05-10T17:00:00Z,3.85,ng/m³
North Jakarta,bc_370,2024-05-11T17:00:00Z,4.63,ng/m³
North Jakarta,bc_370,2024-05-12T17:00:00Z,4.2,ng/m³
North Jakarta,bc_370,2024-05-13T17:00:00Z,5.03,ng/m³
North Jakarta,bc_370,2024-05-14T17:00:00Z,5.05,ng/m³
North Jakarta,bc_370,2024-05-15T17:00:00Z,5.23,ng/m³
North Jakarta,bc_370,2024-05-16T17:00:00Z,5.2,ng/m³
North Jakarta,bc_370,2024-05-17T17:00:00Z,5.96,ng/m³
North Jakarta,bc_370,2024-05-18T17:00:00Z,4.57,ng/m³
North Jakarta,bc_370,2024-05-19T17:00:00Z,5.79,ng/m³
North Jakarta,bc_370,2024-05-20T17:00:00Z,6.33,ng/m³
North Jakarta,bc_370,2024-05-21T17:00:00Z,5.15,ng/m³
North Jakarta,bc_370,2024-05-22T17:00:00Z,4.78,ng/m³
North Jakarta,bc_370,2024-05-23T17:00:00Z,2.98,ng/m³
North Jakarta,bc_370,2024-05-24T17:00:00Z,3.4,ng/m³
North Jakarta,bc_370,2024-05-25T17:00:00Z,5.51,ng/m³
North Jakarta,bc_370,2024-05-26T17:00:00Z,5.85,ng/m³
North Jakarta,bc_370,2024-05-27T17:00:00Z,5.54,ng/m³
North Jakarta,bc_370,2024-05-28T17:00:00Z,4.35,ng/m³
North Jakarta,bc_370,2024-05-29T17:00:00Z,5.41,ng/m³
North Jakarta,bc_370,2024-05-30T17:00:00Z,5.42,ng/m³
North Jakarta,bc_370,2024-05-31T17:00:00Z,5.6,ng/m³
North Jakarta,bc_370,2024-06-01T17:00:00Z,3.88,ng/m³
North Jakarta,bc_370,2024-06-02T17:00:00Z,2.63,ng/m³
North Jakarta,bc_370,2024-06-03T17:00:00Z,5.85,ng/m³
North Jakarta,bc_370,2024-06-04T17:00:00Z,5.86,ng/m³
North Jakarta,bc_370,2024-06-05T17:00:00Z,4.22,ng/m³
North Jakarta,bc_370,2024-06-06T17:00:00Z,4.43,ng/m³
North Jakarta,bc_370,2024-06-07T17:00:00Z,5.63,ng/m³
North Jakarta,bc_370,2024-06-08T17:00:00Z,3.85,ng/m³
North Jakarta,bc_370,2024-06-09T17:00:00Z,4.78,ng/m³
North Jakarta,bc_370,2024-06-10T17:00:00Z,5.31,ng/m³
North Jakarta,bc_370,2024-06-11T17:00:00Z,4.52,ng/m³
North Jakarta,bc_370,2024-06-12T17:00:00Z,5.25,ng/m³
North Jakarta,bc_370,2024-06-13T17:00:00Z,4.75,ng/m³
North Jakarta,bc_370,2024-06-14T17:00:00Z,5.67,ng/m³
North Jakarta,bc_370,2024-06-15T17:00:00Z,2.58,ng/m³
North Jakarta,bc_370,2024-06-16T17:00:00Z,4.29,ng/m³
North Jakarta,bc_370,2024-06-17T17:00:00Z,6.67,ng/m³
North Jakarta,bc_370,2024-06-18T17:00:00Z,5.95,ng/m³
North Jakarta,bc_370,2024-06-19T17:00:00Z,5.9,ng/m³
North Jakarta,bc_370,2024-06-20T17:00:00Z,5.79,ng/m³
North Jakarta,bc_370,2024-06-21T17:00:00Z,6.91,ng/m³
North Jakarta,bc_370,2024-06-22T17:00:00Z,6.29,ng/m³
North Jakarta,bc_370,2024-06-23T17:00:00Z,5.66,ng/m³
North Jakarta,bc_370,2024-06-24T17:00:00Z,5.7,ng/m³
North Jakarta,bc_370,2024-06-25T17:00:00Z,8.1,ng/m³
North Jakarta,bc_370,2024-06-26T17:00:00Z,4.82,ng/m³
North Jakarta,bc_370,2024-06-27T17:00:00Z,4.97,ng/m³
North Jakarta,bc_370,2024-06-28T17:00:00Z,5.83,ng/m³
North Jakarta,bc_370,2024-06-29T17:00:00Z,2.82,ng/m³
North Jakarta,bc_370,2024-06-30T17:00:00Z,5.1,ng/m³
North Jakarta,bc_370,2024-07-01T17:00:00Z,5.08,ng/m³
North Jakarta,bc_370,2024-07-02T17:00:00Z,6.45,ng/m³
North Jakarta,bc_370,2024-07-03T17:00:00Z,4.65,ng/m³
North Jakarta,bc_370,2024-07-04T17:00:00Z,3.66,ng/m³
North Jakarta,bc_370,2024-07-05T17:00:00Z,3.34,ng/m³
North Jakarta,bc_370,2024-07-06T17:00:00Z,2.6,ng/m³
North Jakarta,bc_370,2024-07-07T17:00:00Z,1.79,ng/m³
North Jakarta,bc_370,2024-07-08T17:00:00Z,3.41,ng/m³
North Jakarta,bc_370,2024-07-09T17:00:00Z,5.93,ng/m³
North Jakarta,bc_370,2024-07-10T17:00:00Z,4.9,ng/m³
North Jakarta,bc_370,2024-07-11T17:00:00Z,5.61,ng/m³
North Jakarta,bc_370,2024-07-12T17:00:00Z,6.51,ng/m³
North Jakarta,bc_370,2024-07-13T17:00:00Z,5.24,ng/m³
North Jakarta,bc_370,2024-07-14T17:00:00Z,5.68,ng/m³
North Jakarta,bc_370,2024-07-15T17:00:00Z,5.39,ng/m³
North Jakarta,bc_370,2024-07-16T17:00:00Z,5.38,ng/m³
North Jakarta,bc_370,2024-07-17T17:00:00Z,4.24,ng/m³
North Jakarta,bc_370,2024-07-18T17:00:00Z,4.73,ng/m³
North Jakarta,bc_370,2024-07-19T17:00:00Z,4.8,ng/m³
North Jakarta,bc_370,2024-07-20T17:00:00Z,4.24,ng/m³
North Jakarta,bc_370,2024-07-21T17:00:00Z,4.09,ng/m³
North Jakarta,bc_370,2024-07-22T17:00:00Z,3.84,ng/m³
North Jakarta,bc_370,2024-07-23T17:00:00Z,5.5,ng/m³
North Jakarta,bc_370,2024-07-24T17:00:00Z,4.01,ng/m³
North Jakarta,bc_370,2024-07-25T17:00:00Z,5.5,ng/m³
North Jakarta,bc_370,2024-07-26T17:00:00Z,5.46,ng/m³
North Jakarta,bc_370,2024-07-27T17:00:00Z,5.12,ng/m³
North Jakarta,bc_370,2024-07-28T17:00:00Z,4.98,ng/m³
North Jakarta,bc_370,2024-07-29T17:00:00Z,6.31,ng/m³
North Jakarta,bc_370,2024-07-30T17:00:00Z,5.56,ng/m³
North Jakarta,bc_370,2024-07-31T17:00:00Z,5.03,ng/m³
North Jakarta,bc_370,2024-08-01T17:00:00Z,3.04,ng/m³
North Jakarta,bc_370,2024-08-02T17:00:00Z,3.77,ng/m³
North Jakarta,bc_370,2024-08-03T17:00:00Z,4.19,ng/m³
North Jakarta,bc_370,2024-08-04T17:00:00Z,3.4,ng/m³
North Jakarta,bc_370,2024-08-05T17:00:00Z,4.55,ng/m³
North Jakarta,bc_370,2024-08-06T17:00:00Z,5.04,ng/m³
North Jakarta,bc_370,2024-08-07T17:00:00Z,5.73,ng/m³
North Jakarta,bc_370,2024-08-08T17:00:00Z,4.7,ng/m³
North Jakarta,bc_370,2024-08-09T17:00:00Z,3.67,ng/m³
North Jakarta,bc_370,2024-08-10T17:00:00Z,3.27,ng/m³
North Jakarta,bc_370,2024-08-11T17:00:00Z,4.08,ng/m³
North Jakarta,bc_370,2024-08-12T17:00:00Z,6.33,ng/m³
North Jakarta,bc_370,2024-08-13T17:00:00Z,5.71,ng/m³
North Jakarta,bc_370,2024-08-14T17:00:00Z,4.53,ng/m³
North Jakarta,bc_370,2024-08-15T17:00:00Z,4.64,ng/m³
North Jakarta,bc_370,2024-08-16T17:00:00Z,4.59,ng/m³
North Jakarta,bc_370,2024-08-17T17:00:00Z,3.52,ng/m³
North Jakarta,bc_370,2024-08-18T17:00:00Z,4.13,ng/m³
North Jakarta,bc_370,2024-08-19T17:00:00Z,5.29,ng/m³
North Jakarta,bc_370,2024-08-20T17:00:00Z,5.28,ng/m³
North Jakarta,bc_370,2024-08-21T17:00:00Z,4.28,ng/m³
North Jakarta,bc_370,2024-08-22T17:00:00Z,3.53,ng/m³
North Jakarta,bc_370,2024-08-23T17:00:00Z,4.74,ng/m³
North Jakarta,bc_370,2024-08-24T17:00:00Z,3.59,ng/m³
North Jakarta,bc_370,2024-08-25T17:00:00Z,4.95,ng/m³
North Jakarta,bc_370,2024-08-26T17:00:00Z,10.3,ng/m³
North Jakarta,bc_370,2024-08-29T17:00:00Z,3.17,ng/m³
North Jakarta,bc_370,2024-08-30T17:00:00Z,3.54,ng/m³
North Jakarta,bc_370,2024-08-31T17:00:00Z,3.01,ng/m³
North Jakarta,bc_370,2024-09-01T17:00:00Z,2.85,ng/m³
North Jakarta,bc_370,2024-09-02T17:00:00Z,3.89,ng/m³
North Jakarta,bc_370,2024-09-03T17:00:00Z,3.0,ng/m³
North Jakarta,bc_370,2024-09-04T17:00:00Z,3.35,ng/m³
North Jakarta,bc_370,2024-09-05T17:00:00Z,3.68,ng/m³
North Jakarta,bc_370,2024-09-06T17:00:00Z,3.16,ng/m³
North Jakarta,bc_370,2024-09-07T17:00:00Z,2.74,ng/m³
North Jakarta,bc_370,2024-09-08T17:00:00Z,2.99,ng/m³
North Jakarta,bc_370,2024-09-09T17:00:00Z,4.18,ng/m³
North Jakarta,bc_370,2024-09-10T17:00:00Z,2.92,ng/m³
North Jakarta,bc_370,2024-09-11T17:00:00Z,3.55,ng/m³
North Jakarta,bc_370,2024-09-12T17:00:00Z,3.06,ng/m³
North Jakarta,bc_370,2024-09-13T17:00:00Z,4.16,ng/m³
North Jakarta,bc_370,2024-09-14T17:00:00Z,3.38,ng/m³
North Jakarta,bc_370,2024-09-15T17:00:00Z,4.91,ng/m³
North Jakarta,bc_370,2024-09-16T17:00:00Z,4.32,ng/m³
North Jakarta,bc_370,2024-09-17T17:00:00Z,4.06,ng/m³
North Jakarta,bc_370,2024-09-18T17:00:00Z,5.32,ng/m³
North Jakarta,bc_370,2024-09-19T17:00:00Z,4.23,ng/m³
North Jakarta,bc_370,2024-09-20T17:00:00Z,4.35,ng/m³
North Jakarta,bc_370,2024-09-21T17:00:00Z,3.37,ng/m³
North Jakarta,bc_370,2024-09-23T17:00:00Z,4.63,ng/m³
North Jakarta,bc_370,2024-09-24T17:00:00Z,4.64,ng/m³
North Jakarta,bc_370,2024-09-25T17:00:00Z,4.3,ng/m³
North Jakarta,bc_370,2024-09-26T17:00:00Z,3.91,ng/m³
North Jakarta,bc_370,2024-09-27T17:00:00Z,3.73,ng/m³
North Jakarta,bc_370,2024-09-28T17:00:00Z,3.52,ng/m³
North Jakarta,bc_370,2024-09-29T17:00:00Z,3.01,ng/m³
North Jakarta,bc_370,2024-09-30T17:00:00Z,4.66,ng/m³
North Jakarta,bc_370,2024-10-01T17:00:00Z,3.97,ng/m³
North Jakarta,bc_370,2024-10-02T17:00:00Z,4.77,ng/m³
North Jakarta,bc_370,2024-10-03T17:00:00Z,3.42,ng/m³
North Jakarta,bc_370,2024-10-04T17:00:00Z,3.89,ng/m³
North Jakarta,bc_370,2024-10-05T17:00:00Z,4.1,ng/m³
North Jakarta,bc_370,2024-10-06T17:00:00Z,5.58,ng/m³
North Jakarta,bc_370,2024-10-07T17:00:00Z,3.53,ng/m³
North Jakarta,bc_370,2024-10-08T17:00:00Z,3.61,ng/m³
North Jakarta,bc_370,2024-10-09T17:00:00Z,4.28,ng/m³
North Jakarta,bc_370,2024-10-10T17:00:00Z,3.55,ng/m³
North Jakarta,bc_370,2024-10-11T17:00:00Z,3.87,ng/m³
North Jakarta,bc_370,2024-10-12T17:00:00Z,4.16,ng/m³
North Jakarta,bc_370,2024-10-13T17:00:00Z,3.88,ng/m³
North Jakarta,bc_370,2024-10-14T17:00:00Z,2.96,ng/m³
North Jakarta,bc_370,2024-10-16T17:00:00Z,3.02,ng/m³
North Jakarta,bc_370,2024-10-17T17:00:00Z,3.57,ng/m³
North Jakarta,bc_370,2024-10-18T17:00:00Z,9.5,ng/m³
North Jakarta,bc_370,2024-10-19T17:00:00Z,2.42,ng/m³
North Jakarta,bc_370,2024-10-20T17:00:00Z,4.59,ng/m³
North Jakarta,bc_370,2024-10-21T17:00:00Z,4.32,ng/m³
North Jakarta,bc_370,2024-10-22T17:00:00Z,2.65,ng/m³
North Jakarta,bc_370,2024-10-23T17:00:00Z,2.78,ng/m³
North Jakarta,bc_370,2024-10-24T17:00:00Z,3.46,ng/m³
North Jakarta,bc_370,2024-10-25T17:00:00Z,2.88,ng/m³
North Jakarta,bc_370,2024-10-26T17:00:00Z,3.17,ng/m³
North Jakarta,bc_370,2024-10-27T17:00:00Z,4.01,ng/m³
North Jakarta,bc_370,2024-10-28T17:00:00Z,3.68,ng/m³
North Jakarta,bc_370,2024-10-29T17:00:00Z,3.8,ng/m³
North Jakarta,bc_370,2024-10-30T17:00:00Z,3.58,ng/m³
North Jakarta,bc_370,2024-10-31T17:00:00Z,4.59,ng/m³
North Jakarta,bc_370,2024-11-01T17:00:00Z,3.71,ng/m³
North Jakarta,bc_370,2024-11-02T17:00:00Z,3.23,ng/m³
North Jakarta,bc_370,2024-11-03T17:00:00Z,3.3,ng/m³
North Jakarta,bc_370,2024-11-04T17:00:00Z,3.14,ng/m³
North Jakarta,bc_370,2024-11-05T17:00:00Z,3.83,ng/m³
North Jakarta,bc_370,2024-11-06T17:00:00Z,5.16,ng/m³
North Jakarta,bc_370,2024-11-07T17:00:00Z,5.6,ng/m³
North Jakarta,bc_370,2024-11-10T17:00:00Z,3.39,ng/m³
North Jakarta,bc_370,2024-11-11T17:00:00Z,4.05,ng/m³
North Jakarta,bc_370,2024-11-12T17:00:00Z,5.62,ng/m³
North Jakarta,bc_370,2024-11-13T17:00:00Z,3.24,ng/m³
North Jakarta,bc_370,2024-11-14T17:00:00Z,3.95,ng/m³
North Jakarta,bc_370,2024-11-15T17:00:00Z,5.82,ng/m³
North Jakarta,bc_370,2024-11-16T17:00:00Z,5.24,ng/m³
North Jakarta,bc_370,2024-11-17T17:00:00Z,3.28,ng/m³
North Jakarta,bc_370,2024-11-18T17:00:00Z,3.43,ng/m³
North Jakarta,bc_370,2024-11-19T17:00:00Z,3.76,ng/m³
North Jakarta,bc_370,2024-11-20T17:00:00Z,2.81,ng/m³
North Jakarta,bc_370,2024-11-21T17:00:00Z,2.15,ng/m³
North Jakarta,bc_370,2024-11-22T17:00:00Z,2.54,ng/m³
North Jakarta,bc_370,2024-11-23T17:00:00Z,1.66,ng/m³
North Jakarta,bc_370,2024-11-24T17:00:00Z,2.48,ng/m³
North Jakarta,bc_370,2024-11-25T17:00:00Z,3.9,ng/m³
North Jakarta,bc_370,2024-11-26T17:00:00Z,2.15,ng/m³
North Jakarta,bc_370,2024-11-27T17:00:00Z,2.76,ng/m³
North Jakarta,bc_370,2024-11-28T17:00:00Z,1.48,ng/m³
North Jakarta,bc_370,2024-11-29T17:00:00Z,1.9,ng/m³
North Jakarta,bc_370,2024-11-30T17:00:00Z,1.09,ng/m³
North Jakarta,bc_370,2024-12-01T17:00:00Z,1.16,ng/m³
North Jakarta,bc_370,2024-12-02T17:00:00Z,1.07,ng/m³
North Jakarta,bc_370,2024-12-03T17:00:00Z,1.15,ng/m³
North Jakarta,bc_370,2024-12-04T17:00:00Z,1.85,ng/m³
North Jakarta,bc_370,2024-12-05T17:00:00Z,4.12,ng/m³
North Jakarta,bc_370,2024-12-06T17:00:00Z,8.12,ng/m³
North Jakarta,bc_370,2024-12-07T17:00:00Z,3.2,ng/m³
North Jakarta,bc_370,2024-12-08T17:00:00Z,3.92,ng/m³
North Jakarta,bc_370,2024-12-09T17:00:00Z,1.09,ng/m³
North Jakarta,bc_370,2024-12-10T17:00:00Z,1.44,ng/m³
North Jakarta,bc_370,2024-12-11T17:00:00Z,1.05,ng/m³
North Jakarta,bc_370,2024-12-12T17:00:00Z,1.58,ng/m³
North Jakarta,bc_370,2024-12-13T17:00:00Z,1.31,ng/m³
North Jakarta,bc_370,2024-12-14T17:00:00Z,1.32,ng/m³
North Jakarta,bc_370,2024-12-15T17:00:00Z,1.58,ng/m³
North Jakarta,bc_370,2024-12-16T17:00:00Z,1.79,ng/m³
North Jakarta,bc_370,2024-12-17T17:00:00Z,1.14,ng/m³
North Jakarta,bc_370,2024-12-18T17:00:00Z,1.68,ng/m³
North Jakarta,bc_370,2024-12-19T17:00:00Z,2.15,ng/m³
North Jakarta,bc_370,2024-12-20T17:00:00Z,2.04,ng/m³
North Jakarta,bc_370,2024-12-21T17:00:00Z,1.94,ng/m³
North Jakarta,bc_370,2024-12-22T17:00:00Z,4.23,ng/m³
North Jakarta,bc_370,2024-12-23T17:00:00Z,2.23,ng/m³
North Jakarta,bc_370,2024-12-24T17:00:00Z,3.29,ng/m³
North Jakarta,bc_370,2024-12-25T17:00:00Z,2.22,ng/m³
North Jakarta,bc_370,2024-12-26T17:00:00Z,2.76,ng/m³
North Jakarta,bc_370,2024-12-27T17:00:00Z,2.12,ng/m³
North Jakarta,bc_370,2024-12-28T17:00:00Z,2.15,ng/m³
North Jakarta,bc_370,2024-12-29T17:00:00Z,1.14,ng/m³
North Jakarta,bc_370,2024-12-30T17:00:00Z,1.61,ng/m³
North Jakarta,bc_370,2024-12-31T17:00:00Z,1.15,ng/m³
North Jakarta,bc_370,2025-01-01T17:00:00Z,1.6,ng/m³
North Jakarta,bc_370,2025-01-02T17:00:00Z,2.88,ng/m³
North Jakarta,bc_370,2025-01-03T17:00:00Z,1.6,ng/m³
North Jakarta,bc_370,2025-01-04T17:00:00Z,3.51,ng/m³
North Jakarta,bc_370,2025-01-05T17:00:00Z,3.0,ng/m³
North Jakarta,bc_370,2025-01-06T17:00:00Z,2.11,ng/m³
North Jakarta,bc_370,2025-01-07T17:00:00Z,1.33,ng/m³
North Jakarta,bc_370,2025-01-08T17:00:00Z,2.54,ng/m³
North Jakarta,bc_370,2025-01-09T17:00:00Z,2.97,ng/m³
North Jakarta,bc_370,2025-01-10T17:00:00Z,2.32,ng/m³
North Jakarta,bc_370,2025-01-11T17:00:00Z,1.62,ng/m³
North Jakarta,bc_370,2025-01-12T17:00:00Z,1.94,ng/m³
North Jakarta,bc_370,2025-01-13T17:00:00Z,1.98,ng/m³
North Jakarta,bc_370,2025-01-14T17:00:00Z,2.28,ng/m³
North Jakarta,bc_370,2025-01-15T17:00:00Z,2.22,ng/m³
North Jakarta,bc_370,2025-01-16T17:00:00Z,1.51,ng/m³
North Jakarta,bc_370,2025-01-17T17:00:00Z,1.72,ng/m³
North Jakarta,bc_370,2025-01-18T17:00:00Z,1.42,ng/m³
North Jakarta,bc_370,2025-01-19T17:00:00Z,2.47,ng/m³
North Jakarta,bc_370,2025-01-20T17:00:00Z,3.37,ng/m³
North Jakarta,bc_370,2025-01-21T17:00:00Z,2.56,ng/m³
North Jakarta,bc_370,2025-01-22T17:00:00Z,2.68,ng/m³
North Jakarta,bc_370,2025-01-23T17:00:00Z,3.82,ng/m³
North Jakarta,bc_370,2025-01-24T17:00:00Z,4.04,ng/m³
North Jakarta,bc_370,2025-01-25T17:00:00Z,2.14,ng/m³
North Jakarta,bc_370,2025-01-26T17:00:00Z,1.86,ng/m³
North Jakarta,bc_370,2025-01-27T17:00:00Z,2.01,ng/m³
North Jakarta,bc_370,2025-01-28T17:00:00Z,0.846,ng/m³
North Jakarta,bc_370,2025-01-29T17:00:00Z,0.926,ng/m³
North Jakarta,bc_370,2025-01-30T17:00:00Z,2.11,ng/m³
North Jakarta,bc_370,2025-01-31T17:00:00Z,1.88,ng/m³
North Jakarta,bc_370,2025-02-01T17:00:00Z,1.26,ng/m³
North Jakarta,bc_370,2025-02-02T17:00:00Z,1.58,ng/m³
North Jakarta,bc_370,2025-02-03T17:00:00Z,4.1,ng/m³
North Jakarta,bc_370,2025-02-04T17:00:00Z,1.91,ng/m³
North Jakarta,bc_370,2025-02-05T17:00:00Z,1.39,ng/m³
North Jakarta,bc_370,2025-02-06T17:00:00Z,2.39,ng/m³
North Jakarta,bc_370,2025-02-07T17:00:00Z,1.69,ng/m³
North Jakarta,bc_370,2025-02-08T17:00:00Z,1.33,ng/m³
North Jakarta,bc_370,2025-02-09T17:00:00Z,1.17,ng/m³
North Jakarta,bc_370,2025-02-10T17:00:00Z,2.1,ng/m³
North Jakarta,bc_370,2025-02-11T17:00:00Z,3.92,ng/m³
North Jakarta,bc_370,2025-02-12T17:00:00Z,4.8,ng/m³
North Jakarta,bc_370,2025-02-13T17:00:00Z,3.35,ng/m³
North Jakarta,bc_370,2025-02-14T17:00:00Z,1.93,ng/m³
North Jakarta,bc_370,2025-02-15T17:00:00Z,2.42,ng/m³
North Jakarta,bc_370,2025-02-16T17:00:00Z,3.12,ng/m³
North Jakarta,bc_370,2025-03-08T17:00:00Z,5.15,ng/m³
North Jakarta,bc_370,2025-03-09T17:00:00Z,5.06,ng/m³
North Jakarta,bc_370,2025-03-10T17:00:00Z,4.46,ng/m³
North Jakarta,bc_370,2025-03-11T17:00:00Z,2.32,ng/m³
North Jakarta,bc_370,2025-03-12T17:00:00Z,3.17,ng/m³
North Jakarta,bc_370,2025-03-13T17:00:00Z,2.46,ng/m³
North Jakarta,bc_370,2025-03-14T17:00:00Z,1.87,ng/m³
North Jakarta,bc_370,2025-03-15T17:00:00Z,1.27,ng/m³
North Jakarta,bc_370,2025-03-16T17:00:00Z,1.7,ng/m³
North Jakarta,bc_370,2025-03-17T17:00:00Z,1.74,ng/m³
North Jakarta,bc_370,2025-03-18T17:00:00Z,1.38,ng/m³
North Jakarta,bc_370,2025-03-19T17:00:00Z,1.91,ng/m³
North Jakarta,bc_370,2025-03-20T17:00:00Z,1.27,ng/m³
North Jakarta,bc_370,2025-03-21T17:00:00Z,3.23,ng/m³
North Jakarta,bc_370,2025-03-22T17:00:00Z,1.89,ng/m³
North Jakarta,bc_370,2025-03-23T17:00:00Z,1.78,ng/m³
North Jakarta,bc_370,2025-03-24T17:00:00Z,1.35,ng/m³
North Jakarta,bc_370,2025-03-25T17:00:00Z,3.99,ng/m³
North Jakarta,bc_370,2025-03-26T17:00:00Z,2.9,ng/m³
North Jakarta,bc_370,2025-03-27T17:00:00Z,0.76,ng/m³
North Jakarta,bc_370,2025-03-28T17:00:00Z,0.876,ng/m³
North Jakarta,bc_370,2025-03-29T17:00:00Z,1.12,ng/m³
North Jakarta,bc_370,2025-03-30T17:00:00Z,0.815,ng/m³
North Jakarta,bc_370,2025-03-31T17:00:00Z,1.23,ng/m³
North Jakarta,bc_370,2025-04-01T17:00:00Z,1.42,ng/m³
North Jakarta,bc_370,2025-04-02T17:00:00Z,1.56,ng/m³
North Jakarta,bc_370,2025-04-03T17:00:00Z,1.78,ng/m³
North Jakarta,bc_370,2025-04-04T17:00:00Z,2.8,ng/m³
North Jakarta,bc_370,2025-04-05T17:00:00Z,2.83,ng/m³
North Jakarta,bc_370,2025-04-06T17:00:00Z,2.83,ng/m³
North Jakarta,bc_370,2025-04-07T17:00:00Z,2.48,ng/m³
North Jakarta,bc_370,2025-04-08T17:00:00Z,3.96,ng/m³
North Jakarta,bc_370,2025-04-09T17:00:00Z,4.35,ng/m³
North Jakarta,bc_370,2025-04-10T17:00:00Z,4.88,ng/m³
North Jakarta,bc_370,2025-04-11T17:00:00Z,4.25,ng/m³
North Jakarta,bc_370,2025-04-12T17:00:00Z,2.28,ng/m³
North Jakarta,bc_370,2025-04-13T17:00:00Z,1.67,ng/m³
North Jakarta,bc_370,2025-04-14T17:00:00Z,3.17,ng/m³
North Jakarta,bc_370,2025-04-15T17:00:00Z,4.29,ng/m³
North Jakarta,bc_370,2025-04-16T17:00:00Z,3.69,ng/m³
North Jakarta,bc_370,2025-04-17T17:00:00Z,3.77,ng/m³
North Jakarta,bc_370,2025-04-18T17:00:00Z,3.14,ng/m³
North Jakarta,bc_370,2025-04-19T17:00:00Z,1.78,ng/m³
North Jakarta,bc_370,2025-04-20T17:00:00Z,3.27,ng/m³
North Jakarta,bc_370,2025-04-21T17:00:00Z,5.62,ng/m³
North Jakarta,bc_370,2025-04-22T17:00:00Z,3.67,ng/m³
North Jakarta,bc_370,2025-04-23T17:00:00Z,3.74,ng/m³
North Jakarta,bc_370,2025-04-24T17:00:00Z,3.03,ng/m³
North Jakarta,bc_370,2025-04-25T17:00:00Z,3.53,ng/m³
North Jakarta,bc_370,2025-04-26T17:00:00Z,2.74,ng/m³
North Jakarta,bc_370,2025-04-27T17:00:00Z,3.12,ng/m³
North Jakarta,bc_370,2025-04-28T17:00:00Z,4.17,ng/m³
North Jakarta,bc_370,2025-04-29T17:00:00Z,3.56,ng/m³
North Jakarta,bc_370,2025-04-30T17:00:00Z,3.69,ng/m³
North Jakarta,bc_370,2025-05-01T17:00:00Z,3.14,ng/m³
North Jakarta,bc_370,2025-05-02T17:00:00Z,5.0,ng/m³
North Jakarta,bc_370,2025-05-03T17:00:00Z,4.3,ng/m³
North Jakarta,bc_370,2025-05-04T17:00:00Z,4.76,ng/m³
North Jakarta,bc_370,2025-05-05T17:00:00Z,4.09,ng/m³
North Jakarta,bc_370,2025-05-06T17:00:00Z,6.12,ng/m³
North Jakarta,bc_370,2025-05-07T17:00:00Z,4.68,ng/m³
North Jakarta,bc_370,2025-05-08T17:00:00Z,3.83,ng/m³
North Jakarta,bc_370,2025-05-09T17:00:00Z,5.06,ng/m³
North Jakarta,bc_370,2025-05-10T17:00:00Z,4.38,ng/m³
North Jakarta,bc_370,2025-05-11T17:00:00Z,2.49,ng/m³
North Jakarta,bc_370,2025-05-25T17:00:00Z,2.39,ng/m³
North Jakarta,bc_370,2025-05-26T17:00:00Z,2.23,ng/m³
North Jakarta,bc_370,2025-05-27T17:00:00Z,6.4,ng/m³
North Jakarta,bc_370,2025-05-28T17:00:00Z,3.82,ng/m³
North Jakarta,bc_370,2025-05-29T17:00:00Z,4.39,ng/m³
North Jakarta,bc_370,2025-05-30T17:00:00Z,5.92,ng/m³
North Jakarta,bc_370,2025-05-31T17:00:00Z,5.51,ng/m³
North Jakarta,bc_370,2025-06-01T17:00:00Z,4.44,ng/m³
North Jakarta,bc_370,2025-06-02T17:00:00Z,4.57,ng/m³
North Jakarta,bc_370,2025-06-03T17:00:00Z,6.82,ng/m³
North Jakarta,bc_370,2025-06-04T17:00:00Z,7.3,ng/m³
North Jakarta,bc_370,2025-06-05T17:00:00Z,4.31,ng/m³
North Jakarta,bc_370,2025-06-06T17:00:00Z,6.9,ng/m³
North Jakarta,bc_370,2025-06-07T17:00:00Z,3.92,ng/m³
North Jakarta,bc_370,2025-06-08T17:00:00Z,5.71,ng/m³
North Jakarta,bc_370,2025-06-09T17:00:00Z,3.81,ng/m³
North Jakarta,bc_370,2025-06-10T17:00:00Z,4.0,ng/m³
North Jakarta,bc_370,2025-06-11T17:00:00Z,5.87,ng/m³
North Jakarta,bc_370,2025-06-12T17:00:00Z,5.63,ng/m³
North Jakarta,bc_370,2025-06-13T17:00:00Z,4.08,ng/m³
North Jakarta,bc_370,2025-06-14T17:00:00Z,4.16,ng/m³
North Jakarta,bc_370,2025-06-15T17:00:00Z,3.35,ng/m³
North Jakarta,bc_370,2025-06-16T17:00:00Z,2.94,ng/m³
North Jakarta,bc_370,2025-06-17T17:00:00Z,3.55,ng/m³
North Jakarta,bc_370,2025-06-18T17:00:00Z,6.93,ng/m³
North Jakarta,bc_370,2025-06-19T17:00:00Z,4.19,ng/m³
North Jakarta,bc_370,2025-06-20T17:00:00Z,3.56,ng/m³
North Jakarta,bc_370,2025-06-21T17:00:00Z,4.14,ng/m³
North Jakarta,bc_370,2025-06-22T17:00:00Z,2.57,ng/m³
North Jakarta,bc_370,2025-06-23T17:00:00Z,5.63,ng/m³
North Jakarta,bc_370,2025-06-24T17:00:00Z,7.04,ng/m³
North Jakarta,bc_370,2025-06-25T17:00:00Z,5.96,ng/m³
North Jakarta,bc_370,2025-06-26T17:00:00Z,4.43,ng/m³
North Jakarta,bc_370,2025-06-27T17:00:00Z,4.74,ng/m³
North Jakarta,bc_370,2025-06-28T17:00:00Z,6.2,ng/m³
North Jakarta,bc_370,2025-06-29T17:00:00Z,3.04,ng/m³
North Jakarta,bc_880,2023-09-29T17:00:00Z,5.51,ng/m³
North Jakarta,bc_880,2023-09-30T17:00:00Z,4.69,ng/m³
North Jakarta,bc_880,2023-10-01T17:00:00Z,4.84,ng/m³
North Jakarta,bc_880,2023-10-02T17:00:00Z,3.11,ng/m³
North Jakarta,bc_880,2023-10-03T17:00:00Z,4.35,ng/m³
North Jakarta,bc_880,2023-10-04T17:00:00Z,3.3,ng/m³
North Jakarta,bc_880,2023-10-05T17:00:00Z,4.16,ng/m³
North Jakarta,bc_880,2023-10-06T17:00:00Z,5.72,ng/m³
North Jakarta,bc_880,2023-10-07T17:00:00Z,3.48,ng/m³
North Jakarta,bc_880,2023-10-08T17:00:00Z,2.94,ng/m³
North Jakarta,bc_880,2023-10-09T17:00:00Z,2.87,ng/m³
North Jakarta,bc_880,2023-10-10T17:00:00Z,3.35,ng/m³
North Jakarta,bc_880,2023-10-11T17:00:00Z,4.54,ng/m³
North Jakarta,bc_880,2023-10-12T17:00:00Z,5.93,ng/m³
North Jakarta,bc_880,2023-10-16T17:00:00Z,1.99,ng/m³
North Jakarta,bc_880,2023-10-17T17:00:00Z,3.69,ng/m³
North Jakarta,bc_880,2023-10-18T17:00:00Z,3.47,ng/m³
North Jakarta,bc_880,2023-10-19T17:00:00Z,4.0,ng/m³
North Jakarta,bc_880,2023-10-20T17:00:00Z,3.64,ng/m³
North Jakarta,bc_880,2023-10-21T17:00:00Z,3.37,ng/m³
North Jakarta,bc_880,2023-10-22T17:00:00Z,4.07,ng/m³
North Jakarta,bc_880,2023-10-23T17:00:00Z,3.97,ng/m³
North Jakarta,bc_880,2023-10-24T17:00:00Z,4.24,ng/m³
North Jakarta,bc_880,2023-10-25T17:00:00Z,5.11,ng/m³
North Jakarta,bc_880,2023-10-26T17:00:00Z,5.11,ng/m³
North Jakarta,bc_880,2023-10-27T17:00:00Z,4.22,ng/m³
North Jakarta,bc_880,2023-10-28T17:00:00Z,3.9,ng/m³
North Jakarta,bc_880,2023-10-29T17:00:00Z,3.42,ng/m³
North Jakarta,bc_880,2023-10-30T17:00:00Z,4.8,ng/m³
North Jakarta,bc_880,2023-10-31T17:00:00Z,4.06,ng/m³
North Jakarta,bc_880,2023-11-01T17:00:00Z,4.36,ng/m³
North Jakarta,bc_880,2023-11-02T17:00:00Z,5.11,ng/m³
North Jakarta,bc_880,2023-11-03T17:00:00Z,8.29,ng/m³
North Jakarta,bc_880,2023-11-15T17:00:00Z,3.31,ng/m³
North Jakarta,bc_880,2023-11-16T17:00:00Z,3.08,ng/m³
North Jakarta,bc_880,2023-11-17T17:00:00Z,3.6,ng/m³
North Jakarta,bc_880,2023-11-18T17:00:00Z,2.24,ng/m³
North Jakarta,bc_880,2023-11-19T17:00:00Z,2.16,ng/m³
North Jakarta,bc_880,2023-11-20T17:00:00Z,3.02,ng/m³
North Jakarta,bc_880,2023-11-21T17:00:00Z,2.47,ng/m³
North Jakarta,bc_880,2023-11-22T17:00:00Z,3.66,ng/m³
North Jakarta,bc_880,2023-11-23T17:00:00Z,4.61,ng/m³
North Jakarta,bc_880,2023-11-24T17:00:00Z,3.16,ng/m³
North Jakarta,bc_880,2023-11-25T17:00:00Z,3.18,ng/m³
North Jakarta,bc_880,2023-11-26T17:00:00Z,2.64,ng/m³
North Jakarta,bc_880,2023-11-27T17:00:00Z,3.15,ng/m³
North Jakarta,bc_880,2023-11-28T17:00:00Z,2.34,ng/m³
North Jakarta,bc_880,2023-11-29T17:00:00Z,2.89,ng/m³
North Jakarta,bc_880,2023-11-30T17:00:00Z,3.8,ng/m³
North Jakarta,bc_880,2023-12-01T17:00:00Z,4.46,ng/m³
North Jakarta,bc_880,2023-12-02T17:00:00Z,1.92,ng/m³
North Jakarta,bc_880,2023-12-03T17:00:00Z,4.29,ng/m³
North Jakarta,bc_880,2023-12-04T17:00:00Z,3.76,ng/m³
North Jakarta,bc_880,2023-12-05T17:00:00Z,3.42,ng/m³
North Jakarta,bc_880,2023-12-06T17:00:00Z,3.75,ng/m³
North Jakarta,bc_880,2023-12-07T17:00:00Z,4.61,ng/m³
North Jakarta,bc_880,2023-12-08T17:00:00Z,2.64,ng/m³
North Jakarta,bc_880,2023-12-09T17:00:00Z,3.1,ng/m³
North Jakarta,bc_880,2023-12-10T17:00:00Z,3.64,ng/m³
North Jakarta,bc_880,2023-12-11T17:00:00Z,2.71,ng/m³
North Jakarta,bc_880,2023-12-12T17:00:00Z,2.79,ng/m³
North Jakarta,bc_880,2023-12-13T17:00:00Z,3.07,ng/m³
North Jakarta,bc_880,2023-12-14T17:00:00Z,2.73,ng/m³
North Jakarta,bc_880,2023-12-15T17:00:00Z,2.19,ng/m³
North Jakarta,bc_880,2023-12-16T17:00:00Z,2.06,ng/m³
North Jakarta,bc_880,2023-12-17T17:00:00Z,2.6,ng/m³
North Jakarta,bc_880,2023-12-18T17:00:00Z,1.95,ng/m³
North Jakarta,bc_880,2023-12-19T17:00:00Z,2.37,ng/m³
North Jakarta,bc_880,2023-12-20T17:00:00Z,2.44,ng/m³
North Jakarta,bc_880,2023-12-21T17:00:00Z,2.69,ng/m³
North Jakarta,bc_880,2023-12-22T17:00:00Z,4.34,ng/m³
North Jakarta,bc_880,2023-12-23T17:00:00Z,2.9,ng/m³
North Jakarta,bc_880,2023-12-24T17:00:00Z,1.81,ng/m³
North Jakarta,bc_880,2023-12-25T17:00:00Z,2.77,ng/m³
North Jakarta,bc_880,2023-12-26T17:00:00Z,3.47,ng/m³
North Jakarta,bc_880,2023-12-27T17:00:00Z,3.17,ng/m³
North Jakarta,bc_880,2023-12-28T17:00:00Z,3.6,ng/m³
North Jakarta,bc_880,2023-12-29T17:00:00Z,3.42,ng/m³
North Jakarta,bc_880,2023-12-30T17:00:00Z,2.65,ng/m³
North Jakarta,bc_880,2024-01-01T17:00:00Z,1.27,ng/m³
North Jakarta,bc_880,2024-01-02T17:00:00Z,2.54,ng/m³
North Jakarta,bc_880,2024-01-03T17:00:00Z,1.85,ng/m³
North Jakarta,bc_880,2024-01-04T17:00:00Z,2.75,ng/m³
North Jakarta,bc_880,2024-01-05T17:00:00Z,3.86,ng/m³
North Jakarta,bc_880,2024-01-06T17:00:00Z,2.94,ng/m³
North Jakarta,bc_880,2024-01-07T17:00:00Z,2.49,ng/m³
North Jakarta,bc_880,2024-01-08T17:00:00Z,3.01,ng/m³
North Jakarta,bc_880,2024-01-09T17:00:00Z,3.15,ng/m³
North Jakarta,bc_880,2024-01-10T17:00:00Z,1.9,ng/m³
North Jakarta,bc_880,2024-01-11T17:00:00Z,2.15,ng/m³
North Jakarta,bc_880,2024-01-12T17:00:00Z,1.77,ng/m³
North Jakarta,bc_880,2024-01-13T17:00:00Z,2.06,ng/m³
North Jakarta,bc_880,2024-01-14T17:00:00Z,1.7,ng/m³
North Jakarta,bc_880,2024-01-15T17:00:00Z,1.36,ng/m³
North Jakarta,bc_880,2024-01-16T17:00:00Z,2.91,ng/m³
North Jakarta,bc_880,2024-01-17T17:00:00Z,1.75,ng/m³
North Jakarta,bc_880,2024-01-18T17:00:00Z,1.46,ng/m³
North Jakarta,bc_880,2024-01-19T17:00:00Z,1.23,ng/m³
North Jakarta,bc_880,2024-01-20T17:00:00Z,1.09,ng/m³
North Jakarta,bc_880,2024-01-21T17:00:00Z,1.02,ng/m³
North Jakarta,bc_880,2024-01-22T17:00:00Z,1.24,ng/m³
North Jakarta,bc_880,2024-01-23T17:00:00Z,1.63,ng/m³
North Jakarta,bc_880,2024-01-24T17:00:00Z,2.44,ng/m³
North Jakarta,bc_880,2024-01-25T17:00:00Z,3.01,ng/m³
North Jakarta,bc_880,2024-01-26T17:00:00Z,1.75,ng/m³
North Jakarta,bc_880,2024-01-27T17:00:00Z,1.98,ng/m³
North Jakarta,bc_880,2024-01-28T17:00:00Z,3.11,ng/m³
North Jakarta,bc_880,2024-01-29T17:00:00Z,3.76,ng/m³
North Jakarta,bc_880,2024-01-30T17:00:00Z,1.93,ng/m³
North Jakarta,bc_880,2024-01-31T17:00:00Z,3.19,ng/m³
North Jakarta,bc_880,2024-02-01T17:00:00Z,3.0,ng/m³
North Jakarta,bc_880,2024-02-02T17:00:00Z,2.19,ng/m³
North Jakarta,bc_880,2024-02-03T17:00:00Z,1.4,ng/m³
North Jakarta,bc_880,2024-02-04T17:00:00Z,3.22,ng/m³
North Jakarta,bc_880,2024-02-05T17:00:00Z,3.03,ng/m³
North Jakarta,bc_880,2024-02-06T17:00:00Z,3.57,ng/m³
North Jakarta,bc_880,2024-02-07T17:00:00Z,3.05,ng/m³
North Jakarta,bc_880,2024-02-08T17:00:00Z,2.74,ng/m³
North Jakarta,bc_880,2024-02-09T17:00:00Z,1.48,ng/m³
North Jakarta,bc_880,2024-02-10T17:00:00Z,1.48,ng/m³
North Jakarta,bc_880,2024-02-11T17:00:00Z,2.0,ng/m³
North Jakarta,bc_880,2024-02-12T17:00:00Z,1.47,ng/m³
North Jakarta,bc_880,2024-02-13T17:00:00Z,1.31,ng/m³
North Jakarta,bc_880,2024-02-14T17:00:00Z,4.77,ng/m³
North Jakarta,bc_880,2024-02-15T17:00:00Z,4.11,ng/m³
North Jakarta,bc_880,2024-02-16T17:00:00Z,2.11,ng/m³
North Jakarta,bc_880,2024-02-17T17:00:00Z,2.25,ng/m³
North Jakarta,bc_880,2024-02-18T17:00:00Z,6.36,ng/m³
North Jakarta,bc_880,2024-02-19T17:00:00Z,2.24,ng/m³
North Jakarta,bc_880,2024-02-20T17:00:00Z,4.81,ng/m³
North Jakarta,bc_880,2024-02-21T17:00:00Z,2.31,ng/m³
North Jakarta,bc_880,2024-02-22T17:00:00Z,2.07,ng/m³
North Jakarta,bc_880,2024-02-23T17:00:00Z,1.77,ng/m³
North Jakarta,bc_880,2024-02-24T17:00:00Z,1.03,ng/m³
North Jakarta,bc_880,2024-02-25T17:00:00Z,1.61,ng/m³
North Jakarta,bc_880,2024-02-26T17:00:00Z,5.13,ng/m³
North Jakarta,bc_880,2024-02-27T17:00:00Z,2.3,ng/m³
North Jakarta,bc_880,2024-02-28T17:00:00Z,2.81,ng/m³
North Jakarta,bc_880,2024-02-29T17:00:00Z,3.63,ng/m³
North Jakarta,bc_880,2024-03-01T17:00:00Z,2.37,ng/m³
North Jakarta,bc_880,2024-03-02T17:00:00Z,1.89,ng/m³
North Jakarta,bc_880,2024-03-03T17:00:00Z,2.07,ng/m³
North Jakarta,bc_880,2024-03-04T17:00:00Z,1.4,ng/m³
North Jakarta,bc_880,2024-03-05T17:00:00Z,1.42,ng/m³
North Jakarta,bc_880,2024-03-06T17:00:00Z,1.12,ng/m³
North Jakarta,bc_880,2024-03-07T17:00:00Z,1.13,ng/m³
North Jakarta,bc_880,2024-03-08T17:00:00Z,4.22,ng/m³
North Jakarta,bc_880,2024-03-09T17:00:00Z,4.58,ng/m³
North Jakarta,bc_880,2024-03-10T17:00:00Z,2.24,ng/m³
North Jakarta,bc_880,2024-03-11T17:00:00Z,1.72,ng/m³
North Jakarta,bc_880,2024-03-12T17:00:00Z,1.55,ng/m³
North Jakarta,bc_880,2024-03-13T17:00:00Z,1.83,ng/m³
North Jakarta,bc_880,2024-03-14T17:00:00Z,1.67,ng/m³
North Jakarta,bc_880,2024-03-15T17:00:00Z,1.28,ng/m³
North Jakarta,bc_880,2024-03-16T17:00:00Z,1.35,ng/m³
North Jakarta,bc_880,2024-03-17T17:00:00Z,1.2,ng/m³
North Jakarta,bc_880,2024-03-18T17:00:00Z,1.42,ng/m³
North Jakarta,bc_880,2024-03-19T17:00:00Z,1.26,ng/m³
North Jakarta,bc_880,2024-03-20T17:00:00Z,1.56,ng/m³
North Jakarta,bc_880,2024-03-21T17:00:00Z,3.82,ng/m³
North Jakarta,bc_880,2024-03-22T17:00:00Z,6.68,ng/m³
North Jakarta,bc_880,2024-03-23T17:00:00Z,2.1,ng/m³
North Jakarta,bc_880,2024-03-24T17:00:00Z,2.78,ng/m³
North Jakarta,bc_880,2024-03-25T17:00:00Z,3.81,ng/m³
North Jakarta,bc_880,2024-03-26T17:00:00Z,3.43,ng/m³
North Jakarta,bc_880,2024-03-27T17:00:00Z,5.19,ng/m³
North Jakarta,bc_880,2024-03-28T17:00:00Z,3.34,ng/m³
North Jakarta,bc_880,2024-03-29T17:00:00Z,3.79,ng/m³
North Jakarta,bc_880,2024-03-30T17:00:00Z,3.46,ng/m³
North Jakarta,bc_880,2024-03-31T17:00:00Z,4.29,ng/m³
North Jakarta,bc_880,2024-04-01T17:00:00Z,5.48,ng/m³
North Jakarta,bc_880,2024-04-02T17:00:00Z,4.16,ng/m³
North Jakarta,bc_880,2024-04-03T17:00:00Z,4.56,ng/m³
North Jakarta,bc_880,2024-04-04T17:00:00Z,5.44,ng/m³
North Jakarta,bc_880,2024-04-05T17:00:00Z,2.83,ng/m³
North Jakarta,bc_880,2024-04-06T17:00:00Z,2.3,ng/m³
North Jakarta,bc_880,2024-04-07T17:00:00Z,2.27,ng/m³
North Jakarta,bc_880,2024-04-08T17:00:00Z,2.62,ng/m³
North Jakarta,bc_880,2024-04-09T17:00:00Z,2.55,ng/m³
North Jakarta,bc_880,2024-04-10T17:00:00Z,1.19,ng/m³
North Jakarta,bc_880,2024-04-11T17:00:00Z,1.22,ng/m³
North Jakarta,bc_880,2024-04-12T17:00:00Z,1.91,ng/m³
North Jakarta,bc_880,2024-04-13T17:00:00Z,1.41,ng/m³
North Jakarta,bc_880,2024-04-14T17:00:00Z,1.27,ng/m³
North Jakarta,bc_880,2024-04-15T17:00:00Z,1.99,ng/m³
North Jakarta,bc_880,2024-04-16T17:00:00Z,2.27,ng/m³
North Jakarta,bc_880,2024-04-17T17:00:00Z,2.26,ng/m³
North Jakarta,bc_880,2024-04-18T17:00:00Z,2.68,ng/m³
North Jakarta,bc_880,2024-04-19T17:00:00Z,3.27,ng/m³
North Jakarta,bc_880,2024-04-20T17:00:00Z,1.8,ng/m³
North Jakarta,bc_880,2024-04-21T17:00:00Z,2.63,ng/m³
North Jakarta,bc_880,2024-04-22T17:00:00Z,2.83,ng/m³
North Jakarta,bc_880,2024-04-23T17:00:00Z,4.74,ng/m³
North Jakarta,bc_880,2024-04-24T17:00:00Z,1.8,ng/m³
North Jakarta,bc_880,2024-04-25T17:00:00Z,2.84,ng/m³
North Jakarta,bc_880,2024-04-26T17:00:00Z,2.93,ng/m³
North Jakarta,bc_880,2024-04-27T17:00:00Z,2.64,ng/m³
North Jakarta,bc_880,2024-04-28T17:00:00Z,2.08,ng/m³
North Jakarta,bc_880,2024-04-29T17:00:00Z,2.5,ng/m³
North Jakarta,bc_880,2024-04-30T17:00:00Z,2.49,ng/m³
North Jakarta,bc_880,2024-05-01T17:00:00Z,2.62,ng/m³
North Jakarta,bc_880,2024-05-02T17:00:00Z,3.4,ng/m³
North Jakarta,bc_880,2024-05-03T17:00:00Z,3.44,ng/m³
North Jakarta,bc_880,2024-05-04T17:00:00Z,3.72,ng/m³
North Jakarta,bc_880,2024-05-05T17:00:00Z,3.96,ng/m³
North Jakarta,bc_880,2024-05-06T17:00:00Z,3.48,ng/m³
North Jakarta,bc_880,2024-05-07T17:00:00Z,3.88,ng/m³
North Jakarta,bc_880,2024-05-08T17:00:00Z,4.08,ng/m³
North Jakarta,bc_880,2024-05-09T17:00:00Z,2.92,ng/m³
North Jakarta,bc_880,2024-05-10T17:00:00Z,2.6,ng/m³
North Jakarta,bc_880,2024-05-11T17:00:00Z,2.97,ng/m³
North Jakarta,bc_880,2024-05-12T17:00:00Z,2.89,ng/m³
North Jakarta,bc_880,2024-05-13T17:00:00Z,3.69,ng/m³
North Jakarta,bc_880,2024-05-14T17:00:00Z,3.58,ng/m³
North Jakarta,bc_880,2024-05-15T17:00:00Z,3.7,ng/m³
North Jakarta,bc_880,2024-05-16T17:00:00Z,3.81,ng/m³
North Jakarta,bc_880,2024-05-17T17:00:00Z,4.26,ng/m³
North Jakarta,bc_880,2024-05-18T17:00:00Z,3.22,ng/m³
North Jakarta,bc_880,2024-05-19T17:00:00Z,3.56,ng/m³
North Jakarta,bc_880,2024-05-20T17:00:00Z,4.16,ng/m³
North Jakarta,bc_880,2024-05-21T17:00:00Z,3.43,ng/m³
North Jakarta,bc_880,2024-05-22T17:00:00Z,3.83,ng/m³
North Jakarta,bc_880,2024-05-23T17:00:00Z,2.36,ng/m³
North Jakarta,bc_880,2024-05-24T17:00:00Z,2.72,ng/m³
North Jakarta,bc_880,2024-05-25T17:00:00Z,4.31,ng/m³
North Jakarta,bc_880,2024-05-26T17:00:00Z,4.69,ng/m³
North Jakarta,bc_880,2024-05-27T17:00:00Z,4.32,ng/m³
North Jakarta,bc_880,2024-05-28T17:00:00Z,3.09,ng/m³
North Jakarta,bc_880,2024-05-29T17:00:00Z,4.0,ng/m³
North Jakarta,bc_880,2024-05-30T17:00:00Z,4.14,ng/m³
North Jakarta,bc_880,2024-05-31T17:00:00Z,4.14,ng/m³
North Jakarta,bc_880,2024-06-01T17:00:00Z,2.94,ng/m³
North Jakarta,bc_880,2024-06-02T17:00:00Z,2.01,ng/m³
North Jakarta,bc_880,2024-06-03T17:00:00Z,4.16,ng/m³
North Jakarta,bc_880,2024-06-04T17:00:00Z,4.2,ng/m³
North Jakarta,bc_880,2024-06-05T17:00:00Z,3.15,ng/m³
North Jakarta,bc_880,2024-06-06T17:00:00Z,3.31,ng/m³
North Jakarta,bc_880,2024-06-07T17:00:00Z,4.19,ng/m³
North Jakarta,bc_880,2024-06-08T17:00:00Z,2.85,ng/m³
North Jakarta,bc_880,2024-06-09T17:00:00Z,3.36,ng/m³
North Jakarta,bc_880,2024-06-10T17:00:00Z,4.35,ng/m³
North Jakarta,bc_880,2024-06-11T17:00:00Z,3.51,ng/m³
North Jakarta,bc_880,2024-06-12T17:00:00Z,3.67,ng/m³
North Jakarta,bc_880,2024-06-13T17:00:00Z,3.58,ng/m³
North Jakarta,bc_880,2024-06-14T17:00:00Z,4.52,ng/m³
North Jakarta,bc_880,2024-06-15T17:00:00Z,1.91,ng/m³
North Jakarta,bc_880,2024-06-16T17:00:00Z,2.47,ng/m³
North Jakarta,bc_880,2024-06-17T17:00:00Z,3.96,ng/m³
North Jakarta,bc_880,2024-06-18T17:00:00Z,4.22,ng/m³
North Jakarta,bc_880,2024-06-19T17:00:00Z,3.99,ng/m³
North Jakarta,bc_880,2024-06-20T17:00:00Z,3.99,ng/m³
North Jakarta,bc_880,2024-06-21T17:00:00Z,4.54,ng/m³
North Jakarta,bc_880,2024-06-22T17:00:00Z,3.94,ng/m³
North Jakarta,bc_880,2024-06-23T17:00:00Z,3.54,ng/m³
North Jakarta,bc_880,2024-06-24T17:00:00Z,3.94,ng/m³
North Jakarta,bc_880,2024-06-25T17:00:00Z,5.49,ng/m³
North Jakarta,bc_880,2024-06-26T17:00:00Z,3.69,ng/m³
North Jakarta,bc_880,2024-06-27T17:00:00Z,3.98,ng/m³
North Jakarta,bc_880,2024-06-28T17:00:00Z,4.47,ng/m³
North Jakarta,bc_880,2024-06-29T17:00:00Z,2.2,ng/m³
North Jakarta,bc_880,2024-06-30T17:00:00Z,3.85,ng/m³
North Jakarta,bc_880,2024-07-01T17:00:00Z,3.79,ng/m³
North Jakarta,bc_880,2024-07-02T17:00:00Z,4.91,ng/m³
North Jakarta,bc_880,2024-07-03T17:00:00Z,3.55,ng/m³
North Jakarta,bc_880,2024-07-04T17:00:00Z,2.94,ng/m³
North Jakarta,bc_880,2024-07-05T17:00:00Z,2.76,ng/m³
North Jakarta,bc_880,2024-07-06T17:00:00Z,2.21,ng/m³
North Jakarta,bc_880,2024-07-07T17:00:00Z,1.4,ng/m³
North Jakarta,bc_880,2024-07-08T17:00:00Z,2.77,ng/m³
North Jakarta,bc_880,2024-07-09T17:00:00Z,4.67,ng/m³
North Jakarta,bc_880,2024-07-10T17:00:00Z,3.86,ng/m³
North Jakarta,bc_880,2024-07-11T17:00:00Z,3.99,ng/m³
North Jakarta,bc_880,2024-07-12T17:00:00Z,4.68,ng/m³
North Jakarta,bc_880,2024-07-13T17:00:00Z,3.56,ng/m³
North Jakarta,bc_880,2024-07-14T17:00:00Z,4.02,ng/m³
North Jakarta,bc_880,2024-07-15T17:00:00Z,3.81,ng/m³
North Jakarta,bc_880,2024-07-16T17:00:00Z,3.83,ng/m³
North Jakarta,bc_880,2024-07-17T17:00:00Z,3.13,ng/m³
North Jakarta,bc_880,2024-07-18T17:00:00Z,3.6,ng/m³
North Jakarta,bc_880,2024-07-19T17:00:00Z,3.71,ng/m³
North Jakarta,bc_880,2024-07-20T17:00:00Z,3.06,ng/m³
North Jakarta,bc_880,2024-07-21T17:00:00Z,2.99,ng/m³
North Jakarta,bc_880,2024-07-22T17:00:00Z,2.88,ng/m³
North Jakarta,bc_880,2024-07-23T17:00:00Z,4.55,ng/m³
North Jakarta,bc_880,2024-07-24T17:00:00Z,3.16,ng/m³
North Jakarta,bc_880,2024-07-25T17:00:00Z,3.85,ng/m³
North Jakarta,bc_880,2024-07-26T17:00:00Z,4.37,ng/m³
North Jakarta,bc_880,2024-07-27T17:00:00Z,3.9,ng/m³
North Jakarta,bc_880,2024-07-28T17:00:00Z,3.43,ng/m³
North Jakarta,bc_880,2024-07-29T17:00:00Z,4.6,ng/m³
North Jakarta,bc_880,2024-07-30T17:00:00Z,4.16,ng/m³
North Jakarta,bc_880,2024-07-31T17:00:00Z,3.9,ng/m³
North Jakarta,bc_880,2024-08-01T17:00:00Z,2.47,ng/m³
North Jakarta,bc_880,2024-08-02T17:00:00Z,3.06,ng/m³
North Jakarta,bc_880,2024-08-03T17:00:00Z,3.11,ng/m³
North Jakarta,bc_880,2024-08-04T17:00:00Z,2.56,ng/m³
North Jakarta,bc_880,2024-08-05T17:00:00Z,3.61,ng/m³
North Jakarta,bc_880,2024-08-06T17:00:00Z,3.84,ng/m³
North Jakarta,bc_880,2024-08-07T17:00:00Z,4.15,ng/m³
North Jakarta,bc_880,2024-08-08T17:00:00Z,3.45,ng/m³
North Jakarta,bc_880,2024-08-09T17:00:00Z,2.78,ng/m³
North Jakarta,bc_880,2024-08-10T17:00:00Z,2.49,ng/m³
North Jakarta,bc_880,2024-08-11T17:00:00Z,2.79,ng/m³
North Jakarta,bc_880,2024-08-12T17:00:00Z,4.69,ng/m³
North Jakarta,bc_880,2024-08-13T17:00:00Z,4.17,ng/m³
North Jakarta,bc_880,2024-08-14T17:00:00Z,3.46,ng/m³
North Jakarta,bc_880,2024-08-15T17:00:00Z,3.46,ng/m³
North Jakarta,bc_880,2024-08-16T17:00:00Z,3.32,ng/m³
North Jakarta,bc_880,2024-08-17T17:00:00Z,2.7,ng/m³
North Jakarta,bc_880,2024-08-18T17:00:00Z,3.34,ng/m³
North Jakarta,bc_880,2024-08-19T17:00:00Z,4.34,ng/m³
North Jakarta,bc_880,2024-08-20T17:00:00Z,4.19,ng/m³
North Jakarta,bc_880,2024-08-21T17:00:00Z,3.6,ng/m³
North Jakarta,bc_880,2024-08-22T17:00:00Z,2.9,ng/m³
North Jakarta,bc_880,2024-08-23T17:00:00Z,3.83,ng/m³
North Jakarta,bc_880,2024-08-24T17:00:00Z,2.73,ng/m³
North Jakarta,bc_880,2024-08-25T17:00:00Z,3.93,ng/m³
North Jakarta,bc_880,2024-08-26T17:00:00Z,6.82,ng/m³
North Jakarta,bc_880,2024-08-29T17:00:00Z,2.4,ng/m³
North Jakarta,bc_880,2024-08-30T17:00:00Z,2.67,ng/m³
North Jakarta,bc_880,2024-08-31T17:00:00Z,2.32,ng/m³
North Jakarta,bc_880,2024-09-01T17:00:00Z,2.21,ng/m³
North Jakarta,bc_880,2024-09-02T17:00:00Z,3.07,ng/m³
North Jakarta,bc_880,2024-09-03T17:00:00Z,2.18,ng/m³
North Jakarta,bc_880,2024-09-04T17:00:00Z,2.48,ng/m³
North Jakarta,bc_880,2024-09-05T17:00:00Z,2.75,ng/m³
North Jakarta,bc_880,2024-09-06T17:00:00Z,2.3,ng/m³
North Jakarta,bc_880,2024-09-07T17:00:00Z,1.97,ng/m³
North Jakarta,bc_880,2024-09-08T17:00:00Z,2.3,ng/m³
North Jakarta,bc_880,2024-09-09T17:00:00Z,3.26,ng/m³
North Jakarta,bc_880,2024-09-10T17:00:00Z,2.18,ng/m³
North Jakarta,bc_880,2024-09-11T17:00:00Z,2.61,ng/m³
North Jakarta,bc_880,2024-09-12T17:00:00Z,2.42,ng/m³
North Jakarta,bc_880,2024-09-13T17:00:00Z,3.11,ng/m³
North Jakarta,bc_880,2024-09-14T17:00:00Z,2.51,ng/m³
North Jakarta,bc_880,2024-09-15T17:00:00Z,3.54,ng/m³
North Jakarta,bc_880,2024-09-16T17:00:00Z,3.18,ng/m³
North Jakarta,bc_880,2024-09-17T17:00:00Z,3.15,ng/m³
North Jakarta,bc_880,2024-09-18T17:00:00Z,4.16,ng/m³
North Jakarta,bc_880,2024-09-19T17:00:00Z,3.36,ng/m³
North Jakarta,bc_880,2024-09-20T17:00:00Z,3.51,ng/m³
North Jakarta,bc_880,2024-09-21T17:00:00Z,2.71,ng/m³
North Jakarta,bc_880,2024-09-23T17:00:00Z,3.52,ng/m³
North Jakarta,bc_880,2024-09-24T17:00:00Z,3.5,ng/m³
North Jakarta,bc_880,2024-09-25T17:00:00Z,3.47,ng/m³
North Jakarta,bc_880,2024-09-26T17:00:00Z,3.12,ng/m³
North Jakarta,bc_880,2024-09-27T17:00:00Z,3.0,ng/m³
North Jakarta,bc_880,2024-09-28T17:00:00Z,2.63,ng/m³
North Jakarta,bc_880,2024-09-29T17:00:00Z,2.22,ng/m³
North Jakarta,bc_880,2024-09-30T17:00:00Z,3.42,ng/m³
North Jakarta,bc_880,2024-10-01T17:00:00Z,2.99,ng/m³
North Jakarta,bc_880,2024-10-02T17:00:00Z,3.61,ng/m³
North Jakarta,bc_880,2024-10-03T17:00:00Z,2.53,ng/m³
North Jakarta,bc_880,2024-10-04T17:00:00Z,3.06,ng/m³
North Jakarta,bc_880,2024-10-05T17:00:00Z,3.18,ng/m³
North Jakarta,bc_880,2024-10-06T17:00:00Z,3.87,ng/m³
North Jakarta,bc_880,2024-10-07T17:00:00Z,2.57,ng/m³
North Jakarta,bc_880,2024-10-08T17:00:00Z,2.8,ng/m³
North Jakarta,bc_880,2024-10-09T17:00:00Z,3.46,ng/m³
North Jakarta,bc_880,2024-10-10T17:00:00Z,2.73,ng/m³
North Jakarta,bc_880,2024-10-11T17:00:00Z,2.9,ng/m³
North Jakarta,bc_880,2024-10-12T17:00:00Z,3.12,ng/m³
North Jakarta,bc_880,2024-10-13T17:00:00Z,3.01,ng/m³
North Jakarta,bc_880,2024-10-14T17:00:00Z,2.51,ng/m³
North Jakarta,bc_880,2024-10-16T17:00:00Z,2.39,ng/m³
North Jakarta,bc_880,2024-10-17T17:00:00Z,2.91,ng/m³
North Jakarta,bc_880,2024-10-18T17:00:00Z,6.98,ng/m³
North Jakarta,bc_880,2024-10-19T17:00:00Z,1.63,ng/m³
North Jakarta,bc_880,2024-10-20T17:00:00Z,3.37,ng/m³
North Jakarta,bc_880,2024-10-21T17:00:00Z,3.39,ng/m³
North Jakarta,bc_880,2024-10-22T17:00:00Z,2.19,ng/m³
North Jakarta,bc_880,2024-10-23T17:00:00Z,2.32,ng/m³
North Jakarta,bc_880,2024-10-24T17:00:00Z,2.76,ng/m³
North Jakarta,bc_880,2024-10-25T17:00:00Z,2.22,ng/m³
North Jakarta,bc_880,2024-10-26T17:00:00Z,2.32,ng/m³
North Jakarta,bc_880,2024-10-27T17:00:00Z,2.97,ng/m³
North Jakarta,bc_880,2024-10-28T17:00:00Z,2.98,ng/m³
North Jakarta,bc_880,2024-10-29T17:00:00Z,2.94,ng/m³
North Jakarta,bc_880,2024-10-30T17:00:00Z,2.78,ng/m³
North Jakarta,bc_880,2024-10-31T17:00:00Z,3.44,ng/m³
North Jakarta,bc_880,2024-11-01T17:00:00Z,2.68,ng/m³
North Jakarta,bc_880,2024-11-02T17:00:00Z,2.46,ng/m³
North Jakarta,bc_880,2024-11-03T17:00:00Z,2.51,ng/m³
North Jakarta,bc_880,2024-11-04T17:00:00Z,2.36,ng/m³
North Jakarta,bc_880,2024-11-05T17:00:00Z,2.84,ng/m³
North Jakarta,bc_880,2024-11-06T17:00:00Z,4.15,ng/m³
North Jakarta,bc_880,2024-11-07T17:00:00Z,4.56,ng/m³
North Jakarta,bc_880,2024-11-10T17:00:00Z,2.83,ng/m³
North Jakarta,bc_880,2024-11-11T17:00:00Z,3.2,ng/m³
North Jakarta,bc_880,2024-11-12T17:00:00Z,4.01,ng/m³
North Jakarta,bc_880,2024-11-13T17:00:00Z,2.52,ng/m³
North Jakarta,bc_880,2024-11-14T17:00:00Z,3.0,ng/m³
North Jakarta,bc_880,2024-11-15T17:00:00Z,4.59,ng/m³
North Jakarta,bc_880,2024-11-16T17:00:00Z,4.03,ng/m³
North Jakarta,bc_880,2024-11-17T17:00:00Z,2.4,ng/m³
North Jakarta,bc_880,2024-11-18T17:00:00Z,2.58,ng/m³
North Jakarta,bc_880,2024-11-19T17:00:00Z,2.81,ng/m³
North Jakarta,bc_880,2024-11-20T17:00:00Z,2.03,ng/m³
North Jakarta,bc_880,2024-11-21T17:00:00Z,1.58,ng/m³
North Jakarta,bc_880,2024-11-22T17:00:00Z,1.81,ng/m³
North Jakarta,bc_880,2024-11-23T17:00:00Z,1.2,ng/m³
North Jakarta,bc_880,2024-11-24T17:00:00Z,1.82,ng/m³
North Jakarta,bc_880,2024-11-25T17:00:00Z,3.01,ng/m³
North Jakarta,bc_880,2024-11-26T17:00:00Z,1.6,ng/m³
North Jakarta,bc_880,2024-11-27T17:00:00Z,2.24,ng/m³
North Jakarta,bc_880,2024-11-28T17:00:00Z,1.11,ng/m³
North Jakarta,bc_880,2024-11-29T17:00:00Z,1.31,ng/m³
North Jakarta,bc_880,2024-11-30T17:00:00Z,0.769,ng/m³
North Jakarta,bc_880,2024-12-01T17:00:00Z,0.875,ng/m³
North Jakarta,bc_880,2024-12-02T17:00:00Z,0.803,ng/m³
North Jakarta,bc_880,2024-12-03T17:00:00Z,0.871,ng/m³
North Jakarta,bc_880,2024-12-04T17:00:00Z,1.41,ng/m³
North Jakarta,bc_880,2024-12-05T17:00:00Z,3.28,ng/m³
North Jakarta,bc_880,2024-12-06T17:00:00Z,6.16,ng/m³
North Jakarta,bc_880,2024-12-07T17:00:00Z,2.5,ng/m³
North Jakarta,bc_880,2024-12-08T17:00:00Z,3.0,ng/m³
North Jakarta,bc_880,2024-12-09T17:00:00Z,0.811,ng/m³
North Jakarta,bc_880,2024-12-10T17:00:00Z,0.981,ng/m³
North Jakarta,bc_880,2024-12-11T17:00:00Z,0.777,ng/m³
North Jakarta,bc_880,2024-12-12T17:00:00Z,1.18,ng/m³
North Jakarta,bc_880,2024-12-13T17:00:00Z,0.998,ng/m³
North Jakarta,bc_880,2024-12-14T17:00:00Z,0.962,ng/m³
North Jakarta,bc_880,2024-12-15T17:00:00Z,1.22,ng/m³
North Jakarta,bc_880,2024-12-16T17:00:00Z,1.37,ng/m³
North Jakarta,bc_880,2024-12-17T17:00:00Z,0.892,ng/m³
North Jakarta,bc_880,2024-12-18T17:00:00Z,1.35,ng/m³
North Jakarta,bc_880,2024-12-19T17:00:00Z,1.69,ng/m³
North Jakarta,bc_880,2024-12-20T17:00:00Z,1.58,ng/m³
North Jakarta,bc_880,2024-12-21T17:00:00Z,1.56,ng/m³
North Jakarta,bc_880,2024-12-22T17:00:00Z,3.25,ng/m³
North Jakarta,bc_880,2024-12-23T17:00:00Z,1.67,ng/m³
North Jakarta,bc_880,2024-12-24T17:00:00Z,2.25,ng/m³
North Jakarta,bc_880,2024-12-25T17:00:00Z,1.63,ng/m³
North Jakarta,bc_880,2024-12-26T17:00:00Z,2.11,ng/m³
North Jakarta,bc_880,2024-12-27T17:00:00Z,1.57,ng/m³
North Jakarta,bc_880,2024-12-28T17:00:00Z,1.55,ng/m³
North Jakarta,bc_880,2024-12-29T17:00:00Z,0.856,ng/m³
North Jakarta,bc_880,2024-12-30T17:00:00Z,1.01,ng/m³
North Jakarta,bc_880,2024-12-31T17:00:00Z,0.718,ng/m³
North Jakarta,bc_880,2025-01-01T17:00:00Z,1.22,ng/m³
North Jakarta,bc_880,2025-01-02T17:00:00Z,2.18,ng/m³
North Jakarta,bc_880,2025-01-03T17:00:00Z,1.12,ng/m³
North Jakarta,bc_880,2025-01-04T17:00:00Z,2.48,ng/m³
North Jakarta,bc_880,2025-01-05T17:00:00Z,2.16,ng/m³
North Jakarta,bc_880,2025-01-06T17:00:00Z,1.63,ng/m³
North Jakarta,bc_880,2025-01-07T17:00:00Z,1.09,ng/m³
North Jakarta,bc_880,2025-01-08T17:00:00Z,2.08,ng/m³
North Jakarta,bc_880,2025-01-09T17:00:00Z,2.39,ng/m³
North Jakarta,bc_880,2025-01-10T17:00:00Z,1.8,ng/m³
North Jakarta,bc_880,2025-01-11T17:00:00Z,1.12,ng/m³
North Jakarta,bc_880,2025-01-12T17:00:00Z,1.47,ng/m³
North Jakarta,bc_880,2025-01-13T17:00:00Z,1.53,ng/m³
North Jakarta,bc_880,2025-01-14T17:00:00Z,1.77,ng/m³
North Jakarta,bc_880,2025-01-15T17:00:00Z,1.79,ng/m³
North Jakarta,bc_880,2025-01-16T17:00:00Z,1.19,ng/m³
North Jakarta,bc_880,2025-01-17T17:00:00Z,1.26,ng/m³
North Jakarta,bc_880,2025-01-18T17:00:00Z,1.06,ng/m³
North Jakarta,bc_880,2025-01-19T17:00:00Z,1.85,ng/m³
North Jakarta,bc_880,2025-01-20T17:00:00Z,3.0,ng/m³
North Jakarta,bc_880,2025-01-21T17:00:00Z,2.04,ng/m³
North Jakarta,bc_880,2025-01-22T17:00:00Z,2.1,ng/m³
North Jakarta,bc_880,2025-01-23T17:00:00Z,2.88,ng/m³
North Jakarta,bc_880,2025-01-24T17:00:00Z,3.07,ng/m³
North Jakarta,bc_880,2025-01-25T17:00:00Z,1.45,ng/m³
North Jakarta,bc_880,2025-01-26T17:00:00Z,1.33,ng/m³
North Jakarta,bc_880,2025-01-27T17:00:00Z,1.54,ng/m³
North Jakarta,bc_880,2025-01-28T17:00:00Z,0.685,ng/m³
North Jakarta,bc_880,2025-01-29T17:00:00Z,0.782,ng/m³
North Jakarta,bc_880,2025-01-30T17:00:00Z,1.82,ng/m³
North Jakarta,bc_880,2025-01-31T17:00:00Z,1.74,ng/m³
North Jakarta,bc_880,2025-02-01T17:00:00Z,1.06,ng/m³
North Jakarta,bc_880,2025-02-02T17:00:00Z,1.3,ng/m³
North Jakarta,bc_880,2025-02-03T17:00:00Z,3.3,ng/m³
North Jakarta,bc_880,2025-02-04T17:00:00Z,1.48,ng/m³
North Jakarta,bc_880,2025-02-05T17:00:00Z,1.14,ng/m³
North Jakarta,bc_880,2025-02-06T17:00:00Z,1.97,ng/m³
North Jakarta,bc_880,2025-02-07T17:00:00Z,1.32,ng/m³
North Jakarta,bc_880,2025-02-08T17:00:00Z,1.09,ng/m³
North Jakarta,bc_880,2025-02-09T17:00:00Z,0.939,ng/m³
North Jakarta,bc_880,2025-02-10T17:00:00Z,1.72,ng/m³
North Jakarta,bc_880,2025-02-11T17:00:00Z,3.15,ng/m³
North Jakarta,bc_880,2025-02-12T17:00:00Z,3.98,ng/m³
North Jakarta,bc_880,2025-02-13T17:00:00Z,2.53,ng/m³
North Jakarta,bc_880,2025-02-14T17:00:00Z,1.47,ng/m³
North Jakarta,bc_880,2025-02-15T17:00:00Z,1.78,ng/m³
North Jakarta,bc_880,2025-02-16T17:00:00Z,2.42,ng/m³
North Jakarta,bc_880,2025-03-08T17:00:00Z,3.32,ng/m³
North Jakarta,bc_880,2025-03-09T17:00:00Z,3.81,ng/m³
North Jakarta,bc_880,2025-03-10T17:00:00Z,3.36,ng/m³
North Jakarta,bc_880,2025-03-11T17:00:00Z,1.99,ng/m³
North Jakarta,bc_880,2025-03-12T17:00:00Z,2.54,ng/m³
North Jakarta,bc_880,2025-03-13T17:00:00Z,1.87,ng/m³
North Jakarta,bc_880,2025-03-14T17:00:00Z,1.31,ng/m³
North Jakarta,bc_880,2025-03-15T17:00:00Z,0.87,ng/m³
North Jakarta,bc_880,2025-03-16T17:00:00Z,1.38,ng/m³
North Jakarta,bc_880,2025-03-17T17:00:00Z,1.46,ng/m³
North Jakarta,bc_880,2025-03-18T17:00:00Z,1.16,ng/m³
North Jakarta,bc_880,2025-03-19T17:00:00Z,1.64,ng/m³
North Jakarta,bc_880,2025-03-20T17:00:00Z,1.14,ng/m³
North Jakarta,bc_880,2025-03-21T17:00:00Z,2.46,ng/m³
North Jakarta,bc_880,2025-03-22T17:00:00Z,1.54,ng/m³
North Jakarta,bc_880,2025-03-23T17:00:00Z,1.3,ng/m³
North Jakarta,bc_880,2025-03-24T17:00:00Z,1.13,ng/m³
North Jakarta,bc_880,2025-03-25T17:00:00Z,3.04,ng/m³
North Jakarta,bc_880,2025-03-26T17:00:00Z,2.29,ng/m³
North Jakarta,bc_880,2025-03-27T17:00:00Z,0.547,ng/m³
North Jakarta,bc_880,2025-03-28T17:00:00Z,0.571,ng/m³
North Jakarta,bc_880,2025-03-29T17:00:00Z,0.698,ng/m³
North Jakarta,bc_880,2025-03-30T17:00:00Z,0.538,ng/m³
North Jakarta,bc_880,2025-03-31T17:00:00Z,0.801,ng/m³
North Jakarta,bc_880,2025-04-01T17:00:00Z,0.955,ng/m³
North Jakarta,bc_880,2025-04-02T17:00:00Z,1.16,ng/m³
North Jakarta,bc_880,2025-04-03T17:00:00Z,1.22,ng/m³
North Jakarta,bc_880,2025-04-04T17:00:00Z,1.99,ng/m³
North Jakarta,bc_880,2025-04-05T17:00:00Z,1.94,ng/m³
North Jakarta,bc_880,2025-04-06T17:00:00Z,2.16,ng/m³
North Jakarta,bc_880,2025-04-07T17:00:00Z,1.83,ng/m³
North Jakarta,bc_880,2025-04-08T17:00:00Z,2.94,ng/m³
North Jakarta,bc_880,2025-04-09T17:00:00Z,3.34,ng/m³
North Jakarta,bc_880,2025-04-10T17:00:00Z,3.78,ng/m³
North Jakarta,bc_880,2025-04-11T17:00:00Z,3.52,ng/m³
North Jakarta,bc_880,2025-04-12T17:00:00Z,1.81,ng/m³
North Jakarta,bc_880,2025-04-13T17:00:00Z,1.35,ng/m³
North Jakarta,bc_880,2025-04-14T17:00:00Z,2.49,ng/m³
North Jakarta,bc_880,2025-04-15T17:00:00Z,3.34,ng/m³
North Jakarta,bc_880,2025-04-16T17:00:00Z,2.92,ng/m³
North Jakarta,bc_880,2025-04-17T17:00:00Z,2.94,ng/m³
North Jakarta,bc_880,2025-04-18T17:00:00Z,2.51,ng/m³
North Jakarta,bc_880,2025-04-19T17:00:00Z,1.29,ng/m³
North Jakarta,bc_880,2025-04-20T17:00:00Z,2.82,ng/m³
North Jakarta,bc_880,2025-04-21T17:00:00Z,4.03,ng/m³
North Jakarta,bc_880,2025-04-22T17:00:00Z,2.69,ng/m³
North Jakarta,bc_880,2025-04-23T17:00:00Z,2.72,ng/m³
North Jakarta,bc_880,2025-04-24T17:00:00Z,2.35,ng/m³
North Jakarta,bc_880,2025-04-25T17:00:00Z,2.84,ng/m³
North Jakarta,bc_880,2025-04-26T17:00:00Z,2.35,ng/m³
North Jakarta,bc_880,2025-04-27T17:00:00Z,2.42,ng/m³
North Jakarta,bc_880,2025-04-28T17:00:00Z,3.4,ng/m³
North Jakarta,bc_880,2025-04-29T17:00:00Z,2.58,ng/m³
North Jakarta,bc_880,2025-04-30T17:00:00Z,2.8,ng/m³
North Jakarta,bc_880,2025-05-01T17:00:00Z,2.47,ng/m³
North Jakarta,bc_880,2025-05-02T17:00:00Z,4.17,ng/m³
North Jakarta,bc_880,2025-05-03T17:00:00Z,3.29,ng/m³
North Jakarta,bc_880,2025-05-04T17:00:00Z,3.69,ng/m³
North Jakarta,bc_880,2025-05-05T17:00:00Z,3.05,ng/m³
North Jakarta,bc_880,2025-05-06T17:00:00Z,4.59,ng/m³
North Jakarta,bc_880,2025-05-07T17:00:00Z,3.63,ng/m³
North Jakarta,bc_880,2025-05-08T17:00:00Z,2.84,ng/m³
North Jakarta,bc_880,2025-05-09T17:00:00Z,4.06,ng/m³
North Jakarta,bc_880,2025-05-10T17:00:00Z,2.99,ng/m³
North Jakarta,bc_880,2025-05-11T17:00:00Z,1.98,ng/m³
North Jakarta,bc_880,2025-05-25T17:00:00Z,1.62,ng/m³
North Jakarta,bc_880,2025-05-26T17:00:00Z,1.68,ng/m³
North Jakarta,bc_880,2025-05-27T17:00:00Z,4.99,ng/m³
North Jakarta,bc_880,2025-05-28T17:00:00Z,2.95,ng/m³
North Jakarta,bc_880,2025-05-29T17:00:00Z,3.47,ng/m³
North Jakarta,bc_880,2025-05-30T17:00:00Z,4.64,ng/m³
North Jakarta,bc_880,2025-05-31T17:00:00Z,5.07,ng/m³
North Jakarta,bc_880,2025-06-01T17:00:00Z,3.73,ng/m³
North Jakarta,bc_880,2025-06-02T17:00:00Z,3.36,ng/m³
North Jakarta,bc_880,2025-06-03T17:00:00Z,4.93,ng/m³
North Jakarta,bc_880,2025-06-04T17:00:00Z,5.58,ng/m³
North Jakarta,bc_880,2025-06-05T17:00:00Z,2.73,ng/m³
North Jakarta,bc_880,2025-06-06T17:00:00Z,4.55,ng/m³
North Jakarta,bc_880,2025-06-07T17:00:00Z,2.95,ng/m³
North Jakarta,bc_880,2025-06-08T17:00:00Z,3.75,ng/m³
North Jakarta,bc_880,2025-06-09T17:00:00Z,2.82,ng/m³
North Jakarta,bc_880,2025-06-10T17:00:00Z,2.9,ng/m³
North Jakarta,bc_880,2025-06-11T17:00:00Z,4.38,ng/m³
North Jakarta,bc_880,2025-06-12T17:00:00Z,3.88,ng/m³
North Jakarta,bc_880,2025-06-13T17:00:00Z,3.04,ng/m³
North Jakarta,bc_880,2025-06-14T17:00:00Z,3.1,ng/m³
North Jakarta,bc_880,2025-06-15T17:00:00Z,2.44,ng/m³
North Jakarta,bc_880,2025-06-16T17:00:00Z,2.28,ng/m³
North Jakarta,bc_880,2025-06-17T17:00:00Z,2.76,ng/m³
North Jakarta,bc_880,2025-06-18T17:00:00Z,5.26,ng/m³
North Jakarta,bc_880,2025-06-19T17:00:00Z,3.16,ng/m³
North Jakarta,bc_880,2025-06-20T17:00:00Z,2.73,ng/m³
North Jakarta,bc_880,2025-06-21T17:00:00Z,3.01,ng/m³
North Jakarta,bc_880,2025-06-22T17:00:00Z,1.84,ng/m³
North Jakarta,bc_880,2025-06-23T17:00:00Z,4.25,ng/m³
North Jakarta,bc_880,2025-06-24T17:00:00Z,5.09,ng/m³
North Jakarta,bc_880,2025-06-25T17:00:00Z,4.57,ng/m³
North Jakarta,bc_880,2025-06-26T17:00:00Z,3.32,ng/m³
North Jakarta,bc_880,2025-06-27T17:00:00Z,3.49,ng/m³
North Jakarta,bc_880,2025-06-28T17:00:00Z,4.65,ng/m³
North Jakarta,bc_880,2025-06-29T17:00:00Z,2.36,ng/m³
West Jakarta,bc_370,2023-09-29T17:00:00Z,9.01,ng/m³
West Jakarta,bc_370,2023-09-30T17:00:00Z,5.58,ng/m³
West Jakarta,bc_370,2023-10-02T17:00:00Z,5.22,ng/m³
West Jakarta,bc_370,2023-10-03T17:00:00Z,4.94,ng/m³
West Jakarta,bc_370,2023-10-04T17:00:00Z,4.09,ng/m³
West Jakarta,bc_370,2023-10-05T17:00:00Z,6.99,ng/m³
West Jakarta,bc_370,2023-10-06T17:00:00Z,7.62,ng/m³
West Jakarta,bc_370,2023-10-07T17:00:00Z,5.88,ng/m³
West Jakarta,bc_370,2023-10-08T17:00:00Z,7.27,ng/m³
West Jakarta,bc_370,2023-10-09T17:00:00Z,3.8,ng/m³
West Jakarta,bc_370,2023-10-10T17:00:00Z,4.09,ng/m³
West Jakarta,bc_370,2023-10-11T17:00:00Z,6.15,ng/m³
West Jakarta,bc_370,2023-10-12T17:00:00Z,5.77,ng/m³
West Jakarta,bc_370,2023-10-13T17:00:00Z,6.34,ng/m³
West Jakarta,bc_370,2023-10-14T17:00:00Z,4.82,ng/m³
West Jakarta,bc_370,2023-10-15T17:00:00Z,5.1,ng/m³
West Jakarta,bc_370,2023-10-16T17:00:00Z,7.81,ng/m³
West Jakarta,bc_370,2023-10-17T17:00:00Z,8.04,ng/m³
West Jakarta,bc_370,2023-10-19T17:00:00Z,6.7,ng/m³
West Jakarta,bc_370,2023-10-20T17:00:00Z,6.94,ng/m³
West Jakarta,bc_370,2023-10-21T17:00:00Z,5.46,ng/m³
West Jakarta,bc_370,2023-10-22T17:00:00Z,6.8,ng/m³
West Jakarta,bc_370,2023-10-23T17:00:00Z,7.03,ng/m³
West Jakarta,bc_370,2023-10-24T17:00:00Z,6.69,ng/m³
West Jakarta,bc_370,2023-10-25T17:00:00Z,7.37,ng/m³
West Jakarta,bc_370,2023-10-26T17:00:00Z,6.4,ng/m³
West Jakarta,bc_370,2023-10-27T17:00:00Z,6.06,ng/m³
West Jakarta,bc_370,2023-10-28T17:00:00Z,5.7,ng/m³
West Jakarta,bc_370,2023-10-29T17:00:00Z,6.2,ng/m³
West Jakarta,bc_370,2023-10-30T17:00:00Z,6.26,ng/m³
West Jakarta,bc_370,2023-10-31T17:00:00Z,6.06,ng/m³
West Jakarta,bc_370,2023-11-01T17:00:00Z,11.9,ng/m³
West Jakarta,bc_370,2023-11-13T17:00:00Z,5.27,ng/m³
West Jakarta,bc_370,2023-11-14T17:00:00Z,4.52,ng/m³
West Jakarta,bc_370,2023-11-15T17:00:00Z,5.18,ng/m³
West Jakarta,bc_370,2023-11-16T17:00:00Z,5.18,ng/m³
West Jakarta,bc_370,2023-11-17T17:00:00Z,6.2,ng/m³
West Jakarta,bc_370,2023-11-18T17:00:00Z,3.58,ng/m³
West Jakarta,bc_370,2023-11-19T17:00:00Z,3.89,ng/m³
West Jakarta,bc_370,2023-11-20T17:00:00Z,4.85,ng/m³
West Jakarta,bc_370,2023-11-21T17:00:00Z,3.64,ng/m³
West Jakarta,bc_370,2023-11-22T17:00:00Z,7.15,ng/m³
West Jakarta,bc_370,2023-11-23T17:00:00Z,8.25,ng/m³
West Jakarta,bc_370,2023-11-24T17:00:00Z,6.7,ng/m³
West Jakarta,bc_370,2023-11-25T17:00:00Z,5.23,ng/m³
West Jakarta,bc_370,2023-11-26T17:00:00Z,5.34,ng/m³
West Jakarta,bc_370,2023-11-27T17:00:00Z,7.13,ng/m³
West Jakarta,bc_370,2023-11-28T17:00:00Z,3.61,ng/m³
West Jakarta,bc_370,2023-11-29T17:00:00Z,4.48,ng/m³
West Jakarta,bc_370,2023-11-30T17:00:00Z,6.83,ng/m³
West Jakarta,bc_370,2023-12-04T17:00:00Z,3.58,ng/m³
West Jakarta,bc_370,2023-12-06T17:00:00Z,3.93,ng/m³
West Jakarta,bc_370,2023-12-07T17:00:00Z,5.83,ng/m³
West Jakarta,bc_370,2023-12-08T17:00:00Z,4.72,ng/m³
West Jakarta,bc_370,2023-12-09T17:00:00Z,5.2,ng/m³
West Jakarta,bc_370,2023-12-10T17:00:00Z,4.55,ng/m³
West Jakarta,bc_370,2023-12-11T17:00:00Z,4.48,ng/m³
West Jakarta,bc_370,2023-12-12T17:00:00Z,3.64,ng/m³
West Jakarta,bc_370,2023-12-13T17:00:00Z,3.41,ng/m³
West Jakarta,bc_370,2023-12-14T17:00:00Z,4.06,ng/m³
West Jakarta,bc_370,2023-12-15T17:00:00Z,3.2,ng/m³
West Jakarta,bc_370,2023-12-16T17:00:00Z,3.78,ng/m³
West Jakarta,bc_370,2023-12-17T17:00:00Z,3.15,ng/m³
West Jakarta,bc_370,2023-12-18T17:00:00Z,3.03,ng/m³
West Jakarta,bc_370,2023-12-19T17:00:00Z,3.89,ng/m³
West Jakarta,bc_370,2023-12-20T17:00:00Z,4.09,ng/m³
West Jakarta,bc_370,2023-12-21T17:00:00Z,4.61,ng/m³
West Jakarta,bc_370,2023-12-22T17:00:00Z,6.66,ng/m³
West Jakarta,bc_370,2023-12-23T17:00:00Z,5.6,ng/m³
West Jakarta,bc_370,2023-12-24T17:00:00Z,2.92,ng/m³
West Jakarta,bc_370,2023-12-25T17:00:00Z,5.3,ng/m³
West Jakarta,bc_370,2024-01-01T17:00:00Z,3.13,ng/m³
West Jakarta,bc_370,2024-01-02T17:00:00Z,3.45,ng/m³
West Jakarta,bc_370,2024-01-03T17:00:00Z,2.77,ng/m³
West Jakarta,bc_370,2024-01-04T17:00:00Z,3.77,ng/m³
West Jakarta,bc_370,2024-01-05T17:00:00Z,5.55,ng/m³
West Jakarta,bc_370,2024-01-06T17:00:00Z,6.05,ng/m³
West Jakarta,bc_370,2024-01-07T17:00:00Z,5.97,ng/m³
West Jakarta,bc_370,2024-01-08T17:00:00Z,5.72,ng/m³
West Jakarta,bc_370,2024-01-09T17:00:00Z,5.65,ng/m³
West Jakarta,bc_370,2024-01-10T17:00:00Z,3.26,ng/m³
West Jakarta,bc_370,2024-01-11T17:00:00Z,2.25,ng/m³
West Jakarta,bc_370,2024-01-12T17:00:00Z,3.66,ng/m³
West Jakarta,bc_370,2024-01-13T17:00:00Z,4.93,ng/m³
West Jakarta,bc_370,2024-01-14T17:00:00Z,2.94,ng/m³
West Jakarta,bc_370,2024-01-15T17:00:00Z,1.94,ng/m³
West Jakarta,bc_370,2024-01-16T17:00:00Z,5.67,ng/m³
West Jakarta,bc_370,2024-01-17T17:00:00Z,2.79,ng/m³
West Jakarta,bc_370,2024-01-18T17:00:00Z,1.99,ng/m³
West Jakarta,bc_370,2024-01-19T17:00:00Z,1.84,ng/m³
West Jakarta,bc_370,2024-01-20T17:00:00Z,1.83,ng/m³
West Jakarta,bc_370,2024-01-21T17:00:00Z,1.44,ng/m³
West Jakarta,bc_370,2024-01-22T17:00:00Z,2.08,ng/m³
West Jakarta,bc_370,2024-01-23T17:00:00Z,2.01,ng/m³
West Jakarta,bc_370,2024-01-30T17:00:00Z,5.71,ng/m³
West Jakarta,bc_370,2024-01-31T17:00:00Z,6.22,ng/m³
West Jakarta,bc_370,2024-02-01T17:00:00Z,4.55,ng/m³
West Jakarta,bc_370,2024-02-02T17:00:00Z,2.79,ng/m³
West Jakarta,bc_370,2024-02-03T17:00:00Z,2.07,ng/m³
West Jakarta,bc_370,2024-02-04T17:00:00Z,6.43,ng/m³
West Jakarta,bc_370,2024-02-05T17:00:00Z,6.0,ng/m³
West Jakarta,bc_370,2024-02-12T17:00:00Z,1.93,ng/m³
West Jakarta,bc_370,2024-02-13T17:00:00Z,2.21,ng/m³
West Jakarta,bc_370,2024-02-14T17:00:00Z,4.68,ng/m³
West Jakarta,bc_370,2024-02-15T17:00:00Z,7.18,ng/m³
West Jakarta,bc_370,2024-02-16T17:00:00Z,3.67,ng/m³
West Jakarta,bc_370,2024-02-17T17:00:00Z,4.23,ng/m³
West Jakarta,bc_370,2024-02-18T17:00:00Z,4.7,ng/m³
West Jakarta,bc_370,2024-02-19T17:00:00Z,5.3,ng/m³
West Jakarta,bc_370,2024-02-20T17:00:00Z,8.49,ng/m³
West Jakarta,bc_370,2024-02-21T17:00:00Z,3.3,ng/m³
West Jakarta,bc_370,2024-02-22T17:00:00Z,3.09,ng/m³
West Jakarta,bc_370,2024-02-23T17:00:00Z,2.51,ng/m³
West Jakarta,bc_370,2024-02-24T17:00:00Z,2.27,ng/m³
West Jakarta,bc_370,2024-02-25T17:00:00Z,3.42,ng/m³
West Jakarta,bc_370,2024-02-26T17:00:00Z,6.66,ng/m³
West Jakarta,bc_370,2024-02-27T17:00:00Z,4.98,ng/m³
West Jakarta,bc_370,2024-02-28T17:00:00Z,5.69,ng/m³
West Jakarta,bc_370,2024-02-29T17:00:00Z,6.05,ng/m³
West Jakarta,bc_370,2024-03-05T17:00:00Z,2.35,ng/m³
West Jakarta,bc_370,2024-03-06T17:00:00Z,1.35,ng/m³
West Jakarta,bc_370,2024-03-07T17:00:00Z,1.85,ng/m³
West Jakarta,bc_370,2024-03-08T17:00:00Z,6.54,ng/m³
West Jakarta,bc_370,2024-03-09T17:00:00Z,6.94,ng/m³
West Jakarta,bc_370,2024-03-10T17:00:00Z,3.59,ng/m³
West Jakarta,bc_370,2024-03-11T17:00:00Z,3.68,ng/m³
West Jakarta,bc_370,2024-03-12T17:00:00Z,3.77,ng/m³
West Jakarta,bc_370,2024-03-13T17:00:00Z,4.05,ng/m³
West Jakarta,bc_370,2024-03-14T17:00:00Z,1.91,ng/m³
West Jakarta,bc_370,2024-03-15T17:00:00Z,2.16,ng/m³
West Jakarta,bc_370,2024-03-16T17:00:00Z,2.02,ng/m³
West Jakarta,bc_370,2024-03-17T17:00:00Z,2.72,ng/m³
West Jakarta,bc_370,2024-03-18T17:00:00Z,2.62,ng/m³
West Jakarta,bc_370,2024-03-19T17:00:00Z,2.7,ng/m³
West Jakarta,bc_370,2024-03-20T17:00:00Z,4.67,ng/m³
West Jakarta,bc_370,2024-03-21T17:00:00Z,6.06,ng/m³
West Jakarta,bc_370,2024-03-22T17:00:00Z,8.92,ng/m³
West Jakarta,bc_370,2024-03-23T17:00:00Z,3.41,ng/m³
West Jakarta,bc_370,2024-03-24T17:00:00Z,3.73,ng/m³
West Jakarta,bc_370,2024-03-25T17:00:00Z,6.8,ng/m³
West Jakarta,bc_370,2024-03-26T17:00:00Z,9.9,ng/m³
West Jakarta,bc_370,2024-03-27T17:00:00Z,9.08,ng/m³
West Jakarta,bc_370,2024-03-28T17:00:00Z,6.74,ng/m³
West Jakarta,bc_370,2024-03-29T17:00:00Z,7.98,ng/m³
West Jakarta,bc_370,2024-03-30T17:00:00Z,7.51,ng/m³
West Jakarta,bc_370,2024-03-31T17:00:00Z,11.1,ng/m³
West Jakarta,bc_370,2024-04-01T17:00:00Z,7.76,ng/m³
West Jakarta,bc_370,2024-04-02T17:00:00Z,6.02,ng/m³
West Jakarta,bc_370,2024-04-03T17:00:00Z,8.27,ng/m³
West Jakarta,bc_370,2024-04-04T17:00:00Z,8.03,ng/m³
West Jakarta,bc_370,2024-04-05T17:00:00Z,4.7,ng/m³
West Jakarta,bc_370,2024-04-06T17:00:00Z,3.78,ng/m³
West Jakarta,bc_370,2024-04-07T17:00:00Z,3.07,ng/m³
West Jakarta,bc_370,2024-04-08T17:00:00Z,5.49,ng/m³
West Jakarta,bc_370,2024-04-09T17:00:00Z,3.02,ng/m³
West Jakarta,bc_370,2024-04-10T17:00:00Z,2.0,ng/m³
West Jakarta,bc_370,2024-04-11T17:00:00Z,1.92,ng/m³
West Jakarta,bc_370,2024-04-12T17:00:00Z,2.48,ng/m³
West Jakarta,bc_370,2024-04-13T17:00:00Z,2.05,ng/m³
West Jakarta,bc_370,2024-04-14T17:00:00Z,1.6,ng/m³
West Jakarta,bc_370,2024-04-15T17:00:00Z,2.76,ng/m³
West Jakarta,bc_370,2024-04-16T17:00:00Z,3.64,ng/m³
West Jakarta,bc_370,2024-04-17T17:00:00Z,3.61,ng/m³
West Jakarta,bc_370,2024-04-18T17:00:00Z,4.79,ng/m³
West Jakarta,bc_370,2024-04-19T17:00:00Z,5.72,ng/m³
West Jakarta,bc_370,2024-04-20T17:00:00Z,5.37,ng/m³
West Jakarta,bc_370,2024-04-21T17:00:00Z,5.54,ng/m³
West Jakarta,bc_370,2024-04-22T17:00:00Z,5.69,ng/m³
West Jakarta,bc_370,2024-04-23T17:00:00Z,5.78,ng/m³
West Jakarta,bc_370,2024-04-24T17:00:00Z,3.49,ng/m³
West Jakarta,bc_370,2024-04-25T17:00:00Z,3.56,ng/m³
West Jakarta,bc_370,2024-04-26T17:00:00Z,5.75,ng/m³
West Jakarta,bc_370,2024-04-27T17:00:00Z,3.27,ng/m³
West Jakarta,bc_370,2024-04-28T17:00:00Z,2.91,ng/m³
West Jakarta,bc_370,2024-04-29T17:00:00Z,4.33,ng/m³
West Jakarta,bc_370,2024-04-30T17:00:00Z,2.95,ng/m³
West Jakarta,bc_370,2024-05-01T17:00:00Z,4.59,ng/m³
West Jakarta,bc_370,2024-05-02T17:00:00Z,6.95,ng/m³
West Jakarta,bc_370,2024-05-03T17:00:00Z,6.99,ng/m³
West Jakarta,bc_370,2024-05-04T17:00:00Z,11.2,ng/m³
West Jakarta,bc_370,2024-05-05T17:00:00Z,10.2,ng/m³
West Jakarta,bc_370,2024-05-06T17:00:00Z,6.25,ng/m³
West Jakarta,bc_370,2024-05-07T17:00:00Z,7.92,ng/m³
West Jakarta,bc_370,2024-05-08T17:00:00Z,5.43,ng/m³
West Jakarta,bc_370,2024-05-09T17:00:00Z,2.98,ng/m³
West Jakarta,bc_370,2024-05-10T17:00:00Z,5.05,ng/m³
West Jakarta,bc_370,2024-05-11T17:00:00Z,3.71,ng/m³
West Jakarta,bc_370,2024-05-12T17:00:00Z,5.05,ng/m³
West Jakarta,bc_370,2024-05-13T17:00:00Z,7.71,ng/m³
West Jakarta,bc_370,2024-05-14T17:00:00Z,5.4,ng/m³
West Jakarta,bc_370,2024-05-15T17:00:00Z,5.34,ng/m³
West Jakarta,bc_370,2024-05-16T17:00:00Z,5.45,ng/m³
West Jakarta,bc_370,2024-05-17T17:00:00Z,5.98,ng/m³
West Jakarta,bc_370,2024-05-18T17:00:00Z,4.64,ng/m³
West Jakarta,bc_370,2024-05-19T17:00:00Z,6.12,ng/m³
West Jakarta,bc_370,2024-05-20T17:00:00Z,7.11,ng/m³
West Jakarta,bc_370,2024-05-21T17:00:00Z,4.13,ng/m³
West Jakarta,bc_370,2024-05-22T17:00:00Z,4.69,ng/m³
West Jakarta,bc_370,2024-05-23T17:00:00Z,5.27,ng/m³
West Jakarta,bc_370,2024-05-24T17:00:00Z,4.43,ng/m³
West Jakarta,bc_370,2024-05-25T17:00:00Z,6.54,ng/m³
West Jakarta,bc_370,2024-05-26T17:00:00Z,7.18,ng/m³
West Jakarta,bc_370,2024-05-27T17:00:00Z,6.51,ng/m³
West Jakarta,bc_370,2024-05-28T17:00:00Z,3.84,ng/m³
West Jakarta,bc_370,2024-05-29T17:00:00Z,6.23,ng/m³
West Jakarta,bc_370,2024-05-30T17:00:00Z,6.74,ng/m³
West Jakarta,bc_370,2024-05-31T17:00:00Z,7.99,ng/m³
West Jakarta,bc_370,2024-06-01T17:00:00Z,5.33,ng/m³
West Jakarta,bc_370,2024-06-02T17:00:00Z,4.06,ng/m³
West Jakarta,bc_370,2024-06-03T17:00:00Z,12.0,ng/m³
West Jakarta,bc_370,2024-06-04T17:00:00Z,6.12,ng/m³
West Jakarta,bc_370,2024-06-05T17:00:00Z,3.92,ng/m³
West Jakarta,bc_370,2024-06-06T17:00:00Z,7.45,ng/m³
West Jakarta,bc_370,2024-06-07T17:00:00Z,7.03,ng/m³
West Jakarta,bc_370,2024-06-08T17:00:00Z,5.55,ng/m³
West Jakarta,bc_370,2024-06-09T17:00:00Z,5.71,ng/m³
West Jakarta,bc_370,2024-06-10T17:00:00Z,6.38,ng/m³
West Jakarta,bc_370,2024-06-11T17:00:00Z,4.89,ng/m³
West Jakarta,bc_370,2024-06-12T17:00:00Z,4.54,ng/m³
West Jakarta,bc_370,2024-06-13T17:00:00Z,4.43,ng/m³
West Jakarta,bc_370,2024-06-14T17:00:00Z,5.09,ng/m³
West Jakarta,bc_370,2024-06-15T17:00:00Z,3.47,ng/m³
West Jakarta,bc_370,2024-06-16T17:00:00Z,3.83,ng/m³
West Jakarta,bc_370,2024-06-17T17:00:00Z,11.4,ng/m³
West Jakarta,bc_370,2024-06-18T17:00:00Z,5.4,ng/m³
West Jakarta,bc_370,2024-06-19T17:00:00Z,4.61,ng/m³
West Jakarta,bc_370,2024-06-20T17:00:00Z,6.22,ng/m³
West Jakarta,bc_370,2024-06-21T17:00:00Z,6.39,ng/m³
West Jakarta,bc_370,2024-06-22T17:00:00Z,6.39,ng/m³
West Jakarta,bc_370,2024-06-23T17:00:00Z,5.8,ng/m³
West Jakarta,bc_370,2024-06-24T17:00:00Z,7.2,ng/m³
West Jakarta,bc_370,2024-06-25T17:00:00Z,6.05,ng/m³
West Jakarta,bc_370,2024-06-26T17:00:00Z,4.5,ng/m³
West Jakarta,bc_370,2024-06-27T17:00:00Z,5.29,ng/m³
West Jakarta,bc_370,2024-06-28T17:00:00Z,6.25,ng/m³
West Jakarta,bc_370,2024-06-29T17:00:00Z,4.9,ng/m³
West Jakarta,bc_370,2024-06-30T17:00:00Z,5.15,ng/m³
West Jakarta,bc_370,2024-07-01T17:00:00Z,7.74,ng/m³
West Jakarta,bc_370,2024-07-02T17:00:00Z,8.57,ng/m³
West Jakarta,bc_370,2024-07-03T17:00:00Z,5.31,ng/m³
West Jakarta,bc_370,2024-07-04T17:00:00Z,4.43,ng/m³
West Jakarta,bc_370,2024-07-05T17:00:00Z,3.12,ng/m³
West Jakarta,bc_370,2024-07-06T17:00:00Z,2.3,ng/m³
West Jakarta,bc_370,2024-07-07T17:00:00Z,4.09,ng/m³
West Jakarta,bc_370,2024-07-08T17:00:00Z,3.73,ng/m³
West Jakarta,bc_370,2024-07-09T17:00:00Z,5.37,ng/m³
West Jakarta,bc_370,2024-07-10T17:00:00Z,6.58,ng/m³
West Jakarta,bc_370,2024-07-11T17:00:00Z,6.53,ng/m³
West Jakarta,bc_370,2024-07-12T17:00:00Z,9.71,ng/m³
West Jakarta,bc_370,2024-07-13T17:00:00Z,5.29,ng/m³
West Jakarta,bc_370,2024-07-14T17:00:00Z,6.14,ng/m³
West Jakarta,bc_370,2024-07-15T17:00:00Z,5.78,ng/m³
West Jakarta,bc_370,2024-07-16T17:00:00Z,6.17,ng/m³
West Jakarta,bc_370,2024-07-17T17:00:00Z,3.97,ng/m³
West Jakarta,bc_370,2024-07-18T17:00:00Z,4.94,ng/m³
West Jakarta,bc_370,2024-07-19T17:00:00Z,4.95,ng/m³
West Jakarta,bc_370,2024-07-23T17:00:00Z,3.71,ng/m³
West Jakarta,bc_370,2024-07-24T17:00:00Z,4.04,ng/m³
West Jakarta,bc_370,2024-07-25T17:00:00Z,5.2,ng/m³
West Jakarta,bc_370,2024-07-26T17:00:00Z,4.31,ng/m³
West Jakarta,bc_370,2024-07-27T17:00:00Z,5.34,ng/m³
West Jakarta,bc_370,2024-07-28T17:00:00Z,4.91,ng/m³
West Jakarta,bc_370,2024-07-29T17:00:00Z,6.01,ng/m³
West Jakarta,bc_370,2024-07-30T17:00:00Z,6.86,ng/m³
West Jakarta,bc_370,2024-07-31T17:00:00Z,6.36,ng/m³
West Jakarta,bc_370,2024-08-01T17:00:00Z,4.34,ng/m³
West Jakarta,bc_370,2024-08-02T17:00:00Z,4.72,ng/m³
West Jakarta,bc_370,2024-08-03T17:00:00Z,5.11,ng/m³
West Jakarta,bc_370,2024-08-04T17:00:00Z,3.34,ng/m³
West Jakarta,bc_370,2024-08-05T17:00:00Z,4.75,ng/m³
West Jakarta,bc_370,2024-08-06T17:00:00Z,5.6,ng/m³
West Jakarta,bc_370,2024-08-07T17:00:00Z,8.02,ng/m³
West Jakarta,bc_370,2024-08-08T17:00:00Z,4.51,ng/m³
West Jakarta,bc_370,2024-08-09T17:00:00Z,4.12,ng/m³
West Jakarta,bc_370,2024-08-10T17:00:00Z,3.62,ng/m³
West Jakarta,bc_370,2024-08-11T17:00:00Z,4.62,ng/m³
West Jakarta,bc_370,2024-08-12T17:00:00Z,7.73,ng/m³
West Jakarta,bc_370,2024-08-13T17:00:00Z,9.54,ng/m³
West Jakarta,bc_370,2024-08-15T17:00:00Z,7.08,ng/m³
West Jakarta,bc_370,2024-08-16T17:00:00Z,3.41,ng/m³
West Jakarta,bc_370,2024-08-18T17:00:00Z,3.49,ng/m³
West Jakarta,bc_370,2024-08-19T17:00:00Z,6.94,ng/m³
West Jakarta,bc_370,2024-08-20T17:00:00Z,7.1,ng/m³
West Jakarta,bc_370,2024-08-21T17:00:00Z,3.52,ng/m³
West Jakarta,bc_370,2024-08-22T17:00:00Z,3.26,ng/m³
West Jakarta,bc_370,2024-08-23T17:00:00Z,5.48,ng/m³
West Jakarta,bc_370,2024-08-24T17:00:00Z,4.12,ng/m³
West Jakarta,bc_370,2024-08-25T17:00:00Z,6.67,ng/m³
West Jakarta,bc_370,2024-08-26T17:00:00Z,8.12,ng/m³
West Jakarta,bc_370,2024-08-27T17:00:00Z,4.25,ng/m³
West Jakarta,bc_370,2024-08-28T17:00:00Z,6.3,ng/m³
West Jakarta,bc_370,2024-08-29T17:00:00Z,7.25,ng/m³
West Jakarta,bc_370,2024-08-30T17:00:00Z,3.98,ng/m³
West Jakarta,bc_370,2024-08-31T17:00:00Z,5.44,ng/m³
West Jakarta,bc_370,2024-09-01T17:00:00Z,2.16,ng/m³
West Jakarta,bc_370,2024-09-03T17:00:00Z,2.83,ng/m³
West Jakarta,bc_370,2024-09-04T17:00:00Z,5.28,ng/m³
West Jakarta,bc_370,2024-09-05T17:00:00Z,3.58,ng/m³
West Jakarta,bc_370,2024-09-06T17:00:00Z,3.04,ng/m³
West Jakarta,bc_370,2024-09-07T17:00:00Z,3.53,ng/m³
West Jakarta,bc_370,2024-09-08T17:00:00Z,3.23,ng/m³
West Jakarta,bc_370,2024-09-09T17:00:00Z,3.94,ng/m³
West Jakarta,bc_370,2024-09-10T17:00:00Z,4.09,ng/m³
West Jakarta,bc_370,2024-09-11T17:00:00Z,6.04,ng/m³
West Jakarta,bc_370,2024-09-12T17:00:00Z,4.36,ng/m³
West Jakarta,bc_370,2024-09-13T17:00:00Z,4.3,ng/m³
West Jakarta,bc_370,2024-09-14T17:00:00Z,5.08,ng/m³
West Jakarta,bc_370,2024-09-15T17:00:00Z,4.67,ng/m³
West Jakarta,bc_370,2024-09-16T17:00:00Z,4.74,ng/m³
West Jakarta,bc_370,2024-09-17T17:00:00Z,4.54,ng/m³
West Jakarta,bc_370,2024-09-18T17:00:00Z,3.91,ng/m³
West Jakarta,bc_370,2024-09-19T17:00:00Z,3.65,ng/m³
West Jakarta,bc_370,2024-09-20T17:00:00Z,5.33,ng/m³
West Jakarta,bc_370,2024-09-21T17:00:00Z,5.06,ng/m³
West Jakarta,bc_370,2024-09-22T17:00:00Z,4.42,ng/m³
West Jakarta,bc_370,2024-09-23T17:00:00Z,6.9,ng/m³
West Jakarta,bc_370,2024-09-24T17:00:00Z,6.78,ng/m³
West Jakarta,bc_370,2024-09-25T17:00:00Z,5.04,ng/m³
West Jakarta,bc_370,2024-09-26T17:00:00Z,5.07,ng/m³
West Jakarta,bc_370,2024-09-27T17:00:00Z,6.02,ng/m³
West Jakarta,bc_370,2024-09-28T17:00:00Z,5.28,ng/m³
West Jakarta,bc_370,2024-09-29T17:00:00Z,4.67,ng/m³
West Jakarta,bc_370,2024-09-30T17:00:00Z,6.71,ng/m³
West Jakarta,bc_370,2024-10-01T17:00:00Z,5.19,ng/m³
West Jakarta,bc_370,2024-10-02T17:00:00Z,6.41,ng/m³
West Jakarta,bc_370,2024-10-03T17:00:00Z,8.73,ng/m³
West Jakarta,bc_370,2024-10-06T17:00:00Z,5.3,ng/m³
West Jakarta,bc_370,2024-10-07T17:00:00Z,4.63,ng/m³
West Jakarta,bc_370,2024-10-08T17:00:00Z,5.08,ng/m³
West Jakarta,bc_370,2024-10-09T17:00:00Z,5.35,ng/m³
West Jakarta,bc_370,2024-10-10T17:00:00Z,4.8,ng/m³
West Jakarta,bc_370,2024-10-11T17:00:00Z,5.56,ng/m³
West Jakarta,bc_370,2024-10-12T17:00:00Z,7.07,ng/m³
West Jakarta,bc_370,2024-10-13T17:00:00Z,5.03,ng/m³
West Jakarta,bc_370,2024-10-16T17:00:00Z,3.41,ng/m³
West Jakarta,bc_370,2024-10-17T17:00:00Z,4.74,ng/m³
West Jakarta,bc_370,2024-10-18T17:00:00Z,10.1,ng/m³
West Jakarta,bc_370,2024-10-19T17:00:00Z,3.57,ng/m³
West Jakarta,bc_370,2024-10-20T17:00:00Z,4.23,ng/m³
West Jakarta,bc_370,2024-10-22T17:00:00Z,6.03,ng/m³
West Jakarta,bc_370,2024-10-24T17:00:00Z,4.1,ng/m³
West Jakarta,bc_370,2024-10-25T17:00:00Z,3.79,ng/m³
West Jakarta,bc_370,2024-10-26T17:00:00Z,3.67,ng/m³
West Jakarta,bc_370,2024-10-27T17:00:00Z,4.11,ng/m³
West Jakarta,bc_370,2024-10-28T17:00:00Z,4.89,ng/m³
West Jakarta,bc_370,2024-10-29T17:00:00Z,4.9,ng/m³
West Jakarta,bc_370,2024-10-30T17:00:00Z,5.6,ng/m³
West Jakarta,bc_370,2024-10-31T17:00:00Z,5.53,ng/m³
West Jakarta,bc_370,2024-11-01T17:00:00Z,6.03,ng/m³
West Jakarta,bc_370,2024-11-02T17:00:00Z,4.7,ng/m³
West Jakarta,bc_370,2024-11-03T17:00:00Z,4.17,ng/m³
West Jakarta,bc_370,2024-11-04T17:00:00Z,4.66,ng/m³
West Jakarta,bc_370,2024-11-05T17:00:00Z,4.2,ng/m³
West Jakarta,bc_370,2024-11-06T17:00:00Z,7.58,ng/m³
West Jakarta,bc_370,2024-11-07T17:00:00Z,5.95,ng/m³
West Jakarta,bc_370,2024-11-08T17:00:00Z,5.28,ng/m³
West Jakarta,bc_370,2024-11-09T17:00:00Z,5.16,ng/m³
West Jakarta,bc_370,2024-11-10T17:00:00Z,8.31,ng/m³
West Jakarta,bc_370,2024-11-11T17:00:00Z,9.29,ng/m³
West Jakarta,bc_370,2024-11-12T17:00:00Z,7.39,ng/m³
West Jakarta,bc_370,2024-11-13T17:00:00Z,8.57,ng/m³
West Jakarta,bc_370,2024-11-14T17:00:00Z,5.27,ng/m³
West Jakarta,bc_370,2024-11-15T17:00:00Z,6.99,ng/m³
West Jakarta,bc_370,2024-11-16T17:00:00Z,5.79,ng/m³
West Jakarta,bc_370,2024-11-17T17:00:00Z,4.26,ng/m³
West Jakarta,bc_370,2024-11-18T17:00:00Z,4.79,ng/m³
West Jakarta,bc_370,2024-11-19T17:00:00Z,4.89,ng/m³
West Jakarta,bc_370,2024-11-20T17:00:00Z,4.31,ng/m³
West Jakarta,bc_370,2024-11-21T17:00:00Z,2.86,ng/m³
West Jakarta,bc_370,2024-11-22T17:00:00Z,2.98,ng/m³
West Jakarta,bc_370,2024-11-23T17:00:00Z,3.18,ng/m³
West Jakarta,bc_370,2024-11-24T17:00:00Z,4.17,ng/m³
West Jakarta,bc_370,2024-11-25T17:00:00Z,6.02,ng/m³
West Jakarta,bc_370,2024-11-26T17:00:00Z,3.05,ng/m³
West Jakarta,bc_370,2024-11-27T17:00:00Z,3.8,ng/m³
West Jakarta,bc_370,2024-11-28T17:00:00Z,2.0,ng/m³
West Jakarta,bc_370,2024-11-29T17:00:00Z,2.51,ng/m³
West Jakarta,bc_370,2024-11-30T17:00:00Z,1.34,ng/m³
West Jakarta,bc_370,2024-12-01T17:00:00Z,1.55,ng/m³
West Jakarta,bc_370,2024-12-02T17:00:00Z,1.42,ng/m³
West Jakarta,bc_370,2024-12-03T17:00:00Z,1.51,ng/m³
West Jakarta,bc_370,2024-12-04T17:00:00Z,2.42,ng/m³
West Jakarta,bc_370,2024-12-05T17:00:00Z,7.05,ng/m³
West Jakarta,bc_370,2024-12-06T17:00:00Z,8.81,ng/m³
West Jakarta,bc_370,2024-12-07T17:00:00Z,3.22,ng/m³
West Jakarta,bc_370,2024-12-08T17:00:00Z,5.37,ng/m³
West Jakarta,bc_370,2024-12-09T17:00:00Z,2.13,ng/m³
West Jakarta,bc_370,2024-12-10T17:00:00Z,1.93,ng/m³
West Jakarta,bc_370,2024-12-11T17:00:00Z,1.61,ng/m³
West Jakarta,bc_370,2024-12-12T17:00:00Z,2.13,ng/m³
West Jakarta,bc_370,2024-12-13T17:00:00Z,2.25,ng/m³
West Jakarta,bc_370,2024-12-14T17:00:00Z,2.09,ng/m³
West Jakarta,bc_370,2024-12-15T17:00:00Z,2.77,ng/m³
West Jakarta,bc_370,2024-12-16T17:00:00Z,2.16,ng/m³
West Jakarta,bc_370,2024-12-17T17:00:00Z,1.49,ng/m³
West Jakarta,bc_370,2024-12-18T17:00:00Z,2.56,ng/m³
West Jakarta,bc_370,2024-12-19T17:00:00Z,3.15,ng/m³
West Jakarta,bc_370,2024-12-20T17:00:00Z,3.66,ng/m³
West Jakarta,bc_370,2024-12-21T17:00:00Z,3.56,ng/m³
West Jakarta,bc_370,2024-12-22T17:00:00Z,5.12,ng/m³
West Jakarta,bc_370,2024-12-23T17:00:00Z,2.64,ng/m³
West Jakarta,bc_370,2024-12-24T17:00:00Z,5.01,ng/m³
West Jakarta,bc_370,2024-12-25T17:00:00Z,3.83,ng/m³
West Jakarta,bc_370,2024-12-26T17:00:00Z,6.13,ng/m³
West Jakarta,bc_370,2024-12-27T17:00:00Z,3.79,ng/m³
West Jakarta,bc_370,2024-12-28T17:00:00Z,3.62,ng/m³
West Jakarta,bc_370,2024-12-29T17:00:00Z,1.31,ng/m³
West Jakarta,bc_370,2024-12-30T17:00:00Z,2.85,ng/m³
West Jakarta,bc_370,2024-12-31T17:00:00Z,1.77,ng/m³
West Jakarta,bc_370,2025-01-01T17:00:00Z,2.58,ng/m³
West Jakarta,bc_370,2025-01-02T17:00:00Z,5.29,ng/m³
West Jakarta,bc_370,2025-01-03T17:00:00Z,2.16,ng/m³
West Jakarta,bc_370,2025-01-04T17:00:00Z,3.94,ng/m³
West Jakarta,bc_370,2025-01-05T17:00:00Z,3.44,ng/m³
West Jakarta,bc_370,2025-01-06T17:00:00Z,2.57,ng/m³
West Jakarta,bc_370,2025-01-07T17:00:00Z,2.0,ng/m³
West Jakarta,bc_370,2025-01-08T17:00:00Z,3.58,ng/m³
West Jakarta,bc_370,2025-01-09T17:00:00Z,4.87,ng/m³
West Jakarta,bc_370,2025-01-10T17:00:00Z,3.16,ng/m³
West Jakarta,bc_370,2025-01-11T17:00:00Z,2.09,ng/m³
West Jakarta,bc_370,2025-01-12T17:00:00Z,2.04,ng/m³
West Jakarta,bc_370,2025-01-13T17:00:00Z,2.76,ng/m³
West Jakarta,bc_370,2025-01-14T17:00:00Z,2.92,ng/m³
West Jakarta,bc_370,2025-01-15T17:00:00Z,2.96,ng/m³
West Jakarta,bc_370,2025-01-16T17:00:00Z,2.87,ng/m³
West Jakarta,bc_370,2025-01-17T17:00:00Z,1.61,ng/m³
West Jakarta,bc_370,2025-01-18T17:00:00Z,2.51,ng/m³
West Jakarta,bc_370,2025-01-19T17:00:00Z,3.08,ng/m³
West Jakarta,bc_370,2025-01-20T17:00:00Z,4.52,ng/m³
West Jakarta,bc_370,2025-01-21T17:00:00Z,3.76,ng/m³
West Jakarta,bc_370,2025-01-22T17:00:00Z,4.68,ng/m³
West Jakarta,bc_370,2025-01-23T17:00:00Z,7.02,ng/m³
West Jakarta,bc_370,2025-01-24T17:00:00Z,5.53,ng/m³
West Jakarta,bc_370,2025-01-25T17:00:00Z,2.77,ng/m³
West Jakarta,bc_370,2025-01-26T17:00:00Z,2.52,ng/m³
West Jakarta,bc_370,2025-01-27T17:00:00Z,2.52,ng/m³
West Jakarta,bc_370,2025-01-28T17:00:00Z,1.27,ng/m³
West Jakarta,bc_370,2025-01-29T17:00:00Z,1.21,ng/m³
West Jakarta,bc_370,2025-01-30T17:00:00Z,3.85,ng/m³
West Jakarta,bc_370,2025-01-31T17:00:00Z,2.95,ng/m³
West Jakarta,bc_370,2025-02-01T17:00:00Z,1.57,ng/m³
West Jakarta,bc_370,2025-02-02T17:00:00Z,3.22,ng/m³
West Jakarta,bc_370,2025-02-03T17:00:00Z,5.74,ng/m³
West Jakarta,bc_370,2025-02-04T17:00:00Z,3.21,ng/m³
West Jakarta,bc_370,2025-02-05T17:00:00Z,1.87,ng/m³
West Jakarta,bc_370,2025-02-06T17:00:00Z,2.49,ng/m³
West Jakarta,bc_370,2025-02-07T17:00:00Z,2.41,ng/m³
West Jakarta,bc_370,2025-02-08T17:00:00Z,2.0,ng/m³
West Jakarta,bc_370,2025-02-09T17:00:00Z,2.06,ng/m³
West Jakarta,bc_370,2025-02-10T17:00:00Z,3.94,ng/m³
West Jakarta,bc_370,2025-02-11T17:00:00Z,5.78,ng/m³
West Jakarta,bc_370,2025-02-12T17:00:00Z,4.41,ng/m³
West Jakarta,bc_370,2025-02-13T17:00:00Z,2.99,ng/m³
West Jakarta,bc_370,2025-02-14T17:00:00Z,3.6,ng/m³
West Jakarta,bc_370,2025-02-15T17:00:00Z,4.66,ng/m³
West Jakarta,bc_370,2025-02-16T17:00:00Z,4.5,ng/m³
West Jakarta,bc_370,2025-02-17T17:00:00Z,5.77,ng/m³
West Jakarta,bc_370,2025-02-21T17:00:00Z,4.93,ng/m³
West Jakarta,bc_370,2025-02-22T17:00:00Z,5.33,ng/m³
West Jakarta,bc_370,2025-02-23T17:00:00Z,3.54,ng/m³
West Jakarta,bc_370,2025-02-24T17:00:00Z,4.47,ng/m³
West Jakarta,bc_370,2025-02-25T17:00:00Z,5.1,ng/m³
West Jakarta,bc_370,2025-02-26T17:00:00Z,7.15,ng/m³
West Jakarta,bc_370,2025-02-27T17:00:00Z,3.49,ng/m³
West Jakarta,bc_370,2025-02-28T17:00:00Z,4.01,ng/m³
West Jakarta,bc_370,2025-03-01T17:00:00Z,6.06,ng/m³
West Jakarta,bc_370,2025-03-02T17:00:00Z,2.79,ng/m³
West Jakarta,bc_370,2025-03-03T17:00:00Z,2.33,ng/m³
West Jakarta,bc_370,2025-03-04T17:00:00Z,3.78,ng/m³
West Jakarta,bc_370,2025-03-05T17:00:00Z,6.35,ng/m³
West Jakarta,bc_370,2025-03-08T17:00:00Z,4.82,ng/m³
West Jakarta,bc_370,2025-03-09T17:00:00Z,5.12,ng/m³
West Jakarta,bc_370,2025-03-10T17:00:00Z,7.83,ng/m³
West Jakarta,bc_370,2025-03-11T17:00:00Z,2.72,ng/m³
West Jakarta,bc_370,2025-03-12T17:00:00Z,4.86,ng/m³
West Jakarta,bc_370,2025-03-16T17:00:00Z,1.4,ng/m³
West Jakarta,bc_370,2025-03-17T17:00:00Z,2.5,ng/m³
West Jakarta,bc_370,2025-03-18T17:00:00Z,1.52,ng/m³
West Jakarta,bc_370,2025-03-19T17:00:00Z,3.38,ng/m³
West Jakarta,bc_370,2025-03-20T17:00:00Z,1.71,ng/m³
West Jakarta,bc_370,2025-03-21T17:00:00Z,6.22,ng/m³
West Jakarta,bc_370,2025-03-22T17:00:00Z,3.05,ng/m³
West Jakarta,bc_370,2025-03-23T17:00:00Z,2.73,ng/m³
West Jakarta,bc_370,2025-03-24T17:00:00Z,2.63,ng/m³
West Jakarta,bc_370,2025-03-25T17:00:00Z,4.75,ng/m³
West Jakarta,bc_370,2025-03-26T17:00:00Z,4.77,ng/m³
West Jakarta,bc_370,2025-03-27T17:00:00Z,1.5,ng/m³
West Jakarta,bc_370,2025-03-28T17:00:00Z,1.54,ng/m³
West Jakarta,bc_370,2025-03-29T17:00:00Z,1.86,ng/m³
West Jakarta,bc_370,2025-03-30T17:00:00Z,1.01,ng/m³
West Jakarta,bc_370,2025-03-31T17:00:00Z,1.56,ng/m³
West Jakarta,bc_370,2025-04-01T17:00:00Z,1.37,ng/m³
West Jakarta,bc_370,2025-04-02T17:00:00Z,1.72,ng/m³
West Jakarta,bc_370,2025-04-03T17:00:00Z,3.41,ng/m³
West Jakarta,bc_370,2025-04-04T17:00:00Z,3.53,ng/m³
West Jakarta,bc_370,2025-04-05T17:00:00Z,3.7,ng/m³
West Jakarta,bc_370,2025-04-06T17:00:00Z,4.13,ng/m³
West Jakarta,bc_370,2025-04-07T17:00:00Z,3.23,ng/m³
West Jakarta,bc_370,2025-04-08T17:00:00Z,3.93,ng/m³
West Jakarta,bc_370,2025-04-09T17:00:00Z,5.21,ng/m³
West Jakarta,bc_370,2025-04-10T17:00:00Z,4.84,ng/m³
West Jakarta,bc_370,2025-04-11T17:00:00Z,4.21,ng/m³
West Jakarta,bc_370,2025-04-12T17:00:00Z,3.04,ng/m³
West Jakarta,bc_370,2025-04-13T17:00:00Z,2.48,ng/m³
West Jakarta,bc_370,2025-04-14T17:00:00Z,5.3,ng/m³
West Jakarta,bc_370,2025-04-15T17:00:00Z,5.11,ng/m³
West Jakarta,bc_370,2025-04-16T17:00:00Z,5.32,ng/m³
West Jakarta,bc_370,2025-04-17T17:00:00Z,4.86,ng/m³
West Jakarta,bc_370,2025-04-18T17:00:00Z,3.65,ng/m³
West Jakarta,bc_370,2025-04-19T17:00:00Z,2.84,ng/m³
West Jakarta,bc_370,2025-04-20T17:00:00Z,3.67,ng/m³
West Jakarta,bc_370,2025-04-21T17:00:00Z,6.31,ng/m³
West Jakarta,bc_370,2025-04-22T17:00:00Z,3.25,ng/m³
West Jakarta,bc_370,2025-04-23T17:00:00Z,2.87,ng/m³
West Jakarta,bc_370,2025-04-24T17:00:00Z,5.32,ng/m³
West Jakarta,bc_370,2025-04-25T17:00:00Z,3.51,ng/m³
West Jakarta,bc_370,2025-04-26T17:00:00Z,3.55,ng/m³
West Jakarta,bc_370,2025-04-27T17:00:00Z,3.06,ng/m³
West Jakarta,bc_370,2025-04-28T17:00:00Z,3.25,ng/m³
West Jakarta,bc_370,2025-04-29T17:00:00Z,3.95,ng/m³
West Jakarta,bc_370,2025-04-30T17:00:00Z,4.77,ng/m³
West Jakarta,bc_370,2025-05-01T17:00:00Z,3.9,ng/m³
West Jakarta,bc_370,2025-05-02T17:00:00Z,4.36,ng/m³
West Jakarta,bc_370,2025-05-03T17:00:00Z,4.76,ng/m³
West Jakarta,bc_370,2025-05-04T17:00:00Z,6.17,ng/m³
West Jakarta,bc_370,2025-05-05T17:00:00Z,5.48,ng/m³
West Jakarta,bc_370,2025-05-06T17:00:00Z,8.18,ng/m³
West Jakarta,bc_370,2025-05-07T17:00:00Z,6.6,ng/m³
West Jakarta,bc_370,2025-05-08T17:00:00Z,4.88,ng/m³
West Jakarta,bc_370,2025-05-27T17:00:00Z,4.65,ng/m³
West Jakarta,bc_370,2025-05-28T17:00:00Z,3.66,ng/m³
West Jakarta,bc_370,2025-05-29T17:00:00Z,3.74,ng/m³
West Jakarta,bc_370,2025-05-30T17:00:00Z,6.83,ng/m³
West Jakarta,bc_370,2025-05-31T17:00:00Z,5.8,ng/m³
West Jakarta,bc_370,2025-06-01T17:00:00Z,5.79,ng/m³
West Jakarta,bc_370,2025-06-02T17:00:00Z,7.3,ng/m³
West Jakarta,bc_370,2025-06-03T17:00:00Z,8.32,ng/m³
West Jakarta,bc_370,2025-06-04T17:00:00Z,6.61,ng/m³
West Jakarta,bc_370,2025-06-05T17:00:00Z,4.21,ng/m³
West Jakarta,bc_370,2025-06-06T17:00:00Z,7.35,ng/m³
West Jakarta,bc_370,2025-06-07T17:00:00Z,4.52,ng/m³
West Jakarta,bc_370,2025-06-08T17:00:00Z,5.37,ng/m³
West Jakarta,bc_370,2025-06-09T17:00:00Z,4.67,ng/m³
West Jakarta,bc_370,2025-06-10T17:00:00Z,3.38,ng/m³
West Jakarta,bc_370,2025-06-11T17:00:00Z,4.74,ng/m³
West Jakarta,bc_370,2025-06-12T17:00:00Z,5.04,ng/m³
West Jakarta,bc_370,2025-06-13T17:00:00Z,4.96,ng/m³
West Jakarta,bc_370,2025-06-14T17:00:00Z,5.43,ng/m³
West Jakarta,bc_370,2025-06-15T17:00:00Z,2.79,ng/m³
West Jakarta,bc_370,2025-06-16T17:00:00Z,2.96,ng/m³
West Jakarta,bc_370,2025-06-17T17:00:00Z,5.13,ng/m³
West Jakarta,bc_370,2025-06-18T17:00:00Z,7.96,ng/m³
West Jakarta,bc_370,2025-06-19T17:00:00Z,5.97,ng/m³
West Jakarta,bc_370,2025-06-20T17:00:00Z,5.03,ng/m³
West Jakarta,bc_370,2025-06-21T17:00:00Z,4.83,ng/m³
West Jakarta,bc_370,2025-06-22T17:00:00Z,2.58,ng/m³
West Jakarta,bc_370,2025-06-23T17:00:00Z,6.87,ng/m³
West Jakarta,bc_370,2025-06-24T17:00:00Z,8.25,ng/m³
West Jakarta,bc_370,2025-06-25T17:00:00Z,5.16,ng/m³
West Jakarta,bc_370,2025-06-26T17:00:00Z,5.91,ng/m³
West Jakarta,bc_370,2025-06-27T17:00:00Z,6.96,ng/m³
West Jakarta,bc_370,2025-06-28T17:00:00Z,8.43,ng/m³
West Jakarta,bc_370,2025-06-29T17:00:00Z,2.26,ng/m³
West Jakarta,bc_880,2023-09-29T17:00:00Z,6.48,ng/m³
West Jakarta,bc_880,2023-09-30T17:00:00Z,4.31,ng/m³
West Jakarta,bc_880,2023-10-02T17:00:00Z,3.89,ng/m³
West Jakarta,bc_880,2023-10-03T17:00:00Z,3.74,ng/m³
West Jakarta,bc_880,2023-10-04T17:00:00Z,3.18,ng/m³
West Jakarta,bc_880,2023-10-05T17:00:00Z,5.78,ng/m³
West Jakarta,bc_880,2023-10-06T17:00:00Z,5.59,ng/m³
West Jakarta,bc_880,2023-10-07T17:00:00Z,4.29,ng/m³
West Jakarta,bc_880,2023-10-08T17:00:00Z,5.27,ng/m³
West Jakarta,bc_880,2023-10-09T17:00:00Z,3.26,ng/m³
West Jakarta,bc_880,2023-10-10T17:00:00Z,3.29,ng/m³
West Jakarta,bc_880,2023-10-11T17:00:00Z,5.13,ng/m³
West Jakarta,bc_880,2023-10-12T17:00:00Z,4.95,ng/m³
West Jakarta,bc_880,2023-10-13T17:00:00Z,5.21,ng/m³
West Jakarta,bc_880,2023-10-14T17:00:00Z,3.77,ng/m³
West Jakarta,bc_880,2023-10-15T17:00:00Z,3.88,ng/m³
West Jakarta,bc_880,2023-10-16T17:00:00Z,5.65,ng/m³
West Jakarta,bc_880,2023-10-17T17:00:00Z,5.7,ng/m³
West Jakarta,bc_880,2023-10-19T17:00:00Z,5.01,ng/m³
West Jakarta,bc_880,2023-10-20T17:00:00Z,5.31,ng/m³
West Jakarta,bc_880,2023-10-21T17:00:00Z,4.42,ng/m³
West Jakarta,bc_880,2023-10-22T17:00:00Z,5.18,ng/m³
West Jakarta,bc_880,2023-10-23T17:00:00Z,5.48,ng/m³
West Jakarta,bc_880,2023-10-24T17:00:00Z,5.23,ng/m³
West Jakarta,bc_880,2023-10-25T17:00:00Z,5.8,ng/m³
West Jakarta,bc_880,2023-10-26T17:00:00Z,5.05,ng/m³
West Jakarta,bc_880,2023-10-27T17:00:00Z,4.64,ng/m³
West Jakarta,bc_880,2023-10-28T17:00:00Z,4.4,ng/m³
West Jakarta,bc_880,2023-10-29T17:00:00Z,4.82,ng/m³
West Jakarta,bc_880,2023-10-30T17:00:00Z,4.84,ng/m³
West Jakarta,bc_880,2023-10-31T17:00:00Z,4.75,ng/m³
West Jakarta,bc_880,2023-11-01T17:00:00Z,10.3,ng/m³
West Jakarta,bc_880,2023-11-13T17:00:00Z,4.3,ng/m³
West Jakarta,bc_880,2023-11-14T17:00:00Z,3.52,ng/m³
West Jakarta,bc_880,2023-11-15T17:00:00Z,4.35,ng/m³
West Jakarta,bc_880,2023-11-16T17:00:00Z,4.26,ng/m³
West Jakarta,bc_880,2023-11-17T17:00:00Z,5.2,ng/m³
West Jakarta,bc_880,2023-11-18T17:00:00Z,2.89,ng/m³
West Jakarta,bc_880,2023-11-19T17:00:00Z,2.75,ng/m³
West Jakarta,bc_880,2023-11-20T17:00:00Z,3.84,ng/m³
West Jakarta,bc_880,2023-11-21T17:00:00Z,2.78,ng/m³
West Jakarta,bc_880,2023-11-22T17:00:00Z,5.39,ng/m³
West Jakarta,bc_880,2023-11-23T17:00:00Z,6.49,ng/m³
West Jakarta,bc_880,2023-11-24T17:00:00Z,5.02,ng/m³
West Jakarta,bc_880,2023-11-25T17:00:00Z,3.76,ng/m³
West Jakarta,bc_880,2023-11-26T17:00:00Z,3.67,ng/m³
West Jakarta,bc_880,2023-11-27T17:00:00Z,5.15,ng/m³
West Jakarta,bc_880,2023-11-28T17:00:00Z,2.8,ng/m³
West Jakarta,bc_880,2023-11-29T17:00:00Z,3.58,ng/m³
West Jakarta,bc_880,2023-11-30T17:00:00Z,5.31,ng/m³
West Jakarta,bc_880,2023-12-04T17:00:00Z,2.89,ng/m³
West Jakarta,bc_880,2023-12-06T17:00:00Z,2.86,ng/m³
West Jakarta,bc_880,2023-12-07T17:00:00Z,4.07,ng/m³
West Jakarta,bc_880,2023-12-08T17:00:00Z,3.37,ng/m³
West Jakarta,bc_880,2023-12-09T17:00:00Z,3.78,ng/m³
West Jakarta,bc_880,2023-12-10T17:00:00Z,3.17,ng/m³
West Jakarta,bc_880,2023-12-11T17:00:00Z,3.21,ng/m³
West Jakarta,bc_880,2023-12-12T17:00:00Z,2.64,ng/m³
West Jakarta,bc_880,2023-12-13T17:00:00Z,2.38,ng/m³
West Jakarta,bc_880,2023-12-14T17:00:00Z,2.94,ng/m³
West Jakarta,bc_880,2023-12-15T17:00:00Z,2.28,ng/m³
West Jakarta,bc_880,2023-12-16T17:00:00Z,2.78,ng/m³
West Jakarta,bc_880,2023-12-17T17:00:00Z,2.28,ng/m³
West Jakarta,bc_880,2023-12-18T17:00:00Z,2.22,ng/m³
West Jakarta,bc_880,2023-12-19T17:00:00Z,2.62,ng/m³
West Jakarta,bc_880,2023-12-20T17:00:00Z,2.96,ng/m³
West Jakarta,bc_880,2023-12-21T17:00:00Z,3.42,ng/m³
West Jakarta,bc_880,2023-12-22T17:00:00Z,5.01,ng/m³
West Jakarta,bc_880,2023-12-23T17:00:00Z,3.93,ng/m³
West Jakarta,bc_880,2023-12-24T17:00:00Z,2.24,ng/m³
West Jakarta,bc_880,2023-12-25T17:00:00Z,3.97,ng/m³
West Jakarta,bc_880,2024-01-01T17:00:00Z,2.02,ng/m³
West Jakarta,bc_880,2024-01-02T17:00:00Z,2.58,ng/m³
West Jakarta,bc_880,2024-01-03T17:00:00Z,1.96,ng/m³
West Jakarta,bc_880,2024-01-04T17:00:00Z,3.29,ng/m³
West Jakarta,bc_880,2024-01-05T17:00:00Z,4.09,ng/m³
West Jakarta,bc_880,2024-01-06T17:00:00Z,4.07,ng/m³
West Jakarta,bc_880,2024-01-07T17:00:00Z,4.11,ng/m³
West Jakarta,bc_880,2024-01-08T17:00:00Z,4.04,ng/m³
West Jakarta,bc_880,2024-01-09T17:00:00Z,3.74,ng/m³
West Jakarta,bc_880,2024-01-10T17:00:00Z,2.36,ng/m³
West Jakarta,bc_880,2024-01-11T17:00:00Z,1.56,ng/m³
West Jakarta,bc_880,2024-01-12T17:00:00Z,2.5,ng/m³
West Jakarta,bc_880,2024-01-13T17:00:00Z,3.14,ng/m³
West Jakarta,bc_880,2024-01-14T17:00:00Z,2.07,ng/m³
West Jakarta,bc_880,2024-01-15T17:00:00Z,1.37,ng/m³
West Jakarta,bc_880,2024-01-16T17:00:00Z,4.57,ng/m³
West Jakarta,bc_880,2024-01-17T17:00:00Z,2.1,ng/m³
West Jakarta,bc_880,2024-01-18T17:00:00Z,1.55,ng/m³
West Jakarta,bc_880,2024-01-19T17:00:00Z,1.44,ng/m³
West Jakarta,bc_880,2024-01-20T17:00:00Z,1.45,ng/m³
West Jakarta,bc_880,2024-01-21T17:00:00Z,1.04,ng/m³
West Jakarta,bc_880,2024-01-22T17:00:00Z,1.42,ng/m³
West Jakarta,bc_880,2024-01-23T17:00:00Z,1.68,ng/m³
West Jakarta,bc_880,2024-01-30T17:00:00Z,3.55,ng/m³
West Jakarta,bc_880,2024-01-31T17:00:00Z,4.56,ng/m³
West Jakarta,bc_880,2024-02-01T17:00:00Z,3.56,ng/m³
West Jakarta,bc_880,2024-02-02T17:00:00Z,2.18,ng/m³
West Jakarta,bc_880,2024-02-03T17:00:00Z,1.39,ng/m³
West Jakarta,bc_880,2024-02-04T17:00:00Z,4.71,ng/m³
West Jakarta,bc_880,2024-02-05T17:00:00Z,4.45,ng/m³
West Jakarta,bc_880,2024-02-12T17:00:00Z,1.46,ng/m³
West Jakarta,bc_880,2024-02-13T17:00:00Z,1.61,ng/m³
West Jakarta,bc_880,2024-02-14T17:00:00Z,3.4,ng/m³
West Jakarta,bc_880,2024-02-15T17:00:00Z,5.05,ng/m³
West Jakarta,bc_880,2024-02-16T17:00:00Z,2.48,ng/m³
West Jakarta,bc_880,2024-02-17T17:00:00Z,2.78,ng/m³
West Jakarta,bc_880,2024-02-18T17:00:00Z,3.59,ng/m³
West Jakarta,bc_880,2024-02-19T17:00:00Z,3.81,ng/m³
West Jakarta,bc_880,2024-02-20T17:00:00Z,5.98,ng/m³
West Jakarta,bc_880,2024-02-21T17:00:00Z,2.29,ng/m³
West Jakarta,bc_880,2024-02-22T17:00:00Z,2.2,ng/m³
West Jakarta,bc_880,2024-02-23T17:00:00Z,1.98,ng/m³
West Jakarta,bc_880,2024-02-24T17:00:00Z,1.62,ng/m³
West Jakarta,bc_880,2024-02-25T17:00:00Z,2.53,ng/m³
West Jakarta,bc_880,2024-02-26T17:00:00Z,4.47,ng/m³
West Jakarta,bc_880,2024-02-27T17:00:00Z,3.77,ng/m³
West Jakarta,bc_880,2024-02-28T17:00:00Z,4.08,ng/m³
West Jakarta,bc_880,2024-02-29T17:00:00Z,4.54,ng/m³
West Jakarta,bc_880,2024-03-05T17:00:00Z,1.57,ng/m³
West Jakarta,bc_880,2024-03-06T17:00:00Z,0.999,ng/m³
West Jakarta,bc_880,2024-03-07T17:00:00Z,1.32,ng/m³
West Jakarta,bc_880,2024-03-08T17:00:00Z,5.06,ng/m³
West Jakarta,bc_880,2024-03-09T17:00:00Z,5.21,ng/m³
West Jakarta,bc_880,2024-03-10T17:00:00Z,2.72,ng/m³
West Jakarta,bc_880,2024-03-11T17:00:00Z,2.68,ng/m³
West Jakarta,bc_880,2024-03-12T17:00:00Z,2.82,ng/m³
West Jakarta,bc_880,2024-03-13T17:00:00Z,3.06,ng/m³
West Jakarta,bc_880,2024-03-14T17:00:00Z,1.51,ng/m³
West Jakarta,bc_880,2024-03-15T17:00:00Z,1.79,ng/m³
West Jakarta,bc_880,2024-03-16T17:00:00Z,1.44,ng/m³
West Jakarta,bc_880,2024-03-17T17:00:00Z,2.16,ng/m³
West Jakarta,bc_880,2024-03-18T17:00:00Z,1.9,ng/m³
West Jakarta,bc_880,2024-03-19T17:00:00Z,1.82,ng/m³
West Jakarta,bc_880,2024-03-20T17:00:00Z,3.76,ng/m³
West Jakarta,bc_880,2024-03-21T17:00:00Z,4.45,ng/m³
West Jakarta,bc_880,2024-03-22T17:00:00Z,6.53,ng/m³
West Jakarta,bc_880,2024-03-23T17:00:00Z,2.79,ng/m³
West Jakarta,bc_880,2024-03-24T17:00:00Z,2.87,ng/m³
West Jakarta,bc_880,2024-03-25T17:00:00Z,4.99,ng/m³
West Jakarta,bc_880,2024-03-26T17:00:00Z,6.68,ng/m³
West Jakarta,bc_880,2024-03-27T17:00:00Z,6.66,ng/m³
West Jakarta,bc_880,2024-03-28T17:00:00Z,5.1,ng/m³
West Jakarta,bc_880,2024-03-29T17:00:00Z,5.88,ng/m³
West Jakarta,bc_880,2024-03-30T17:00:00Z,5.21,ng/m³
West Jakarta,bc_880,2024-03-31T17:00:00Z,8.19,ng/m³
West Jakarta,bc_880,2024-04-01T17:00:00Z,6.0,ng/m³
West Jakarta,bc_880,2024-04-02T17:00:00Z,4.72,ng/m³
West Jakarta,bc_880,2024-04-03T17:00:00Z,6.56,ng/m³
West Jakarta,bc_880,2024-04-04T17:00:00Z,6.6,ng/m³
West Jakarta,bc_880,2024-04-05T17:00:00Z,3.16,ng/m³
West Jakarta,bc_880,2024-04-06T17:00:00Z,2.61,ng/m³
West Jakarta,bc_880,2024-04-07T17:00:00Z,1.93,ng/m³
West Jakarta,bc_880,2024-04-08T17:00:00Z,3.07,ng/m³
West Jakarta,bc_880,2024-04-09T17:00:00Z,1.8,ng/m³
West Jakarta,bc_880,2024-04-10T17:00:00Z,1.27,ng/m³
West Jakarta,bc_880,2024-04-11T17:00:00Z,1.2,ng/m³
West Jakarta,bc_880,2024-04-12T17:00:00Z,1.66,ng/m³
West Jakarta,bc_880,2024-04-13T17:00:00Z,1.41,ng/m³
West Jakarta,bc_880,2024-04-14T17:00:00Z,1.22,ng/m³
West Jakarta,bc_880,2024-04-15T17:00:00Z,1.93,ng/m³
West Jakarta,bc_880,2024-04-16T17:00:00Z,2.52,ng/m³
West Jakarta,bc_880,2024-04-17T17:00:00Z,2.64,ng/m³
West Jakarta,bc_880,2024-04-18T17:00:00Z,3.39,ng/m³
West Jakarta,bc_880,2024-04-19T17:00:00Z,4.26,ng/m³
West Jakarta,bc_880,2024-04-20T17:00:00Z,3.57,ng/m³
West Jakarta,bc_880,2024-04-21T17:00:00Z,3.98,ng/m³
West Jakarta,bc_880,2024-04-22T17:00:00Z,4.32,ng/m³
West Jakarta,bc_880,2024-04-23T17:00:00Z,4.55,ng/m³
West Jakarta,bc_880,2024-04-24T17:00:00Z,2.69,ng/m³
West Jakarta,bc_880,2024-04-25T17:00:00Z,2.63,ng/m³
West Jakarta,bc_880,2024-04-26T17:00:00Z,4.22,ng/m³
West Jakarta,bc_880,2024-04-27T17:00:00Z,2.51,ng/m³
West Jakarta,bc_880,2024-04-28T17:00:00Z,2.19,ng/m³
West Jakarta,bc_880,2024-04-29T17:00:00Z,3.54,ng/m³
West Jakarta,bc_880,2024-04-30T17:00:00Z,2.13,ng/m³
West Jakarta,bc_880,2024-05-01T17:00:00Z,3.17,ng/m³
West Jakarta,bc_880,2024-05-02T17:00:00Z,5.29,ng/m³
West Jakarta,bc_880,2024-05-03T17:00:00Z,5.51,ng/m³
West Jakarta,bc_880,2024-05-04T17:00:00Z,10.2,ng/m³
West Jakarta,bc_880,2024-05-05T17:00:00Z,6.32,ng/m³
West Jakarta,bc_880,2024-05-06T17:00:00Z,4.39,ng/m³
West Jakarta,bc_880,2024-05-07T17:00:00Z,5.46,ng/m³
West Jakarta,bc_880,2024-05-08T17:00:00Z,4.61,ng/m³
West Jakarta,bc_880,2024-05-09T17:00:00Z,2.07,ng/m³
West Jakarta,bc_880,2024-05-10T17:00:00Z,3.41,ng/m³
West Jakarta,bc_880,2024-05-11T17:00:00Z,2.56,ng/m³
West Jakarta,bc_880,2024-05-12T17:00:00Z,3.5,ng/m³
West Jakarta,bc_880,2024-05-13T17:00:00Z,5.81,ng/m³
West Jakarta,bc_880,2024-05-14T17:00:00Z,4.28,ng/m³
West Jakarta,bc_880,2024-05-15T17:00:00Z,3.87,ng/m³
West Jakarta,bc_880,2024-05-16T17:00:00Z,4.25,ng/m³
West Jakarta,bc_880,2024-05-17T17:00:00Z,4.38,ng/m³
West Jakarta,bc_880,2024-05-18T17:00:00Z,3.47,ng/m³
West Jakarta,bc_880,2024-05-19T17:00:00Z,4.28,ng/m³
West Jakarta,bc_880,2024-05-20T17:00:00Z,5.24,ng/m³
West Jakarta,bc_880,2024-05-21T17:00:00Z,2.66,ng/m³
West Jakarta,bc_880,2024-05-22T17:00:00Z,3.4,ng/m³
West Jakarta,bc_880,2024-05-23T17:00:00Z,4.54,ng/m³
West Jakarta,bc_880,2024-05-24T17:00:00Z,3.41,ng/m³
West Jakarta,bc_880,2024-05-25T17:00:00Z,5.14,ng/m³
West Jakarta,bc_880,2024-05-26T17:00:00Z,5.19,ng/m³
West Jakarta,bc_880,2024-05-27T17:00:00Z,5.28,ng/m³
West Jakarta,bc_880,2024-05-28T17:00:00Z,2.8,ng/m³
West Jakarta,bc_880,2024-05-29T17:00:00Z,4.41,ng/m³
West Jakarta,bc_880,2024-05-30T17:00:00Z,4.92,ng/m³
West Jakarta,bc_880,2024-05-31T17:00:00Z,5.96,ng/m³
West Jakarta,bc_880,2024-06-01T17:00:00Z,3.95,ng/m³
West Jakarta,bc_880,2024-06-02T17:00:00Z,2.94,ng/m³
West Jakarta,bc_880,2024-06-03T17:00:00Z,8.49,ng/m³
West Jakarta,bc_880,2024-06-04T17:00:00Z,4.39,ng/m³
West Jakarta,bc_880,2024-06-05T17:00:00Z,2.92,ng/m³
West Jakarta,bc_880,2024-06-06T17:00:00Z,5.5,ng/m³
West Jakarta,bc_880,2024-06-07T17:00:00Z,4.84,ng/m³
West Jakarta,bc_880,2024-06-08T17:00:00Z,4.16,ng/m³
West Jakarta,bc_880,2024-06-09T17:00:00Z,4.3,ng/m³
West Jakarta,bc_880,2024-06-10T17:00:00Z,4.85,ng/m³
West Jakarta,bc_880,2024-06-11T17:00:00Z,3.81,ng/m³
West Jakarta,bc_880,2024-06-12T17:00:00Z,3.73,ng/m³
West Jakarta,bc_880,2024-06-13T17:00:00Z,3.33,ng/m³
West Jakarta,bc_880,2024-06-14T17:00:00Z,3.81,ng/m³
West Jakarta,bc_880,2024-06-15T17:00:00Z,2.52,ng/m³
West Jakarta,bc_880,2024-06-16T17:00:00Z,2.23,ng/m³
West Jakarta,bc_880,2024-06-17T17:00:00Z,6.28,ng/m³
West Jakarta,bc_880,2024-06-18T17:00:00Z,3.8,ng/m³
West Jakarta,bc_880,2024-06-19T17:00:00Z,3.22,ng/m³
West Jakarta,bc_880,2024-06-20T17:00:00Z,4.26,ng/m³
West Jakarta,bc_880,2024-06-21T17:00:00Z,4.71,ng/m³
West Jakarta,bc_880,2024-06-22T17:00:00Z,4.27,ng/m³
West Jakarta,bc_880,2024-06-23T17:00:00Z,4.1,ng/m³
West Jakarta,bc_880,2024-06-24T17:00:00Z,5.77,ng/m³
West Jakarta,bc_880,2024-06-25T17:00:00Z,4.62,ng/m³
West Jakarta,bc_880,2024-06-26T17:00:00Z,3.28,ng/m³
West Jakarta,bc_880,2024-06-27T17:00:00Z,3.99,ng/m³
West Jakarta,bc_880,2024-06-28T17:00:00Z,4.58,ng/m³
West Jakarta,bc_880,2024-06-29T17:00:00Z,3.62,ng/m³
West Jakarta,bc_880,2024-06-30T17:00:00Z,3.88,ng/m³
West Jakarta,bc_880,2024-07-01T17:00:00Z,5.47,ng/m³
West Jakarta,bc_880,2024-07-02T17:00:00Z,6.16,ng/m³
West Jakarta,bc_880,2024-07-03T17:00:00Z,3.8,ng/m³
West Jakarta,bc_880,2024-07-04T17:00:00Z,3.61,ng/m³
West Jakarta,bc_880,2024-07-05T17:00:00Z,2.46,ng/m³
West Jakarta,bc_880,2024-07-06T17:00:00Z,1.65,ng/m³
West Jakarta,bc_880,2024-07-07T17:00:00Z,3.03,ng/m³
West Jakarta,bc_880,2024-07-08T17:00:00Z,2.91,ng/m³
West Jakarta,bc_880,2024-07-09T17:00:00Z,3.89,ng/m³
West Jakarta,bc_880,2024-07-10T17:00:00Z,4.85,ng/m³
West Jakarta,bc_880,2024-07-11T17:00:00Z,4.58,ng/m³
West Jakarta,bc_880,2024-07-12T17:00:00Z,6.54,ng/m³
West Jakarta,bc_880,2024-07-13T17:00:00Z,3.54,ng/m³
West Jakarta,bc_880,2024-07-14T17:00:00Z,4.16,ng/m³
West Jakarta,bc_880,2024-07-15T17:00:00Z,4.29,ng/m³
West Jakarta,bc_880,2024-07-16T17:00:00Z,4.34,ng/m³
West Jakarta,bc_880,2024-07-17T17:00:00Z,2.89,ng/m³
West Jakarta,bc_880,2024-07-18T17:00:00Z,3.7,ng/m³
West Jakarta,bc_880,2024-07-19T17:00:00Z,3.7,ng/m³
West Jakarta,bc_880,2024-07-23T17:00:00Z,2.83,ng/m³
West Jakarta,bc_880,2024-07-24T17:00:00Z,2.98,ng/m³
West Jakarta,bc_880,2024-07-25T17:00:00Z,3.67,ng/m³
West Jakarta,bc_880,2024-07-26T17:00:00Z,3.15,ng/m³
West Jakarta,bc_880,2024-07-27T17:00:00Z,3.89,ng/m³
West Jakarta,bc_880,2024-07-28T17:00:00Z,3.89,ng/m³
West Jakarta,bc_880,2024-07-29T17:00:00Z,4.39,ng/m³
West Jakarta,bc_880,2024-07-30T17:00:00Z,5.07,ng/m³
West Jakarta,bc_880,2024-07-31T17:00:00Z,4.96,ng/m³
West Jakarta,bc_880,2024-08-01T17:00:00Z,3.34,ng/m³
West Jakarta,bc_880,2024-08-02T17:00:00Z,3.55,ng/m³
West Jakarta,bc_880,2024-08-03T17:00:00Z,3.7,ng/m³
West Jakarta,bc_880,2024-08-04T17:00:00Z,2.6,ng/m³
West Jakarta,bc_880,2024-08-05T17:00:00Z,3.41,ng/m³
West Jakarta,bc_880,2024-08-06T17:00:00Z,3.91,ng/m³
West Jakarta,bc_880,2024-08-07T17:00:00Z,5.92,ng/m³
West Jakarta,bc_880,2024-08-08T17:00:00Z,3.49,ng/m³
West Jakarta,bc_880,2024-08-09T17:00:00Z,3.12,ng/m³
West Jakarta,bc_880,2024-08-10T17:00:00Z,2.93,ng/m³
West Jakarta,bc_880,2024-08-11T17:00:00Z,3.37,ng/m³
West Jakarta,bc_880,2024-08-12T17:00:00Z,5.88,ng/m³
West Jakarta,bc_880,2024-08-13T17:00:00Z,7.07,ng/m³
West Jakarta,bc_880,2024-08-15T17:00:00Z,5.28,ng/m³
West Jakarta,bc_880,2024-08-16T17:00:00Z,2.99,ng/m³
West Jakarta,bc_880,2024-08-18T17:00:00Z,2.98,ng/m³
West Jakarta,bc_880,2024-08-19T17:00:00Z,5.11,ng/m³
West Jakarta,bc_880,2024-08-20T17:00:00Z,5.42,ng/m³
West Jakarta,bc_880,2024-08-21T17:00:00Z,2.82,ng/m³
West Jakarta,bc_880,2024-08-22T17:00:00Z,2.67,ng/m³
West Jakarta,bc_880,2024-08-23T17:00:00Z,4.2,ng/m³
West Jakarta,bc_880,2024-08-24T17:00:00Z,3.26,ng/m³
West Jakarta,bc_880,2024-08-25T17:00:00Z,5.07,ng/m³
West Jakarta,bc_880,2024-08-26T17:00:00Z,5.87,ng/m³
West Jakarta,bc_880,2024-08-27T17:00:00Z,3.06,ng/m³
West Jakarta,bc_880,2024-08-28T17:00:00Z,4.63,ng/m³
West Jakarta,bc_880,2024-08-29T17:00:00Z,5.15,ng/m³
West Jakarta,bc_880,2024-08-30T17:00:00Z,2.97,ng/m³
West Jakarta,bc_880,2024-08-31T17:00:00Z,3.76,ng/m³
West Jakarta,bc_880,2024-09-01T17:00:00Z,1.8,ng/m³
West Jakarta,bc_880,2024-09-03T17:00:00Z,1.99,ng/m³
West Jakarta,bc_880,2024-09-04T17:00:00Z,3.79,ng/m³
West Jakarta,bc_880,2024-09-05T17:00:00Z,2.7,ng/m³
West Jakarta,bc_880,2024-09-06T17:00:00Z,2.23,ng/m³
West Jakarta,bc_880,2024-09-07T17:00:00Z,2.6,ng/m³
West Jakarta,bc_880,2024-09-08T17:00:00Z,2.4,ng/m³
West Jakarta,bc_880,2024-09-09T17:00:00Z,2.81,ng/m³
West Jakarta,bc_880,2024-09-10T17:00:00Z,2.99,ng/m³
West Jakarta,bc_880,2024-09-11T17:00:00Z,4.68,ng/m³
West Jakarta,bc_880,2024-09-12T17:00:00Z,3.31,ng/m³
West Jakarta,bc_880,2024-09-13T17:00:00Z,3.17,ng/m³
West Jakarta,bc_880,2024-09-14T17:00:00Z,3.47,ng/m³
West Jakarta,bc_880,2024-09-15T17:00:00Z,3.23,ng/m³
West Jakarta,bc_880,2024-09-16T17:00:00Z,3.29,ng/m³
West Jakarta,bc_880,2024-09-17T17:00:00Z,3.32,ng/m³
West Jakarta,bc_880,2024-09-18T17:00:00Z,2.92,ng/m³
West Jakarta,bc_880,2024-09-19T17:00:00Z,2.82,ng/m³
West Jakarta,bc_880,2024-09-20T17:00:00Z,4.3,ng/m³
West Jakarta,bc_880,2024-09-21T17:00:00Z,3.69,ng/m³
West Jakarta,bc_880,2024-09-22T17:00:00Z,3.28,ng/m³
West Jakarta,bc_880,2024-09-23T17:00:00Z,5.17,ng/m³
West Jakarta,bc_880,2024-09-24T17:00:00Z,4.95,ng/m³
West Jakarta,bc_880,2024-09-25T17:00:00Z,3.96,ng/m³
West Jakarta,bc_880,2024-09-26T17:00:00Z,3.69,ng/m³
West Jakarta,bc_880,2024-09-27T17:00:00Z,4.51,ng/m³
West Jakarta,bc_880,2024-09-28T17:00:00Z,3.63,ng/m³
West Jakarta,bc_880,2024-09-29T17:00:00Z,3.73,ng/m³
West Jakarta,bc_880,2024-09-30T17:00:00Z,4.96,ng/m³
West Jakarta,bc_880,2024-10-01T17:00:00Z,3.76,ng/m³
West Jakarta,bc_880,2024-10-02T17:00:00Z,4.95,ng/m³
West Jakarta,bc_880,2024-10-03T17:00:00Z,7.24,ng/m³
West Jakarta,bc_880,2024-10-06T17:00:00Z,3.77,ng/m³
West Jakarta,bc_880,2024-10-07T17:00:00Z,3.56,ng/m³
West Jakarta,bc_880,2024-10-08T17:00:00Z,4.15,ng/m³
West Jakarta,bc_880,2024-10-09T17:00:00Z,4.09,ng/m³
West Jakarta,bc_880,2024-10-10T17:00:00Z,3.69,ng/m³
West Jakarta,bc_880,2024-10-11T17:00:00Z,4.44,ng/m³
West Jakarta,bc_880,2024-10-12T17:00:00Z,4.95,ng/m³
West Jakarta,bc_880,2024-10-13T17:00:00Z,3.65,ng/m³
West Jakarta,bc_880,2024-10-16T17:00:00Z,2.75,ng/m³
West Jakarta,bc_880,2024-10-17T17:00:00Z,3.74,ng/m³
West Jakarta,bc_880,2024-10-18T17:00:00Z,7.93,ng/m³
West Jakarta,bc_880,2024-10-19T17:00:00Z,2.36,ng/m³
West Jakarta,bc_880,2024-10-20T17:00:00Z,2.33,ng/m³
West Jakarta,bc_880,2024-10-22T17:00:00Z,4.66,ng/m³
West Jakarta,bc_880,2024-10-24T17:00:00Z,3.0,ng/m³
West Jakarta,bc_880,2024-10-25T17:00:00Z,2.81,ng/m³
West Jakarta,bc_880,2024-10-26T17:00:00Z,2.58,ng/m³
West Jakarta,bc_880,2024-10-27T17:00:00Z,3.01,ng/m³
West Jakarta,bc_880,2024-10-28T17:00:00Z,3.73,ng/m³
West Jakarta,bc_880,2024-10-29T17:00:00Z,3.63,ng/m³
West Jakarta,bc_880,2024-10-30T17:00:00Z,4.22,ng/m³
West Jakarta,bc_880,2024-10-31T17:00:00Z,4.09,ng/m³
West Jakarta,bc_880,2024-11-01T17:00:00Z,4.21,ng/m³
West Jakarta,bc_880,2024-11-02T17:00:00Z,3.47,ng/m³
West Jakarta,bc_880,2024-11-03T17:00:00Z,3.04,ng/m³
West Jakarta,bc_880,2024-11-04T17:00:00Z,3.73,ng/m³
West Jakarta,bc_880,2024-11-05T17:00:00Z,3.32,ng/m³
West Jakarta,bc_880,2024-11-06T17:00:00Z,5.59,ng/m³
West Jakarta,bc_880,2024-11-07T17:00:00Z,4.35,ng/m³
West Jakarta,bc_880,2024-11-08T17:00:00Z,3.79,ng/m³
West Jakarta,bc_880,2024-11-09T17:00:00Z,3.85,ng/m³
West Jakarta,bc_880,2024-11-10T17:00:00Z,5.78,ng/m³
West Jakarta,bc_880,2024-11-11T17:00:00Z,6.51,ng/m³
West Jakarta,bc_880,2024-11-12T17:00:00Z,5.64,ng/m³
West Jakarta,bc_880,2024-11-13T17:00:00Z,5.92,ng/m³
West Jakarta,bc_880,2024-11-14T17:00:00Z,4.17,ng/m³
West Jakarta,bc_880,2024-11-15T17:00:00Z,5.25,ng/m³
West Jakarta,bc_880,2024-11-16T17:00:00Z,4.34,ng/m³
West Jakarta,bc_880,2024-11-17T17:00:00Z,3.18,ng/m³
West Jakarta,bc_880,2024-11-18T17:00:00Z,3.52,ng/m³
West Jakarta,bc_880,2024-11-19T17:00:00Z,3.56,ng/m³
West Jakarta,bc_880,2024-11-20T17:00:00Z,2.93,ng/m³
West Jakarta,bc_880,2024-11-21T17:00:00Z,2.05,ng/m³
West Jakarta,bc_880,2024-11-22T17:00:00Z,2.16,ng/m³
West Jakarta,bc_880,2024-11-23T17:00:00Z,2.26,ng/m³
West Jakarta,bc_880,2024-11-24T17:00:00Z,2.95,ng/m³
West Jakarta,bc_880,2024-11-25T17:00:00Z,4.3,ng/m³
West Jakarta,bc_880,2024-11-26T17:00:00Z,2.13,ng/m³
West Jakarta,bc_880,2024-11-27T17:00:00Z,2.75,ng/m³
West Jakarta,bc_880,2024-11-28T17:00:00Z,1.44,ng/m³
West Jakarta,bc_880,2024-11-29T17:00:00Z,1.68,ng/m³
West Jakarta,bc_880,2024-11-30T17:00:00Z,0.93,ng/m³
West Jakarta,bc_880,2024-12-01T17:00:00Z,1.09,ng/m³
West Jakarta,bc_880,2024-12-02T17:00:00Z,1.03,ng/m³
West Jakarta,bc_880,2024-12-03T17:00:00Z,1.09,ng/m³
West Jakarta,bc_880,2024-12-04T17:00:00Z,1.92,ng/m³
West Jakarta,bc_880,2024-12-05T17:00:00Z,5.16,ng/m³
West Jakarta,bc_880,2024-12-06T17:00:00Z,6.73,ng/m³
West Jakarta,bc_880,2024-12-07T17:00:00Z,2.35,ng/m³
West Jakarta,bc_880,2024-12-08T17:00:00Z,3.82,ng/m³
West Jakarta,bc_880,2024-12-09T17:00:00Z,1.82,ng/m³
West Jakarta,bc_880,2024-12-10T17:00:00Z,1.34,ng/m³
West Jakarta,bc_880,2024-12-11T17:00:00Z,1.26,ng/m³
West Jakarta,bc_880,2024-12-12T17:00:00Z,1.6,ng/m³
West Jakarta,bc_880,2024-12-13T17:00:00Z,1.5,ng/m³
West Jakarta,bc_880,2024-12-14T17:00:00Z,1.53,ng/m³
West Jakarta,bc_880,2024-12-15T17:00:00Z,2.29,ng/m³
West Jakarta,bc_880,2024-12-16T17:00:00Z,1.64,ng/m³
West Jakarta,bc_880,2024-12-17T17:00:00Z,1.11,ng/m³
West Jakarta,bc_880,2024-12-18T17:00:00Z,1.96,ng/m³
West Jakarta,bc_880,2024-12-19T17:00:00Z,2.46,ng/m³
West Jakarta,bc_880,2024-12-20T17:00:00Z,2.83,ng/m³
West Jakarta,bc_880,2024-12-21T17:00:00Z,2.65,ng/m³
West Jakarta,bc_880,2024-12-22T17:00:00Z,3.83,ng/m³
West Jakarta,bc_880,2024-12-23T17:00:00Z,1.88,ng/m³
West Jakarta,bc_880,2024-12-24T17:00:00Z,3.21,ng/m³
West Jakarta,bc_880,2024-12-25T17:00:00Z,2.84,ng/m³
West Jakarta,bc_880,2024-12-26T17:00:00Z,4.73,ng/m³
West Jakarta,bc_880,2024-12-27T17:00:00Z,2.64,ng/m³
West Jakarta,bc_880,2024-12-28T17:00:00Z,2.47,ng/m³
West Jakarta,bc_880,2024-12-29T17:00:00Z,0.995,ng/m³
West Jakarta,bc_880,2024-12-30T17:00:00Z,1.59,ng/m³
West Jakarta,bc_880,2024-12-31T17:00:00Z,1.12,ng/m³
West Jakarta,bc_880,2025-01-01T17:00:00Z,1.9,ng/m³
West Jakarta,bc_880,2025-01-02T17:00:00Z,3.96,ng/m³
West Jakarta,bc_880,2025-01-03T17:00:00Z,1.46,ng/m³
West Jakarta,bc_880,2025-01-04T17:00:00Z,2.66,ng/m³
West Jakarta,bc_880,2025-01-05T17:00:00Z,2.34,ng/m³
West Jakarta,bc_880,2025-01-06T17:00:00Z,1.96,ng/m³
West Jakarta,bc_880,2025-01-07T17:00:00Z,1.64,ng/m³
West Jakarta,bc_880,2025-01-08T17:00:00Z,2.75,ng/m³
West Jakarta,bc_880,2025-01-09T17:00:00Z,3.72,ng/m³
West Jakarta,bc_880,2025-01-10T17:00:00Z,2.46,ng/m³
West Jakarta,bc_880,2025-01-11T17:00:00Z,1.39,ng/m³
West Jakarta,bc_880,2025-01-12T17:00:00Z,1.5,ng/m³
West Jakarta,bc_880,2025-01-13T17:00:00Z,2.13,ng/m³
West Jakarta,bc_880,2025-01-14T17:00:00Z,2.19,ng/m³
West Jakarta,bc_880,2025-01-15T17:00:00Z,2.29,ng/m³
West Jakarta,bc_880,2025-01-16T17:00:00Z,2.33,ng/m³
West Jakarta,bc_880,2025-01-17T17:00:00Z,1.16,ng/m³
West Jakarta,bc_880,2025-01-18T17:00:00Z,1.77,ng/m³
West Jakarta,bc_880,2025-01-19T17:00:00Z,2.14,ng/m³
West Jakarta,bc_880,2025-01-20T17:00:00Z,3.33,ng/m³
West Jakarta,bc_880,2025-01-21T17:00:00Z,3.21,ng/m³
West Jakarta,bc_880,2025-01-22T17:00:00Z,3.34,ng/m³
West Jakarta,bc_880,2025-01-23T17:00:00Z,4.78,ng/m³
West Jakarta,bc_880,2025-01-24T17:00:00Z,3.92,ng/m³
West Jakarta,bc_880,2025-01-25T17:00:00Z,1.81,ng/m³
West Jakarta,bc_880,2025-01-26T17:00:00Z,1.73,ng/m³
West Jakarta,bc_880,2025-01-27T17:00:00Z,1.89,ng/m³
West Jakarta,bc_880,2025-01-28T17:00:00Z,0.977,ng/m³
West Jakarta,bc_880,2025-01-29T17:00:00Z,0.973,ng/m³
West Jakarta,bc_880,2025-01-30T17:00:00Z,3.7,ng/m³
West Jakarta,bc_880,2025-01-31T17:00:00Z,2.29,ng/m³
West Jakarta,bc_880,2025-02-01T17:00:00Z,1.3,ng/m³
West Jakarta,bc_880,2025-02-02T17:00:00Z,2.44,ng/m³
West Jakarta,bc_880,2025-02-03T17:00:00Z,4.27,ng/m³
West Jakarta,bc_880,2025-02-04T17:00:00Z,2.47,ng/m³
West Jakarta,bc_880,2025-02-05T17:00:00Z,1.5,ng/m³
West Jakarta,bc_880,2025-02-06T17:00:00Z,1.92,ng/m³
West Jakarta,bc_880,2025-02-07T17:00:00Z,1.87,ng/m³
West Jakarta,bc_880,2025-02-08T17:00:00Z,1.49,ng/m³
West Jakarta,bc_880,2025-02-09T17:00:00Z,1.59,ng/m³
West Jakarta,bc_880,2025-02-10T17:00:00Z,3.08,ng/m³
West Jakarta,bc_880,2025-02-11T17:00:00Z,4.26,ng/m³
West Jakarta,bc_880,2025-02-12T17:00:00Z,3.28,ng/m³
West Jakarta,bc_880,2025-02-13T17:00:00Z,2.15,ng/m³
West Jakarta,bc_880,2025-02-14T17:00:00Z,2.58,ng/m³
West Jakarta,bc_880,2025-02-15T17:00:00Z,3.42,ng/m³
West Jakarta,bc_880,2025-02-16T17:00:00Z,3.25,ng/m³
West Jakarta,bc_880,2025-02-17T17:00:00Z,4.13,ng/m³
West Jakarta,bc_880,2025-02-21T17:00:00Z,3.55,ng/m³
West Jakarta,bc_880,2025-02-22T17:00:00Z,3.66,ng/m³
West Jakarta,bc_880,2025-02-23T17:00:00Z,2.6,ng/m³
West Jakarta,bc_880,2025-02-24T17:00:00Z,3.14,ng/m³
West Jakarta,bc_880,2025-02-25T17:00:00Z,3.77,ng/m³
West Jakarta,bc_880,2025-02-26T17:00:00Z,5.24,ng/m³
West Jakarta,bc_880,2025-02-27T17:00:00Z,2.6,ng/m³
West Jakarta,bc_880,2025-02-28T17:00:00Z,2.88,ng/m³
West Jakarta,bc_880,2025-03-01T17:00:00Z,4.01,ng/m³
West Jakarta,bc_880,2025-03-02T17:00:00Z,2.15,ng/m³
West Jakarta,bc_880,2025-03-03T17:00:00Z,1.87,ng/m³
West Jakarta,bc_880,2025-03-04T17:00:00Z,2.97,ng/m³
West Jakarta,bc_880,2025-03-05T17:00:00Z,4.62,ng/m³
West Jakarta,bc_880,2025-03-08T17:00:00Z,3.63,ng/m³
West Jakarta,bc_880,2025-03-09T17:00:00Z,3.63,ng/m³
West Jakarta,bc_880,2025-03-10T17:00:00Z,5.44,ng/m³
West Jakarta,bc_880,2025-03-11T17:00:00Z,2.23,ng/m³
West Jakarta,bc_880,2025-03-12T17:00:00Z,4.05,ng/m³
West Jakarta,bc_880,2025-03-16T17:00:00Z,1.14,ng/m³
West Jakarta,bc_880,2025-03-17T17:00:00Z,2.05,ng/m³
West Jakarta,bc_880,2025-03-18T17:00:00Z,1.22,ng/m³
West Jakarta,bc_880,2025-03-19T17:00:00Z,2.77,ng/m³
West Jakarta,bc_880,2025-03-20T17:00:00Z,1.39,ng/m³
West Jakarta,bc_880,2025-03-21T17:00:00Z,4.65,ng/m³
West Jakarta,bc_880,2025-03-22T17:00:00Z,2.31,ng/m³
West Jakarta,bc_880,2025-03-23T17:00:00Z,1.92,ng/m³
West Jakarta,bc_880,2025-03-24T17:00:00Z,2.05,ng/m³
West Jakarta,bc_880,2025-03-25T17:00:00Z,3.3,ng/m³
West Jakarta,bc_880,2025-03-26T17:00:00Z,3.36,ng/m³
West Jakarta,bc_880,2025-03-27T17:00:00Z,1.23,ng/m³
West Jakarta,bc_880,2025-03-28T17:00:00Z,0.964,ng/m³
West Jakarta,bc_880,2025-03-29T17:00:00Z,1.07,ng/m³
West Jakarta,bc_880,2025-03-30T17:00:00Z,0.626,ng/m³
West Jakarta,bc_880,2025-03-31T17:00:00Z,0.917,ng/m³
West Jakarta,bc_880,2025-04-01T17:00:00Z,0.897,ng/m³
West Jakarta,bc_880,2025-04-02T17:00:00Z,1.24,ng/m³
West Jakarta,bc_880,2025-04-03T17:00:00Z,2.21,ng/m³
West Jakarta,bc_880,2025-04-04T17:00:00Z,2.51,ng/m³
West Jakarta,bc_880,2025-04-05T17:00:00Z,2.39,ng/m³
West Jakarta,bc_880,2025-04-06T17:00:00Z,2.8,ng/m³
West Jakarta,bc_880,2025-04-07T17:00:00Z,2.24,ng/m³
West Jakarta,bc_880,2025-04-08T17:00:00Z,2.76,ng/m³
West Jakarta,bc_880,2025-04-09T17:00:00Z,3.72,ng/m³
West Jakarta,bc_880,2025-04-10T17:00:00Z,3.54,ng/m³
West Jakarta,bc_880,2025-04-11T17:00:00Z,3.29,ng/m³
West Jakarta,bc_880,2025-04-12T17:00:00Z,2.28,ng/m³
West Jakarta,bc_880,2025-04-13T17:00:00Z,1.87,ng/m³
West Jakarta,bc_880,2025-04-14T17:00:00Z,4.04,ng/m³
West Jakarta,bc_880,2025-04-15T17:00:00Z,3.81,ng/m³
West Jakarta,bc_880,2025-04-16T17:00:00Z,4.63,ng/m³
West Jakarta,bc_880,2025-04-17T17:00:00Z,3.44,ng/m³
West Jakarta,bc_880,2025-04-18T17:00:00Z,2.64,ng/m³
West Jakarta,bc_880,2025-04-19T17:00:00Z,1.98,ng/m³
West Jakarta,bc_880,2025-04-20T17:00:00Z,2.6,ng/m³
West Jakarta,bc_880,2025-04-21T17:00:00Z,4.36,ng/m³
West Jakarta,bc_880,2025-04-22T17:00:00Z,2.5,ng/m³
West Jakarta,bc_880,2025-04-23T17:00:00Z,1.94,ng/m³
West Jakarta,bc_880,2025-04-24T17:00:00Z,3.64,ng/m³
West Jakarta,bc_880,2025-04-25T17:00:00Z,2.58,ng/m³
West Jakarta,bc_880,2025-04-26T17:00:00Z,2.66,ng/m³
West Jakarta,bc_880,2025-04-27T17:00:00Z,2.31,ng/m³
West Jakarta,bc_880,2025-04-28T17:00:00Z,2.4,ng/m³
West Jakarta,bc_880,2025-04-29T17:00:00Z,3.14,ng/m³
West Jakarta,bc_880,2025-04-30T17:00:00Z,4.05,ng/m³
West Jakarta,bc_880,2025-05-01T17:00:00Z,3.04,ng/m³
West Jakarta,bc_880,2025-05-02T17:00:00Z,3.31,ng/m³
West Jakarta,bc_880,2025-05-03T17:00:00Z,3.4,ng/m³
West Jakarta,bc_880,2025-05-04T17:00:00Z,4.51,ng/m³
West Jakarta,bc_880,2025-05-05T17:00:00Z,4.24,ng/m³
West Jakarta,bc_880,2025-05-06T17:00:00Z,5.98,ng/m³
West Jakarta,bc_880,2025-05-07T17:00:00Z,4.92,ng/m³
West Jakarta,bc_880,2025-05-08T17:00:00Z,3.9,ng/m³
West Jakarta,bc_880,2025-05-27T17:00:00Z,3.63,ng/m³
West Jakarta,bc_880,2025-05-28T17:00:00Z,2.6,ng/m³
West Jakarta,bc_880,2025-05-29T17:00:00Z,2.79,ng/m³
West Jakarta,bc_880,2025-05-30T17:00:00Z,4.58,ng/m³
West Jakarta,bc_880,2025-05-31T17:00:00Z,3.99,ng/m³
West Jakarta,bc_880,2025-06-01T17:00:00Z,4.16,ng/m³
West Jakarta,bc_880,2025-06-02T17:00:00Z,4.97,ng/m³
West Jakarta,bc_880,2025-06-03T17:00:00Z,5.6,ng/m³
West Jakarta,bc_880,2025-06-04T17:00:00Z,4.62,ng/m³
West Jakarta,bc_880,2025-06-05T17:00:00Z,2.52,ng/m³
West Jakarta,bc_880,2025-06-06T17:00:00Z,4.36,ng/m³
West Jakarta,bc_880,2025-06-07T17:00:00Z,3.15,ng/m³
West Jakarta,bc_880,2025-06-08T17:00:00Z,3.43,ng/m³
West Jakarta,bc_880,2025-06-09T17:00:00Z,3.58,ng/m³
West Jakarta,bc_880,2025-06-10T17:00:00Z,2.48,ng/m³
West Jakarta,bc_880,2025-06-11T17:00:00Z,3.36,ng/m³
West Jakarta,bc_880,2025-06-12T17:00:00Z,3.28,ng/m³
West Jakarta,bc_880,2025-06-13T17:00:00Z,3.5,ng/m³
West Jakarta,bc_880,2025-06-14T17:00:00Z,3.6,ng/m³
West Jakarta,bc_880,2025-06-15T17:00:00Z,2.03,ng/m³
West Jakarta,bc_880,2025-06-16T17:00:00Z,2.27,ng/m³
West Jakarta,bc_880,2025-06-17T17:00:00Z,3.88,ng/m³
West Jakarta,bc_880,2025-06-18T17:00:00Z,5.47,ng/m³
West Jakarta,bc_880,2025-06-19T17:00:00Z,4.33,ng/m³
West Jakarta,bc_880,2025-06-20T17:00:00Z,3.48,ng/m³
West Jakarta,bc_880,2025-06-21T17:00:00Z,3.85,ng/m³
West Jakarta,bc_880,2025-06-22T17:00:00Z,1.91,ng/m³
West Jakarta,bc_880,2025-06-23T17:00:00Z,4.79,ng/m³
West Jakarta,bc_880,2025-06-24T17:00:00Z,5.78,ng/m³
West Jakarta,bc_880,2025-06-25T17:00:00Z,3.92,ng/m³
West Jakarta,bc_880,2025-06-26T17:00:00Z,4.19,ng/m³
West Jakarta,bc_880,2025-06-27T17:00:00Z,4.81,ng/m³
West Jakarta,bc_880,2025-06-28T17:00:00Z,5.76,ng/m³
West Jakarta,bc_880,2025-06-29T17:00:00Z,1.75,ng/m³
BMKG 1,pm1,2026-07-21T17:00:00Z,30.2,µg/m³
BMKG 1,pm1,2026-07-22T17:00:00Z,28.1,µg/m³
BMKG 1,pm1,2026-07-23T17:00:00Z,23.9,µg/m³
BMKG 1,pm1,2026-07-24T17:00:00Z,27.5,µg/m³
BMKG 1,pm1,2026-07-25T17:00:00Z,36.7,µg/m³
BMKG 1,pm1,2026-07-26T17:00:00Z,39.7,µg/m³
BMKG 1,pm1,2026-07-27T17:00:00Z,33.2,µg/m³
BMKG 1,pm1,2026-07-28T17:00:00Z,34.7,µg/m³
BMKG 1,pm1,2026-07-29T17:00:00Z,43.1,µg/m³
BMKG 1,pm1,2026-08-03T17:00:00Z,29.3,µg/m³
BMKG 1,pm1,2026-08-04T17:00:00Z,42.9,µg/m³
BMKG 1,pm1,2026-08-05T17:00:00Z,47.0,µg/m³
BMKG 1,pm1,2026-08-10T17:00:00Z,46.7,µg/m³
BMKG 1,pm1,2026-08-11T17:00:00Z,42.9,µg/m³
BMKG 1,pm1,2026-08-12T17:00:00Z,43.6,µg/m³
BMKG 1,pm1,2026-08-13T17:00:00Z,47.2,µg/m³
BMKG 1,pm1,2026-08-14T17:00:00Z,49.0,µg/m³
BMKG 1,pm1,2026-08-15T17:00:00Z,44.4,µg/m³
BMKG 1,pm1,2026-08-16T17:00:00Z,39.7,µg/m³
BMKG 1,pm1,2026-08-17T17:00:00Z,32.9,µg/m³
BMKG 1,pm1,2026-08-18T17:00:00Z,35.5,µg/m³
BMKG 1,pm1,2026-08-19T17:00:00Z,39.5,µg/m³
BMKG 1,pm1,2026-08-20T17:00:00Z,30.3,µg/m³
BMKG 1,pm1,2026-08-21T17:00:00Z,37.5,µg/m³
BMKG 1,pm1,2026-08-22T17:00:00Z,37.7,µg/m³
BMKG 1,pm1,2026-08-23T17:00:00Z,37.0,µg/m³
BMKG 1,pm1,2026-08-24T17:00:00Z,37.1,µg/m³
BMKG 1,pm1,2026-08-25T17:00:00Z,36.2,µg/m³
BMKG 1,pm1,2026-09-08T17:00:00Z,29.5,µg/m³
BMKG 1,pm1,2026-09-09T17:00:00Z,33.0,µg/m³
BMKG 1,pm1,2026-09-10T17:00:00Z,41.7,µg/m³
BMKG 1,pm1,2026-09-11T17:00:00Z,34.8,µg/m³
BMKG 1,pm1,2026-09-12T17:00:00Z,31.9,µg/m³
BMKG 1,pm25,2026-07-21T17:00:00Z,47.1,µg/m³
BMKG 1,pm25,2026-07-22T17:00:00Z,42.8,µg/m³
BMKG 1,pm25,2026-07-23T17:00:00Z,36.2,µg/m³
BMKG 1,pm25,2026-07-24T17:00:00Z,42.2,µg/m³
BMKG 1,pm25,2026-07-25T17:00:00Z,55.1,µg/m³
BMKG 1,pm25,2026-07-26T17:00:00Z,62.1,µg/m³
BMKG 1,pm25,2026-07-27T17:00:00Z,51.1,µg/m³
BMKG 1,pm25,2026-07-28T17:00:00Z,53.8,µg/m³
BMKG 1,pm25,2026-07-29T17:00:00Z,67.5,µg/m³
BMKG 1,pm25,2026-08-03T17:00:00Z,47.1,µg/m³
BMKG 1,pm25,2026-08-04T17:00:00Z,72.8,µg/m³
BMKG 1,pm25,2026-08-05T17:00:00Z,78.8,µg/m³
BMKG 1,pm25,2026-08-10T17:00:00Z,78.7,µg/m³
BMKG 1,pm25,2026-08-11T17:00:00Z,70.2,µg/m³
BMKG 1,pm25,2026-08-12T17:00:00Z,70.8,µg/m³
BMKG 1,pm25,2026-08-13T17:00:00Z,77.8,µg/m³
BMKG 1,pm25,2026-08-14T17:00:00Z,84.6,µg/m³
BMKG 1,pm25,2026-08-15T17:00:00Z,76.5,µg/m³
BMKG 1,pm25,2026-08-16T17:00:00Z,68.6,µg/m³
BMKG 1,pm25,2026-08-17T17:00:00Z,53.5,µg/m³
BMKG 1,pm25,2026-08-18T17:00:00Z,58.3,µg/m³
BMKG 1,pm25,2026-08-19T17:00:00Z,65.6,µg/m³
BMKG 1,pm25,2026-08-20T17:00:00Z,47.3,µg/m³
BMKG 1,pm25,2026-08-21T17:00:00Z,60.6,µg/m³
BMKG 1,pm25,2026-08-22T17:00:00Z,61.6,µg/m³
BMKG 1,pm25,2026-08-23T17:00:00Z,61.3,µg/m³
BMKG 1,pm25,2026-08-24T17:00:00Z,60.7,µg/m³
BMKG 1,pm25,2026-08-25T17:00:00Z,56.3,µg/m³
BMKG 1,pm25,2026-09-08T17:00:00Z,48.8,µg/m³
BMKG 1,pm25,2026-09-09T17:00:00Z,55.1,µg/m³
BMKG 1,pm25,2026-09-10T17:00:00Z,74.3,µg/m³
BMKG 1,pm25,2026-09-11T17:00:00Z,58.9,µg/m³
BMKG 1,pm25,2026-09-12T17:00:00Z,54.3,µg/m³
BMKG 1,relativehumidity,2026-07-21T17:00:00Z,47.8,%
BMKG 1,relativehumidity,2026-07-22T17:00:00Z,49.0,%
BMKG 1,relativehumidity,2026-07-23T17:00:00Z,46.3,%
BMKG 1,relativehumidity,2026-07-24T17:00:00Z,45.2,%
BMKG 1,relativehumidity,2026-07-25T17:00:00Z,42.8,%
BMKG 1,relativehumidity,2026-07-26T17:00:00Z,46.8,%
BMKG 1,relativehumidity,2026-07-27T17:00:00Z,51.7,%
BMKG 1,relativehumidity,2026-07-28T17:00:00Z,53.2,%
BMKG 1,relativehumidity,2026-07-29T17:00:00Z,56.7,%
BMKG 1,relativehumidity,2026-08-03T17:00:00Z,54.4,%
BMKG 1,relativehumidity,2026-08-04T17:00:00Z,55.1,%
BMKG 1,relativehumidity,2026-08-05T17:00:00Z,60.3,%
BMKG 1,relativehumidity,2026-08-10T17:00:00Z,48.1,%
BMKG 1,relativehumidity,2026-08-11T17:00:00Z,49.5,%
BMKG 1,relativehumidity,2026-08-12T17:00:00Z,49.5,%
BMKG 1,relativehumidity,2026-08-13T17:00:00Z,48.8,%
BMKG 1,relativehumidity,2026-08-14T17:00:00Z,55.0,%
BMKG 1,relativehumidity,2026-08-15T17:00:00Z,54.8,%
BMKG 1,relativehumidity,2026-08-16T17:00:00Z,55.3,%
BMKG 1,relativehumidity,2026-08-17T17:00:00Z,52.3,%
BMKG 1,relativehumidity,2026-08-18T17:00:00Z,54.0,%
BMKG 1,relativehumidity,2026-08-19T17:00:00Z,53.2,%
BMKG 1,relativehumidity,2026-08-20T17:00:00Z,52.1,%
BMKG 1,relativehumidity,2026-08-21T17:00:00Z,52.6,%
BMKG 1,relativehumidity,2026-08-22T17:00:00Z,53.5,%
BMKG 1,relativehumidity,2026-08-23T17:00:00Z,50.7,%
BMKG 1,relativehumidity,2026-08-24T17:00:00Z,52.4,%
BMKG 1,relativehumidity,2026-08-25T17:00:00Z,52.7,%
BMKG 1,relativehumidity,2026-09-08T17:00:00Z,51.5,%
BMKG 1,relativehumidity,2026-09-09T17:00:00Z,50.7,%
BMKG 1,relativehumidity,2026-09-10T17:00:00Z,51.3,%
BMKG 1,relativehumidity,2026-09-11T17:00:00Z,52.5,%
BMKG 1,relativehumidity,2026-09-12T17:00:00Z,49.1,%
BMKG 1,temperature,2026-07-21T17:00:00Z,31.1,c
BMKG 1,temperature,2026-07-22T17:00:00Z,30.3,c
BMKG 1,temperature,2026-07-23T17:00:00Z,30.0,c
BMKG 1,temperature,2026-07-24T17:00:00Z,30.1,c
BMKG 1,temperature,2026-07-25T17:00:00Z,30.0,c
BMKG 1,temperature,2026-07-26T17:00:00Z,29.9,c
BMKG 1,temperature,2026-07-27T17:00:00Z,30.1,c
BMKG 1,temperature,2026-07-28T17:00:00Z,30.7,c
BMKG 1,temperature,2026-07-29T17:00:00Z,29.5,c
BMKG 1,temperature,2026-08-03T17:00:00Z,31.4,c
BMKG 1,temperature,2026-08-04T17:00:00Z,30.1,c
BMKG 1,temperature,2026-08-05T17:00:00Z,27.8,c
BMKG 1,temperature,2026-08-10T17:00:00Z,31.3,c
BMKG 1,temperature,2026-08-11T17:00:00Z,31.2,c
BMKG 1,temperature,2026-08-12T17:00:00Z,31.1,c
BMKG 1,temperature,2026-08-13T17:00:00Z,31.9,c
BMKG 1,temperature,2026-08-14T17:00:00Z,30.3,c
BMKG 1,temperature,2026-08-15T17:00:00Z,30.4,c
BMKG 1,temperature,2026-08-16T17:00:00Z,30.1,c
BMKG 1,temperature,2026-08-17T17:00:00Z,31.5,c
BMKG 1,temperature,2026-08-18T17:00:00Z,30.7,c
BMKG 1,temperature,2026-08-19T17:00:00Z,30.6,c
BMKG 1,temperature,2026-08-20T17:00:00Z,30.5,c
BMKG 1,temperature,2026-08-21T17:00:00Z,30.4,c
BMKG 1,temperature,2026-08-22T17:00:00Z,30.3,c
BMKG 1,temperature,2026-08-23T17:00:00Z,30.9,c
BMKG 1,temperature,2026-08-24T17:00:00Z,30.3,c
BMKG 1,temperature,2026-08-25T17:00:00Z,30.6,c
BMKG 1,temperature,2026-09-08T17:00:00Z,31.0,c
BMKG 1,temperature,2026-09-09T17:00:00Z,31.0,c
BMKG 1,temperature,2026-09-10T17:00:00Z,31.3,c
BMKG 1,temperature,2026-09-11T17:00:00Z,30.9,c
BMKG 1,temperature,2026-09-12T17:00:00Z,31.1,c
BMKG 1,um003,2026-07-21T17:00:00Z,2110.0,particles/cm³
BMKG 1,um003,2026-07-22T17:00:00Z,1850.0,particles/cm³
BMKG 1,um003,2026-07-23T17:00:00Z,1480.0,particles/cm³
BMKG 1,um003,2026-07-24T17:00:00Z,1890.0,particles/cm³
BMKG 1,um003,2026-07-25T17:00:00Z,2660.0,particles/cm³
BMKG 1,um003,2026-07-26T17:00:00Z,2810.0,particles/cm³
BMKG 1,um003,2026-07-27T17:00:00Z,2330.0,particles/cm³
BMKG 1,um003,2026-07-28T17:00:00Z,2500.0,particles/cm³
BMKG 1,um003,2026-07-29T17:00:00Z,3190.0,particles/cm³
BMKG 1,um003,2026-08-03T17:00:00Z,1980.0,particles/cm³
BMKG 1,um003,2026-08-04T17:00:00Z,3160.0,particles/cm³
BMKG 1,um003,2026-08-05T17:00:00Z,3540.0,particles/cm³
BMKG 1,um003,2026-08-10T17:00:00Z,3360.0,particles/cm³
BMKG 1,um003,2026-08-11T17:00:00Z,3200.0,particles/cm³
BMKG 1,um003,2026-08-12T17:00:00Z,3280.0,particles/cm³
BMKG 1,um003,2026-08-13T17:00:00Z,3550.0,particles/cm³
BMKG 1,um003,2026-08-14T17:00:00Z,3700.0,particles/cm³
BMKG 1,um003,2026-08-15T17:00:00Z,3360.0,particles/cm³
BMKG 1,um003,2026-08-16T17:00:00Z,2960.0,particles/cm³
BMKG 1,um003,2026-08-17T17:00:00Z,2370.0,particles/cm³
BMKG 1,um003,2026-08-18T17:00:00Z,2570.0,particles/cm³
BMKG 1,um003,2026-08-19T17:00:00Z,2880.0,particles/cm³
BMKG 1,um003,2026-08-20T17:00:00Z,2080.0,particles/cm³
BMKG 1,um003,2026-08-21T17:00:00Z,2760.0,particles/cm³
BMKG 1,um003,2026-08-22T17:00:00Z,2790.0,particles/cm³
BMKG 1,um003,2026-08-23T17:00:00Z,2730.0,particles/cm³
BMKG 1,um003,2026-08-24T17:00:00Z,2700.0,particles/cm³
BMKG 1,um003,2026-08-25T17:00:00Z,2650.0,particles/cm³
BMKG 1,um003,2026-09-08T17:00:00Z,1980.0,particles/cm³
BMKG 1,um003,2026-09-09T17:00:00Z,2360.0,particles/cm³
BMKG 1,um003,2026-09-10T17:00:00Z,3180.0,particles/cm³
BMKG 1,um003,2026-09-11T17:00:00Z,2560.0,particles/cm³
BMKG 1,um003,2026-09-12T17:00:00Z,2270.0,particles/cm³
