datetime,temperature_2m,relative_humidity_2m,precipitation,wind_speed_10m,wind_direction_10m,surface_pressure
2024-01-01T00:00,26.0,90,0.0,1.6,153,1009.4
2024-01-01T01:00,26.0,90,0.0,1.8,307,1008.9
2024-01-01T02:00,24.9,95,0.0,3.3,131,1008.4
2024-01-01T03:00,24.8,96,0.0,4.2,160,1008.4
2024-01-01T04:00,25.0,95,0.0,4.0,190,1008.3
2024-01-01T05:00,25.1,93,0.0,3.9,214,1008.8
2024-01-01T06:00,25.5,90,0.0,1.1,252,1009.4
2024-01-01T07:00,26.1,90,0.0,2.3,198,1010.1
2024-01-01T08:00,27.6,81,0.0,0.0,270,1010.2
2024-01-01T09:00,28.8,75,0.2,1.6,333,1010.7
2024-01-01T10:00,29.7,72,0.1,3.3,13,1010.7
2024-01-01T11:00,30.2,71,0.3,5.7,18,1009.9
2024-01-01T12:00,30.6,73,0.3,10.5,4,1009.2
2024-01-01T13:00,29.9,75,0.2,14.0,337,1008.3
2024-01-01T14:00,29.7,76,1.4,8.9,339,1007.9
2024-01-01T15:00,29.8,75,0.1,8.9,333,1007.3
2024-01-01T16:00,30.1,74,0.0,3.5,294,1007.2
2024-01-01T17:00,25.9,92,7.3,6.3,156,1008.5
2024-01-01T18:00,25.9,91,0.3,3.1,135,1008.8
2024-01-01T19:00,25.4,91,1.8,4.6,129,1009.3
2024-01-01T20:00,25.9,92,0.1,8.4,190,1009.6
2024-01-01T21:00,25.2,96,0.0,12.1,113,1010.8
2024-01-01T22:00,25.0,94,0.2,10.3,126,1010.6
2024-01-01T23:00,25.0,93,0.0,6.8,93,1010.4
2024-01-02T00:00,24.9,93,0.0,4.7,81,1009.2
2024-01-02T01:00,24.8,94,0.0,6.1,118,1008.7
2024-01-02T02:00,24.6,94,0.0,4.6,135,1008.3
2024-01-02T03:00,24.4,95,0.0,2.2,99,1008.5
2024-01-02T04:00,24.5,93,0.0,4.2,160,1008.0
2024-01-02T05:00,24.5,94,0.0,3.3,174,1008.1
2024-01-02T06:00,24.6,94,0.0,4.4,189,1008.6
2024-01-02T07:00,25.3,91,0.0,2.2,189,1009.5
2024-01-02T08:00,27.3,84,0.0,1.5,135,1009.6
2024-01-02T09:00,28.9,76,0.0,1.8,11,1009.4
2024-01-02T10:00,30.1,71,0.0,2.9,7,1009.1
2024-01-02T11:00,30.7,67,0.0,8.8,19,1008.8
2024-01-02T12:00,31.0,67,0.0,12.1,12,1008.1
2024-01-02T13:00,30.5,69,0.0,10.6,10,1007.2
2024-01-02T14:00,30.2,70,0.0,10.2,10,1006.1
2024-01-02T15:00,30.1,74,0.1,9.6,13,1005.9
2024-01-02T16:00,29.6,76,0.1,9.3,28,1005.6
2024-01-02T17:00,28.5,79,0.1,7.6,25,1006.2
2024-01-02T18:00,28.3,80,0.2,2.9,7,1007.2
2024-01-02T19:00,26.7,90,2.3,8.0,95,1008.2
2024-01-02T20:00,27.5,86,0.2,7.1,336,1008.9
2024-01-02T21:00,26.7,89,1.1,5.9,104,1009.6
2024-01-02T22:00,26.3,92,1.2,6.0,115,1009.8
2024-01-02T23:00,25.7,94,2.7,8.7,97,1010.0
2024-01-03T00:00,25.4,94,0.3,4.4,99,1009.6
2024-01-03T01:00,25.3,96,0.2,4.0,85,1008.9
2024-01-03T02:00,24.7,97,0.6,6.1,152,1008.7
2024-01-03T03:00,24.2,96,4.6,9.9,136,1008.6
2024-01-03T04:00,24.1,97,3.4,10.7,135,1008.6
2024-01-03T05:00,24.3,95,0.2,5.1,135,1008.7
2024-01-03T06:00,24.0,95,0.4,9.7,117,1009.3
2024-01-03T07:00,24.2,95,1.6,6.7,144,1010.3
2024-01-03T08:00,24.5,96,6.5,7.1,139,1010.9
2024-01-03T09:00,24.7,95,3.2,4.3,156,1011.1
2024-01-03T10:00,24.8,94,2.8,6.8,183,1010.8
2024-01-03T11:00,25.6,90,1.2,4.2,211,1009.8
2024-01-03T12:00,27.2,84,0.8,5.2,254,1009.2
2024-01-03T13:00,27.8,80,0.3,6.5,267,1008.2
2024-01-03T14:00,28.0,78,0.1,8.4,263,1007.4
2024-01-03T15:00,28.3,77,0.0,8.4,263,1006.8
2024-01-03T16:00,28.3,78,0.0,8.6,268,1006.5
2024-01-03T17:00,28.3,78,0.0,8.1,257,1006.6
2024-01-03T18:00,27.5,82,0.0,7.7,259,1007.3
2024-01-03T19:00,26.7,88,0.0,8.8,261,1008.4
2024-01-03T20:00,26.4,92,0.0,3.7,259,1009.1
2024-01-03T21:00,26.6,91,0.0,6.1,273,1009.1
2024-01-03T22:00,26.3,93,0.0,9.5,259,1009.5
2024-01-03T23:00,26.1,93,0.0,7.8,257,1009.5
2024-01-04T00:00,25.8,94,0.0,12.1,240,1008.3
2024-01-04T01:00,24.2,94,2.8,14.5,284,1008.8
2024-01-04T02:00,24.3,94,1.5,8.1,283,1007.9
2024-01-04T03:00,24.5,92,0.8,9.0,265,1007.8
2024-01-04T04:00,24.2,94,1.1,9.9,289,1008.3
2024-01-04T05:00,23.8,95,3.0,11.4,246,1008.8
2024-01-04T06:00,24.1,94,1.0,10.8,249,1009.2
2024-01-04T07:00,24.4,94,0.7,10.0,244,1010.3
2024-01-04T08:00,25.1,93,2.2,14.8,273,1010.7
2024-01-04T09:00,25.4,93,2.3,13.2,253,1010.5
2024-01-04T10:00,26.3,91,0.6,9.4,252,1010.6
2024-01-04T11:00,26.5,91,0.9,5.4,278,1010.2
2024-01-04T12:00,27.1,91,1.1,6.9,309,1009.7
2024-01-04T13:00,27.8,86,0.7,9.0,331,1008.8
2024-01-04T14:00,27.7,82,0.8,13.0,336,1008.2
2024-01-04T15:00,26.5,90,2.2,9.9,314,1008.3
2024-01-04T16:00,26.3,95,1.3,9.2,296,1008.6
2024-01-04T17:00,25.4,94,2.9,5.8,274,1009.4
2024-01-04T18:00,24.8,96,3.4,2.9,270,1010.3
2024-01-04T19:00,25.0,95,3.7,5.9,223,1010.7
2024-01-04T20:00,24.0,95,2.1,6.6,189,1011.4
2024-01-04T21:00,24.0,95,3.9,5.9,191,1011.7
2024-01-04T22:00,23.9,95,3.3,4.1,195,1011.6
2024-01-04T23:00,23.9,94,1.3,4.0,185,1011.2
2024-01-05T00:00,23.8,95,0.8,3.2,207,1010.7
2024-01-05T01:00,23.9,95,0.9,3.2,207,1009.9
2024-01-05T02:00,23.9,95,1.1,2.8,220,1009.4
2024-01-05T03:00,24.0,94,1.3,4.4,235,1009.4
2024-01-05T04:00,24.0,94,1.3,4.2,211,1009.5
2024-01-05T05:00,24.0,94,0.9,2.9,187,1009.6
2024-01-05T06:00,24.1,93,0.2,2.9,173,1010.2
2024-01-05T07:00,24.7,92,0.0,4.0,153,1011.1
2024-01-05T08:00,26.6,86,0.0,2.5,172,1010.4
2024-01-05T09:00,28.0,80,0.0,0.5,135,1010.7
2024-01-05T10:00,28.9,75,0.0,3.5,24,1010.5
2024-01-05T11:00,30.3,66,0.0,7.3,11,1009.9
2024-01-05T12:00,30.9,63,0.0,9.0,360,1009.3
2024-01-05T13:00,30.7,64,0.0,11.9,360,1008.3
2024-01-05T14:00,30.4,65,0.0,12.6,360,1007.7
2024-01-05T15:00,30.0,67,0.0,12.6,3,1007.2
2024-01-05T16:00,29.8,68,0.0,9.7,2,1007.6
2024-01-05T17:00,28.9,72,0.0,5.3,298,1008.1
2024-01-05T18:00,26.1,85,0.4,13.0,208,1009.3
2024-01-05T19:00,25.1,92,0.6,10.4,180,1010.2
2024-01-05T20:00,26.0,88,0.0,10.1,197,1011.0
2024-01-05T21:00,25.4,88,0.7,8.3,185,1011.4
2024-01-05T22:00,24.7,94,2.4,6.8,155,1011.1
2024-01-05T23:00,24.9,94,1.0,7.0,168,1010.5
2024-01-06T00:00,25.1,92,0.1,6.6,158,1009.9
2024-01-06T01:00,25.2,91,0.0,5.6,130,1009.7
2024-01-06T02:00,25.1,90,0.0,5.1,141,1009.3
2024-01-06T03:00,24.8,92,0.0,4.7,157,1008.9
2024-01-06T04:00,24.4,93,0.0,4.4,171,1008.8
2024-01-06T05:00,23.8,95,0.0,3.1,225,1009.2
2024-01-06T06:00,24.0,95,0.0,3.2,270,1010.1
2024-01-06T07:00,25.7,89,0.0,1.8,217,1010.5
2024-01-06T08:00,27.8,81,0.0,1.5,284,1010.5
2024-01-06T09:00,29.2,73,0.0,6.9,332,1010.6
2024-01-06T10:00,30.0,69,0.2,8.7,330,1010.0
2024-01-06T11:00,30.0,74,0.3,11.6,338,1009.6
2024-01-06T12:00,30.1,75,0.1,12.4,343,1008.8
2024-01-06T13:00,30.4,72,0.1,10.9,333,1008.0
2024-01-06T14:00,30.3,71,0.0,10.3,335,1007.0
2024-01-06T15:00,29.0,75,2.2,8.2,311,1007.0
2024-01-06T16:00,28.4,80,0.1,6.5,273,1007.1
2024-01-06T17:00,27.0,85,0.7,4.5,209,1007.7
2024-01-06T18:00,26.5,87,0.2,6.4,218,1008.4
2024-01-06T19:00,25.9,92,0.3,3.3,186,1009.1
2024-01-06T20:00,25.8,91,0.1,6.6,112,1009.9
2024-01-06T21:00,25.5,93,0.1,8.1,122,1010.6
2024-01-06T22:00,25.2,94,0.0,7.9,120,1010.8
2024-01-06T23:00,25.0,94,0.0,6.2,111,1010.7
2024-01-07T00:00,24.9,93,0.0,4.7,99,1010.6
2024-01-07T01:00,24.6,94,0.0,3.9,112,1009.5
2024-01-07T02:00,24.4,94,0.0,3.3,139,1008.8
2024-01-07T03:00,24.2,95,0.0,3.2,180,1009.2
2024-01-07T04:00,24.1,96,0.0,3.3,193,1009.4
2024-01-07T05:00,24.0,96,0.0,2.5,172,1009.7
2024-01-07T06:00,24.2,96,0.0,2.5,225,1010.2
2024-01-07T07:00,25.4,92,0.0,3.1,201,1010.8
2024-01-07T08:00,27.5,85,0.0,5.4,250,1010.8
2024-01-07T09:00,29.1,77,0.0,4.0,265,1010.9
2024-01-07T10:00,30.2,72,0.0,4.1,315,1010.8
2024-01-07T11:00,30.9,70,0.0,5.6,345,1009.9
2024-01-07T12:00,30.5,70,0.1,10.9,354,1009.2
2024-01-07T13:00,27.7,85,2.1,11.4,336,1009.0
2024-01-07T14:00,28.2,81,0.8,8.1,315,1008.8
2024-01-07T15:00,26.8,84,1.3,9.7,270,1008.2
2024-01-07T16:00,25.1,89,2.3,13.2,241,1008.7
2024-01-07T17:00,25.0,92,0.6,5.5,203,1008.8
2024-01-07T18:00,24.5,94,0.6,7.2,207,1009.7
2024-01-07T19:00,24.3,96,0.3,6.3,167,1010.2
2024-01-07T20:00,24.9,91,0.0,2.5,172,1010.8
2024-01-07T21:00,25.0,93,0.0,1.8,217,1010.8
2024-01-07T22:00,25.0,93,0.0,2.3,198,1010.8
2024-01-07T23:00,25.0,93,0.0,2.5,270,1010.7
2024-01-08T00:00,25.1,93,0.0,4.2,200,1010.0
2024-01-08T01:00,24.9,94,0.0,4.9,234,1009.3
2024-01-08T02:00,24.7,94,0.0,5.4,228,1008.5
2024-01-08T03:00,24.2,95,0.0,4.2,250,1008.8
2024-01-08T04:00,24.8,93,0.0,3.9,248,1008.7
2024-01-08T05:00,24.6,94,0.0,3.5,246,1009.3
2024-01-08T06:00,24.7,94,0.0,3.1,216,1010.1
2024-01-08T07:00,25.6,90,0.0,5.3,208,1011.0
2024-01-08T08:00,25.8,92,1.6,5.4,233,1011.5
2024-01-08T09:00,26.9,88,0.4,5.7,235,1011.4
2024-01-08T10:00,26.6,91,0.5,4.6,252,1011.3
2024-01-08T11:00,27.3,88,0.7,2.9,263,1010.8
2024-01-08T12:00,28.2,81,0.5,4.3,312,1010.1
2024-01-08T13:00,29.1,76,0.3,5.9,322,1009.1
2024-01-08T14:00,29.4,75,0.2,8.2,319,1008.2
2024-01-08T15:00,29.4,75,0.1,9.2,309,1007.6
2024-01-08T16:00,28.9,78,0.2,7.6,301,1007.8
2024-01-08T17:00,26.4,87,6.1,5.2,282,1009.1
2024-01-08T18:00,26.4,90,0.9,1.5,256,1009.5
2024-01-08T19:00,26.1,93,1.3,3.8,139,1010.1
2024-01-08T20:00,26.2,93,0.0,2.8,230,1010.4
2024-01-08T21:00,26.9,88,0.0,1.4,180,1010.7
2024-01-08T22:00,26.9,86,0.0,0.8,27,1010.6
2024-01-08T23:00,26.5,88,0.0,2.1,59,1010.1
2024-01-09T00:00,25.4,94,0.0,3.8,107,1010.1
2024-01-09T01:00,25.1,95,0.0,3.8,131,1009.4
2024-01-09T02:00,24.8,96,0.0,3.4,162,1009.0
2024-01-09T03:00,24.5,97,0.0,2.6,196,1009.0
2024-01-09T04:00,24.5,96,0.0,3.3,186,1008.4
2024-01-09T05:00,24.7,95,0.0,4.2,200,1008.5
2024-01-09T06:00,24.7,94,0.0,4.3,180,1009.0
2024-01-09T07:00,25.8,91,0.0,4.0,185,1009.6
2024-01-09T08:00,27.9,83,0.0,6.4,223,1009.7
2024-01-09T09:00,29.5,71,0.0,7.1,246,1009.4
2024-01-09T10:00,30.7,65,0.0,7.6,267,1009.0
2024-01-09T11:00,31.6,61,0.0,7.6,278,1008.5
2024-01-09T12:00,32.1,59,0.0,8.4,301,1007.7
2024-01-09T13:00,32.0,62,0.0,11.1,324,1007.0
2024-01-09T14:00,31.1,68,0.1,11.2,327,1006.5
2024-01-09T15:00,30.0,71,2.7,9.0,299,1006.2
2024-01-09T16:00,28.8,76,1.7,5.8,202,1006.2
2024-01-09T17:00,27.7,83,0.0,8.4,160,1006.2
2024-01-09T18:00,27.5,85,0.0,2.6,74,1007.2
2024-01-09T19:00,27.5,87,0.0,2.4,153,1008.4
2024-01-09T20:00,26.7,86,0.0,6.1,130,1008.9
2024-01-09T21:00,26.4,87,0.0,6.6,139,1009.1
2024-01-09T22:00,26.2,88,0.0,6.5,124,1009.4
2024-01-09T23:00,25.7,90,0.0,3.2,153,1009.4
2024-01-10T00:00,25.6,91,0.0,2.5,188,1008.7
2024-01-10T01:00,25.1,93,0.0,3.2,207,1007.6
2024-01-10T02:00,24.9,93,0.0,2.8,230,1007.2
2024-01-10T03:00,25.0,92,0.0,4.2,250,1007.4
2024-01-10T04:00,25.1,91,0.0,5.2,245,1007.3
2024-01-10T05:00,24.8,94,0.0,4.1,232,1007.8
2024-01-10T06:00,24.8,94,0.0,4.1,195,1008.0
2024-01-10T07:00,26.2,89,0.0,2.6,214,1008.7
2024-01-10T08:00,28.4,78,0.0,2.0,225,1009.1
2024-01-10T09:00,29.8,71,0.0,1.8,270,1009.3
2024-01-10T10:00,31.0,66,0.0,3.6,6,1009.2
2024-01-10T11:00,31.0,67,0.0,10.1,4,1008.7
2024-01-10T12:00,28.5,81,7.6,14.2,351,1008.5
2024-01-10T13:00,28.2,82,3.1,10.3,306,1008.0
2024-01-10T14:00,28.2,79,0.2,7.0,282,1007.2
2024-01-10T15:00,28.0,81,0.2,9.2,219,1006.6
2024-01-10T16:00,27.9,81,0.1,6.8,198,1006.3
2024-01-10T17:00,27.8,82,0.1,8.7,232,1006.7
2024-01-10T18:00,27.3,85,0.0,3.9,248,1007.4
2024-01-10T19:00,27.0,87,0.0,5.8,248,1008.3
2024-01-10T20:00,27.3,86,0.0,8.2,247,1008.5
2024-01-10T21:00,26.8,86,0.0,5.2,236,1008.7
2024-01-10T22:00,26.6,85,0.0,8.0,262,1009.2
2024-01-10T23:00,26.3,86,0.1,6.8,245,1008.9
2024-01-11T00:00,26.0,88,0.0,10.5,254,1008.6
2024-01-11T01:00,25.6,90,0.0,10.1,243,1007.8
2024-01-11T02:00,25.4,89,0.0,11.6,265,1007.6
2024-01-11T03:00,25.3,88,0.0,13.9,260,1007.4
2024-01-11T04:00,25.1,88,0.0,11.9,272,1007.9
2024-01-11T05:00,25.0,88,0.0,12.2,268,1008.3
2024-01-11T06:00,25.1,88,0.0,13.5,261,1009.1
2024-01-11T07:00,25.4,87,0.0,14.1,218,1010.2
2024-01-11T08:00,27.8,82,0.0,5.1,278,1009.6
2024-01-11T09:00,29.4,76,0.0,7.9,254,1010.2
2024-01-11T10:00,30.5,73,0.1,5.0,240,1009.7
2024-01-11T11:00,31.3,69,0.1,5.0,270,1008.9
2024-01-11T12:00,30.9,71,0.2,11.8,340,1008.4
2024-01-11T13:00,27.1,83,5.0,10.2,280,1008.7
2024-01-11T14:00,27.3,84,0.5,12.2,268,1007.9
2024-01-11T15:00,28.2,83,0.6,13.0,246,1006.9
2024-01-11T16:00,28.4,82,0.5,14.8,241,1007.0
2024-01-11T17:00,27.7,83,0.5,9.9,237,1007.2
2024-01-11T18:00,27.1,87,0.2,10.0,249,1007.9
2024-01-11T19:00,26.6,89,0.2,9.2,249,1008.8
2024-01-11T20:00,26.2,88,0.0,8.0,234,1009.2
2024-01-11T21:00,25.9,91,0.0,3.6,233,1009.8
2024-01-11T22:00,25.8,92,0.2,6.0,245,1010.2
2024-01-11T23:00,25.5,93,0.5,5.6,243,1009.9
2024-01-12T00:00,25.0,95,0.6,8.9,243,1009.2
2024-01-12T01:00,24.9,93,0.3,9.4,247,1008.5
2024-01-12T02:00,24.8,94,0.1,8.6,248,1007.6
2024-01-12T03:00,24.6,94,0.0,9.9,260,1007.4
2024-01-12T04:00,24.5,94,0.0,9.1,261,1007.7
2024-01-12T05:00,24.5,94,0.0,8.8,261,1007.8
2024-01-12T06:00,24.6,94,0.0,8.9,243,1008.1
2024-01-12T07:00,25.2,93,0.0,10.5,229,1008.6
2024-01-12T08:00,27.3,83,0.0,13.1,261,1009.8
2024-01-12T09:00,28.6,77,0.0,14.9,263,1009.9
2024-01-12T10:00,29.9,72,0.0,14.8,271,1009.8
2024-01-12T11:00,30.8,67,0.0,13.7,265,1009.1
2024-01-12T12:00,31.6,61,0.0,12.4,253,1008.0
2024-01-12T13:00,32.2,58,0.0,10.9,253,1007.2
2024-01-12T14:00,32.7,57,0.0,10.9,261,1006.3
2024-01-12T15:00,32.5,58,0.0,12.1,258,1005.6
2024-01-12T16:00,30.7,66,0.1,14.1,230,1005.7
2024-01-12T17:00,29.8,72,0.2,12.5,237,1006.0
2024-01-12T18:00,29.0,75,0.0,10.9,253,1006.8
2024-01-12T19:00,28.2,78,0.0,14.6,260,1007.6
2024-01-12T20:00,27.3,81,0.0,12.2,256,1008.2
2024-01-12T21:00,26.7,83,0.0,11.7,261,1008.6
2024-01-12T22:00,26.5,83,0.0,10.4,270,1008.7
2024-01-12T23:00,26.3,83,0.0,11.2,270,1008.6
2024-01-13T00:00,26.0,84,0.0,11.5,268,1008.1
2024-01-13T01:00,25.7,85,0.0,10.5,264,1007.7
2024-01-13T02:00,25.4,87,0.0,11.4,259,1007.3
2024-01-13T03:00,25.2,89,0.0,9.4,252,1007.4
2024-01-13T04:00,25.2,89,0.0,8.8,251,1007.4
2024-01-13T05:00,25.2,88,0.0,9.6,257,1007.4
2024-01-13T06:00,25.1,88,0.0,10.0,257,1008.0
2024-01-13T07:00,25.9,85,0.0,9.3,257,1008.8
2024-01-13T08:00,27.9,79,0.0,9.2,249,1009.3
2024-01-13T09:00,29.6,70,0.0,8.4,250,1009.4
2024-01-13T10:00,30.5,66,0.0,6.5,264,1009.3
2024-01-13T11:00,31.3,63,0.0,6.3,283,1008.7
2024-01-13T12:00,31.6,65,0.0,8.8,305,1008.0
2024-01-13T13:00,31.3,68,0.0,11.3,323,1007.2
2024-01-13T14:00,31.1,68,0.0,13.6,310,1006.6
2024-01-13T15:00,30.9,64,0.1,13.8,263,1006.0
2024-01-13T16:00,29.5,70,0.2,15.7,254,1006.5
2024-01-13T17:00,28.8,77,0.1,13.6,248,1006.7
2024-01-13T18:00,28.2,79,0.1,10.8,240,1007.3
2024-01-13T19:00,27.5,83,0.0,10.5,243,1008.1
2024-01-13T20:00,26.9,88,0.1,9.2,244,1009.0
2024-01-13T21:00,26.6,86,0.1,11.0,251,1009.3
2024-01-13T22:00,26.4,85,0.0,11.5,250,1009.7
2024-01-13T23:00,26.2,84,0.0,10.8,255,1009.4
2024-01-14T00:00,26.0,84,0.0,9.3,257,1008.8
2024-01-14T01:00,25.7,85,0.0,9.1,263,1007.9
2024-01-14T02:00,25.4,86,0.0,6.5,264,1007.6
2024-01-14T03:00,25.3,87,0.0,5.0,270,1007.7
2024-01-14T04:00,25.1,88,0.0,7.6,270,1007.7
2024-01-14T05:00,24.9,89,0.0,7.0,249,1008.0
2024-01-14T06:00,24.7,90,0.0,5.8,240,1008.6
2024-01-14T07:00,25.5,88,0.0,4.2,250,1009.3
2024-01-14T08:00,27.1,85,0.0,5.9,256,1009.7
2024-01-14T09:00,28.7,78,0.0,5.1,274,1009.9
2024-01-14T10:00,30.0,71,0.0,2.3,309,1009.4
2024-01-14T11:00,30.8,68,0.0,5.4,360,1008.9
2024-01-14T12:00,30.9,70,0.0,11.3,353,1008.3
2024-01-14T13:00,30.9,72,0.0,15.5,342,1007.3
2024-01-14T14:00,30.7,71,0.5,16.1,336,1006.7
2024-01-14T15:00,29.1,78,1.5,10.0,319,1006.4
2024-01-14T16:00,27.2,85,4.7,7.4,231,1007.2
2024-01-14T17:00,26.4,89,0.5,7.1,255,1007.6
2024-01-14T18:00,25.9,92,0.5,3.1,216,1007.5
2024-01-14T19:00,25.5,95,0.3,1.8,270,1008.1
2024-01-14T20:00,26.8,89,0.0,6.4,207,1008.3
2024-01-14T21:00,26.1,93,0.0,3.7,209,1008.8
2024-01-14T22:00,26.4,90,0.0,2.8,230,1009.1
2024-01-14T23:00,25.8,93,0.0,4.1,232,1009.0
2024-01-15T00:00,26.2,89,0.0,6.0,237,1008.5
2024-01-15T01:00,25.9,89,0.0,8.6,248,1008.0
2024-01-15T02:00,25.6,89,0.0,9.3,254,1007.6
2024-01-15T03:00,25.4,90,0.0,8.7,265,1007.5
2024-01-15T04:00,25.5,90,0.0,9.4,277,1007.5
2024-01-15T05:00,25.4,91,0.0,8.7,275,1007.7
2024-01-15T06:00,25.4,90,0.0,9.0,268,1008.0
2024-01-15T07:00,26.3,87,0.0,9.4,270,1008.9
2024-01-15T08:00,28.0,81,0.0,10.1,270,1009.4
2024-01-15T09:00,29.3,73,0.1,11.2,264,1009.6
2024-01-15T10:00,30.4,68,0.2,9.1,277,1009.3
2024-01-15T11:00,31.0,68,0.0,9.5,307,1008.7
2024-01-15T12:00,29.6,72,0.4,16.6,333,1008.4
2024-01-15T13:00,28.8,79,1.3,11.6,324,1008.2
2024-01-15T14:00,29.6,74,0.2,11.3,301,1006.9
2024-01-15T15:00,30.3,71,0.1,8.4,290,1006.3
2024-01-15T16:00,29.9,72,0.1,11.2,303,1005.9
2024-01-15T17:00,29.2,75,0.2,7.2,307,1006.1
2024-01-15T18:00,28.7,77,0.0,5.0,300,1006.8
2024-01-15T19:00,27.6,83,0.0,3.7,259,1007.7
2024-01-15T20:00,26.5,87,0.3,5.9,218,1008.2
2024-01-15T21:00,26.2,90,0.0,5.9,256,1008.5
2024-01-15T22:00,27.3,81,0.0,2.9,240,1009.0
2024-01-15T23:00,26.3,90,0.0,3.5,204,1009.2
2024-01-16T00:00,25.7,94,0.0,3.5,246,1008.8
2024-01-16T01:00,25.8,92,0.0,8.7,253,1008.2
2024-01-16T02:00,25.5,89,0.0,15.6,262,1007.6
2024-01-16T03:00,25.3,88,0.0,15.1,258,1007.6
2024-01-16T04:00,24.8,89,0.0,12.4,262,1007.5
2024-01-16T05:00,24.7,89,0.0,10.5,266,1007.6
2024-01-16T06:00,24.6,89,0.0,10.7,256,1008.2
2024-01-16T07:00,25.8,86,0.0,10.1,264,1008.7
2024-01-16T08:00,27.3,81,0.0,11.4,252,1009.3
2024-01-16T09:00,28.8,76,0.0,11.3,253,1008.8
2024-01-16T10:00,30.0,72,0.0,14.2,263,1008.6
2024-01-16T11:00,30.6,67,0.0,11.9,268,1008.2
2024-01-16T12:00,31.0,67,0.0,12.4,280,1007.9
2024-01-16T13:00,31.6,66,0.0,13.1,291,1007.1
2024-01-16T14:00,30.9,70,0.0,16.3,305,1006.1
2024-01-16T15:00,29.1,77,2.7,17.4,297,1005.7
2024-01-16T16:00,29.7,74,0.1,12.1,293,1005.4
2024-01-16T17:00,30.1,71,0.0,11.2,266,1005.8
2024-01-16T18:00,29.5,73,0.0,11.8,258,1006.6
2024-01-16T19:00,28.5,76,0.0,13.0,267,1007.5
2024-01-16T20:00,28.4,74,0.0,12.8,260,1007.6
2024-01-16T21:00,27.8,75,0.0,14.8,256,1008.3
2024-01-16T22:00,27.3,76,0.0,11.6,265,1009.0
2024-01-16T23:00,26.9,78,0.0,11.4,252,1008.5
2024-01-17T00:00,26.6,80,0.0,11.2,255,1007.9
2024-01-17T01:00,26.2,82,0.0,11.2,255,1007.5
2024-01-17T02:00,26.1,83,0.0,12.4,260,1007.0
2024-01-17T03:00,26.1,84,0.0,11.2,264,1006.4
2024-01-17T04:00,25.9,86,0.0,9.0,270,1006.4
2024-01-17T05:00,26.0,86,0.0,10.9,278,1006.8
2024-01-17T06:00,25.9,86,0.0,14.0,271,1007.6
2024-01-17T07:00,26.5,84,0.0,14.3,282,1008.2
2024-01-17T08:00,27.9,80,0.0,15.1,295,1008.7
2024-01-17T09:00,28.9,76,0.0,14.3,295,1008.8
2024-01-17T10:00,30.0,72,0.0,13.8,298,1008.7
2024-01-17T11:00,30.1,72,0.1,14.7,306,1008.4
2024-01-17T12:00,30.7,69,0.1,16.6,319,1007.3
2024-01-17T13:00,27.9,82,5.0,14.0,282,1007.2
2024-01-17T14:00,28.8,78,0.2,11.9,272,1006.4
2024-01-17T15:00,29.3,77,0.2,10.1,264,1005.5
2024-01-17T16:00,29.5,75,0.1,12.3,267,1005.7
2024-01-17T17:00,28.0,82,2.9,11.4,288,1006.4
2024-01-17T18:00,27.9,81,0.0,12.3,273,1007.5
2024-01-17T19:00,27.4,83,0.0,13.7,272,1008.1
2024-01-17T20:00,27.0,81,0.0,9.8,262,1008.7
2024-01-17T21:00,26.6,83,0.0,9.0,254,1009.4
2024-01-17T22:00,26.2,84,0.0,8.9,249,1009.7
2024-01-17T23:00,26.1,85,0.0,7.8,248,1009.1
2024-01-18T00:00,26.0,85,0.0,8.3,252,1008.6
2024-01-18T01:00,25.9,86,0.0,8.3,268,1007.9
2024-01-18T02:00,25.6,86,0.0,10.4,250,1007.7
2024-01-18T03:00,25.3,88,0.0,11.3,243,1007.4
2024-01-18T04:00,25.2,88,0.0,12.4,253,1007.5
2024-01-18T05:00,25.2,88,0.0,13.1,262,1007.4
2024-01-18T06:00,25.3,86,0.0,10.5,243,1007.7
2024-01-18T07:00,26.0,83,0.0,13.4,246,1008.7
2024-01-18T08:00,26.7,84,0.1,12.1,258,1009.5
2024-01-18T09:00,28.2,79,0.0,12.4,262,1009.4
2024-01-18T10:00,29.9,69,0.1,17.5,256,1009.1
2024-01-18T11:00,30.6,65,0.1,19.2,257,1008.4
2024-01-18T12:00,31.3,66,0.1,16.9,268,1007.6
2024-01-18T13:00,31.6,64,0.0,19.6,256,1006.7
2024-01-18T14:00,30.2,67,0.2,23.3,250,1005.9
2024-01-18T15:00,28.8,76,0.4,18.3,260,1005.3
2024-01-18T16:00,28.0,81,0.1,14.8,264,1005.4
2024-01-18T17:00,28.2,77,0.0,14.2,254,1005.6
2024-01-18T18:00,27.5,80,0.0,14.8,256,1006.9
2024-01-18T19:00,26.9,82,0.2,15.1,258,1007.8
2024-01-18T20:00,26.8,80,0.0,16.2,249,1008.5
2024-01-18T21:00,26.8,80,0.0,14.8,244,1008.8
2024-01-18T22:00,26.7,80,0.0,14.7,248,1009.0
2024-01-18T23:00,26.5,81,0.0,15.7,250,1008.6
2024-01-19T00:00,26.7,80,0.0,17.9,260,1008.4
2024-01-19T01:00,26.3,82,0.0,17.8,252,1007.2
2024-01-19T02:00,25.7,85,0.0,18.5,262,1007.5
2024-01-19T03:00,25.2,86,0.1,18.4,266,1007.6
2024-01-19T04:00,25.2,85,0.0,19.3,256,1007.1
2024-01-19T05:00,25.0,87,0.0,16.6,266,1007.8
2024-01-19T06:00,24.9,87,0.0,19.1,273,1008.5
2024-01-19T07:00,25.1,86,0.2,18.3,255,1009.2
2024-01-19T08:00,24.8,92,2.7,17.3,272,1010.1
2024-01-19T09:00,25.0,92,2.6,15.9,266,1010.9
2024-01-19T10:00,24.8,92,3.3,16.3,262,1011.1
2024-01-19T11:00,25.2,91,1.7,18.4,269,1010.5
2024-01-19T12:00,26.3,89,0.8,18.4,270,1009.6
2024-01-19T13:00,27.7,79,0.4,19.0,251,1009.2
2024-01-19T14:00,26.8,84,0.6,14.2,254,1008.2
2024-01-19T15:00,27.2,82,0.2,17.7,264,1007.7
2024-01-19T16:00,26.7,84,0.2,18.4,264,1007.6
2024-01-19T17:00,26.9,82,0.1,19.8,268,1008.2
2024-01-19T18:00,26.3,85,0.1,20.2,265,1009.1
2024-01-19T19:00,25.7,86,0.1,19.5,265,1009.4
2024-01-19T20:00,25.1,88,0.0,18.9,249,1009.8
2024-01-19T21:00,25.4,86,0.0,18.0,254,1010.2
2024-01-19T22:00,25.4,85,0.0,17.5,251,1010.6
2024-01-19T23:00,25.5,83,0.0,15.8,246,1010.0
2024-01-20T00:00,25.3,83,0.0,15.3,246,1009.2
2024-01-20T01:00,25.0,83,0.0,15.0,253,1008.5
2024-01-20T02:00,25.0,82,0.0,16.8,255,1008.0
2024-01-20T03:00,25.0,81,0.0,15.8,253,1007.6
2024-01-20T04:00,25.1,81,0.0,16.1,254,1007.6
2024-01-20T05:00,25.5,80,0.0,17.0,253,1008.1
2024-01-20T06:00,25.6,80,0.0,17.0,253,1008.7
2024-01-20T07:00,26.2,80,0.0,13.8,250,1009.4
2024-01-20T08:00,27.8,79,0.0,14.7,259,1009.9
2024-01-20T09:00,29.4,72,0.0,17.3,258,1010.2
2024-01-20T10:00,30.4,66,0.0,21.3,254,1009.8
2024-01-20T11:00,31.8,59,0.0,22.6,253,1009.5
2024-01-20T12:00,32.3,57,0.0,23.7,257,1008.6
2024-01-20T13:00,32.4,55,0.0,25.9,249,1007.8
2024-01-20T14:00,32.3,55,0.0,25.3,250,1007.1
2024-01-20T15:00,31.8,57,0.0,25.4,249,1006.4
2024-01-20T16:00,31.2,59,0.0,24.9,248,1006.3
2024-01-20T17:00,30.3,61,0.0,24.6,249,1006.6
2024-01-20T18:00,29.4,64,0.0,20.8,252,1007.7
2024-01-20T19:00,28.7,67,0.0,19.6,253,1009.0
2024-01-20T20:00,28.5,66,0.0,18.0,250,1009.4
2024-01-20T21:00,27.9,68,0.0,15.6,244,1010.3
2024-01-20T22:00,27.3,72,0.0,14.8,236,1010.8
2024-01-20T23:00,26.9,74,0.0,13.7,240,1010.6
2024-01-21T00:00,26.6,77,0.0,13.7,247,1009.9
2024-01-21T01:00,26.3,79,0.0,14.2,249,1009.4
2024-01-21T02:00,26.0,81,0.0,13.7,252,1009.0
2024-01-21T03:00,26.0,82,0.0,15.2,256,1008.6
2024-01-21T04:00,25.8,84,0.0,14.8,257,1008.5
2024-01-21T05:00,25.7,85,0.0,14.0,258,1009.2
2024-01-21T06:00,26.0,84,0.0,16.2,257,1009.9
2024-01-21T07:00,26.7,79,0.0,18.8,258,1010.7
2024-01-21T08:00,27.0,77,0.0,15.9,264,1011.1
2024-01-21T09:00,28.6,73,0.0,17.8,262,1011.0
2024-01-21T10:00,30.0,69,0.0,19.5,268,1010.6
2024-01-21T11:00,30.6,67,0.1,19.2,264,1010.0
2024-01-21T12:00,30.9,66,0.0,18.3,254,1009.3
2024-01-21T13:00,31.5,63,0.1,20.0,256,1008.4
2024-01-21T14:00,31.3,67,0.0,18.9,262,1007.6
2024-01-21T15:00,31.2,65,0.0,16.2,269,1006.8
2024-01-21T16:00,30.0,69,0.1,16.2,258,1007.4
2024-01-21T17:00,29.2,75,0.0,17.9,261,1007.7
2024-01-21T18:00,28.4,76,0.0,17.7,257,1008.4
2024-01-21T19:00,27.7,77,0.0,20.0,256,1009.4
2024-01-21T20:00,26.6,78,0.0,20.7,257,1009.6
2024-01-21T21:00,26.2,80,0.0,19.2,253,1010.2
2024-01-21T22:00,26.1,82,0.0,18.9,256,1010.3
2024-01-21T23:00,26.0,83,0.0,18.7,251,1010.4
2024-01-22T00:00,25.9,82,0.0,17.6,255,1009.8
2024-01-22T01:00,25.7,82,0.0,18.9,252,1009.3
2024-01-22T02:00,25.8,82,0.0,19.5,251,1008.9
2024-01-22T03:00,25.5,82,0.0,18.7,254,1008.7
2024-01-22T04:00,25.7,80,0.0,18.6,252,1008.7
2024-01-22T05:00,25.8,81,0.0,17.2,254,1009.2
2024-01-22T06:00,25.7,82,0.0,16.6,257,1009.7
2024-01-22T07:00,26.6,78,0.0,16.9,258,1010.4
2024-01-22T08:00,28.2,79,0.0,14.5,263,1011.5
2024-01-22T09:00,29.2,75,0.0,17.6,255,1011.7
2024-01-22T10:00,29.7,72,0.0,16.3,256,1011.4
2024-01-22T11:00,30.7,67,0.3,17.7,268,1010.9
2024-01-22T12:00,31.3,65,0.2,17.3,270,1010.1
2024-01-22T13:00,31.7,59,0.0,16.6,268,1009.5
2024-01-22T14:00,31.4,58,0.0,18.0,267,1008.7
2024-01-22T15:00,31.1,59,0.0,16.9,259,1008.3
2024-01-22T16:00,30.1,63,0.0,18.6,252,1008.1
2024-01-22T17:00,29.8,64,0.0,20.4,261,1008.2
2024-01-22T18:00,29.4,62,0.0,20.0,256,1008.7
2024-01-22T19:00,28.7,63,0.0,18.6,252,1009.4
2024-01-22T20:00,29.0,62,0.0,20.5,255,1010.3
2024-01-22T21:00,28.3,66,0.0,19.1,254,1010.6
2024-01-22T22:00,28.0,70,0.0,18.7,251,1011.2
2024-01-22T23:00,27.7,72,0.0,19.4,248,1011.3
2024-01-23T00:00,27.4,74,0.0,17.8,252,1010.8
2024-01-23T01:00,27.1,74,0.0,17.8,249,1010.3
2024-01-23T02:00,26.9,75,0.0,17.3,247,1009.7
2024-01-23T03:00,26.9,74,0.0,16.5,247,1009.6
2024-01-23T04:00,26.7,75,0.0,15.5,242,1010.0
2024-01-23T05:00,26.5,77,0.0,16.6,243,1010.4
2024-01-23T06:00,26.1,79,0.0,15.1,242,1010.8
2024-01-23T07:00,26.6,78,0.0,11.4,242,1011.6
2024-01-23T08:00,27.4,76,0.0,19.0,260,1012.3
2024-01-23T09:00,28.7,73,0.0,18.0,250,1012.4
2024-01-23T10:00,29.9,69,0.0,20.9,246,1012.0
2024-01-23T11:00,30.7,66,0.1,21.2,238,1011.3
2024-01-23T12:00,31.7,63,0.1,17.6,235,1010.3
2024-01-23T13:00,32.3,60,0.0,15.9,232,1009.4
2024-01-23T14:00,32.6,60,0.0,14.8,231,1008.5
2024-01-23T15:00,32.4,59,0.0,16.6,231,1007.9
2024-01-23T16:00,31.5,62,0.0,12.8,232,1007.6
2024-01-23T17:00,30.9,63,0.1,12.7,225,1008.2
2024-01-23T18:00,29.8,69,0.0,9.2,231,1008.8
2024-01-23T19:00,28.9,72,0.0,9.8,246,1009.7
2024-01-23T20:00,28.2,71,0.0,11.5,238,1010.0
2024-01-23T21:00,27.5,75,0.0,9.7,225,1010.4
2024-01-23T22:00,26.9,76,0.0,9.5,245,1010.7
2024-01-23T23:00,26.4,78,0.0,8.8,251,1010.7
2024-01-24T00:00,26.1,79,0.0,8.6,248,1010.3
2024-01-24T01:00,26.0,80,0.0,10.9,243,1009.9
2024-01-24T02:00,25.9,80,0.0,10.6,246,1009.4
2024-01-24T03:00,25.7,82,0.0,10.8,240,1009.5
2024-01-24T04:00,25.7,83,0.0,11.8,247,1009.6
2024-01-24T05:00,25.7,83,0.0,12.0,249,1009.8
2024-01-24T06:00,25.7,83,0.0,10.6,260,1010.4
2024-01-24T07:00,26.7,82,0.0,10.1,266,1011.2
2024-01-24T08:00,28.3,78,0.0,17.9,280,1011.7
2024-01-24T09:00,29.2,74,0.0,15.8,269,1012.3
2024-01-24T10:00,30.0,70,0.0,15.6,262,1012.3
2024-01-24T11:00,30.8,68,0.0,17.1,278,1011.8
2024-01-24T12:00,31.0,67,0.0,18.4,274,1010.8
2024-01-24T13:00,30.7,67,0.2,17.9,279,1010.1
2024-01-24T14:00,31.2,64,0.0,15.5,273,1009.3
2024-01-24T15:00,30.9,66,0.1,16.0,279,1008.6
2024-01-24T16:00,30.7,63,0.0,16.6,274,1008.1
2024-01-24T17:00,30.2,66,0.0,15.3,262,1008.3
2024-01-24T18:00,29.3,70,0.0,13.7,256,1009.1
2024-01-24T19:00,28.1,75,0.0,15.2,256,1009.5
2024-01-24T20:00,27.9,73,0.0,9.5,245,1010.7
2024-01-24T21:00,27.3,76,0.0,9.8,264,1011.2
2024-01-24T22:00,27.0,77,0.0,12.2,272,1011.6
2024-01-24T23:00,26.6,79,0.0,11.2,266,1011.7
2024-01-25T00:00,26.2,82,0.0,9.5,259,1011.3
2024-01-25T01:00,25.9,84,0.0,8.0,262,1010.8
2024-01-25T02:00,25.5,86,0.0,8.6,237,1010.2
2024-01-25T03:00,25.2,87,0.0,7.8,202,1010.2
2024-01-25T04:00,25.0,88,0.0,5.2,196,1010.4
2024-01-25T05:00,24.5,92,0.0,3.4,212,1010.9
2024-01-25T06:00,24.7,90,0.0,5.4,266,1011.7
2024-01-25T07:00,25.8,85,0.0,6.6,248,1012.4
2024-01-25T08:00,28.0,77,0.0,5.5,247,1013.3
2024-01-25T09:00,29.6,71,0.0,6.2,263,1013.4
2024-01-25T10:00,30.8,67,0.0,7.2,276,1013.1
2024-01-25T11:00,31.5,65,0.0,8.4,310,1012.6
2024-01-25T12:00,31.6,64,0.0,13.9,323,1011.8
2024-01-25T13:00,31.2,67,0.0,15.2,324,1010.9
2024-01-25T14:00,30.2,72,0.1,15.8,311,1009.9
2024-01-25T15:00,30.3,69,0.7,16.6,304,1009.3
2024-01-25T16:00,30.4,71,0.1,12.9,297,1009.1
2024-01-25T17:00,30.2,68,0.1,9.8,294,1009.6
2024-01-25T18:00,28.7,81,0.8,9.4,320,1010.6
2024-01-25T19:00,27.7,85,0.0,15.1,310,1011.6
2024-01-25T20:00,29.0,69,0.0,15.9,266,1011.8
2024-01-25T21:00,27.8,75,0.0,3.9,214,1012.9
2024-01-25T22:00,26.6,82,0.0,8.4,115,1013.2
2024-01-25T23:00,25.4,88,0.0,10.8,94,1013.3
2024-01-26T00:00,25.0,91,0.0,8.0,98,1013.1
2024-01-26T01:00,24.8,92,0.0,8.3,90,1012.6
2024-01-26T02:00,24.6,93,0.0,9.1,97,1012.4
2024-01-26T03:00,24.3,94,0.0,8.1,122,1012.1
2024-01-26T04:00,24.2,94,0.0,8.7,135,1012.2
2024-01-26T05:00,24.3,93,0.0,8.9,137,1012.4
2024-01-26T06:00,24.2,93,0.0,8.7,128,1013.0
2024-01-26T07:00,25.2,90,0.0,8.1,135,1013.6
2024-01-26T08:00,27.1,83,0.0,2.3,342,1014.5
2024-01-26T09:00,28.1,79,0.0,5.3,332,1014.4
2024-01-26T10:00,28.7,75,0.0,8.4,340,1014.1
2024-01-26T11:00,28.0,75,0.5,14.2,333,1013.9
2024-01-26T12:00,28.7,76,0.3,13.0,314,1012.8
2024-01-26T13:00,29.4,73,0.5,15.3,309,1012.2
2024-01-26T14:00,29.6,71,0.2,15.1,327,1011.1
2024-01-26T15:00,29.2,71,0.2,15.8,319,1010.6
2024-01-26T16:00,28.9,73,0.3,13.5,318,1009.9
2024-01-26T17:00,28.5,75,0.3,9.8,324,1010.1
2024-01-26T18:00,28.0,78,0.0,7.7,323,1010.9
2024-01-26T19:00,27.3,82,0.0,5.4,307,1012.1
2024-01-26T20:00,25.7,94,0.2,9.5,191,1012.6
2024-01-26T21:00,25.4,93,0.3,2.2,189,1013.5
2024-01-26T22:00,25.5,92,0.1,0.8,153,1013.7
2024-01-26T23:00,25.2,92,1.1,4.3,336,1013.8
2024-01-27T00:00,25.1,94,1.8,2.6,344,1013.2
2024-01-27T01:00,24.8,94,0.7,7.1,294,1013.1
2024-01-27T02:00,24.6,96,0.3,2.3,321,1012.4
2024-01-27T03:00,24.3,95,0.2,10.5,254,1011.8
2024-01-27T04:00,23.7,95,0.6,4.8,207,1011.8
2024-01-27T05:00,23.5,96,1.7,9.4,203,1011.9
2024-01-27T06:00,23.3,95,0.4,4.1,255,1012.5
2024-01-27T07:00,23.4,95,3.2,10.3,216,1012.8
2024-01-27T08:00,24.3,92,0.4,5.0,249,1014.1
2024-01-27T09:00,26.1,84,0.2,4.4,235,1014.2
2024-01-27T10:00,27.3,79,0.0,4.4,261,1013.8
2024-01-27T11:00,28.2,78,0.1,6.3,294,1013.2
2024-01-27T12:00,29.1,73,0.1,12.3,328,1012.2
2024-01-27T13:00,27.7,81,0.9,11.4,347,1011.6
2024-01-27T14:00,28.9,76,0.0,11.5,340,1010.6
2024-01-27T15:00,28.7,77,1.3,13.2,331,1010.1
2024-01-27T16:00,27.8,80,0.9,8.2,311,1009.8
2024-01-27T17:00,28.1,78,0.0,7.1,300,1009.9
2024-01-27T18:00,27.4,80,0.0,9.0,268,1010.6
2024-01-27T19:00,26.4,85,0.0,6.8,252,1011.7
2024-01-27T20:00,24.9,96,2.0,7.4,194,1012.3
2024-01-27T21:00,25.1,94,0.2,6.1,177,1012.7
2024-01-27T22:00,25.2,93,1.1,1.1,72,1013.5
2024-01-27T23:00,25.0,95,0.6,5.8,356,1013.6
2024-01-28T00:00,25.2,96,0.4,1.8,281,1012.9
2024-01-28T01:00,25.1,95,0.8,5.6,255,1012.5
2024-01-28T02:00,24.3,96,2.8,7.9,223,1012.2
2024-01-28T03:00,24.3,94,0.4,3.3,283,1012.1
2024-01-28T04:00,24.1,95,1.5,7.9,270,1011.9
2024-01-28T05:00,24.0,94,0.4,6.6,248,1012.2
2024-01-28T06:00,23.8,94,0.2,6.4,243,1012.5
2024-01-28T07:00,24.2,93,0.2,6.4,232,1013.1
2024-01-28T08:00,23.9,97,3.6,8.7,204,1014.2
2024-01-28T09:00,24.0,96,0.4,8.3,175,1014.4
2024-01-28T10:00,26.2,87,0.4,4.0,297,1014.0
2024-01-28T11:00,27.5,82,0.3,9.2,321,1013.5
2024-01-28T12:00,28.4,79,0.1,10.7,320,1012.5
2024-01-28T13:00,28.6,78,0.1,12.0,314,1011.3
2024-01-28T14:00,29.5,75,0.1,9.6,326,1010.5
2024-01-28T15:00,29.2,75,0.0,11.0,322,1010.0
2024-01-28T16:00,28.9,76,0.1,10.7,310,1009.8
2024-01-28T17:00,27.2,83,0.8,13.4,297,1010.5
2024-01-28T18:00,26.0,89,0.2,8.4,277,1011.3
2024-01-28T19:00,25.5,92,0.0,4.6,231,1012.0
2024-01-28T20:00,24.8,92,0.8,10.2,203,1012.3
2024-01-28T21:00,24.8,91,0.1,4.7,184,1012.8
2024-01-28T22:00,24.8,92,0.0,3.4,198,1013.0
2024-01-28T23:00,24.8,92,0.0,4.1,195,1012.6
2024-01-29T00:00,24.4,95,0.0,3.9,236,1012.1
2024-01-29T01:00,24.5,92,0.0,3.0,284,1011.6
2024-01-29T02:00,24.7,91,1.1,13.5,331,1011.8
2024-01-29T03:00,24.7,94,1.5,7.8,304,1011.4
2024-01-29T04:00,24.3,95,4.2,11.6,265,1011.6
2024-01-29T05:00,24.3,95,2.3,8.7,263,1011.8
2024-01-29T06:00,23.9,96,0.9,10.5,254,1012.5
2024-01-29T07:00,23.5,96,4.8,10.5,211,1013.2
2024-01-29T08:00,25.7,89,1.3,6.9,242,1013.7
2024-01-29T09:00,25.4,93,0.7,6.8,205,1013.8
2024-01-29T10:00,26.4,92,0.7,3.5,246,1013.9
2024-01-29T11:00,26.6,92,0.8,5.9,308,1013.2
2024-01-29T12:00,27.8,84,0.5,8.7,308,1012.1
2024-01-29T13:00,29.1,76,0.2,11.1,306,1011.3
2024-01-29T14:00,29.1,76,0.3,11.5,314,1010.4
2024-01-29T15:00,29.4,74,0.2,10.4,314,1009.8
2024-01-29T16:00,28.8,75,0.2,9.9,303,1009.7
2024-01-29T17:00,27.9,77,0.1,10.5,274,1009.8
2024-01-29T18:00,26.7,85,0.2,8.3,252,1010.4
2024-01-29T19:00,26.1,91,0.4,6.4,243,1011.2
2024-01-29T20:00,25.9,93,0.2,10.4,270,1012.0
2024-01-29T21:00,25.4,94,0.3,6.1,242,1012.4
2024-01-29T22:00,25.2,94,0.1,3.6,225,1012.6
2024-01-29T23:00,25.0,94,1.4,5.5,337,1012.8
2024-01-30T00:00,24.9,91,0.7,4.7,302,1012.2
2024-01-30T01:00,24.8,94,0.1,3.2,297,1011.5
2024-01-30T02:00,25.7,87,0.0,2.5,278,1010.9
2024-01-30T03:00,24.6,93,0.0,3.1,216,1010.6
2024-01-30T04:00,24.5,94,0.6,5.5,281,1010.8
2024-01-30T05:00,24.4,94,0.7,5.7,252,1011.2
2024-01-30T06:00,24.5,93,0.1,8.0,297,1011.7
2024-01-30T07:00,25.1,92,0.0,9.8,264,1012.3
2024-01-30T08:00,25.5,91,0.4,9.1,252,1013.3
2024-01-30T09:00,25.9,90,0.2,8.3,270,1013.3
2024-01-30T10:00,27.7,83,0.3,9.4,293,1013.3
2024-01-30T11:00,28.6,79,0.5,14.0,305,1012.9
2024-01-30T12:00,29.1,74,0.2,16.1,304,1011.8
2024-01-30T13:00,29.4,72,0.1,16.3,313,1010.8
2024-01-30T14:00,29.0,74,0.0,16.1,318,1010.2
2024-01-30T15:00,29.3,74,0.1,13.6,323,1009.6
2024-01-30T16:00,29.1,74,0.1,13.1,323,1009.4
2024-01-30T17:00,28.2,78,0.3,11.1,324,1010.0
2024-01-30T18:00,27.5,80,0.0,8.1,283,1011.0
2024-01-30T19:00,25.8,91,1.3,9.8,278,1011.6
2024-01-30T20:00,26.2,89,4.6,10.4,290,1012.3
2024-01-30T21:00,25.4,93,1.9,5.3,298,1013.0
2024-01-30T22:00,24.8,95,2.0,6.9,264,1013.8
2024-01-30T23:00,24.6,95,4.3,7.0,258,1013.6
2024-01-31T00:00,24.4,96,2.1,7.2,264,1013.3
2024-01-31T01:00,24.0,96,6.1,7.2,233,1012.6
2024-01-31T02:00,24.2,95,2.6,5.2,258,1012.0
2024-01-31T03:00,24.3,96,3.9,10.1,270,1012.0
2024-01-31T04:00,24.3,96,1.7,10.0,257,1011.9
2024-01-31T05:00,24.2,96,0.4,6.8,238,1011.8
2024-01-31T06:00,24.0,97,0.6,7.8,214,1012.2
2024-01-31T07:00,24.1,96,0.2,7.1,210,1012.9
2024-01-31T08:00,25.3,93,0.2,7.9,210,1013.6
2024-01-31T09:00,26.0,91,0.1,4.9,234,1013.6
2024-01-31T10:00,27.8,80,0.2,5.8,300,1013.3
2024-01-31T11:00,28.7,78,0.3,7.2,333,1013.0
2024-01-31T12:00,27.8,82,2.2,10.7,340,1012.1
2024-01-31T13:00,28.7,79,0.2,5.9,308,1011.6
2024-01-31T14:00,28.4,79,0.1,8.2,322,1010.8
2024-01-31T15:00,29.4,74,0.0,10.0,311,1010.4
2024-01-31T16:00,29.2,73,0.1,7.9,294,1010.5
2024-01-31T17:00,28.1,77,0.0,8.3,270,1010.0
2024-01-31T18:00,27.5,80,0.0,5.7,252,1010.7
2024-01-31T19:00,26.9,86,0.0,5.8,248,1011.9
2024-01-31T20:00,26.6,86,0.0,2.9,210,1012.6
2024-01-31T21:00,26.2,90,0.0,2.9,210,1012.9
2024-01-31T22:00,25.9,91,0.0,2.9,210,1013.3
2024-01-31T23:00,25.7,91,0.0,5.4,217,1012.9
2024-02-01T00:00,25.5,91,0.0,6.3,246,1012.5
2024-02-01T01:00,25.4,90,0.0,6.0,245,1011.6
2024-02-01T02:00,25.3,91,0.0,6.9,264,1011.3
2024-02-01T03:00,25.2,91,0.0,6.9,261,1010.7
2024-02-01T04:00,25.1,91,0.0,6.4,286,1010.6
2024-02-01T05:00,25.6,90,0.0,8.7,315,1011.7
2024-02-01T06:00,26.0,89,0.0,7.1,315,1012.5
2024-02-01T07:00,26.1,89,0.0,11.2,315,1013.4
2024-02-01T08:00,27.8,81,0.0,8.4,310,1013.5
2024-02-01T09:00,28.2,78,1.7,9.6,283,1013.4
2024-02-01T10:00,29.0,74,0.0,9.5,299,1013.1
2024-02-01T11:00,29.5,74,0.2,12.9,330,1012.9
2024-02-01T12:00,29.3,79,7.1,11.2,339,1011.7
2024-02-01T13:00,29.9,76,0.2,12.4,330,1011.0
2024-02-01T14:00,30.1,74,0.1,12.9,330,1010.5
2024-02-01T15:00,28.1,82,3.7,16.6,294,1010.8
2024-02-01T16:00,27.2,83,0.4,9.0,254,1010.6
2024-02-01T17:00,26.1,89,1.9,7.8,292,1010.9
2024-02-01T18:00,25.9,91,0.3,5.4,270,1011.4
2024-02-01T19:00,25.7,92,0.1,6.8,270,1011.9
2024-02-01T20:00,26.1,92,0.2,7.0,235,1012.5
2024-02-01T21:00,25.9,93,0.0,5.2,258,1013.1
2024-02-01T22:00,25.8,93,0.0,6.4,254,1013.3
2024-02-01T23:00,25.3,93,0.0,10.5,254,1013.1
2024-02-02T00:00,24.9,92,0.0,10.6,252,1012.6
2024-02-02T01:00,24.6,93,0.0,10.6,242,1011.9
2024-02-02T02:00,24.4,94,0.0,9.5,245,1011.0
2024-02-02T03:00,24.3,94,0.0,9.6,250,1010.7
2024-02-02T04:00,24.4,93,0.0,9.8,262,1010.6
2024-02-02T05:00,24.5,91,0.0,11.2,266,1011.1
2024-02-02T06:00,24.7,90,0.0,11.3,261,1011.5
2024-02-02T07:00,25.5,88,0.0,9.4,247,1012.0
2024-02-02T08:00,27.7,82,0.0,9.5,261,1012.0
2024-02-02T09:00,29.4,74,0.0,12.3,249,1011.7
2024-02-02T10:00,30.8,68,0.0,11.6,254,1011.7
2024-02-02T11:00,31.8,65,0.0,12.2,272,1010.9
2024-02-02T12:00,31.8,67,0.0,12.8,292,1010.0
2024-02-02T13:00,28.9,80,7.4,11.7,288,1009.9
2024-02-02T14:00,28.9,77,0.1,11.2,285,1008.9
2024-02-02T15:00,29.1,76,0.0,11.7,261,1008.7
2024-02-02T16:00,28.8,76,0.6,11.2,266,1008.3
2024-02-02T17:00,28.5,78,0.0,6.3,257,1009.0
2024-02-02T18:00,27.9,82,0.0,5.1,266,1009.7
2024-02-02T19:00,27.0,86,0.0,4.3,270,1010.7
2024-02-02T20:00,26.0,93,1.5,7.6,65,1011.2
2024-02-02T21:00,26.0,94,0.0,4.3,95,1012.0
2024-02-02T22:00,25.5,94,0.0,4.8,117,1012.3
2024-02-02T23:00,25.2,94,0.0,1.5,135,1011.9
2024-02-03T00:00,25.0,95,0.0,1.6,207,1011.2
2024-02-03T01:00,25.1,94,0.0,5.0,249,1010.9
2024-02-03T02:00,24.9,96,0.0,8.3,252,1010.6
2024-02-03T03:00,24.7,93,0.0,10.7,258,1010.5
2024-02-03T04:00,24.5,92,0.0,12.7,262,1010.6
2024-02-03T05:00,24.5,91,0.0,11.6,265,1011.0
2024-02-03T06:00,24.5,91,0.0,12.6,270,1011.1
2024-02-03T07:00,25.1,88,0.0,13.7,272,1011.7
2024-02-03T08:00,26.5,85,0.0,7.9,267,1012.8
2024-02-03T09:00,27.8,78,0.0,9.1,279,1012.9
2024-02-03T10:00,28.4,79,0.1,11.6,306,1013.0
2024-02-03T11:00,28.9,76,0.1,14.6,320,1012.3
2024-02-03T12:00,26.9,84,3.2,12.8,286,1011.8
2024-02-03T13:00,26.8,85,0.5,14.3,288,1010.9
2024-02-03T14:00,29.0,79,0.5,13.3,270,1010.2
2024-02-03T15:00,28.0,81,0.7,14.1,283,1009.6
2024-02-03T16:00,26.9,86,2.7,7.6,265,1009.2
2024-02-03T17:00,27.0,85,0.8,7.9,273,1009.8
2024-02-03T18:00,26.2,92,0.2,8.4,280,1010.9
2024-02-03T19:00,25.9,93,0.2,11.3,261,1012.0
2024-02-03T20:00,25.6,94,0.6,9.0,254,1011.8
2024-02-03T21:00,25.3,94,0.4,8.8,261,1012.5
2024-02-03T22:00,25.2,94,0.3,8.7,263,1013.1
2024-02-03T23:00,25.0,94,0.5,7.6,267,1013.0
2024-02-04T00:00,24.9,93,0.2,8.0,265,1012.6
2024-02-04T01:00,24.8,93,0.0,10.7,258,1012.0
2024-02-04T02:00,24.7,93,0.1,11.3,253,1011.4
2024-02-04T03:00,24.6,94,0.0,10.6,252,1010.6
2024-02-04T04:00,24.4,94,0.0,9.4,247,1010.9
2024-02-04T05:00,24.3,94,0.0,8.6,248,1011.3
2024-02-04T06:00,24.3,94,0.0,7.5,253,1011.7
2024-02-04T07:00,25.1,92,0.0,8.1,257,1012.2
2024-02-04T08:00,26.4,90,0.0,9.0,268,1013.3
2024-02-04T09:00,28.1,82,0.0,9.0,265,1013.3
2024-02-04T10:00,29.2,77,0.0,10.4,284,1013.2
2024-02-04T11:00,30.1,72,0.1,11.9,299,1012.6
2024-02-04T12:00,30.6,67,0.0,13.0,316,1011.8
2024-02-04T13:00,30.7,68,0.0,14.3,332,1010.9
2024-02-04T14:00,29.7,72,1.6,12.0,303,1010.4
2024-02-04T15:00,27.9,80,1.1,7.6,262,1010.0
2024-02-04T16:00,27.9,80,0.1,8.7,246,1009.8
2024-02-04T17:00,27.9,80,0.1,6.5,236,1010.1
2024-02-04T18:00,27.4,83,0.0,3.3,229,1011.1
2024-02-04T19:00,27.1,84,0.0,4.0,280,1012.4
2024-02-04T20:00,27.0,82,0.0,9.8,242,1012.3
2024-02-04T21:00,26.5,83,0.0,6.1,230,1012.6
2024-02-04T22:00,26.4,83,0.0,6.6,257,1013.1
2024-02-04T23:00,26.3,83,0.0,6.2,260,1013.3
2024-02-05T00:00,26.0,85,0.0,7.4,247,1012.5
2024-02-05T01:00,25.3,89,0.0,8.4,280,1011.9
2024-02-05T02:00,25.3,90,0.0,6.3,257,1011.4
2024-02-05T03:00,25.1,91,0.0,5.1,274,1011.7
2024-02-05T04:00,25.0,92,0.1,4.1,308,1011.5
2024-02-05T05:00,24.9,93,0.1,5.5,293,1011.5
2024-02-05T06:00,25.2,92,0.0,9.0,293,1012.1
2024-02-05T07:00,25.9,89,0.0,6.7,254,1012.6
2024-02-05T08:00,27.6,84,0.0,6.7,306,1013.5
2024-02-05T09:00,28.7,77,0.1,8.2,311,1013.8
2024-02-05T10:00,29.2,75,0.1,6.9,309,1013.5
2024-02-05T11:00,28.9,76,2.5,12.7,325,1013.1
2024-02-05T12:00,26.2,88,5.5,15.8,319,1012.4
2024-02-05T13:00,27.4,81,0.3,13.4,324,1011.8
2024-02-05T14:00,27.7,80,0.3,14.1,308,1011.0
2024-02-05T15:00,28.1,78,0.1,10.1,305,1010.2
2024-02-05T16:00,28.4,78,0.1,10.5,308,1010.1
2024-02-05T17:00,28.2,79,0.1,7.1,300,1010.6
2024-02-05T18:00,27.4,83,0.1,6.9,279,1011.5
2024-02-05T19:00,26.7,87,0.0,6.0,253,1012.0
2024-02-05T20:00,26.3,89,0.1,8.2,229,1012.6
2024-02-05T21:00,25.6,91,0.1,5.2,236,1013.5
2024-02-05T22:00,25.6,90,0.0,5.2,245,1013.7
2024-02-05T23:00,25.4,91,0.4,3.8,253,1013.6
2024-02-06T00:00,25.4,91,0.1,4.2,250,1012.9
2024-02-06T01:00,25.3,92,0.1,6.0,237,1012.4
2024-02-06T02:00,24.9,94,0.0,3.4,288,1012.7
2024-02-06T03:00,25.1,93,2.2,5.3,298,1012.2
2024-02-06T04:00,25.0,93,0.0,5.8,266,1012.1
2024-02-06T05:00,24.8,94,0.0,6.2,249,1012.1
2024-02-06T06:00,24.5,95,0.0,5.5,238,1012.2
2024-02-06T07:00,25.3,93,0.0,6.4,243,1012.8
2024-02-06T08:00,25.3,92,0.2,5.1,266,1014.1
2024-02-06T09:00,26.2,88,0.4,3.1,234,1013.7
2024-02-06T10:00,28.4,81,0.1,6.8,252,1013.9
2024-02-06T11:00,29.2,78,0.2,10.2,278,1012.8
2024-02-06T12:00,28.6,78,0.5,14.3,288,1012.5
2024-02-06T13:00,25.6,93,1.8,11.9,265,1011.9
2024-02-06T14:00,26.5,90,0.9,10.6,252,1010.8
2024-02-06T15:00,27.3,86,0.2,12.2,256,1010.2
2024-02-06T16:00,27.1,83,0.2,13.0,267,1010.1
2024-02-06T17:00,27.1,83,0.0,11.2,266,1010.2
2024-02-06T18:00,26.8,84,0.1,7.2,276,1011.1
2024-02-06T19:00,26.3,87,0.0,8.4,277,1011.6
2024-02-06T20:00,25.8,87,0.0,13.4,284,1011.0
2024-02-06T21:00,25.6,87,0.0,12.6,270,1011.7
2024-02-06T22:00,25.5,87,0.0,12.3,273,1012.6
2024-02-06T23:00,25.4,88,0.0,10.7,258,1012.3
2024-02-07T00:00,25.2,89,0.0,11.7,261,1011.7
2024-02-07T01:00,25.0,90,0.0,11.9,270,1011.8
2024-02-07T02:00,24.8,91,0.0,10.1,266,1011.5
2024-02-07T03:00,24.6,92,0.0,10.9,264,1010.8
2024-02-07T04:00,24.5,93,0.0,12.0,263,1010.5
2024-02-07T05:00,24.5,92,0.0,10.2,260,1010.6
2024-02-07T06:00,24.8,91,0.0,8.9,256,1011.0
2024-02-07T07:00,25.2,90,0.0,7.3,259,1012.0
2024-02-07T08:00,26.8,86,0.0,10.5,264,1012.5
2024-02-07T09:00,28.2,76,0.2,11.7,281,1012.8
2024-02-07T10:00,28.8,74,0.3,11.4,288,1012.7
2024-02-07T11:00,29.8,73,0.5,10.5,292,1012.0
2024-02-07T12:00,30.4,68,0.0,11.5,309,1011.3
2024-02-07T13:00,30.3,69,0.0,14.7,324,1010.3
2024-02-07T14:00,27.3,82,3.2,18.2,279,1010.2
2024-02-07T15:00,25.9,90,1.0,10.6,260,1009.2
2024-02-07T16:00,27.3,85,0.7,7.6,275,1008.9
2024-02-07T17:00,27.8,79,0.0,8.1,291,1009.6
2024-02-07T18:00,27.2,81,0.0,11.2,266,1010.2
2024-02-07T19:00,26.0,81,0.0,8.0,252,1010.3
2024-02-07T20:00,28.0,78,0.0,0.5,45,1010.4
2024-02-07T21:00,27.4,81,0.0,1.6,153,1011.0
2024-02-07T22:00,25.6,93,0.0,4.3,132,1011.8
2024-02-07T23:00,25.3,94,0.0,3.5,156,1011.6
2024-02-08T00:00,25.4,93,0.0,1.1,180,1011.6
2024-02-08T01:00,24.6,96,0.0,5.1,176,1010.8
2024-02-08T02:00,23.9,98,0.0,3.6,217,1009.9
2024-02-08T03:00,23.6,98,0.0,3.6,233,1009.7
2024-02-08T04:00,23.8,96,0.0,3.1,234,1009.9
2024-02-08T05:00,23.8,95,0.0,4.5,194,1010.0
2024-02-08T06:00,23.5,96,0.0,5.9,166,1010.2
2024-02-08T07:00,24.5,93,0.0,4.0,170,1010.7
2024-02-08T08:00,26.6,84,0.0,4.6,198,1011.1
2024-02-08T09:00,28.4,76,0.0,3.8,221,1011.2
2024-02-08T10:00,30.0,69,0.0,5.1,274,1011.3
2024-02-08T11:00,31.0,62,0.0,7.9,309,1010.9
2024-02-08T12:00,30.6,64,0.2,12.3,322,1010.1
2024-02-08T13:00,30.3,71,0.2,13.8,327,1009.4
2024-02-08T14:00,30.0,75,0.1,13.5,326,1008.5
2024-02-08T15:00,29.9,76,0.1,12.7,331,1008.0
2024-02-08T16:00,28.2,82,0.8,10.7,282,1008.0
2024-02-08T17:00,28.5,80,0.1,8.1,291,1008.4
2024-02-08T18:00,27.9,83,0.0,2.7,293,1009.4
2024-02-08T19:00,27.0,90,0.0,2.3,342,1010.4
2024-02-08T20:00,27.1,87,0.0,3.4,238,1009.9
2024-02-08T21:00,26.8,88,0.0,3.6,233,1010.6
2024-02-08T22:00,27.6,81,0.0,1.8,259,1011.2
2024-02-08T23:00,27.3,81,0.0,1.1,198,1011.3
2024-02-09T00:00,25.6,91,0.0,4.0,185,1011.1
2024-02-09T01:00,25.1,94,0.0,4.7,176,1010.6
2024-02-09T02:00,25.1,93,0.0,2.8,220,1009.9
2024-02-09T03:00,24.9,94,0.0,2.9,240,1009.6
2024-02-09T04:00,24.3,96,0.0,4.1,225,1009.7
2024-02-09T05:00,24.1,96,0.0,4.1,195,1009.9
2024-02-09T06:00,24.0,96,0.0,4.1,128,1010.6
2024-02-09T07:00,25.8,89,0.0,5.2,115,1011.2
2024-02-09T08:00,28.2,83,0.0,3.0,104,1011.5
2024-02-09T09:00,29.9,73,0.0,4.3,90,1011.7
2024-02-09T10:00,30.8,68,0.2,4.9,36,1011.7
2024-02-09T11:00,30.8,71,0.1,10.2,23,1011.3
2024-02-09T12:00,31.2,69,0.0,10.7,14,1010.3
2024-02-09T13:00,30.3,72,0.0,13.4,24,1009.7
2024-02-09T14:00,30.0,74,0.0,11.2,4,1009.0
2024-02-09T15:00,30.0,73,0.0,11.6,355,1008.1
2024-02-09T16:00,28.9,77,0.0,13.2,338,1007.7
2024-02-09T17:00,28.8,76,0.0,11.6,330,1008.1
2024-02-09T18:00,28.3,76,0.1,7.2,297,1009.2
2024-02-09T19:00,26.4,86,0.1,6.0,253,1010.6
2024-02-09T20:00,26.3,90,1.4,4.0,27,1011.3
2024-02-09T21:00,25.8,93,1.2,3.7,241,1012.2
2024-02-09T22:00,25.9,91,0.1,3.5,204,1012.9
2024-02-09T23:00,25.6,93,0.0,2.8,220,1012.9
2024-02-10T00:00,25.3,95,0.0,3.5,204,1012.6
2024-02-10T01:00,24.9,96,0.0,3.8,197,1011.8
2024-02-10T02:00,25.2,92,0.0,4.7,176,1011.2
2024-02-10T03:00,24.6,92,0.0,3.3,186,1010.8
2024-02-10T04:00,24.5,92,0.0,3.1,201,1010.8
2024-02-10T05:00,25.1,89,0.0,1.1,162,1011.2
2024-02-10T06:00,25.4,86,0.0,1.1,252,1011.6
2024-02-10T07:00,25.2,88,1.1,4.3,318,1012.5
2024-02-10T08:00,27.1,82,0.2,10.3,324,1013.3
2024-02-10T09:00,27.8,81,0.1,11.0,319,1014.1
2024-02-10T10:00,29.0,78,0.1,10.7,318,1013.8
2024-02-10T11:00,29.7,73,0.1,12.0,316,1013.3
2024-02-10T12:00,29.5,75,0.1,15.2,329,1012.4
2024-02-10T13:00,28.6,80,2.7,16.4,327,1011.6
2024-02-10T14:00,29.0,79,0.4,13.4,306,1010.9
2024-02-10T15:00,29.5,75,0.1,13.2,292,1010.3
2024-02-10T16:00,26.3,87,3.6,10.1,235,1010.3
2024-02-10T17:00,26.6,86,0.1,7.8,283,1010.2
2024-02-10T18:00,26.5,84,0.0,5.6,285,1010.9
2024-02-10T19:00,26.3,88,0.0,7.3,290,1011.8
2024-02-10T20:00,25.7,92,0.0,4.1,232,1012.6
2024-02-10T21:00,25.3,94,0.0,3.6,233,1013.2
2024-02-10T22:00,25.2,94,0.0,2.8,320,1013.8
2024-02-10T23:00,25.1,94,0.0,3.9,292,1013.8
2024-02-11T00:00,25.4,93,0.0,5.2,304,1013.5
2024-02-11T01:00,24.7,91,0.8,6.5,326,1013.0
2024-02-11T02:00,24.8,91,1.4,4.8,283,1012.6
2024-02-11T03:00,24.6,93,0.1,10.1,266,1012.1
2024-02-11T04:00,24.4,93,0.1,8.1,238,1011.8
2024-02-11T05:00,24.3,94,0.0,6.6,261,1012.0
2024-02-11T06:00,24.1,95,0.1,5.9,284,1012.7
2024-02-11T07:00,25.1,91,0.1,7.6,275,1013.3
2024-02-11T08:00,26.3,89,0.0,6.4,232,1013.6
2024-02-11T09:00,28.2,81,0.0,5.8,248,1013.8
2024-02-11T10:00,29.1,77,0.0,9.4,320,1014.0
2024-02-11T11:00,29.9,72,0.1,9.2,329,1013.7
2024-02-11T12:00,31.0,66,0.0,13.5,326,1012.5
2024-02-11T13:00,30.8,66,0.1,16.1,326,1011.2
2024-02-11T14:00,30.3,66,0.2,16.7,323,1010.3
2024-02-11T15:00,29.8,71,0.3,14.0,318,1009.7
2024-02-11T16:00,29.0,73,0.2,11.0,293,1009.6
2024-02-11T17:00,28.8,76,0.1,11.6,292,1010.2
2024-02-11T18:00,27.1,86,0.6,6.2,263,1011.2
2024-02-11T19:00,26.0,88,0.1,10.2,212,1011.9
2024-02-11T20:00,26.5,87,1.7,3.2,297,1012.7
2024-02-11T21:00,25.3,93,2.0,5.6,207,1013.4
2024-02-11T22:00,24.5,92,1.5,8.0,207,1014.1
2024-02-11T23:00,24.7,93,0.5,2.2,171,1013.4
2024-02-12T00:00,24.6,92,0.0,6.2,170,1012.9
2024-02-12T01:00,24.2,94,0.0,3.4,238,1012.4
2024-02-12T02:00,24.2,93,0.4,7.5,325,1012.2
2024-02-12T03:00,24.9,91,0.1,7.6,301,1011.7
2024-02-12T04:00,24.8,93,0.0,10.1,276,1011.6
2024-02-12T05:00,24.3,95,0.0,11.6,254,1011.9
2024-02-12T06:00,23.5,98,0.0,2.9,270,1012.5
2024-02-12T07:00,24.3,92,0.5,0.0,270,1013.0
2024-02-12T08:00,25.4,89,1.0,11.3,248,1013.6
2024-02-12T09:00,26.0,90,0.6,2.9,210,1013.8
2024-02-12T10:00,27.9,82,0.1,4.2,250,1013.4
2024-02-12T11:00,29.4,75,0.5,11.0,302,1013.0
2024-02-12T12:00,30.3,71,0.0,15.5,312,1012.0
2024-02-12T13:00,30.3,68,0.1,15.8,315,1011.0
2024-02-12T14:00,30.6,67,0.0,14.3,319,1009.9
2024-02-12T15:00,30.2,70,0.0,14.8,321,1009.1
2024-02-12T16:00,29.8,73,0.1,12.2,326,1008.5
2024-02-12T17:00,29.4,77,0.0,8.7,330,1008.7
2024-02-12T18:00,27.9,81,0.2,6.1,320,1009.8
2024-02-12T19:00,26.2,90,1.1,12.5,316,1011.5
2024-02-12T20:00,28.6,80,0.0,8.0,324,1011.3
2024-02-12T21:00,28.1,81,0.2,8.9,328,1012.5
2024-02-12T22:00,26.4,89,4.0,6.9,313,1013.3
2024-02-12T23:00,25.9,93,0.4,3.3,6,1013.2
2024-02-13T00:00,25.5,94,1.2,9.2,291,1013.3
2024-02-13T01:00,25.3,94,0.1,8.9,238,1012.3
2024-02-13T02:00,24.5,95,0.0,9.0,217,1011.1
2024-02-13T03:00,24.4,94,0.0,6.3,211,1010.8
2024-02-13T04:00,24.5,93,0.0,4.6,219,1010.8
2024-02-13T05:00,24.5,93,0.0,3.8,253,1011.1
2024-02-13T06:00,24.4,94,0.0,3.1,216,1011.5
2024-02-13T07:00,25.5,90,0.6,1.9,248,1012.3
2024-02-13T08:00,25.8,87,0.3,9.4,266,1012.7
2024-02-13T09:00,27.6,83,0.0,4.1,255,1012.6
2024-02-13T10:00,29.2,79,0.0,5.7,305,1012.3
2024-02-13T11:00,29.8,73,0.2,14.3,321,1012.4
2024-02-13T12:00,30.6,67,0.1,15.3,315,1011.0
2024-02-13T13:00,30.5,68,0.2,16.2,323,1009.8
2024-02-13T14:00,30.5,70,0.2,14.8,326,1008.9
2024-02-13T15:00,29.7,74,1.3,14.9,328,1008.4
2024-02-13T16:00,29.4,75,0.4,12.0,316,1008.1
2024-02-13T17:00,28.8,79,2.8,10.7,320,1008.5
2024-02-13T18:00,26.8,90,0.6,10.1,287,1009.5
2024-02-13T19:00,26.4,92,0.1,6.9,279,1010.4
2024-02-13T20:00,27.7,84,0.5,3.9,292,1010.9
2024-02-13T21:00,27.0,90,0.7,3.7,209,1011.7
2024-02-13T22:00,26.5,96,0.1,2.9,210,1011.8
2024-02-13T23:00,26.4,93,0.0,3.1,126,1011.5
2024-02-14T00:00,25.1,97,3.1,4.0,265,1011.4
2024-02-14T01:00,24.8,97,0.6,6.8,252,1011.1
2024-02-14T02:00,24.8,95,0.3,4.8,297,1010.2
2024-02-14T03:00,24.6,95,1.6,5.2,196,1010.5
2024-02-14T04:00,24.1,97,2.0,6.9,174,1010.4
2024-02-14T05:00,24.1,95,0.3,2.9,210,1010.6
2024-02-14T06:00,24.2,95,0.1,1.8,217,1010.7
2024-02-14T07:00,25.2,90,0.0,3.3,311,1011.5
2024-02-14T08:00,25.1,93,1.1,3.7,151,1012.2
2024-02-14T09:00,25.7,93,3.8,3.1,225,1012.9
2024-02-14T10:00,26.1,90,1.4,2.7,203,1012.9
2024-02-14T11:00,27.3,84,0.1,2.9,270,1012.2
2024-02-14T12:00,28.4,83,0.1,1.6,297,1010.8
2024-02-14T13:00,29.5,78,0.1,6.2,324,1009.8
2024-02-14T14:00,29.7,76,0.1,9.7,333,1008.3
2024-02-14T15:00,29.8,75,0.1,9.9,341,1007.8
2024-02-14T16:00,29.4,77,0.0,9.9,341,1007.7
2024-02-14T17:00,29.1,77,0.0,8.7,336,1007.9
2024-02-14T18:00,28.7,79,0.0,6.9,317,1009.0
2024-02-14T19:00,27.8,83,0.0,6.3,294,1010.0
2024-02-14T20:00,27.6,86,0.0,8.0,252,1009.9
2024-02-14T21:00,26.8,89,0.0,3.3,264,1010.4
2024-02-14T22:00,26.3,91,0.0,4.1,285,1010.8
2024-02-14T23:00,26.1,92,0.0,4.7,266,1010.7
2024-02-15T00:00,26.2,90,0.0,5.5,259,1010.3
2024-02-15T01:00,26.0,89,0.0,6.8,245,1009.6
2024-02-15T02:00,25.7,90,0.0,6.5,236,1009.1
2024-02-15T03:00,25.5,92,0.0,5.1,225,1009.1
2024-02-15T04:00,25.0,95,0.0,4.0,207,1009.2
2024-02-15T05:00,25.1,94,0.0,3.1,201,1009.6
2024-02-15T06:00,25.0,95,0.0,4.4,215,1010.3
2024-02-15T07:00,26.4,90,0.0,3.2,270,1011.0
2024-02-15T08:00,28.3,83,0.1,6.6,283,1011.4
2024-02-15T09:00,29.6,77,0.1,3.7,299,1011.4
2024-02-15T10:00,30.4,76,0.1,7.7,323,1011.6
2024-02-15T11:00,30.6,74,0.1,13.8,332,1011.1
2024-02-15T12:00,30.1,77,2.1,13.6,338,1010.1
2024-02-15T13:00,28.4,82,6.0,13.3,327,1009.6
2024-02-15T14:00,29.6,79,0.5,10.7,327,1008.8
2024-02-15T15:00,29.8,78,0.2,10.3,324,1008.7
2024-02-15T16:00,28.5,79,1.8,9.9,314,1008.7
2024-02-15T17:00,27.8,85,0.7,5.8,248,1009.0
2024-02-15T18:00,27.0,89,0.1,3.4,252,1009.3
2024-02-15T19:00,26.5,90,0.0,2.4,207,1010.3
2024-02-15T20:00,26.4,94,0.3,6.8,162,1010.8
2024-02-15T21:00,26.3,94,0.1,3.6,143,1011.4
2024-02-15T22:00,26.0,96,0.0,2.5,172,1011.9
2024-02-15T23:00,26.0,96,0.0,4.5,194,1011.4
2024-02-16T00:00,25.7,96,0.0,2.8,230,1010.4
2024-02-16T01:00,25.5,96,0.0,2.9,240,1010.0
2024-02-16T02:00,25.5,96,0.0,2.3,219,1009.5
2024-02-16T03:00,25.4,96,0.0,3.1,225,1008.9
2024-02-16T04:00,25.4,95,0.0,3.5,246,1008.9
2024-02-16T05:00,25.4,92,1.7,6.6,331,1010.1
2024-02-16T06:00,25.0,93,2.7,1.5,76,1010.4
2024-02-16T07:00,25.0,92,1.1,6.4,74,1011.3
2024-02-16T08:00,25.4,86,0.9,3.0,166,1011.6
2024-02-16T09:00,26.1,86,0.2,3.3,229,1012.0
2024-02-16T10:00,27.2,83,0.0,3.6,307,1011.8
2024-02-16T11:00,28.3,78,0.0,7.0,325,1011.3
2024-02-16T12:00,28.8,76,0.0,11.3,338,1010.6
2024-02-16T13:00,28.3,79,0.1,12.1,330,1010.0
2024-02-16T14:00,29.0,78,0.1,14.3,319,1009.2
2024-02-16T15:00,29.0,78,0.1,13.3,322,1008.9
2024-02-16T16:00,29.3,76,0.1,10.9,314,1008.4
2024-02-16T17:00,28.6,77,0.1,11.2,318,1008.9
2024-02-16T18:00,26.8,85,0.2,7.3,290,1009.8
2024-02-16T19:00,26.2,89,1.5,5.4,270,1010.6
2024-02-16T20:00,26.5,91,0.5,1.3,304,1010.8
2024-02-16T21:00,26.4,90,0.6,3.0,256,1011.0
2024-02-16T22:00,25.7,95,0.0,3.7,241,1011.2
2024-02-16T23:00,26.2,88,1.6,2.3,288,1011.2
2024-02-17T00:00,25.9,90,1.5,4.7,328,1010.9
2024-02-17T01:00,25.3,94,3.1,8.0,288,1010.7
2024-02-17T02:00,25.1,94,0.4,6.6,248,1009.8
2024-02-17T03:00,24.7,93,0.5,9.7,239,1009.6
2024-02-17T04:00,23.7,96,4.1,9.2,206,1010.0
2024-02-17T05:00,23.9,95,0.4,6.4,218,1010.3
2024-02-17T06:00,24.0,94,0.2,7.5,215,1010.8
2024-02-17T07:00,24.3,93,0.1,7.2,207,1011.1
2024-02-17T08:00,25.4,92,0.2,7.4,203,1011.3
2024-02-17T09:00,27.0,86,0.2,5.2,245,1011.5
2024-02-17T10:00,27.5,86,0.2,4.9,287,1011.3
2024-02-17T11:00,29.2,77,0.2,10.7,318,1010.7
2024-02-17T12:00,28.8,76,0.0,18.8,324,1010.2
2024-02-17T13:00,29.0,75,0.1,16.7,335,1009.2
2024-02-17T14:00,29.3,76,0.0,16.0,337,1008.3
2024-02-17T15:00,29.5,75,0.0,10.8,330,1008.2
2024-02-17T16:00,28.1,79,0.6,12.9,306,1008.2
2024-02-17T17:00,27.2,82,0.6,8.8,289,1008.7
2024-02-17T18:00,26.4,87,1.1,1.5,225,1009.5
2024-02-17T19:00,26.0,91,0.3,2.9,173,1010.1
2024-02-17T20:00,26.3,94,1.0,2.2,171,1010.7
2024-02-17T21:00,26.4,92,0.8,1.3,124,1010.8
2024-02-17T22:00,26.3,91,0.0,1.9,112,1011.3
2024-02-17T23:00,26.0,94,0.0,2.9,150,1011.3
2024-02-18T00:00,25.8,95,0.0,2.6,164,1011.0
2024-02-18T01:00,25.6,96,0.0,2.6,164,1010.2
2024-02-18T02:00,25.2,94,1.1,3.3,229,1009.8
2024-02-18T03:00,25.7,95,0.3,1.0,225,1009.7
2024-02-18T04:00,25.8,91,0.1,1.6,117,1009.8
2024-02-18T05:00,25.4,94,0.1,2.3,141,1010.3
2024-02-18T06:00,24.9,96,0.1,3.8,131,1010.7
2024-02-18T07:00,25.3,92,0.8,0.0,270,1011.7
2024-02-18T08:00,26.2,91,0.0,2.8,320,1012.3
2024-02-18T09:00,27.0,87,0.0,3.3,319,1011.8
2024-02-18T10:00,28.2,80,0.0,5.0,339,1011.8
2024-02-18T11:00,29.0,77,0.1,8.1,347,1011.3
2024-02-18T12:00,29.1,79,0.1,10.1,354,1010.6
2024-02-18T13:00,29.0,78,0.0,12.1,343,1009.8
2024-02-18T14:00,29.2,77,0.0,8.4,335,1008.7
2024-02-18T15:00,29.5,74,0.1,7.4,337,1008.2
2024-02-18T16:00,29.3,75,0.2,8.9,333,1008.0
2024-02-18T17:00,28.9,78,0.1,7.4,346,1008.5
2024-02-18T18:00,27.8,83,0.7,5.4,356,1009.3
2024-02-18T19:00,27.1,92,0.2,1.9,292,1010.0
2024-02-18T20:00,26.4,90,0.0,8.1,148,1010.3
2024-02-18T21:00,25.8,91,0.0,7.8,146,1010.9
2024-02-18T22:00,25.7,90,0.0,6.2,126,1011.4
2024-02-18T23:00,25.7,89,0.0,3.8,131,1011.2
2024-02-19T00:00,25.6,90,0.0,3.8,131,1010.8
2024-02-19T01:00,25.6,90,0.0,3.8,139,1010.2
2024-02-19T02:00,25.2,92,0.0,4.3,156,1009.8
2024-02-19T03:00,25.0,93,0.0,4.2,160,1009.6
2024-02-19T04:00,24.4,96,0.0,4.3,185,1009.8
2024-02-19T05:00,24.7,94,0.0,3.6,225,1010.2
2024-02-19T06:00,24.7,94,0.0,3.4,252,1010.8
2024-02-19T07:00,26.4,87,0.0,2.5,270,1011.6
2024-02-19T08:00,27.4,83,0.1,2.3,288,1012.2
2024-02-19T09:00,28.8,78,0.0,6.0,343,1012.4
2024-02-19T10:00,28.9,80,0.0,11.4,347,1012.4
2024-02-19T11:00,28.4,81,2.7,9.7,4,1011.9
2024-02-19T12:00,29.1,79,0.1,10.8,2,1010.9
2024-02-19T13:00,30.1,72,0.0,12.2,358,1009.7
2024-02-19T14:00,28.6,82,2.2,11.4,347,1009.1
2024-02-19T15:00,29.3,78,0.0,8.4,353,1008.4
2024-02-19T16:00,28.6,79,1.6,9.1,9,1008.4
2024-02-19T17:00,28.0,83,0.3,6.6,13,1008.5
2024-02-19T18:00,27.7,86,0.0,1.8,349,1009.8
2024-02-19T19:00,27.4,88,0.0,1.9,112,1010.4
2024-02-19T20:00,26.7,92,0.4,5.4,176,1010.7
2024-02-19T21:00,26.0,97,0.0,7.2,183,1011.2
2024-02-19T22:00,25.7,95,0.0,6.5,174,1011.3
2024-02-19T23:00,25.6,94,0.0,5.4,184,1011.0
2024-02-20T00:00,25.4,94,0.0,5.9,194,1010.4
2024-02-20T01:00,25.1,94,0.0,4.0,190,1009.8
2024-02-20T02:00,24.8,94,0.0,4.7,203,1009.3
2024-02-20T03:00,24.7,95,0.0,4.8,193,1009.3
2024-02-20T04:00,24.9,93,0.0,3.4,198,1009.2
2024-02-20T05:00,24.4,95,0.0,5.5,212,1009.7
2024-02-20T06:00,24.8,92,0.0,3.3,221,1010.4
2024-02-20T07:00,26.1,90,0.0,2.8,230,1010.9
2024-02-20T08:00,28.5,84,0.0,3.1,339,1011.6
2024-02-20T09:00,29.6,78,0.0,4.8,347,1011.7
2024-02-20T10:00,30.3,76,0.0,6.5,360,1011.7
2024-02-20T11:00,30.9,74,0.0,9.4,4,1011.1
2024-02-20T12:00,31.0,72,0.0,12.6,355,1010.3
2024-02-20T13:00,30.5,73,0.0,15.0,349,1009.1
2024-02-20T14:00,30.8,71,0.0,14.8,346,1008.0
2024-02-20T15:00,30.5,73,0.1,13.7,342,1007.8
2024-02-20T16:00,30.2,74,0.0,10.7,348,1007.7
2024-02-20T17:00,29.7,76,0.1,9.7,345,1008.1
2024-02-20T18:00,28.8,80,0.1,3.6,323,1009.0
2024-02-20T19:00,27.8,85,0.1,3.6,225,1010.1
2024-02-20T20:00,27.5,84,0.0,7.3,200,1009.9
2024-02-20T21:00,26.8,87,0.0,4.3,180,1010.5
2024-02-20T22:00,26.5,89,0.0,3.6,186,1011.0
2024-02-20T23:00,26.0,91,0.0,3.0,194,1011.1
2024-02-21T00:00,25.7,93,0.0,3.4,198,1010.6
2024-02-21T01:00,25.7,92,0.0,3.2,207,1010.0
2024-02-21T02:00,25.4,93,0.0,3.8,197,1009.1
2024-02-21T03:00,25.0,95,0.0,4.2,239,1009.1
2024-02-21T04:00,25.3,93,0.0,3.7,259,1009.2
2024-02-21T05:00,25.5,91,0.0,5.4,274,1009.5
2024-02-21T06:00,25.3,93,0.0,3.7,259,1009.5
2024-02-21T07:00,26.7,87,0.0,4.7,279,1010.3
2024-02-21T08:00,28.5,80,0.0,1.1,342,1010.9
2024-02-21T09:00,29.2,77,0.0,6.4,344,1011.1
2024-02-21T10:00,29.7,73,0.1,7.4,331,1011.1
2024-02-21T11:00,29.7,76,0.1,7.9,330,1010.9
2024-02-21T12:00,28.5,81,6.9,8.1,315,1010.3
2024-02-21T13:00,28.4,82,1.5,4.9,306,1009.2
2024-02-21T14:00,29.1,80,0.1,6.4,322,1008.2
2024-02-21T15:00,29.8,76,0.0,6.7,324,1007.5
2024-02-21T16:00,30.2,74,0.2,10.1,325,1007.6
2024-02-21T17:00,29.0,80,1.8,9.8,324,1008.3
2024-02-21T18:00,26.9,87,5.4,10.7,228,1009.8
2024-02-21T19:00,25.8,91,0.3,6.6,241,1010.7
2024-02-21T20:00,25.8,92,1.2,4.9,216,1011.1
2024-02-21T21:00,26.0,91,1.8,5.5,281,1011.7
2024-02-21T22:00,26.0,94,0.7,4.3,275,1012.4
2024-02-21T23:00,26.0,95,0.2,5.8,263,1012.2
2024-02-22T00:00,25.8,95,0.1,8.9,256,1011.6
2024-02-22T01:00,25.6,94,0.1,8.3,252,1010.7
2024-02-22T02:00,25.4,93,0.0,9.0,254,1009.9
2024-02-22T03:00,25.4,93,0.0,7.6,251,1009.7
2024-02-22T04:00,25.4,92,0.0,9.4,268,1010.1
2024-02-22T05:00,25.3,91,0.0,11.5,268,1010.4
2024-02-22T06:00,25.3,91,0.0,11.2,276,1010.9
2024-02-22T07:00,25.9,90,0.0,9.4,268,1011.5
2024-02-22T08:00,27.2,85,0.0,11.5,274,1012.3
2024-02-22T09:00,28.4,78,0.0,14.7,248,1011.9
2024-02-22T10:00,29.8,75,0.0,11.2,249,1011.5
2024-02-22T11:00,31.1,69,0.0,8.6,268,1011.0
2024-02-22T12:00,31.3,67,0.1,10.2,293,1009.9
2024-02-22T13:00,31.4,66,0.0,11.0,293,1008.5
2024-02-22T14:00,31.9,63,0.0,10.2,288,1007.4
2024-02-22T15:00,32.0,63,0.0,10.2,288,1006.6
2024-02-22T16:00,31.5,65,0.0,11.0,289,1006.4
2024-02-22T17:00,30.7,69,0.0,9.0,293,1006.9
2024-02-22T18:00,29.7,75,0.0,8.8,279,1007.8
2024-02-22T19:00,28.8,77,0.0,11.6,275,1008.9
2024-02-22T20:00,29.1,73,0.0,10.8,285,1009.5
2024-02-22T21:00,28.4,74,0.0,11.7,281,1010.4
2024-02-22T22:00,27.8,76,0.0,11.6,275,1010.9
2024-02-22T23:00,27.4,79,0.0,11.2,274,1011.0
2024-02-23T00:00,27.0,81,0.0,10.4,268,1010.6
2024-02-23T01:00,26.6,84,0.0,10.5,254,1009.9
2024-02-23T02:00,26.4,85,0.0,11.4,246,1009.2
2024-02-23T03:00,26.4,84,0.0,11.2,255,1009.1
2024-02-23T04:00,26.3,85,0.0,10.2,252,1009.4
2024-02-23T05:00,26.4,84,0.0,10.4,250,1010.0
2024-02-23T06:00,26.3,84,0.0,10.7,250,1010.2
2024-02-23T07:00,26.7,83,0.0,9.0,254,1010.8
2024-02-23T08:00,29.0,76,0.0,9.2,244,1011.3
2024-02-23T09:00,30.6,67,0.0,11.3,248,1011.6
2024-02-23T10:00,31.9,59,0.0,13.1,261,1011.3
2024-02-23T11:00,32.2,58,0.0,13.8,263,1010.5
2024-02-23T12:00,32.6,56,0.0,13.1,279,1009.3
2024-02-23T13:00,32.6,57,0.0,13.8,298,1008.4
2024-02-23T14:00,32.1,58,0.0,13.9,291,1007.4
2024-02-23T15:00,31.9,60,0.1,12.9,283,1006.5
2024-02-23T16:00,31.0,66,0.2,10.8,291,1006.7
2024-02-23T17:00,30.8,66,0.0,10.2,288,1007.1
2024-02-23T18:00,29.8,71,0.0,10.3,299,1008.0
2024-02-23T19:00,29.2,74,0.0,14.2,286,1009.1
2024-02-23T20:00,29.0,74,0.0,14.8,267,1009.6
2024-02-23T21:00,28.4,76,0.0,12.1,258,1010.5
2024-02-23T22:00,27.7,80,0.0,4.5,209,1011.2
2024-02-23T23:00,26.8,86,0.0,6.6,119,1011.0
2024-02-24T00:00,26.2,88,0.0,6.5,90,1010.4
2024-02-24T01:00,25.7,91,0.0,5.8,86,1009.8
2024-02-24T02:00,25.7,91,0.0,4.4,81,1009.1
2024-02-24T03:00,25.4,93,0.2,4.8,27,1009.2
2024-02-24T04:00,25.2,95,0.6,1.9,22,1009.4
2024-02-24T05:00,25.6,92,0.1,5.1,309,1009.9
2024-02-24T06:00,25.6,91,1.6,7.5,305,1010.6
2024-02-24T07:00,25.8,90,1.0,9.5,299,1011.3
2024-02-24T08:00,25.9,90,0.0,6.5,267,1011.6
2024-02-24T09:00,27.7,80,0.0,7.2,273,1011.7
2024-02-24T10:00,29.1,75,0.1,7.9,294,1011.4
2024-02-24T11:00,29.6,76,0.1,9.9,314,1010.9
2024-02-24T12:00,30.1,75,0.2,11.6,330,1009.8
2024-02-24T13:00,30.4,73,0.1,13.7,330,1008.8
2024-02-24T14:00,28.5,83,1.9,10.3,306,1007.9
2024-02-24T15:00,29.5,78,0.2,9.6,304,1007.5
2024-02-24T16:00,29.4,77,0.1,9.2,309,1007.3
2024-02-24T17:00,26.3,87,3.0,12.9,252,1008.3
2024-02-24T18:00,26.1,87,0.3,3.2,207,1008.7
2024-02-24T19:00,26.0,89,0.0,2.6,214,1009.6
2024-02-24T20:00,26.4,92,0.3,4.3,132,1010.0
2024-02-24T21:00,26.8,88,0.2,5.2,326,1010.3
2024-02-24T22:00,27.0,88,0.0,4.6,288,1010.5
2024-02-24T23:00,26.2,91,0.7,4.1,345,1011.0
2024-02-25T00:00,26.5,91,0.3,1.6,207,1010.2
2024-02-25T01:00,25.9,94,0.0,1.8,180,1009.6
2024-02-25T02:00,25.8,94,0.0,1.6,27,1009.2
2024-02-25T03:00,25.6,96,0.0,1.4,270,1008.6
2024-02-25T04:00,25.2,93,0.4,7.1,240,1008.9
2024-02-25T05:00,24.7,95,0.0,7.6,211,1009.2
2024-02-25T06:00,24.3,94,0.0,4.7,261,1009.8
2024-02-25T07:00,25.3,91,0.0,5.9,259,1010.4
2024-02-25T08:00,27.2,86,0.0,5.6,243,1010.8
2024-02-25T09:00,28.5,82,0.1,6.7,306,1011.1
2024-02-25T10:00,29.2,77,0.1,10.7,327,1010.9
2024-02-25T11:00,29.8,75,0.1,11.4,336,1010.5
2024-02-25T12:00,28.8,79,1.7,17.2,340,1009.6
2024-02-25T13:00,28.0,81,1.4,13.5,335,1009.0
2024-02-25T14:00,28.3,80,0.2,10.6,325,1009.1
2024-02-25T15:00,28.2,79,0.2,11.1,324,1008.4
2024-02-25T16:00,26.6,84,5.4,10.2,312,1008.7
2024-02-25T17:00,26.0,90,2.3,7.2,307,1009.2
2024-02-25T18:00,25.8,93,1.5,1.3,326,1009.6
2024-02-25T19:00,25.9,93,0.7,4.1,308,1010.3
2024-02-25T20:00,26.3,88,0.0,10.3,335,1010.7
2024-02-25T21:00,25.0,93,3.0,5.9,308,1011.5
2024-02-25T22:00,25.3,93,0.6,3.1,291,1012.0
2024-02-25T23:00,25.0,94,1.6,4.7,189,1012.0
2024-02-26T00:00,24.6,95,0.6,6.6,171,1011.6
2024-02-26T01:00,24.6,95,0.6,3.6,180,1010.6
2024-02-26T02:00,24.6,95,0.6,3.3,167,1009.8
2024-02-26T03:00,24.6,95,0.7,2.2,171,1009.2
2024-02-26T04:00,24.7,95,0.6,2.6,196,1009.4
2024-02-26T05:00,24.8,95,0.6,1.6,207,1009.6
2024-02-26T06:00,24.9,95,0.8,1.9,158,1010.0
2024-02-26T07:00,25.0,95,1.6,4.0,170,1010.5
2024-02-26T08:00,27.0,87,0.0,6.2,170,1010.5
2024-02-26T09:00,28.3,81,0.0,4.1,165,1010.9
2024-02-26T10:00,29.4,76,0.1,5.5,349,1010.8
2024-02-26T11:00,29.3,78,0.1,10.7,348,1010.2
2024-02-26T12:00,30.0,75,0.0,13.6,348,1009.5
2024-02-26T13:00,30.3,72,0.1,15.3,341,1008.5
2024-02-26T14:00,30.4,71,0.1,14.5,341,1007.8
2024-02-26T15:00,30.7,69,0.1,11.4,342,1007.5
2024-02-26T16:00,29.6,73,0.2,9.3,347,1007.4
2024-02-26T17:00,29.2,74,0.1,7.9,357,1007.6
2024-02-26T18:00,28.5,81,0.0,3.3,6,1008.1
2024-02-26T19:00,27.7,86,0.1,2.5,8,1008.8
2024-02-26T20:00,27.0,90,0.0,4.0,153,1009.1
2024-02-26T21:00,26.6,90,0.0,5.4,160,1009.7
2024-02-26T22:00,26.2,89,0.0,6.0,147,1010.1
2024-02-26T23:00,26.0,88,0.0,5.6,130,1009.7
2024-02-27T00:00,25.9,90,0.0,1.8,323,1009.8
2024-02-27T01:00,25.2,94,4.1,2.9,60,1008.9
2024-02-27T02:00,25.6,93,0.1,5.5,337,1008.5
2024-02-27T03:00,26.1,89,0.0,2.2,90,1008.4
2024-02-27T04:00,25.1,94,0.0,4.4,81,1008.0
2024-02-27T05:00,25.2,93,1.2,3.9,34,1008.7
2024-02-27T06:00,24.9,94,5.4,4.4,325,1009.4
2024-02-27T07:00,25.6,92,0.1,5.8,338,1009.8
2024-02-27T08:00,27.6,83,0.2,8.4,329,1009.5
2024-02-27T09:00,28.7,79,0.0,6.3,336,1009.7
2024-02-27T10:00,29.2,77,0.0,10.3,348,1009.8
2024-02-27T11:00,29.5,78,0.1,13.0,346,1009.2
2024-02-27T12:00,29.4,78,0.1,13.0,346,1008.3
2024-02-27T13:00,29.7,75,0.1,11.6,324,1007.8
2024-02-27T14:00,29.7,76,0.3,11.5,316,1007.0
2024-02-27T15:00,30.1,73,0.1,9.7,333,1006.7
2024-02-27T16:00,29.8,72,0.1,8.4,320,1006.3
2024-02-27T17:00,29.1,75,0.6,6.6,292,1006.2
2024-02-27T18:00,28.2,86,0.1,2.3,252,1006.9
2024-02-27T19:00,27.2,87,0.0,3.6,186,1007.9
2024-02-27T20:00,26.8,87,0.0,9.3,152,1008.9
2024-02-27T21:00,26.6,86,0.1,6.4,153,1008.9
2024-02-27T22:00,26.5,87,0.0,5.4,188,1009.1
2024-02-27T23:00,26.1,91,0.0,1.6,297,1009.2
2024-02-28T00:00,26.0,90,0.0,3.5,156,1008.6
2024-02-28T01:00,25.2,94,4.2,4.9,54,1008.6
2024-02-28T02:00,24.8,94,1.8,1.9,248,1008.2
2024-02-28T03:00,24.1,96,4.3,5.6,243,1008.2
2024-02-28T04:00,24.1,94,2.3,4.2,211,1008.0
2024-02-28T05:00,23.9,95,3.2,5.6,285,1008.4
2024-02-28T06:00,24.1,93,0.6,3.6,225,1008.8
2024-02-28T07:00,23.8,94,0.8,8.4,205,1009.7
2024-02-28T08:00,24.2,94,3.3,5.7,198,1010.1
2024-02-28T09:00,24.4,94,2.0,7.0,192,1010.7
2024-02-28T10:00,24.6,95,1.8,6.5,183,1010.6
2024-02-28T11:00,25.2,94,1.8,5.1,188,1010.3
2024-02-28T12:00,26.3,91,1.2,2.3,219,1009.5
2024-02-28T13:00,27.9,86,0.4,2.5,352,1008.6
2024-02-28T14:00,28.6,78,0.1,7.9,3,1007.6
2024-02-28T15:00,28.1,79,0.1,8.3,5,1007.1
2024-02-28T16:00,27.7,81,0.1,7.7,349,1006.5
2024-02-28T17:00,27.5,81,0.0,6.1,3,1006.7
2024-02-28T18:00,27.0,84,0.0,3.2,360,1007.3
2024-02-28T19:00,26.4,90,0.0,4.1,38,1007.9
2024-02-28T20:00,27.1,85,0.0,3.0,284,1008.3
2024-02-28T21:00,26.9,86,0.0,3.3,264,1008.7
2024-02-28T22:00,26.3,89,0.0,3.3,221,1008.8
2024-02-28T23:00,25.9,91,0.0,4.8,222,1008.9
2024-02-29T00:00,26.1,89,0.0,2.7,203,1008.5
2024-02-29T01:00,26.3,87,0.0,1.9,158,1008.2
2024-02-29T02:00,25.9,89,0.1,6.4,344,1007.9
2024-02-29T03:00,25.5,93,0.1,3.8,287,1007.7
2024-02-29T04:00,25.7,90,0.7,4.1,322,1008.0
2024-02-29T05:00,25.6,93,0.2,4.1,285,1008.2
2024-02-29T06:00,25.1,94,0.1,6.1,270,1008.4
2024-02-29T07:00,25.7,92,0.6,3.4,238,1009.0
2024-02-29T08:00,25.1,95,0.7,4.7,189,1010.3
2024-02-29T09:00,25.3,93,1.6,6.9,141,1010.6
2024-02-29T10:00,25.6,94,1.3,4.5,119,1010.9
2024-02-29T11:00,26.3,89,0.7,4.6,39,1010.3
2024-02-29T12:00,25.9,91,3.5,6.2,36,1009.9
2024-02-29T13:00,26.2,91,0.5,4.8,27,1008.5
2024-02-29T14:00,28.3,80,0.1,3.8,319,1007.1
2024-02-29T15:00,29.4,76,0.1,4.2,329,1006.4
2024-02-29T16:00,29.4,74,0.0,8.2,337,1006.4
2024-02-29T17:00,29.0,75,0.0,8.0,342,1007.0
2024-02-29T18:00,27.7,81,0.0,6.6,351,1007.8
2024-02-29T19:00,27.0,84,0.0,6.2,350,1009.0
2024-02-29T20:00,26.8,90,0.0,4.8,207,1009.5
2024-02-29T21:00,26.1,92,0.0,4.1,218,1009.9
2024-02-29T22:00,26.1,91,0.0,4.3,246,1010.3
2024-02-29T23:00,25.9,91,0.0,3.7,209,1010.3
2024-03-01T00:00,25.8,90,0.1,4.1,255,1009.6
2024-03-01T01:00,25.6,90,0.1,3.3,264,1009.2
2024-03-01T02:00,25.4,93,0.0,4.2,290,1008.8
2024-03-01T03:00,25.3,93,0.0,3.4,238,1008.3
2024-03-01T04:00,25.6,90,0.0,4.0,243,1007.9
2024-03-01T05:00,25.1,92,0.0,3.6,217,1007.9
2024-03-01T06:00,25.0,91,0.0,3.1,201,1008.4
2024-03-01T07:00,26.1,85,0.0,2.1,239,1009.0
2024-03-01T08:00,27.4,81,0.0,3.3,193,1010.1
2024-03-01T09:00,29.1,78,0.0,3.6,225,1010.3
2024-03-01T10:00,30.2,75,0.1,5.2,295,1010.2
2024-03-01T11:00,30.9,73,0.2,7.7,323,1009.7
2024-03-01T12:00,31.2,70,0.2,12.0,327,1008.6
2024-03-01T13:00,29.5,77,2.0,10.7,303,1007.5
2024-03-01T14:00,30.2,72,0.1,11.1,299,1006.8
2024-03-01T15:00,30.5,70,0.0,8.9,302,1006.6
2024-03-01T16:00,29.2,73,0.1,7.6,289,1007.0
2024-03-01T17:00,28.0,80,0.1,6.9,261,1006.9
2024-03-01T18:00,27.4,86,0.0,2.1,239,1007.7
2024-03-01T19:00,27.0,88,0.0,3.6,307,1008.4
2024-03-01T20:00,26.9,88,0.7,1.5,315,1009.5
2024-03-01T21:00,26.2,92,0.6,6.7,286,1010.2
2024-03-01T22:00,26.1,92,0.1,6.2,306,1009.8
2024-03-01T23:00,26.0,93,0.1,5.2,304,1010.1
2024-03-02T00:00,25.7,96,0.0,2.9,263,1009.2
2024-03-02T01:00,25.8,95,0.1,8.0,297,1008.7
2024-03-02T02:00,25.8,94,0.0,7.9,267,1008.2
2024-03-02T03:00,25.4,96,0.0,4.8,222,1007.4
2024-03-02T04:00,25.2,96,0.0,5.7,235,1007.5
2024-03-02T05:00,25.4,94,0.1,1.1,108,1007.9
2024-03-02T06:00,24.8,97,0.0,3.0,256,1008.8
2024-03-02T07:00,26.0,92,0.0,5.5,281,1009.4
2024-03-02T08:00,26.7,91,0.1,5.6,225,1009.6
2024-03-02T09:00,28.3,83,0.1,5.6,310,1009.9
2024-03-02T10:00,29.0,80,0.3,9.0,331,1010.3
2024-03-02T11:00,28.8,80,2.9,14.0,342,1009.6
2024-03-02T12:00,28.6,82,1.4,13.1,339,1008.8
2024-03-02T13:00,29.1,79,0.1,9.0,331,1007.9
2024-03-02T14:00,29.1,80,0.2,8.0,342,1007.8
2024-03-02T15:00,29.3,78,0.2,9.3,332,1007.2
2024-03-02T16:00,29.4,75,0.2,8.2,322,1007.0
2024-03-02T17:00,27.0,83,0.2,10.2,228,1007.6
2024-03-02T18:00,26.1,89,0.2,6.8,198,1007.9
2024-03-02T19:00,25.7,93,0.1,5.3,242,1008.6
2024-03-02T20:00,26.4,93,0.7,7.1,255,1009.6
2024-03-02T21:00,26.2,95,0.1,7.9,246,1010.3
2024-03-02T22:00,26.1,95,0.0,5.9,232,1010.4
2024-03-02T23:00,25.8,96,0.0,2.8,230,1010.3
2024-03-03T00:00,25.2,96,0.0,4.0,243,1010.0
2024-03-03T01:00,25.3,96,0.0,3.1,249,1009.2
2024-03-03T02:00,24.9,97,0.0,3.6,233,1008.5
2024-03-03T03:00,24.6,97,0.0,3.8,221,1008.1
2024-03-03T04:00,24.8,96,0.1,3.1,201,1008.5
2024-03-03T05:00,24.8,96,0.9,0.8,117,1008.9
2024-03-03T06:00,25.0,94,0.1,2.1,121,1009.2
2024-03-03T07:00,26.0,89,0.0,1.5,45,1010.1
2024-03-03T08:00,25.5,95,1.1,5.0,159,1011.0
2024-03-03T09:00,27.1,88,0.2,2.7,203,1011.0
2024-03-03T10:00,28.9,82,0.1,3.6,270,1010.7
2024-03-03T11:00,30.2,75,0.1,8.2,331,1010.2
2024-03-03T12:00,28.8,79,3.8,12.6,340,1009.6
2024-03-03T13:00,28.5,81,1.3,8.9,333,1008.8
2024-03-03T14:00,28.6,79,0.3,12.9,342,1007.8
2024-03-03T15:00,28.4,79,0.0,11.8,329,1007.5
2024-03-03T16:00,28.4,80,0.0,7.4,309,1007.1
2024-03-03T17:00,28.5,79,0.0,6.4,308,1007.2
2024-03-03T18:00,27.5,83,0.1,7.0,282,1008.2
2024-03-03T19:00,26.9,87,0.1,8.3,275,1009.2
2024-03-03T20:00,26.6,91,0.1,2.6,236,1009.9
2024-03-03T21:00,26.5,90,0.0,4.0,243,1010.7
2024-03-03T22:00,26.4,89,0.0,6.0,245,1011.0
2024-03-03T23:00,26.1,91,0.0,7.3,237,1010.5
2024-03-04T00:00,25.8,93,0.0,10.0,249,1010.3
2024-03-04T01:00,25.5,92,0.0,10.5,248,1009.4
2024-03-04T02:00,25.3,91,0.0,11.0,251,1009.1
2024-03-04T03:00,25.3,90,0.0,10.0,244,1008.5
2024-03-04T04:00,25.2,89,0.0,11.5,250,1008.3
2024-03-04T05:00,25.2,88,0.0,10.2,252,1008.4
2024-03-04T06:00,25.3,88,0.0,10.9,261,1008.9
2024-03-04T07:00,26.2,86,0.0,11.3,261,1009.4
2024-03-04T08:00,28.2,80,0.0,11.5,256,1009.9
2024-03-04T09:00,29.9,74,0.0,13.3,251,1010.1
2024-03-04T10:00,31.1,69,0.1,13.1,254,1010.0
2024-03-04T11:00,32.0,66,0.1,12.6,257,1009.1
2024-03-04T12:00,32.3,67,0.1,13.7,267,1008.2
2024-03-04T13:00,31.8,67,0.1,15.5,267,1007.1
2024-03-04T14:00,29.8,78,4.3,6.9,276,1007.0
2024-03-04T15:00,28.9,77,0.2,9.0,272,1006.6
2024-03-04T16:00,29.2,79,0.2,10.6,260,1006.5
2024-03-04T17:00,28.9,79,0.1,10.2,238,1007.0
2024-03-04T18:00,28.2,84,0.0,7.7,242,1007.8
2024-03-04T19:00,27.5,85,0.0,11.3,261,1008.4
2024-03-04T20:00,26.7,85,0.0,13.0,242,1009.4
2024-03-04T21:00,26.3,85,0.0,13.0,242,1009.7
2024-03-04T22:00,26.3,84,0.0,12.9,252,1009.9
2024-03-04T23:00,26.3,82,0.0,11.3,248,1009.7
2024-03-05T00:00,26.3,82,0.0,12.6,243,1009.0
2024-03-05T01:00,26.2,82,0.0,11.9,241,1008.3
2024-03-05T02:00,26.2,82,0.0,11.4,257,1007.7
2024-03-05T03:00,26.0,83,0.0,11.4,257,1007.4
2024-03-05T04:00,25.9,85,0.0,11.5,256,1007.4
2024-03-05T05:00,25.8,86,0.0,10.5,248,1007.6
2024-03-05T06:00,25.8,86,0.0,10.7,256,1008.2
2024-03-05T07:00,26.8,83,0.0,13.0,242,1009.0
2024-03-05T08:00,28.3,78,0.0,10.4,236,1009.7
2024-03-05T09:00,29.9,73,0.0,8.7,232,1009.9
2024-03-05T10:00,30.8,69,0.0,6.3,239,1009.4
2024-03-05T11:00,31.8,67,0.1,7.2,270,1008.6
2024-03-05T12:00,28.9,80,6.6,14.6,250,1008.4
2024-03-05T13:00,29.3,80,0.3,13.8,255,1007.1
2024-03-05T14:00,30.1,74,0.2,17.0,253,1006.2
2024-03-05T15:00,29.4,77,1.8,15.7,259,1005.7
2024-03-05T16:00,29.8,73,0.0,18.2,252,1005.4
2024-03-05T17:00,29.3,76,0.0,15.1,252,1005.9
2024-03-05T18:00,28.3,79,0.0,13.6,258,1006.6
2024-03-05T19:00,27.6,81,0.0,13.1,262,1007.7
2024-03-05T20:00,27.5,80,0.0,14.3,258,1008.3
2024-03-05T21:00,27.3,81,0.0,13.7,256,1008.8
2024-03-05T22:00,27.1,82,0.0,13.5,254,1008.7
2024-03-05T23:00,26.9,83,0.0,11.9,245,1008.5
2024-03-06T00:00,26.6,85,0.0,11.6,254,1008.4
2024-03-06T01:00,26.5,86,0.0,13.1,254,1007.6
2024-03-06T02:00,26.5,86,0.0,14.1,255,1006.7
2024-03-06T03:00,26.4,87,0.0,13.7,252,1006.5
2024-03-06T04:00,26.2,88,0.0,13.8,250,1006.5
2024-03-06T05:00,26.3,88,0.0,13.1,254,1007.1
2024-03-06T06:00,26.3,87,0.0,12.8,260,1007.7
2024-03-06T07:00,27.1,85,0.0,14.8,257,1008.4
2024-03-06T08:00,28.6,80,0.0,13.7,256,1008.8
2024-03-06T09:00,30.0,74,0.1,16.1,254,1009.0
2024-03-06T10:00,30.6,73,0.2,15.5,265,1008.9
2024-03-06T11:00,30.9,73,0.2,12.7,285,1008.1
2024-03-06T12:00,30.5,74,0.3,10.5,292,1007.4
2024-03-06T13:00,28.9,78,1.5,11.8,290,1007.0
2024-03-06T14:00,28.3,83,0.4,10.1,274,1006.2
2024-03-06T15:00,29.4,77,0.5,13.3,257,1005.4
2024-03-06T16:00,29.4,77,0.1,12.4,248,1005.4
2024-03-06T17:00,28.8,79,0.0,11.5,256,1005.4
2024-03-06T18:00,28.2,82,0.0,10.1,266,1006.4
2024-03-06T19:00,27.7,85,0.0,8.8,261,1007.4
2024-03-06T20:00,27.0,83,0.0,12.7,262,1008.4
2024-03-06T21:00,27.0,83,0.0,15.2,266,1008.9
2024-03-06T22:00,27.0,83,0.0,12.4,253,1008.7
2024-03-06T23:00,26.7,85,0.0,13.7,270,1008.7
2024-03-07T00:00,26.4,86,0.0,10.8,270,1008.0
2024-03-07T01:00,26.2,87,0.0,11.7,261,1007.6
2024-03-07T02:00,26.1,88,0.0,11.5,268,1007.2
2024-03-07T03:00,26.0,89,0.0,12.8,260,1006.9
2024-03-07T04:00,26.0,88,0.0,13.0,264,1006.7
2024-03-07T05:00,25.7,89,0.0,13.0,264,1007.4
2024-03-07T06:00,25.6,90,0.0,11.6,263,1007.5
2024-03-07T07:00,26.4,89,0.0,8.6,248,1007.4
2024-03-07T08:00,28.3,82,0.0,11.2,270,1007.8
2024-03-07T09:00,29.7,75,0.0,15.5,265,1008.3
2024-03-07T10:00,30.7,69,0.1,13.4,264,1008.3
2024-03-07T11:00,31.5,68,0.1,11.2,291,1007.5
2024-03-07T12:00,30.9,71,0.1,16.4,308,1007.3
2024-03-07T13:00,26.6,93,5.9,13.6,282,1007.2
2024-03-07T14:00,27.0,91,0.8,9.5,281,1005.9
2024-03-07T15:00,28.7,83,0.2,11.8,243,1006.0
2024-03-07T16:00,28.3,82,0.0,12.2,251,1005.0
2024-03-07T17:00,28.0,83,0.0,12.1,253,1005.2
2024-03-07T18:00,27.5,84,0.0,15.8,258,1006.3
2024-03-07T19:00,27.3,83,0.0,17.6,259,1007.1
2024-03-07T20:00,26.9,87,0.2,15.1,242,1007.5
2024-03-07T21:00,26.5,86,0.0,17.2,250,1008.1
2024-03-07T22:00,26.3,86,0.0,15.0,253,1009.0
2024-03-07T23:00,26.2,87,0.0,13.4,246,1008.7
2024-03-08T00:00,26.2,87,0.0,14.0,244,1008.3
2024-03-08T01:00,26.1,87,0.0,13.6,253,1007.4
2024-03-08T02:00,26.0,88,0.0,12.4,248,1006.6
2024-03-08T03:00,26.0,88,0.0,13.0,256,1006.6
2024-03-08T04:00,25.8,89,0.0,12.9,252,1006.3
2024-03-08T05:00,25.6,90,0.1,15.8,249,1006.8
2024-03-08T06:00,25.2,92,0.1,13.1,249,1007.2
2024-03-08T07:00,25.8,91,0.1,10.6,242,1008.1
2024-03-08T08:00,27.1,88,0.1,15.9,257,1008.2
2024-03-08T09:00,28.7,77,0.0,22.2,250,1008.0
2024-03-08T10:00,29.9,72,0.0,19.8,258,1008.7
2024-03-08T11:00,30.3,72,0.0,16.6,271,1008.5
2024-03-08T12:00,31.1,71,0.0,15.1,271,1007.3
2024-03-08T13:00,31.0,70,0.1,16.5,280,1005.9
2024-03-08T14:00,27.7,85,2.4,15.5,245,1005.9
2024-03-08T15:00,28.3,83,0.1,10.8,255,1006.0
2024-03-08T16:00,27.7,86,3.2,13.9,260,1005.6
2024-03-08T17:00,26.5,89,7.1,15.4,259,1006.5
2024-03-08T18:00,26.0,93,0.5,11.4,246,1007.3
2024-03-08T19:00,26.0,92,0.2,12.6,246,1007.9
2024-03-08T20:00,26.5,90,0.1,12.7,241,1008.3
2024-03-08T21:00,25.9,91,0.0,12.0,231,1009.2
2024-03-08T22:00,25.5,91,0.0,9.0,233,1009.5
2024-03-08T23:00,25.5,92,0.0,7.2,252,1009.4
2024-03-09T00:00,25.5,92,0.0,8.8,261,1009.1
2024-03-09T01:00,25.4,92,0.0,7.9,267,1008.4
2024-03-09T02:00,25.2,94,0.0,8.0,265,1007.8
2024-03-09T03:00,25.1,93,0.0,9.1,261,1007.6
2024-03-09T04:00,25.0,93,0.1,10.0,257,1007.8
2024-03-09T05:00,24.8,93,0.1,8.4,239,1007.8
2024-03-09T06:00,24.8,92,0.0,5.2,245,1008.3
2024-03-09T07:00,25.4,90,0.0,4.7,261,1009.1
2024-03-09T08:00,26.4,86,0.2,9.4,270,1009.8
2024-03-09T09:00,26.7,87,0.4,10.9,262,1010.3
2024-03-09T10:00,26.8,89,0.5,8.3,268,1010.4
2024-03-09T11:00,27.8,83,0.2,12.1,300,1010.2
2024-03-09T12:00,27.1,83,0.3,13.0,309,1009.6
2024-03-09T13:00,26.4,87,1.2,16.2,302,1009.0
2024-03-09T14:00,26.3,91,2.1,9.7,309,1008.4
2024-03-09T15:00,26.2,91,1.6,8.7,308,1008.3
2024-03-09T16:00,26.7,90,0.7,6.0,295,1008.0
2024-03-09T17:00,26.6,92,0.5,4.3,246,1008.5
2024-03-09T18:00,26.2,95,0.5,2.6,214,1009.2
2024-03-09T19:00,25.9,96,0.3,5.3,208,1009.6
2024-03-09T20:00,25.5,93,0.0,6.8,198,1009.7
2024-03-09T21:00,25.3,91,0.0,5.6,207,1010.1
2024-03-09T22:00,25.1,91,0.2,3.9,202,1010.5
2024-03-09T23:00,25.0,92,0.2,4.3,204,1010.4
2024-03-10T00:00,24.9,93,0.2,3.6,217,1009.6
2024-03-10T01:00,24.7,94,0.1,4.2,211,1009.0
2024-03-10T02:00,24.4,93,0.0,4.4,215,1008.4
2024-03-10T03:00,24.6,92,0.3,3.7,209,1008.3
2024-03-10T04:00,24.4,94,0.0,3.2,297,1008.1
2024-03-10T05:00,24.8,91,0.0,3.3,264,1008.8
2024-03-10T06:00,24.6,91,0.3,5.6,225,1009.4
2024-03-10T07:00,24.7,93,0.0,8.0,190,1009.7
2024-03-10T08:00,25.6,90,0.1,6.7,216,1010.3
2024-03-10T09:00,26.6,88,0.1,5.0,210,1010.8
2024-03-10T10:00,27.7,83,0.1,5.8,292,1010.8
2024-03-10T11:00,27.9,83,0.1,9.6,304,1010.3
2024-03-10T12:00,28.2,83,0.0,11.5,309,1009.6
2024-03-10T13:00,29.0,77,0.1,12.0,316,1008.6
2024-03-10T14:00,29.8,75,0.1,11.8,322,1007.4
2024-03-10T15:00,29.0,74,0.4,14.0,318,1007.1
2024-03-10T16:00,28.4,77,0.5,14.0,325,1007.3
2024-03-10T17:00,27.7,83,0.1,9.0,323,1008.1
2024-03-10T18:00,27.3,87,0.0,3.9,292,1008.9
2024-03-10T19:00,26.4,93,0.0,4.9,216,1009.7
2024-03-10T20:00,26.4,91,0.8,10.9,333,1010.6
2024-03-10T21:00,26.1,93,0.0,4.3,312,1010.9
2024-03-10T22:00,26.0,93,0.1,4.7,279,1011.6
2024-03-10T23:00,25.8,94,0.2,9.5,281,1011.5
2024-03-11T00:00,25.7,91,0.0,4.6,288,1010.8
2024-03-11T01:00,25.2,94,0.0,6.8,245,1009.9
2024-03-11T02:00,24.8,95,0.1,6.5,264,1009.6
2024-03-11T03:00,24.8,94,0.3,5.8,263,1009.4
2024-03-11T04:00,24.7,96,0.1,6.0,253,1009.4
2024-03-11T05:00,24.5,95,0.3,6.0,245,1009.7
2024-03-11T06:00,23.8,96,7.1,7.5,253,1010.4
2024-03-11T07:00,24.5,94,0.5,7.1,246,1010.8
2024-03-11T08:00,25.2,94,0.5,9.8,278,1011.4
2024-03-11T09:00,26.3,89,0.1,10.6,294,1011.4
2024-03-11T10:00,27.8,83,0.2,16.3,311,1011.5
2024-03-11T11:00,29.1,76,0.2,16.4,308,1010.9
2024-03-11T12:00,29.5,75,0.2,20.9,318,1009.4
2024-03-11T13:00,29.4,76,0.2,20.9,314,1008.2
2024-03-11T14:00,29.2,77,0.0,17.1,318,1007.1
2024-03-11T15:00,29.6,74,0.1,17.5,323,1006.8
2024-03-11T16:00,29.7,73,0.1,17.9,330,1006.7
2024-03-11T17:00,27.6,85,4.0,13.1,302,1007.6
2024-03-11T18:00,25.7,92,8.5,15.5,301,1009.2
2024-03-11T19:00,25.4,94,2.3,12.2,272,1009.9
2024-03-11T20:00,25.2,96,4.1,12.6,273,1010.1
2024-03-11T21:00,24.5,97,7.1,10.8,272,1010.7
2024-03-11T22:00,24.5,96,4.6,12.3,263,1011.4
2024-03-11T23:00,24.6,95,2.0,13.1,254,1011.4
2024-03-12T00:00,24.5,94,0.5,13.4,264,1010.7
2024-03-12T01:00,24.7,92,0.1,9.2,259,1009.9
2024-03-12T02:00,24.1,96,1.1,12.0,263,1009.4
2024-03-12T03:00,24.5,93,0.3,5.7,252,1009.1
2024-03-12T04:00,24.8,92,0.4,7.9,270,1009.2
2024-03-12T05:00,24.9,91,0.1,6.6,279,1009.3
2024-03-12T06:00,25.0,92,0.1,8.0,280,1009.7
2024-03-12T07:00,25.6,92,0.1,9.5,295,1010.3
2024-03-12T08:00,27.6,85,0.0,7.7,259,1010.6
2024-03-12T09:00,28.6,83,0.1,9.4,274,1011.1
2024-03-12T10:00,29.0,75,0.0,14.3,295,1011.5
2024-03-12T11:00,28.9,74,0.0,15.4,303,1010.7
2024-03-12T12:00,30.0,71,0.2,17.6,301,1009.5
2024-03-12T13:00,30.1,72,0.0,18.2,308,1008.6
2024-03-12T14:00,29.8,73,0.0,18.1,316,1007.8
2024-03-12T15:00,29.7,75,0.4,14.6,308,1007.1
2024-03-12T16:00,28.6,78,0.7,14.1,320,1007.0
2024-03-12T17:00,28.9,77,0.1,9.1,326,1007.3
2024-03-12T18:00,28.0,83,0.1,4.7,293,1008.2
2024-03-12T19:00,25.9,92,7.4,9.4,277,1009.6
2024-03-12T20:00,26.2,86,0.1,10.2,231,1010.0
2024-03-12T21:00,25.4,89,0.3,9.4,266,1010.9
2024-03-12T22:00,25.1,93,1.7,8.7,263,1010.9
2024-03-12T23:00,24.9,94,1.3,7.1,221,1010.7
2024-03-13T00:00,24.7,96,0.3,2.6,254,1010.8
2024-03-13T01:00,24.8,95,0.1,4.3,246,1010.0
2024-03-13T02:00,24.7,95,0.2,3.8,229,1009.3
2024-03-13T03:00,24.5,97,0.2,7.6,278,1009.3
2024-03-13T04:00,24.7,92,1.7,13.1,279,1009.3
2024-03-13T05:00,25.2,91,0.1,11.9,273,1008.9
2024-03-13T06:00,25.0,93,0.5,7.2,276,1009.5
2024-03-13T07:00,25.3,94,0.2,7.1,285,1010.5
2024-03-13T08:00,26.0,87,1.1,5.7,288,1011.0
2024-03-13T09:00,27.5,85,0.1,13.1,291,1011.1
2024-03-13T10:00,28.3,80,0.8,20.4,291,1011.2
2024-03-13T11:00,29.5,75,0.1,17.0,306,1010.6
2024-03-13T12:00,30.0,70,0.0,20.9,312,1009.7
2024-03-13T13:00,29.7,73,0.1,21.9,315,1008.6
2024-03-13T14:00,28.3,80,5.1,21.9,303,1007.9
2024-03-13T15:00,27.7,81,2.1,16.9,308,1007.6
2024-03-13T16:00,27.0,84,0.2,12.6,297,1007.4
2024-03-13T17:00,26.7,87,0.7,14.2,294,1008.1
2024-03-13T18:00,25.4,93,5.8,11.6,277,1009.0
2024-03-13T19:00,24.5,96,2.8,10.9,243,1010.0
2024-03-13T20:00,24.8,94,0.6,11.1,257,1010.0
2024-03-13T21:00,24.4,94,1.8,6.9,231,1010.7
2024-03-13T22:00,24.2,95,0.7,6.3,204,1010.7
2024-03-13T23:00,24.4,94,0.9,3.1,234,1010.5
2024-03-14T00:00,24.5,94,0.3,6.6,225,1010.2
2024-03-14T01:00,24.4,93,0.1,10.2,228,1010.3
2024-03-14T02:00,24.3,92,0.1,11.0,238,1010.1
2024-03-14T03:00,24.2,94,0.1,9.5,217,1009.6
2024-03-14T04:00,24.2,93,0.1,10.2,231,1009.7
2024-03-14T05:00,24.0,96,0.2,10.8,244,1009.7
2024-03-14T06:00,23.8,95,0.3,10.8,244,1010.1
2024-03-14T07:00,24.1,94,0.3,9.8,246,1010.9
2024-03-14T08:00,25.1,93,0.4,10.3,234,1010.9
2024-03-14T09:00,26.0,90,0.1,9.0,272,1011.2
2024-03-14T10:00,28.1,84,0.2,12.6,297,1011.1
2024-03-14T11:00,29.1,76,0.3,20.0,300,1010.6
2024-03-14T12:00,27.9,81,0.6,21.9,293,1009.9
2024-03-14T13:00,27.3,84,0.7,16.4,279,1009.3
2024-03-14T14:00,27.9,81,0.2,14.7,287,1008.1
2024-03-14T15:00,28.0,81,0.1,9.0,299,1008.1
2024-03-14T16:00,27.4,82,0.3,13.0,273,1008.2
2024-03-14T17:00,26.0,90,0.2,9.5,245,1008.4
2024-03-14T18:00,26.0,90,0.1,3.5,246,1008.9
2024-03-14T19:00,25.8,91,0.0,10.5,239,1009.8
2024-03-14T20:00,26.1,92,0.0,6.3,211,1009.3
2024-03-14T21:00,26.0,90,0.0,8.2,241,1009.9
2024-03-14T22:00,25.7,88,0.0,7.1,246,1010.5
2024-03-14T23:00,25.8,87,0.0,5.8,263,1010.5
2024-03-15T00:00,25.2,91,0.1,10.7,327,1010.6
2024-03-15T01:00,25.1,92,0.6,12.6,297,1010.4
2024-03-15T02:00,25.3,91,0.1,11.9,284,1009.9
2024-03-15T03:00,25.1,93,0.1,12.3,273,1009.6
2024-03-15T04:00,24.8,93,0.1,10.2,252,1009.5
2024-03-15T05:00,24.5,94,0.0,8.0,243,1009.6
2024-03-15T06:00,24.5,94,0.0,6.9,242,1010.0
2024-03-15T07:00,25.1,94,0.0,8.6,248,1010.1
2024-03-15T08:00,25.8,93,0.2,11.4,246,1011.5
2024-03-15T09:00,26.6,89,0.1,11.1,257,1011.7
2024-03-15T10:00,27.3,84,0.2,12.7,255,1011.5
2024-03-15T11:00,29.3,73,0.6,17.3,268,1010.8
2024-03-15T12:00,29.7,67,0.3,19.3,284,1009.6
2024-03-15T13:00,29.8,66,0.2,20.5,280,1008.9
2024-03-15T14:00,29.0,72,0.1,16.6,274,1008.2
2024-03-15T15:00,28.8,74,0.2,13.0,272,1007.9
2024-03-15T16:00,27.1,82,0.5,18.1,264,1008.2
2024-03-15T17:00,27.2,83,0.1,9.0,254,1008.5
2024-03-15T18:00,27.0,84,0.1,11.6,248,1009.4
2024-03-15T19:00,26.1,87,0.0,13.2,248,1010.3
2024-03-15T20:00,26.0,89,0.0,10.4,250,1010.5
2024-03-15T21:00,25.8,89,0.0,10.8,255,1011.0
2024-03-15T22:00,25.7,88,0.0,13.4,250,1011.5
2024-03-15T23:00,25.7,87,0.0,13.6,253,1011.4
2024-03-16T00:00,25.4,89,0.0,15.6,244,1010.8
2024-03-16T01:00,25.3,88,0.0,16.8,239,1010.5
2024-03-16T02:00,24.6,88,0.2,19.5,240,1010.1
2024-03-16T03:00,24.2,88,0.2,16.8,242,1010.1
2024-03-16T04:00,24.1,91,0.0,14.8,241,1010.4
2024-03-16T05:00,24.0,92,0.0,13.2,235,1010.7
2024-03-16T06:00,24.1,91,0.0,10.3,245,1011.1
2024-03-16T07:00,24.8,89,0.0,10.6,260,1011.7
2024-03-16T08:00,25.8,88,0.1,12.7,245,1012.6
2024-03-16T09:00,26.9,82,0.0,15.4,259,1012.9
2024-03-16T10:00,27.5,82,0.1,12.3,267,1012.6
2024-03-16T11:00,28.6,78,0.0,14.3,280,1011.8
2024-03-16T12:00,28.4,79,0.1,14.0,296,1010.3
2024-03-16T13:00,27.7,82,0.8,15.9,266,1009.7
2024-03-16T14:00,28.4,76,0.5,20.6,275,1008.6
2024-03-16T15:00,28.8,79,0.5,17.7,268,1008.5
2024-03-16T16:00,27.4,84,2.4,13.0,272,1008.6
2024-03-16T17:00,26.9,84,0.2,13.4,262,1009.0
2024-03-16T18:00,26.5,86,0.0,13.8,255,1009.5
2024-03-16T19:00,25.9,88,0.0,16.1,243,1009.8
2024-03-16T20:00,25.6,90,0.2,12.7,255,1010.7
2024-03-16T21:00,25.3,90,0.0,13.4,250,1011.1
2024-03-16T22:00,25.1,89,0.0,15.0,246,1011.3
2024-03-16T23:00,24.8,90,0.0,15.3,251,1011.2
2024-03-17T00:00,24.7,91,0.0,15.2,256,1010.6
2024-03-17T01:00,24.7,91,0.0,14.3,258,1010.0
2024-03-17T02:00,24.4,92,0.0,13.6,258,1009.7
2024-03-17T03:00,24.4,93,0.0,12.5,258,1009.4
2024-03-17T04:00,24.3,93,0.0,12.5,258,1009.6
2024-03-17T05:00,24.2,92,0.1,14.3,236,1009.8
2024-03-17T06:00,24.0,93,0.2,11.8,247,1010.0
2024-03-17T07:00,24.6,92,0.0,12.7,255,1010.5
2024-03-17T08:00,26.2,87,0.0,11.6,240,1011.1
2024-03-17T09:00,27.5,80,0.1,14.6,261,1011.5
2024-03-17T10:00,28.5,79,0.1,13.7,272,1011.1
2024-03-17T11:00,29.7,73,0.0,16.4,285,1010.0
2024-03-17T12:00,29.1,73,0.1,19.8,297,1008.7
2024-03-17T13:00,28.2,80,1.2,17.0,264,1007.9
2024-03-17T14:00,29.0,77,0.1,16.2,287,1007.2
2024-03-17T15:00,29.3,73,0.1,16.2,282,1006.5
2024-03-17T16:00,28.1,80,0.3,9.5,261,1006.7
2024-03-17T17:00,27.4,82,0.3,11.9,241,1007.0
2024-03-17T18:00,27.2,82,0.0,12.2,246,1007.6
2024-03-17T19:00,26.4,84,0.0,17.1,248,1008.0
2024-03-17T20:00,26.3,83,0.0,16.9,250,1008.8
2024-03-17T21:00,26.4,81,0.0,15.9,252,1009.3
2024-03-17T22:00,26.3,81,0.0,16.0,261,1009.8
2024-03-17T23:00,26.1,82,0.0,16.5,260,1009.7
2024-03-18T00:00,25.9,83,0.0,17.1,263,1009.4
2024-03-18T01:00,25.5,85,0.0,16.3,265,1008.9
2024-03-18T02:00,25.3,85,0.0,15.8,270,1008.6
2024-03-18T03:00,25.0,86,0.0,13.7,273,1008.6
2024-03-18T04:00,24.7,88,0.0,11.1,283,1008.9
2024-03-18T05:00,24.5,89,0.0,9.5,279,1009.1
2024-03-18T06:00,24.5,88,0.0,9.7,272,1009.7
2024-03-18T07:00,25.5,86,0.0,9.7,272,1010.3
2024-03-18T08:00,27.5,78,0.0,12.4,287,1011.1
2024-03-18T09:00,28.4,74,0.0,14.8,276,1011.4
2024-03-18T10:00,29.2,74,0.3,13.4,278,1011.2
2024-03-18T11:00,29.9,73,0.4,11.7,281,1010.6
2024-03-18T12:00,30.5,71,0.0,12.4,296,1009.3
2024-03-18T13:00,30.6,68,0.0,14.2,297,1008.2
2024-03-18T14:00,30.5,69,0.1,14.9,302,1007.2
2024-03-18T15:00,30.4,70,0.0,12.5,288,1006.7
2024-03-18T16:00,30.0,72,0.1,11.3,253,1006.4
2024-03-18T17:00,29.4,72,0.1,14.1,255,1006.6
2024-03-18T18:00,28.6,74,0.0,14.2,249,1007.4
2024-03-18T19:00,27.8,76,0.0,17.2,254,1008.1
2024-03-18T20:00,27.7,74,0.0,16.1,250,1009.2
2024-03-18T21:00,27.6,74,0.0,14.4,248,1009.7
2024-03-18T22:00,27.2,76,0.0,12.4,248,1009.9
2024-03-18T23:00,26.7,77,0.0,11.2,255,1009.8
2024-03-19T00:00,26.3,79,0.0,10.4,256,1009.3
2024-03-19T01:00,26.0,80,0.0,11.4,259,1009.0
2024-03-19T02:00,26.0,80,0.0,12.7,255,1008.4
2024-03-19T03:00,25.8,81,0.0,12.3,255,1008.4
2024-03-19T04:00,25.7,82,0.0,11.5,256,1008.5
2024-03-19T05:00,25.6,83,0.0,11.9,256,1008.8
2024-03-19T06:00,25.6,84,0.0,11.9,256,1009.5
2024-03-19T07:00,26.4,83,0.0,10.9,261,1010.4
2024-03-19T08:00,28.0,78,0.0,10.3,241,1011.1
2024-03-19T09:00,29.7,72,0.0,11.4,242,1011.0
2024-03-19T10:00,31.1,63,0.0,14.6,254,1010.8
2024-03-19T11:00,31.8,59,0.1,17.4,263,1010.0
2024-03-19T12:00,31.9,58,0.3,18.2,279,1008.7
2024-03-19T13:00,31.8,59,0.2,17.7,282,1007.6
2024-03-19T14:00,32.0,58,0.3,17.7,276,1006.8
2024-03-19T15:00,31.7,62,0.5,19.8,271,1006.4
2024-03-19T16:00,31.2,64,0.0,20.0,262,1006.1
2024-03-19T17:00,29.9,68,0.0,19.8,260,1006.4
2024-03-19T18:00,28.9,71,0.0,17.7,257,1006.9
2024-03-19T19:00,28.3,70,0.0,17.4,252,1007.9
2024-03-19T20:00,28.3,69,0.0,16.1,254,1009.3
2024-03-19T21:00,27.8,68,0.0,15.6,247,1009.8
2024-03-19T22:00,26.9,68,0.0,11.6,254,1010.3
2024-03-19T23:00,26.1,70,0.0,11.1,245,1010.2
2024-03-20T00:00,25.2,74,0.0,10.6,242,1009.8
2024-03-20T01:00,24.7,78,0.0,10.7,250,1009.2
2024-03-20T02:00,24.5,80,0.0,10.9,253,1008.8
2024-03-20T03:00,24.3,83,0.0,11.6,248,1008.4
2024-03-20T04:00,24.2,84,0.0,12.9,247,1008.2
2024-03-20T05:00,24.2,84,0.0,11.8,239,1008.8
2024-03-20T06:00,23.8,86,0.0,9.8,234,1009.4
2024-03-20T07:00,24.9,84,0.0,9.6,236,1010.0
2024-03-20T08:00,26.6,77,0.0,7.7,221,1010.8
2024-03-20T09:00,29.0,71,0.0,9.9,226,1010.5
2024-03-20T10:00,30.8,63,0.0,11.2,249,1010.4
2024-03-20T11:00,31.8,57,0.0,14.2,263,1010.0
2024-03-20T12:00,32.2,57,0.0,14.8,273,1009.1
2024-03-20T13:00,32.4,55,0.0,13.1,291,1008.1
2024-03-20T14:00,32.5,55,0.0,12.5,288,1007.2
2024-03-20T15:00,32.4,54,0.0,13.1,278,1006.9
2024-03-20T16:00,32.0,55,0.0,12.6,273,1006.6
2024-03-20T17:00,30.9,60,0.0,11.2,266,1006.7
2024-03-20T18:00,29.6,65,0.0,11.1,257,1007.6
2024-03-20T19:00,28.3,70,0.0,13.7,256,1008.7
2024-03-20T20:00,28.5,71,0.0,19.4,260,1009.1
2024-03-20T21:00,28.0,72,0.0,16.8,260,1009.6
2024-03-20T22:00,27.4,74,0.0,15.0,259,1010.2
2024-03-20T23:00,26.9,75,0.0,14.0,269,1010.3
2024-03-21T00:00,26.4,78,0.0,13.7,275,1010.1
2024-03-21T01:00,26.0,79,0.0,13.3,268,1009.4
2024-03-21T02:00,25.6,81,0.0,11.3,261,1008.7
2024-03-21T03:00,25.2,83,0.0,10.2,260,1008.7
2024-03-21T04:00,24.8,84,0.0,11.1,257,1008.8
2024-03-21T05:00,24.6,85,0.0,9.9,251,1009.4
2024-03-21T06:00,24.3,86,0.0,9.0,241,1009.9
2024-03-21T07:00,25.3,84,0.0,9.5,245,1010.5
2024-03-21T08:00,27.6,76,0.0,9.0,241,1011.0
2024-03-21T09:00,29.1,70,0.1,15.0,291,1011.0
2024-03-21T10:00,28.7,74,0.5,17.8,315,1010.9
2024-03-21T11:00,28.9,75,0.7,17.1,321,1010.6
2024-03-21T12:00,28.5,79,1.1,17.8,324,1009.6
2024-03-21T13:00,29.3,75,0.1,17.4,330,1008.5
2024-03-21T14:00,29.4,73,0.3,13.2,313,1007.7
2024-03-21T15:00,29.6,73,0.1,14.3,326,1006.7
2024-03-21T16:00,29.1,75,0.1,13.2,325,1006.1
2024-03-21T17:00,28.7,76,0.0,11.3,329,1006.2
2024-03-21T18:00,28.0,80,0.0,9.5,335,1007.2
2024-03-21T19:00,27.8,81,0.0,7.4,331,1008.3
2024-03-21T20:00,26.4,85,0.2,9.2,225,1009.4
2024-03-21T21:00,25.8,90,0.4,2.3,288,1010.1
2024-03-21T22:00,25.6,92,0.0,2.6,236,1010.2
2024-03-21T23:00,25.6,92,0.0,4.6,225,1010.1
2024-03-22T00:00,25.1,95,0.0,5.8,292,1010.0
2024-03-22T01:00,25.0,94,0.2,1.8,233,1009.4
2024-03-22T02:00,25.1,93,0.3,0.8,63,1009.0
2024-03-22T03:00,24.8,92,1.4,1.6,207,1008.8
2024-03-22T04:00,24.0,96,5.4,5.4,222,1008.8
2024-03-22T05:00,23.9,94,1.2,3.6,90,1009.0
2024-03-22T06:00,23.8,94,0.1,3.8,131,1009.1
2024-03-22T07:00,24.3,94,0.0,5.8,180,1009.9
2024-03-22T08:00,24.9,91,0.1,3.2,180,1010.1
2024-03-22T09:00,25.5,88,0.1,7.1,156,1010.4
2024-03-22T10:00,26.8,83,0.1,5.3,152,1010.5
2024-03-22T11:00,27.9,80,0.1,4.3,156,1009.7
2024-03-22T12:00,27.7,81,0.1,3.9,146,1008.6
2024-03-22T13:00,29.3,77,0.1,0.5,45,1007.6
2024-03-22T14:00,30.3,72,0.0,5.5,349,1006.5
2024-03-22T15:00,29.8,73,0.0,8.7,5,1005.8
2024-03-22T16:00,28.8,77,0.6,10.5,356,1005.9
2024-03-22T17:00,28.1,80,0.2,1.1,18,1006.1
2024-03-22T18:00,27.4,83,0.0,1.6,243,1007.1
2024-03-22T19:00,26.3,91,0.0,1.8,191,1008.3
2024-03-22T20:00,26.9,85,0.0,6.2,159,1008.7
2024-03-22T21:00,26.3,87,0.0,3.9,158,1009.4
2024-03-22T22:00,26.1,89,0.0,3.8,163,1009.7
2024-03-22T23:00,25.8,91,0.0,3.9,146,1009.7
2024-03-23T00:00,25.3,94,0.0,4.3,138,1009.6
2024-03-23T01:00,25.9,90,0.0,2.9,150,1008.5
2024-03-23T02:00,25.2,93,0.0,2.6,236,1008.2
2024-03-23T03:00,24.7,96,0.0,4.1,225,1008.1
2024-03-23T04:00,24.6,97,0.0,3.1,225,1008.0
2024-03-23T05:00,24.5,98,0.0,2.9,210,1008.3
2024-03-23T06:00,24.4,97,0.0,2.3,219,1008.9
2024-03-23T07:00,25.5,95,0.0,2.3,198,1009.7
2024-03-23T08:00,28.3,80,0.0,1.9,158,1010.0
2024-03-23T09:00,29.9,73,0.0,1.4,90,1010.1
2024-03-23T10:00,31.0,68,0.0,4.2,31,1010.1
2024-03-23T11:00,31.4,67,0.1,7.9,16,1009.5
2024-03-23T12:00,31.4,69,0.1,10.2,10,1008.7
2024-03-23T13:00,31.4,68,0.0,12.0,9,1007.9
2024-03-23T14:00,31.1,67,0.0,12.2,2,1007.4
2024-03-23T15:00,30.7,69,0.1,11.5,4,1006.4
2024-03-23T16:00,30.2,72,0.1,8.0,8,1006.5
2024-03-23T17:00,29.6,74,0.1,5.9,38,1007.1
2024-03-23T18:00,28.4,79,0.1,5.2,146,1008.1
2024-03-23T19:00,27.6,87,0.1,6.2,187,1008.9
2024-03-23T20:00,27.1,89,0.0,6.3,167,1009.2
2024-03-23T21:00,26.9,88,0.0,5.4,172,1010.0
2024-03-23T22:00,26.5,89,0.0,4.3,132,1010.5
2024-03-23T23:00,26.3,89,1.2,10.7,166,1010.8
2024-03-24T00:00,25.5,91,0.8,7.3,169,1010.4
2024-03-24T01:00,25.3,90,0.0,5.8,176,1009.8
2024-03-24T02:00,25.2,91,0.0,4.5,166,1009.1
2024-03-24T03:00,25.0,92,0.0,3.7,151,1008.7
2024-03-24T04:00,24.7,94,0.0,3.8,163,1008.6
2024-03-24T05:00,24.5,94,0.0,4.0,170,1009.0
2024-03-24T06:00,24.5,94,0.0,4.3,156,1009.5
2024-03-24T07:00,26.2,90,0.0,3.8,131,1010.2
2024-03-24T08:00,28.9,79,0.0,5.1,141,1010.6
2024-03-24T09:00,30.3,72,0.1,6.5,87,1010.8
2024-03-24T10:00,30.9,69,0.2,9.3,54,1010.7
2024-03-24T11:00,31.0,69,0.3,11.0,32,1010.2
2024-03-24T12:00,31.3,71,0.0,10.9,9,1009.4
2024-03-24T13:00,30.1,75,0.4,12.3,5,1008.6
2024-03-24T14:00,30.8,72,0.2,12.6,13,1008.0
2024-03-24T15:00,30.0,74,0.7,9.1,351,1007.6
2024-03-24T16:00,29.9,73,0.2,6.6,13,1007.9
2024-03-24T17:00,27.6,83,0.7,8.7,120,1009.1
2024-03-24T18:00,26.4,90,0.1,7.1,156,1009.7
2024-03-24T19:00,25.8,92,0.1,7.3,160,1010.6
2024-03-24T20:00,25.6,92,0.3,13.1,196,1010.6
2024-03-24T21:00,25.0,93,0.0,3.6,180,1011.4
2024-03-24T22:00,25.1,94,0.0,2.2,171,1012.1
2024-03-24T23:00,24.9,93,0.0,4.9,163,1011.9
2024-03-25T00:00,24.7,93,0.0,3.0,166,1011.2
2024-03-25T01:00,24.5,94,0.0,4.7,171,1010.2
2024-03-25T02:00,24.5,94,0.0,3.6,143,1009.9
2024-03-25T03:00,24.4,95,0.0,3.2,153,1009.6
2024-03-25T04:00,24.6,94,0.0,3.8,139,1009.4
2024-03-25T05:00,24.7,94,0.0,4.1,135,1009.5
2024-03-25T06:00,24.6,94,0.0,3.4,122,1010.0
2024-03-25T07:00,25.7,91,0.0,3.6,127,1010.7
2024-03-25T08:00,27.8,84,0.0,1.6,207,1010.6
2024-03-25T09:00,29.4,77,0.3,1.8,127,1011.0
2024-03-25T10:00,30.3,73,0.2,5.7,72,1010.8
2024-03-25T11:00,30.4,74,3.4,12.5,18,1010.6
2024-03-25T12:00,26.7,91,9.1,11.6,5,1009.9
2024-03-25T13:00,28.0,86,0.3,5.6,15,1008.8
2024-03-25T14:00,29.8,76,0.2,6.8,25,1008.0
2024-03-25T15:00,30.1,75,0.3,7.7,11,1007.4
2024-03-25T16:00,30.2,74,0.2,7.6,357,1007.3
2024-03-25T17:00,28.2,80,4.2,5.0,30,1008.1
2024-03-25T18:00,26.6,89,0.2,8.8,168,1009.0
2024-03-25T19:00,25.4,95,0.3,6.6,171,1009.7
2024-03-25T20:00,26.6,88,0.0,4.7,180,1010.3
2024-03-25T21:00,26.3,89,0.0,2.5,172,1010.9
2024-03-25T22:00,25.8,92,0.0,3.3,103,1011.3
2024-03-25T23:00,25.8,92,0.1,1.9,22,1011.3
2024-03-26T00:00,25.6,94,0.0,3.7,79,1011.1
2024-03-26T01:00,25.6,94,0.0,3.8,131,1010.7
2024-03-26T02:00,25.0,95,0.0,3.1,135,1010.3
2024-03-26T03:00,25.1,93,0.0,3.2,153,1010.1
2024-03-26T04:00,24.7,95,0.0,3.4,162,1010.0
2024-03-26T05:00,24.5,95,0.0,4.2,149,1010.3
2024-03-26T06:00,24.3,96,0.0,5.5,148,1010.7
2024-03-26T07:00,26.2,89,0.0,3.1,135,1011.2
2024-03-26T08:00,28.4,79,0.0,3.2,117,1011.8
2024-03-26T09:00,30.1,71,0.0,6.1,87,1012.0
2024-03-26T10:00,31.1,65,0.0,8.8,55,1012.0
2024-03-26T11:00,31.7,64,0.0,10.6,35,1011.3
2024-03-26T12:00,31.4,67,0.0,13.7,18,1010.5
2024-03-26T13:00,30.8,67,1.5,12.0,16,1009.5
2024-03-26T14:00,30.9,69,0.2,13.0,24,1008.7
2024-03-26T15:00,30.9,66,0.0,14.2,24,1008.4
2024-03-26T16:00,30.1,70,0.9,9.6,34,1008.6
2024-03-26T17:00,29.4,74,0.6,8.9,32,1009.2
2024-03-26T18:00,27.9,87,1.2,2.1,31,1010.1
2024-03-26T19:00,27.1,90,0.9,2.2,171,1011.1
2024-03-26T20:00,25.8,91,0.1,6.8,245,1011.5
2024-03-26T21:00,25.8,91,0.0,2.4,243,1012.4
2024-03-26T22:00,25.7,93,0.0,2.6,146,1012.7
2024-03-26T23:00,25.6,94,0.0,3.3,84,1012.9
2024-03-27T00:00,25.3,91,1.2,1.8,79,1013.1
2024-03-27T01:00,24.8,93,8.3,9.8,98,1012.7
2024-03-27T02:00,25.2,92,0.1,3.6,45,1012.1
2024-03-27T03:00,25.1,94,0.1,4.6,72,1011.8
2024-03-27T04:00,25.0,94,0.1,3.6,127,1011.2
2024-03-27T05:00,24.8,95,0.0,1.8,180,1011.3
2024-03-27T06:00,24.3,96,0.0,2.5,172,1011.5
2024-03-27T07:00,25.5,91,0.0,3.0,194,1012.3
2024-03-27T08:00,27.2,85,0.0,1.8,323,1013.3
2024-03-27T09:00,28.3,78,0.0,2.9,360,1013.4
2024-03-27T10:00,29.4,75,0.1,4.1,15,1013.9
2024-03-27T11:00,30.1,74,0.1,8.3,2,1013.1
2024-03-27T12:00,30.2,74,0.2,11.2,360,1012.2
2024-03-27T13:00,27.4,86,10.4,10.9,351,1011.2
2024-03-27T14:00,27.7,84,0.1,7.7,28,1010.9
2024-03-27T15:00,28.4,80,0.2,7.6,19,1010.5
2024-03-27T16:00,28.1,81,0.5,2.6,34,1009.8
2024-03-27T17:00,26.9,86,1.4,4.7,122,1010.6
2024-03-27T18:00,26.4,91,1.4,5.2,146,1011.3
2024-03-27T19:00,25.9,95,0.1,4.6,162,1012.1
2024-03-27T20:00,26.3,91,0.0,4.8,77,1012.7
2024-03-27T21:00,26.1,93,0.0,3.7,119,1013.0
2024-03-27T22:00,25.8,95,0.0,4.4,99,1013.5
2024-03-27T23:00,25.2,96,0.0,3.8,131,1013.1
2024-03-28T00:00,24.9,97,0.0,4.0,180,1012.4
2024-03-28T01:00,24.7,97,0.0,4.4,215,1011.2
2024-03-28T02:00,24.7,97,0.0,4.0,243,1011.0
2024-03-28T03:00,24.8,97,0.0,2.9,263,1010.9
2024-03-28T04:00,25.7,93,0.0,0.4,360,1011.0
2024-03-28T05:00,25.7,93,0.0,0.7,180,1011.1
2024-03-28T06:00,24.9,97,0.0,2.7,157,1011.6
2024-03-28T07:00,25.5,96,0.0,4.7,157,1012.0
2024-03-28T08:00,27.5,89,0.0,3.8,197,1012.2
2024-03-28T09:00,29.1,79,0.0,1.8,169,1012.5
2024-03-28T10:00,30.4,70,0.1,0.7,360,1012.3
2024-03-28T11:00,30.8,70,0.0,6.5,360,1011.9
2024-03-28T12:00,30.9,72,0.1,12.3,3,1011.0
2024-03-28T13:00,30.6,71,0.7,16.2,3,1009.7
2024-03-28T14:00,28.7,80,0.7,13.1,8,1009.2
2024-03-28T15:00,29.2,76,0.0,9.8,6,1008.7
2024-03-28T16:00,28.9,77,0.6,6.6,351,1008.7
2024-03-28T17:00,28.0,81,1.9,3.2,297,1008.9
2024-03-28T18:00,26.7,88,0.2,4.0,243,1009.9
2024-03-28T19:00,26.1,93,0.1,2.7,203,1010.7
2024-03-28T20:00,25.7,95,0.4,8.2,142,1011.9
2024-03-28T21:00,25.4,95,0.3,8.9,148,1012.3
2024-03-28T22:00,25.2,94,0.1,4.7,184,1012.5
2024-03-28T23:00,25.1,94,0.0,3.0,166,1012.5
2024-03-29T00:00,24.8,96,0.0,3.4,148,1012.2
2024-03-29T01:00,24.7,96,0.0,3.6,127,1011.6
2024-03-29T02:00,24.6,96,0.0,3.8,139,1010.7
2024-03-29T03:00,24.2,96,0.0,3.1,144,1010.3
2024-03-29T04:00,24.2,96,0.0,3.6,135,1010.0
2024-03-29T05:00,24.5,95,0.0,3.1,126,1009.9
2024-03-29T06:00,24.4,94,0.0,5.3,118,1010.4
2024-03-29T07:00,25.2,91,0.0,6.1,118,1010.9
2024-03-29T08:00,27.5,85,0.0,6.6,139,1011.6
2024-03-29T09:00,29.5,76,0.0,6.3,114,1011.7
2024-03-29T10:00,30.9,68,0.1,7.0,69,1011.6
2024-03-29T11:00,31.5,64,0.1,8.2,38,1011.2
2024-03-29T12:00,31.5,67,0.4,9.6,20,1009.8
2024-03-29T13:00,31.4,70,0.0,10.5,6,1009.2
2024-03-29T14:00,27.6,85,5.2,12.6,27,1009.1
2024-03-29T15:00,29.1,78,0.4,5.4,42,1008.3
2024-03-29T16:00,28.5,78,0.4,6.1,130,1008.4
2024-03-29T17:00,28.2,79,0.1,7.8,158,1008.6
2024-03-29T18:00,27.3,85,0.1,8.4,173,1009.4
2024-03-29T19:00,27.0,88,0.0,4.8,193,1010.1
2024-03-29T20:00,27.0,84,0.0,6.6,202,1011.0
2024-03-29T21:00,26.7,85,0.0,4.7,203,1011.3
2024-03-29T22:00,26.2,90,0.0,5.1,188,1011.5
2024-03-29T23:00,25.8,91,0.0,5.4,172,1011.5
2024-03-30T00:00,25.7,91,0.0,4.4,171,1011.3
2024-03-30T01:00,25.3,92,0.0,4.7,189,1011.0
2024-03-30T02:00,25.2,91,0.0,3.7,191,1010.6
2024-03-30T03:00,25.2,90,0.0,3.8,197,1010.3
2024-03-30T04:00,24.9,91,0.0,3.8,197,1010.3
2024-03-30T05:00,24.5,92,0.0,4.6,198,1010.9
2024-03-30T06:00,24.4,93,0.0,5.2,192,1011.2
2024-03-30T07:00,26.3,85,0.0,3.0,194,1011.6
2024-03-30T08:00,28.8,78,0.0,3.7,151,1012.4
2024-03-30T09:00,30.2,74,0.0,5.8,94,1012.5
2024-03-30T10:00,31.0,73,0.1,8.2,52,1012.4
2024-03-30T11:00,31.4,72,0.1,9.4,32,1011.9
2024-03-30T12:00,31.7,70,0.1,10.0,15,1011.0
2024-03-30T13:00,31.0,75,0.1,10.9,9,1010.4
2024-03-30T14:00,30.7,76,0.2,9.6,347,1009.4
2024-03-30T15:00,29.6,80,0.2,8.3,56,1009.3
2024-03-30T16:00,28.5,83,0.3,9.4,122,1009.1
2024-03-30T17:00,27.8,85,0.0,8.7,132,1009.3
2024-03-30T18:00,27.3,87,0.0,8.7,135,1009.9
2024-03-30T19:00,26.8,90,0.0,7.4,129,1010.8
2024-03-30T20:00,26.9,91,0.2,7.4,194,1011.8
2024-03-30T21:00,26.2,93,0.2,7.8,193,1012.4
2024-03-30T22:00,25.7,95,0.0,2.5,172,1012.7
2024-03-30T23:00,25.8,94,0.0,2.9,187,1012.6
2024-03-31T00:00,25.6,93,0.0,6.5,199,1012.4
2024-03-31T01:00,25.1,93,0.0,5.6,195,1012.0
2024-03-31T02:00,24.4,94,2.1,1.1,18,1011.9
2024-03-31T03:00,24.6,93,0.2,6.2,201,1010.8
2024-03-31T04:00,24.1,95,0.0,3.3,264,1011.3
2024-03-31T05:00,24.2,94,0.0,2.9,263,1010.9
2024-03-31T06:00,24.1,94,0.0,4.0,260,1011.3
2024-03-31T07:00,25.4,90,0.0,3.4,252,1011.9
2024-03-31T08:00,27.9,85,0.0,4.1,232,1012.4
2024-03-31T09:00,29.8,77,0.0,4.7,238,1012.7
2024-03-31T10:00,30.6,73,0.1,3.9,338,1012.6
2024-03-31T11:00,30.4,72,0.0,11.0,349,1012.0
2024-03-31T12:00,29.4,76,0.1,12.3,339,1011.2
2024-03-31T13:00,30.2,76,0.1,11.3,338,1010.2
2024-03-31T14:00,30.2,76,0.0,11.8,333,1009.4
2024-03-31T15:00,30.3,76,0.0,8.6,327,1008.8
2024-03-31T16:00,29.6,78,0.1,9.7,329,1008.4
2024-03-31T17:00,27.9,85,0.5,5.0,339,1009.3
2024-03-31T18:00,26.7,91,1.0,8.3,2,1010.0
2024-03-31T19:00,26.3,95,0.6,0.8,153,1011.0
2024-03-31T20:00,26.9,90,0.0,6.2,201,1011.0
2024-03-31T21:00,26.4,89,0.0,4.0,190,1011.5
2024-03-31T22:00,26.1,90,0.0,3.6,180,1011.6
2024-03-31T23:00,25.7,91,0.0,3.3,174,1011.4
2024-04-01T00:00,25.6,91,0.0,3.7,169,1010.7
2024-04-01T01:00,25.4,93,0.0,3.6,186,1010.2
2024-04-01T02:00,25.2,93,0.0,3.5,204,1009.7
2024-04-01T03:00,25.0,94,0.0,3.3,174,1009.4
2024-04-01T04:00,24.9,94,0.1,3.6,233,1009.3
2024-04-01T05:00,24.8,93,0.0,4.3,355,1009.3
2024-04-01T06:00,25.2,89,0.1,3.3,13,1009.6
2024-04-01T07:00,26.4,86,0.0,2.3,342,1010.5
2024-04-01T08:00,27.0,83,0.0,3.6,6,1010.9
2024-04-01T09:00,28.8,76,0.0,3.3,354,1011.1
2024-04-01T10:00,30.1,72,0.0,6.2,353,1011.2
2024-04-01T11:00,30.5,72,0.0,9.7,360,1010.8
2024-04-01T12:00,30.4,74,0.1,11.2,356,1009.7
2024-04-01T13:00,30.4,74,0.1,10.9,352,1008.4
2024-04-01T14:00,29.7,76,0.2,14.7,349,1007.3
2024-04-01T15:00,30.2,74,0.0,9.4,2,1007.0
2024-04-01T16:00,29.7,74,0.1,5.6,345,1007.2
2024-04-01T17:00,28.6,77,0.7,2.3,129,1007.9
2024-04-01T18:00,27.4,86,0.1,3.4,162,1008.5
2024-04-01T19:00,26.8,92,0.0,2.5,180,1009.4
2024-04-01T20:00,26.2,93,0.0,6.6,167,1010.4
2024-04-01T21:00,26.1,93,0.0,3.9,158,1010.7
2024-04-01T22:00,25.9,94,0.0,3.8,131,1011.2
2024-04-01T23:00,25.7,95,0.0,4.6,141,1011.2
2024-04-02T00:00,25.6,95,0.0,4.4,125,1010.7
2024-04-02T01:00,25.4,96,0.0,3.0,104,1009.9
2024-04-02T02:00,25.4,97,0.0,2.8,130,1009.0
2024-04-02T03:00,25.4,96,0.1,3.1,144,1008.5
2024-04-02T04:00,25.1,97,0.1,2.9,173,1008.3
2024-04-02T05:00,25.5,94,0.0,2.6,106,1008.6
2024-04-02T06:00,25.4,94,0.5,4.0,117,1009.0
2024-04-02T07:00,26.1,92,0.0,5.0,120,1009.9
2024-04-02T08:00,27.5,87,0.0,6.5,93,1010.3
2024-04-02T09:00,28.1,83,0.0,4.5,76,1010.4
2024-04-02T10:00,29.4,78,0.0,3.2,90,1010.0
2024-04-02T11:00,30.3,77,0.0,4.2,20,1009.3
2024-04-02T12:00,30.6,76,0.0,8.3,358,1008.3
2024-04-02T13:00,30.8,76,0.1,9.7,358,1007.3
2024-04-02T14:00,30.8,74,0.1,11.9,355,1006.5
2024-04-02T15:00,28.6,83,3.0,6.5,6,1006.5
2024-04-02T16:00,27.9,86,0.3,4.3,175,1006.5
2024-04-02T17:00,27.7,85,0.0,6.5,161,1006.3
2024-04-02T18:00,27.1,88,0.0,2.6,146,1007.0
2024-04-02T19:00,27.1,88,0.0,2.8,130,1008.0
2024-04-02T20:00,27.0,88,0.0,3.3,193,1008.8
2024-04-02T21:00,27.0,90,0.0,2.6,164,1009.5
2024-04-02T22:00,26.9,91,0.3,7.7,79,1009.9
2024-04-02T23:00,26.5,93,0.0,3.3,41,1009.9
2024-04-03T00:00,26.8,90,0.0,6.5,93,1009.7
2024-04-03T01:00,25.9,93,2.3,7.9,106,1009.0
2024-04-03T02:00,25.6,93,0.1,7.1,114,1008.5
2024-04-03T03:00,25.3,94,0.2,4.9,107,1008.1
2024-04-03T04:00,25.3,94,0.1,5.9,142,1007.9
2024-04-03T05:00,25.4,92,0.0,4.9,126,1008.2
2024-04-03T06:00,25.3,93,0.0,3.7,119,1008.7
2024-04-03T07:00,25.8,91,0.1,5.4,127,1009.5
2024-04-03T08:00,27.9,87,0.0,4.4,145,1010.1
2024-04-03T09:00,29.6,78,0.0,3.9,112,1010.4
2024-04-03T10:00,30.8,75,0.5,2.5,8,1010.1
2024-04-03T11:00,30.8,75,0.4,9.4,2,1009.6
2024-04-03T12:00,28.8,79,5.4,6.0,25,1009.0
2024-04-03T13:00,26.7,91,0.7,8.1,13,1008.1
2024-04-03T14:00,27.9,86,0.6,4.6,39,1007.2
2024-04-03T15:00,28.5,85,0.3,0.8,333,1006.6
2024-04-03T16:00,28.5,86,0.2,1.6,243,1006.5
2024-04-03T17:00,27.7,88,2.3,1.6,243,1006.8
2024-04-03T18:00,27.2,93,0.1,2.6,164,1007.6
2024-04-03T19:00,26.8,94,0.0,3.6,180,1008.2
2024-04-03T20:00,26.0,93,0.1,4.7,176,1008.4
2024-04-03T21:00,25.8,94,0.0,3.6,127,1009.0
2024-04-03T22:00,25.5,95,0.0,3.1,111,1009.5
2024-04-03T23:00,25.4,95,0.0,3.3,103,1009.6
2024-04-04T00:00,25.1,95,0.0,3.7,119,1008.9
2024-04-04T01:00,25.0,96,0.0,3.6,143,1007.5
2024-04-04T02:00,24.9,96,0.0,3.3,264,1008.0
2024-04-04T03:00,25.4,95,0.6,3.7,241,1007.6
2024-04-04T04:00,24.9,94,4.6,10.1,264,1008.3
2024-04-04T05:00,24.6,95,1.2,3.7,241,1007.5
2024-04-04T06:00,24.5,95,0.0,2.6,196,1007.9
2024-04-04T07:00,25.7,92,0.0,2.8,320,1008.8
2024-04-04T08:00,27.9,88,0.0,1.6,333,1008.8
2024-04-04T09:00,29.6,78,0.0,1.1,90,1009.0
2024-04-04T10:00,30.8,71,0.0,4.7,99,1008.7
2024-04-04T11:00,31.8,67,0.0,4.2,31,1008.2
2024-04-04T12:00,31.4,70,0.1,10.5,8,1007.3
2024-04-04T13:00,30.1,76,3.3,12.8,349,1006.4
2024-04-04T14:00,30.1,73,0.1,8.7,353,1005.4
2024-04-04T15:00,30.1,73,0.1,8.1,339,1005.9
2024-04-04T16:00,29.5,77,0.2,5.4,312,1005.7
2024-04-04T17:00,27.7,84,3.1,6.9,264,1006.7
2024-04-04T18:00,26.8,90,0.8,7.0,215,1007.5
2024-04-04T19:00,26.3,93,0.0,3.6,186,1008.3
2024-04-04T20:00,27.2,95,0.0,4.2,239,1008.7
2024-04-04T21:00,26.7,95,0.0,6.0,213,1008.8
2024-04-04T22:00,26.9,92,0.0,0.4,360,1008.8
2024-04-04T23:00,26.9,91,0.0,1.1,198,1009.0
2024-04-05T00:00,26.2,95,0.0,3.3,174,1008.4
2024-04-05T01:00,25.7,96,0.0,3.3,167,1007.7
2024-04-05T02:00,25.9,96,0.0,3.8,163,1007.2
2024-04-05T03:00,25.3,97,0.0,3.4,162,1007.1
2024-04-05T04:00,25.6,95,0.0,3.0,104,1006.9
2024-04-05T05:00,25.6,95,0.0,3.7,101,1007.3
2024-04-05T06:00,25.0,96,0.0,4.5,119,1007.8
2024-04-05T07:00,26.8,92,0.1,4.6,72,1008.9
2024-04-05T08:00,28.7,86,0.0,3.1,315,1008.9
2024-04-05T09:00,29.3,80,0.2,7.6,360,1009.3
2024-04-05T10:00,29.9,79,0.2,4.9,343,1009.2
2024-04-05T11:00,31.1,76,0.2,8.0,355,1008.5
2024-04-05T12:00,31.5,75,0.1,8.4,7,1007.3
2024-04-05T13:00,31.6,75,0.5,10.8,356,1006.5
2024-04-05T14:00,30.9,77,1.5,8.8,348,1006.0
2024-04-05T15:00,30.5,75,0.2,10.7,320,1005.7
2024-04-05T16:00,29.0,77,0.5,7.9,309,1006.0
2024-04-05T17:00,27.7,85,1.1,5.8,263,1006.3
2024-04-05T18:00,26.1,92,0.5,7.0,192,1007.3
2024-04-05T19:00,26.1,92,0.1,5.2,192,1008.0
2024-04-05T20:00,27.0,89,0.0,3.4,238,1008.7
2024-04-05T21:00,26.8,90,0.0,3.3,319,1008.9
2024-04-05T22:00,26.7,91,0.0,3.6,276,1009.2
2024-04-05T23:00,26.7,91,0.0,6.6,248,1009.1
2024-04-06T00:00,26.1,94,0.0,5.6,230,1008.3
2024-04-06T01:00,25.6,96,0.0,3.2,243,1008.2
2024-04-06T02:00,25.4,96,0.0,3.7,299,1008.1
2024-04-06T03:00,25.3,97,0.0,3.9,338,1007.9
2024-04-06T04:00,25.8,95,0.0,4.0,275,1007.5
2024-04-06T05:00,25.4,97,0.0,4.0,175,1007.2
2024-04-06T06:00,25.1,98,0.0,2.2,180,1007.7
2024-04-06T07:00,26.1,94,0.0,4.4,99,1008.8
2024-04-06T08:00,27.9,87,0.0,3.1,249,1009.1
2024-04-06T09:00,29.4,80,0.1,1.3,304,1009.5
2024-04-06T10:00,30.5,74,0.2,1.8,90,1009.0
2024-04-06T11:00,31.5,72,0.3,4.3,24,1008.8
2024-04-06T12:00,31.5,73,0.3,5.4,37,1007.4
2024-04-06T13:00,30.8,74,2.7,8.8,12,1006.7
2024-04-06T14:00,28.6,83,1.3,0.4,270,1006.2
2024-04-06T15:00,28.9,81,0.2,2.1,211,1005.3
2024-04-06T16:00,29.2,80,0.1,2.6,146,1004.8
2024-04-06T17:00,29.2,81,0.0,1.5,166,1004.9
2024-04-06T18:00,28.0,89,0.0,3.6,323,1005.7
2024-04-06T19:00,27.8,88,0.0,3.8,311,1007.0
2024-04-06T20:00,27.5,86,0.0,4.2,239,1007.7
2024-04-06T21:00,27.3,89,0.0,3.6,180,1007.9
2024-04-06T22:00,27.0,92,0.0,3.3,131,1007.9
2024-04-06T23:00,26.7,94,0.0,3.7,119,1008.2
2024-04-07T00:00,26.7,93,0.0,3.6,135,1008.0
2024-04-07T01:00,26.5,94,0.0,3.1,135,1007.1
2024-04-07T02:00,26.2,95,0.0,3.9,158,1006.2
2024-04-07T03:00,26.5,93,0.0,2.1,211,1005.7
2024-04-07T04:00,26.0,94,0.0,3.0,194,1005.3
2024-04-07T05:00,26.0,93,0.0,4.4,189,1005.3
2024-04-07T06:00,25.4,95,0.0,2.9,210,1006.1
2024-04-07T07:00,26.9,89,0.0,1.1,90,1007.3
2024-04-07T08:00,28.6,84,0.0,5.6,140,1007.9
2024-04-07T09:00,30.1,76,0.0,6.7,106,1008.1
2024-04-07T10:00,31.1,70,0.0,6.3,77,1008.0
2024-04-07T11:00,31.7,66,0.1,5.1,39,1007.1
2024-04-07T12:00,32.0,64,0.1,7.9,24,1006.3
2024-04-07T13:00,31.3,72,0.0,12.4,22,1005.7
2024-04-07T14:00,30.9,75,0.1,11.7,9,1005.2
2024-04-07T15:00,30.6,74,0.1,11.3,9,1004.7
2024-04-07T16:00,30.4,73,0.0,8.7,24,1004.5
2024-04-07T17:00,29.8,75,0.1,7.4,23,1004.9
2024-04-07T18:00,29.2,79,0.0,6.2,10,1005.6
2024-04-07T19:00,28.5,83,0.0,3.6,354,1006.7
2024-04-07T20:00,25.4,95,3.4,9.2,135,1008.2
2024-04-07T21:00,25.3,93,0.2,6.1,135,1008.1
2024-04-07T22:00,25.3,94,0.0,2.1,149,1008.3
2024-04-07T23:00,25.2,93,0.0,4.5,151,1008.5
2024-04-08T00:00,24.8,96,0.0,3.2,117,1008.3
2024-04-08T01:00,24.7,95,0.0,3.8,107,1008.0
2024-04-08T02:00,24.8,93,0.0,1.8,233,1007.4
2024-04-08T03:00,24.7,95,0.0,4.7,212,1006.7
2024-04-08T04:00,24.4,96,0.0,4.2,200,1006.6
2024-04-08T05:00,23.8,96,0.0,4.5,209,1006.6
2024-04-08T06:00,23.8,95,0.0,4.3,204,1007.5
2024-04-08T07:00,25.6,92,0.0,1.8,233,1008.1
2024-04-08T08:00,28.4,81,0.0,2.9,187,1008.8
2024-04-08T09:00,29.9,76,0.0,2.6,146,1009.0
2024-04-08T10:00,31.1,69,0.0,2.6,106,1008.6
2024-04-08T11:00,32.1,63,0.0,2.6,34,1007.5
2024-04-08T12:00,32.1,63,0.1,8.3,360,1006.7
2024-04-08T13:00,31.7,67,0.2,10.9,354,1006.0
2024-04-08T14:00,31.2,69,0.1,12.2,346,1004.9
2024-04-08T15:00,31.2,68,0.0,12.2,332,1004.5
2024-04-08T16:00,30.7,70,0.0,12.3,320,1004.7
2024-04-08T17:00,30.2,72,0.0,8.0,306,1005.0
2024-04-08T18:00,29.5,76,0.0,6.3,294,1006.0
2024-04-08T19:00,29.0,79,0.0,6.0,287,1007.1
2024-04-08T20:00,29.3,81,0.0,4.7,302,1007.3
2024-04-08T21:00,29.0,82,0.0,6.5,264,1007.8
2024-04-08T22:00,28.2,82,0.0,10.8,272,1008.0
2024-04-08T23:00,27.5,84,0.0,9.4,268,1008.4
2024-04-09T00:00,27.0,87,0.0,5.0,240,1008.1
2024-04-09T01:00,26.6,90,0.0,4.7,247,1007.5
2024-04-09T02:00,26.0,95,0.0,3.9,112,1007.4
2024-04-09T03:00,26.2,90,0.0,5.8,86,1006.8
2024-04-09T04:00,25.9,88,0.0,6.8,93,1006.7
2024-04-09T05:00,25.4,89,0.0,5.1,129,1007.0
2024-04-09T06:00,24.9,91,0.0,2.6,164,1007.7
2024-04-09T07:00,25.9,88,0.0,2.4,117,1008.4
2024-04-09T08:00,28.7,85,0.0,2.3,18,1009.0
2024-04-09T09:00,29.8,81,0.0,4.4,9,1009.5
2024-04-09T10:00,30.7,77,0.0,6.3,24,1009.2
2024-04-09T11:00,31.1,75,0.0,9.1,18,1008.7
2024-04-09T12:00,31.0,75,0.1,10.7,14,1007.9
2024-04-09T13:00,29.7,78,0.2,8.1,13,1007.3
2024-04-09T14:00,30.1,73,0.1,9.9,19,1006.6
2024-04-09T15:00,29.9,75,0.1,9.4,7,1006.0
2024-04-09T16:00,29.7,77,0.1,2.7,337,1006.0
2024-04-09T17:00,28.6,80,0.2,0.5,315,1006.6
2024-04-09T18:00,27.2,87,2.0,2.5,270,1007.5
2024-04-09T19:00,27.6,84,0.0,1.3,56,1007.8
2024-04-09T20:00,26.5,95,0.2,6.8,252,1009.0
2024-04-09T21:00,26.0,95,0.1,10.6,152,1008.9
2024-04-09T22:00,25.9,93,0.0,8.1,148,1009.1
2024-04-09T23:00,25.7,93,0.0,6.1,135,1008.9
2024-04-10T00:00,25.5,92,0.0,4.2,121,1008.8
2024-04-10T01:00,25.2,92,0.0,2.3,129,1008.2
2024-04-10T02:00,25.7,88,0.0,1.0,135,1007.4
2024-04-10T03:00,25.1,92,0.0,2.4,207,1007.0
2024-04-10T04:00,25.0,93,0.0,3.6,217,1006.9
2024-04-10T05:00,24.6,96,0.0,2.9,210,1007.4
2024-04-10T06:00,24.5,96,0.0,2.9,187,1008.2
2024-04-10T07:00,26.1,90,0.0,3.9,158,1008.8
2024-04-10T08:00,27.9,85,0.0,6.5,183,1009.5
2024-04-10T09:00,29.6,75,0.0,3.8,163,1009.3
2024-04-10T10:00,30.9,68,0.0,1.3,56,1009.4
2024-04-10T11:00,31.9,62,0.0,2.9,360,1008.9
2024-04-10T12:00,31.8,63,0.0,6.5,357,1008.1
2024-04-10T13:00,32.0,65,0.0,9.0,2,1007.4
2024-04-10T14:00,31.2,66,0.2,10.6,350,1006.2
2024-04-10T15:00,30.4,69,0.1,8.9,339,1006.0
2024-04-10T16:00,29.5,71,0.2,5.4,70,1006.3
2024-04-10T17:00,28.0,81,0.1,6.6,119,1007.2
2024-04-10T18:00,27.2,86,0.1,2.4,117,1008.1
2024-04-10T19:00,27.0,85,0.0,3.8,139,1008.5
2024-04-10T20:00,27.6,89,0.0,4.0,117,1009.1
2024-04-10T21:00,27.2,90,0.0,7.8,103,1009.5
2024-04-10T22:00,26.9,89,0.0,8.8,109,1009.4
2024-04-10T23:00,26.6,89,0.0,8.0,117,1009.0
2024-04-11T00:00,26.5,88,0.0,6.5,109,1008.8
2024-04-11T01:00,26.1,90,0.0,4.5,104,1008.4
2024-04-11T02:00,25.7,92,0.0,4.3,114,1008.2
2024-04-11T03:00,25.4,94,0.0,5.4,110,1008.0
2024-04-11T04:00,25.5,93,0.0,3.6,135,1007.9
2024-04-11T05:00,25.2,95,0.0,4.3,114,1008.6
2024-04-11T06:00,25.4,93,0.0,3.4,122,1008.9
2024-04-11T07:00,26.4,88,0.1,3.8,107,1009.4
2024-04-11T08:00,27.7,85,0.0,6.4,63,1010.1
2024-04-11T09:00,28.9,80,0.0,6.1,62,1010.0
2024-04-11T10:00,29.9,77,0.0,8.7,45,1010.1
2024-04-11T11:00,30.6,73,0.0,10.0,30,1009.4
2024-04-11T12:00,30.6,73,0.2,11.5,20,1008.5
2024-04-11T13:00,29.4,78,0.6,10.0,21,1007.9
2024-04-11T14:00,30.3,76,0.4,10.5,22,1006.8
2024-04-11T15:00,30.3,74,0.0,10.4,20,1006.1
2024-04-11T16:00,29.5,77,0.0,8.4,7,1006.5
2024-04-11T17:00,29.3,77,0.0,4.8,27,1006.5
2024-04-11T18:00,27.4,85,2.1,3.8,73,1008.1
2024-04-11T19:00,26.9,91,0.3,4.4,145,1008.7
2024-04-11T20:00,27.1,90,0.0,8.2,195,1008.7
2024-04-11T21:00,27.0,88,0.4,4.9,197,1009.3
2024-04-11T22:00,26.6,91,0.8,6.0,163,1009.6
2024-04-11T23:00,25.7,93,3.2,6.8,148,1009.8
2024-04-12T00:00,25.2,95,3.9,11.7,108,1010.2
2024-04-12T01:00,24.9,96,1.5,5.9,137,1009.7
2024-04-12T02:00,24.5,95,3.1,10.2,138,1009.7
2024-04-12T03:00,24.3,94,0.6,5.8,158,1008.7
2024-04-12T04:00,24.4,93,0.2,1.5,194,1008.6
2024-04-12T05:00,24.4,91,0.1,2.9,240,1008.7
2024-04-12T06:00,24.6,91,0.1,1.9,158,1009.0
2024-04-12T07:00,25.1,89,0.1,4.3,156,1009.3
2024-04-12T08:00,25.5,90,6.5,6.2,83,1010.7
2024-04-12T09:00,25.6,92,0.5,2.6,146,1009.7
2024-04-12T10:00,26.9,85,0.8,6.8,115,1009.9
2024-04-12T11:00,28.9,79,0.3,4.1,105,1009.2
2024-04-12T12:00,29.3,78,0.1,7.8,22,1008.3
2024-04-12T13:00,29.8,76,0.0,7.5,17,1007.3
2024-04-12T14:00,29.1,80,2.2,10.2,23,1006.8
2024-04-12T15:00,28.3,85,1.2,5.8,360,1006.6
2024-04-12T16:00,27.6,86,0.2,3.1,21,1006.5
2024-04-12T17:00,26.3,92,2.0,4.8,138,1007.1
2024-04-12T18:00,26.0,95,0.3,4.7,184,1007.7
2024-04-12T19:00,25.7,95,0.2,4.4,189,1008.7
2024-04-12T20:00,26.0,92,0.1,4.1,165,1008.4
2024-04-12T21:00,25.9,93,0.0,5.6,140,1008.8
2024-04-12T22:00,25.7,95,0.0,4.3,156,1009.2
2024-04-12T23:00,25.4,96,0.0,4.3,156,1009.2
2024-04-13T00:00,26.2,92,0.0,2.9,120,1009.0
2024-04-13T01:00,25.2,96,0.0,4.1,142,1008.6
2024-04-13T02:00,25.2,96,0.0,3.8,163,1008.1
2024-04-13T03:00,25.3,96,0.0,3.6,186,1007.9
2024-04-13T04:00,25.0,96,0.0,3.4,212,1008.1
2024-04-13T05:00,25.7,92,0.0,1.4,180,1008.1
2024-04-13T06:00,25.0,95,0.1,4.6,321,1008.9
2024-04-13T07:00,26.3,91,0.0,2.7,247,1009.6
2024-04-13T08:00,28.1,83,0.0,2.7,203,1009.6
2024-04-13T09:00,29.6,76,0.0,1.5,135,1009.8
2024-04-13T10:00,30.7,71,0.0,4.1,52,1009.6
2024-04-13T11:00,31.1,70,0.0,8.1,21,1008.8
2024-04-13T12:00,31.2,70,0.0,10.6,10,1008.3
2024-04-13T13:00,30.8,67,0.7,12.8,16,1007.4
2024-04-13T14:00,30.0,78,0.4,9.7,15,1006.4
2024-04-13T15:00,30.2,75,0.0,9.4,18,1005.6
2024-04-13T16:00,30.0,75,0.1,7.4,14,1005.6
2024-04-13T17:00,29.2,78,0.1,5.4,8,1006.4
2024-04-13T18:00,27.2,87,2.3,0.4,180,1007.6
2024-04-13T19:00,26.7,91,0.5,5.1,188,1008.5
2024-04-13T20:00,27.1,90,0.1,9.3,216,1008.6
2024-04-13T21:00,26.5,90,0.1,7.2,243,1009.4
2024-04-13T22:00,26.6,87,0.1,5.5,238,1009.7
2024-04-13T23:00,26.1,90,0.5,10.0,201,1010.0
2024-04-14T00:00,25.8,91,0.2,3.6,180,1009.7
2024-04-14T01:00,25.5,92,0.1,2.6,164,1009.6
2024-04-14T02:00,25.2,94,0.0,5.0,159,1009.0
2024-04-14T03:00,24.8,95,0.1,6.9,219,1009.0
2024-04-14T04:00,24.8,94,0.0,6.7,196,1009.3
2024-04-14T05:00,24.6,94,0.0,5.4,188,1009.2
2024-04-14T06:00,24.5,93,0.0,6.0,155,1009.4
2024-04-14T07:00,25.3,90,0.0,3.9,146,1010.0
2024-04-14T08:00,27.5,82,0.0,2.9,120,1010.9
2024-04-14T09:00,29.0,76,0.0,3.9,112,1011.3
2024-04-14T10:00,30.3,70,0.1,4.3,66,1011.2
2024-04-14T11:00,30.8,68,0.0,6.6,49,1010.1
2024-04-14T12:00,30.9,68,0.1,8.9,32,1009.3
2024-04-14T13:00,31.0,70,0.1,10.9,17,1008.6
2024-04-14T14:00,30.6,72,0.0,12.6,31,1007.8
2024-04-14T15:00,29.2,77,1.4,7.7,79,1007.4
2024-04-14T16:00,28.2,85,0.1,8.2,139,1007.8
2024-04-14T17:00,27.4,86,0.1,8.3,162,1008.4
2024-04-14T18:00,26.4,92,0.4,5.2,196,1009.4
2024-04-14T19:00,26.3,91,0.0,2.9,187,1010.2
2024-04-14T20:00,26.3,93,0.0,3.6,180,1010.6
2024-04-14T21:00,26.0,95,0.0,2.0,135,1011.2
2024-04-14T22:00,26.0,95,0.0,5.6,105,1011.6
2024-04-14T23:00,26.1,95,0.0,6.7,106,1011.2
2024-04-15T00:00,25.8,95,0.0,7.3,110,1010.9
2024-04-15T01:00,25.5,95,0.0,7.0,125,1009.9
2024-04-15T02:00,25.4,93,0.0,7.7,127,1009.2
2024-04-15T03:00,25.3,92,0.0,6.1,130,1008.8
2024-04-15T04:00,25.2,93,0.0,7.1,114,1009.2
2024-04-15T05:00,25.3,92,0.0,7.6,109,1009.5
2024-04-15T06:00,25.2,92,0.0,6.5,96,1010.0
2024-04-15T07:00,26.0,89,0.0,6.1,93,1011.1
2024-04-15T08:00,28.1,82,0.0,6.2,100,1011.8
2024-04-15T09:00,29.4,77,0.0,5.2,74,1011.8
2024-04-15T10:00,30.2,76,0.1,10.0,64,1011.3
2024-04-15T11:00,30.7,71,0.2,10.9,44,1010.5
2024-04-15T12:00,30.9,71,0.2,12.6,27,1009.9
2024-04-15T13:00,30.6,73,0.2,14.7,31,1009.5
2024-04-15T14:00,29.7,78,1.1,10.5,38,1008.7
2024-04-15T15:00,30.2,76,0.1,12.0,33,1008.1
2024-04-15T16:00,28.8,79,1.7,11.1,65,1008.3
2024-04-15T17:00,28.1,83,0.3,6.8,122,1008.3
2024-04-15T18:00,27.3,90,0.0,6.0,155,1008.5
2024-04-15T19:00,27.0,92,0.0,5.8,158,1009.3
2024-04-15T20:00,28.6,82,0.3,5.8,86,1009.6
2024-04-15T21:00,27.9,86,0.0,8.0,95,1010.3
2024-04-15T22:00,27.3,90,0.1,3.0,104,1010.6
2024-04-15T23:00,26.8,92,0.0,3.6,186,1010.6
2024-04-16T00:00,26.1,94,0.5,5.4,160,1010.4
2024-04-16T01:00,26.0,95,0.1,2.7,157,1009.7
2024-04-16T02:00,25.4,94,0.6,3.3,167,1009.6
2024-04-16T03:00,25.3,94,0.2,2.3,219,1009.1
2024-04-16T04:00,25.5,93,0.1,4.2,121,1009.0
2024-04-16T05:00,25.4,90,0.5,6.9,99,1009.2
2024-04-16T06:00,25.5,91,0.0,8.0,100,1009.6
2024-04-16T07:00,26.2,93,0.0,9.0,106,1010.2
2024-04-16T08:00,28.8,81,0.0,8.7,85,1010.4
2024-04-16T09:00,30.0,78,0.0,10.5,86,1010.4
2024-04-16T10:00,31.1,73,0.0,11.6,83,1010.0
2024-04-16T11:00,31.2,72,0.0,10.1,55,1009.2
2024-04-16T12:00,31.5,71,0.1,8.9,40,1008.1
2024-04-16T13:00,29.4,77,3.6,14.3,65,1008.1
2024-04-16T14:00,30.3,75,0.2,3.6,96,1007.3
2024-04-16T15:00,31.2,73,0.0,3.1,144,1006.2
2024-04-16T16:00,31.1,72,0.0,3.1,144,1006.2
2024-04-16T17:00,28.4,85,1.1,7.0,78,1007.1
2024-04-16T18:00,27.3,90,0.3,5.4,86,1007.9
2024-04-16T19:00,26.5,89,1.4,3.0,76,1008.5
2024-04-16T20:00,27.5,82,0.8,5.2,124,1008.4
2024-04-16T21:00,25.9,90,1.3,6.3,31,1009.7
2024-04-16T22:00,26.9,85,0.1,8.5,192,1009.6
2024-04-16T23:00,26.0,92,0.4,10.1,243,1009.9
2024-04-17T00:00,25.3,94,0.1,10.2,238,1009.6
2024-04-17T01:00,25.3,92,0.0,7.9,231,1008.8
2024-04-17T02:00,25.4,91,0.0,8.1,212,1008.3
2024-04-17T03:00,25.1,91,0.0,7.7,229,1008.0
2024-04-17T04:00,24.8,93,0.0,5.7,235,1007.7
2024-04-17T05:00,24.7,94,0.0,6.2,234,1008.0
2024-04-17T06:00,24.7,94,0.0,5.2,245,1008.3
2024-04-17T07:00,26.0,91,0.0,4.9,253,1008.7
2024-04-17T08:00,28.6,85,0.0,3.0,284,1009.1
2024-04-17T09:00,30.2,77,0.0,2.3,321,1009.4
2024-04-17T10:00,31.2,72,0.1,7.1,345,1009.3
2024-04-17T11:00,31.0,73,0.2,11.9,346,1008.6
2024-04-17T12:00,31.2,74,0.1,11.4,347,1008.0
2024-04-17T13:00,30.0,74,1.3,13.7,357,1007.6
2024-04-17T14:00,29.4,78,0.2,7.4,331,1006.6
2024-04-17T15:00,29.2,75,0.2,9.8,8,1006.8
2024-04-17T16:00,28.2,80,0.5,6.6,22,1007.2
2024-04-17T17:00,25.5,92,1.7,15.0,138,1008.2
2024-04-17T18:00,24.9,94,0.2,8.5,168,1008.5
2024-04-17T19:00,24.7,94,0.2,4.7,184,1008.7
2024-04-17T20:00,25.6,90,0.0,4.7,203,1009.7
2024-04-17T21:00,25.3,92,0.0,2.7,203,1009.5
2024-04-17T22:00,25.1,94,0.0,2.6,196,1009.6
2024-04-17T23:00,25.0,94,0.0,2.9,187,1009.3
2024-04-18T00:00,24.8,95,0.0,3.3,221,1009.0
2024-04-18T01:00,24.7,96,0.0,3.4,212,1008.5
2024-04-18T02:00,25.1,94,0.0,3.8,197,1007.9
2024-04-18T03:00,25.0,94,0.0,4.2,200,1007.4
2024-04-18T04:00,24.6,96,0.0,3.5,204,1007.3
2024-04-18T05:00,24.7,94,0.0,3.1,234,1007.6
2024-04-18T06:00,24.7,94,0.0,3.1,216,1008.0
2024-04-18T07:00,26.3,90,0.0,2.3,162,1008.6
2024-04-18T08:00,28.3,85,0.0,3.4,72,1009.4
2024-04-18T09:00,29.6,79,0.0,4.6,39,1009.6
2024-04-18T10:00,30.5,74,0.2,8.5,12,1009.6
2024-04-18T11:00,30.6,73,0.3,10.9,8,1008.9
2024-04-18T12:00,30.8,73,0.2,10.1,4,1008.1
2024-04-18T13:00,31.0,70,0.1,8.3,360,1007.0
2024-04-18T14:00,31.2,67,0.1,8.8,12,1005.8
2024-04-18T15:00,31.3,65,0.1,11.4,24,1005.5
2024-04-18T16:00,29.4,74,0.6,10.8,64,1005.9
2024-04-18T17:00,26.9,88,2.2,8.8,125,1007.1
2024-04-18T18:00,26.3,89,0.3,8.9,133,1007.4
2024-04-18T19:00,25.8,91,0.0,4.5,166,1008.1
2024-04-18T20:00,25.4,92,0.5,4.3,228,1009.1
2024-04-18T21:00,25.2,93,1.7,5.1,262,1009.5
2024-04-18T22:00,25.3,94,0.1,1.8,169,1009.9
2024-04-18T23:00,25.5,94,0.2,1.5,256,1009.7
2024-04-19T00:00,25.3,95,0.2,3.7,209,1008.6
2024-04-19T01:00,25.1,96,0.1,3.1,225,1007.8
2024-04-19T02:00,24.9,96,0.0,2.3,219,1007.1
2024-04-19T03:00,24.9,96,0.0,3.7,191,1006.6
2024-04-19T04:00,24.4,97,0.0,3.2,207,1007.0
2024-04-19T05:00,24.5,96,0.0,2.4,207,1007.2
2024-04-19T06:00,24.7,96,0.0,3.8,221,1007.4
2024-04-19T07:00,25.7,92,0.0,4.5,209,1008.2
2024-04-19T08:00,27.9,81,0.0,4.4,125,1008.1
2024-04-19T09:00,29.3,77,0.0,4.0,80,1008.4
2024-04-19T10:00,30.2,72,0.0,6.6,61,1008.5
2024-04-19T11:00,30.7,70,0.1,8.4,47,1008.1
2024-04-19T12:00,31.3,68,0.0,7.9,39,1006.8
2024-04-19T13:00,31.0,68,0.2,14.3,41,1005.9
2024-04-19T14:00,29.4,77,0.8,8.7,60,1005.3
2024-04-19T15:00,29.9,75,0.4,8.2,61,1004.7
2024-04-19T16:00,28.7,79,0.5,10.5,96,1004.8
2024-04-19T17:00,28.0,84,0.1,7.6,98,1005.0
2024-04-19T18:00,27.3,87,0.0,7.3,110,1005.9
2024-04-19T19:00,27.1,89,0.0,5.7,125,1007.0
2024-04-19T20:00,26.5,91,0.0,3.8,163,1007.2
2024-04-19T21:00,26.4,92,0.0,3.9,158,1007.8
2024-04-19T22:00,26.0,95,0.0,3.4,162,1008.0
2024-04-19T23:00,26.1,95,0.0,3.3,167,1008.1
2024-04-20T00:00,25.8,96,0.0,2.9,180,1007.7
2024-04-20T01:00,25.4,97,0.0,4.7,203,1006.7
2024-04-20T02:00,25.7,95,0.0,3.5,204,1006.3
2024-04-20T03:00,25.3,96,0.0,4.2,211,1005.9
2024-04-20T04:00,25.2,96,0.5,3.0,346,1006.3
2024-04-20T05:00,25.6,93,4.6,7.5,35,1006.9
2024-04-20T06:00,26.1,90,0.1,4.8,77,1007.3
2024-04-20T07:00,26.4,91,0.1,6.9,84,1007.9
2024-04-20T08:00,28.2,83,0.0,3.5,66,1007.9
2024-04-20T09:00,29.4,78,0.0,7.6,85,1008.1
2024-04-20T10:00,30.6,70,0.1,9.4,92,1008.2
2024-04-20T11:00,31.6,65,0.0,11.9,61,1007.4
2024-04-20T12:00,31.8,66,0.0,12.4,60,1006.3
2024-04-20T13:00,29.5,79,4.1,13.6,53,1005.7
2024-04-20T14:00,29.8,76,0.1,13.0,48,1005.1
2024-04-20T15:00,29.6,78,0.1,10.7,40,1004.8
2024-04-20T16:00,29.8,77,0.1,8.4,31,1004.7
2024-04-20T17:00,26.0,91,13.0,9.2,101,1006.6
2024-04-20T18:00,26.1,92,0.3,4.7,86,1007.1
2024-04-20T19:00,26.2,93,0.2,4.0,117,1007.8
2024-04-20T20:00,27.4,87,0.1,6.6,61,1008.1
2024-04-20T21:00,26.7,93,0.0,4.1,128,1008.9
2024-04-20T22:00,26.5,94,0.0,5.0,150,1009.2
2024-04-20T23:00,26.1,96,0.0,4.5,151,1009.1
2024-04-21T00:00,25.9,96,0.5,1.8,233,1009.1
2024-04-21T01:00,25.5,98,0.3,6.3,167,1008.3
2024-04-21T02:00,25.3,96,0.1,4.6,162,1008.0
2024-04-21T03:00,25.2,95,0.0,4.3,132,1007.2
2024-04-21T04:00,24.9,96,0.0,3.6,135,1006.8
2024-04-21T05:00,24.5,96,0.0,3.3,131,1007.4
2024-04-21T06:00,24.8,95,0.0,3.0,104,1008.3
2024-04-21T07:00,26.1,90,0.2,4.0,90,1009.2
2024-04-21T08:00,26.5,90,1.0,6.9,84,1009.6
2024-04-21T09:00,26.9,89,0.2,3.7,101,1009.4
2024-04-21T10:00,28.6,82,0.0,3.2,27,1009.6
2024-04-21T11:00,29.5,79,0.0,6.3,31,1008.7
2024-04-21T12:00,30.0,77,0.0,8.2,15,1008.0
2024-04-21T13:00,30.2,76,0.1,8.7,5,1007.3
2024-04-21T14:00,29.3,79,0.0,8.0,350,1006.1
2024-04-21T15:00,28.9,81,0.0,2.3,321,1006.3
2024-04-21T16:00,28.7,81,0.1,0.7,360,1006.4
2024-04-21T17:00,28.6,81,0.0,1.0,45,1007.2
2024-04-21T18:00,27.3,88,0.6,3.9,202,1008.2
2024-04-21T19:00,26.6,92,0.0,5.7,198,1008.5
2024-04-21T20:00,26.4,95,4.8,6.8,205,1009.3
2024-04-21T21:00,25.4,97,5.4,10.4,134,1010.2
2024-04-21T22:00,25.6,93,0.1,6.5,124,1010.2
2024-04-21T23:00,25.5,94,0.0,6.6,135,1009.7
2024-04-22T00:00,25.3,94,0.0,3.6,180,1009.6
2024-04-22T01:00,24.9,96,0.0,4.1,135,1008.3
2024-04-22T02:00,25.2,94,0.0,2.4,153,1007.6
2024-04-22T03:00,25.7,90,0.0,1.6,207,1006.9
2024-04-22T04:00,24.7,96,0.0,2.9,173,1006.4
2024-04-22T05:00,24.5,96,0.0,3.1,159,1007.0
2024-04-22T06:00,24.4,96,0.0,3.6,143,1007.9
2024-04-22T07:00,25.8,91,0.0,1.8,143,1008.7
2024-04-22T08:00,28.0,85,0.0,3.3,131,1009.1
2024-04-22T09:00,29.6,76,0.0,6.7,106,1008.9
2024-04-22T10:00,30.7,71,0.0,5.1,86,1008.9
2024-04-22T11:00,31.6,65,0.0,6.7,54,1008.2
2024-04-22T12:00,31.9,63,0.1,9.6,34,1007.2
2024-04-22T13:00,31.4,66,0.7,12.2,24,1006.4
2024-04-22T14:00,30.8,74,0.8,11.3,17,1005.1
2024-04-22T15:00,30.9,73,0.1,10.8,26,1004.5
2024-04-22T16:00,29.6,78,1.8,5.7,55,1005.0
2024-04-22T17:00,29.6,78,0.1,4.3,90,1005.3
2024-04-22T18:00,28.2,85,0.3,4.3,132,1006.3
2024-04-22T19:00,27.7,89,0.0,4.0,175,1007.2
2024-04-22T20:00,29.9,74,0.0,1.8,90,1007.5
2024-04-22T21:00,28.0,87,0.0,3.9,124,1008.2
2024-04-22T22:00,27.6,89,0.1,6.6,151,1008.6
2024-04-22T23:00,27.3,89,0.1,5.4,222,1008.3
2024-04-23T00:00,26.6,93,0.0,3.4,238,1008.0
2024-04-23T01:00,26.5,91,0.3,7.4,209,1007.8
2024-04-23T02:00,25.9,92,0.8,5.7,235,1007.2
2024-04-23T03:00,25.8,93,0.0,3.4,198,1006.6
2024-04-23T04:00,25.8,92,1.5,4.7,189,1006.6
2024-04-23T05:00,25.9,93,0.1,4.1,218,1006.5
2024-04-23T06:00,25.2,96,0.2,4.8,193,1007.2
2024-04-23T07:00,26.8,90,0.1,0.8,333,1007.9
2024-04-23T08:00,28.5,83,0.0,4.8,77,1008.0
2024-04-23T09:00,30.0,74,0.0,6.5,56,1008.7
2024-04-23T10:00,30.7,72,0.1,9.2,45,1009.2
2024-04-23T11:00,30.2,76,0.2,11.9,29,1007.9
2024-04-23T12:00,29.8,80,1.0,11.6,5,1007.4
2024-04-23T13:00,27.9,85,5.9,7.2,360,1007.0
2024-04-23T14:00,28.7,82,0.2,8.1,13,1006.2
2024-04-23T15:00,28.8,81,0.1,5.8,7,1005.3
2024-04-23T16:00,29.1,79,0.2,0.7,90,1005.3
2024-04-23T17:00,28.6,80,0.5,3.7,169,1005.7
2024-04-23T18:00,27.8,88,0.0,2.5,135,1006.3
2024-04-23T19:00,27.3,92,0.0,4.5,61,1007.7
2024-04-23T20:00,26.1,92,4.0,8.7,240,1008.4
2024-04-23T21:00,26.3,92,0.2,6.4,232,1008.7
2024-04-23T22:00,25.9,95,0.0,3.3,276,1009.1
2024-04-23T23:00,26.1,93,0.0,3.0,284,1008.8
2024-04-24T00:00,26.1,92,0.1,3.3,276,1008.2
2024-04-24T01:00,25.4,94,0.0,4.3,270,1007.5
2024-04-24T02:00,25.6,91,0.0,2.4,207,1007.2
2024-04-24T03:00,25.3,94,0.0,3.1,216,1006.6
2024-04-24T04:00,24.9,96,0.0,3.3,186,1006.3
2024-04-24T05:00,25.1,96,0.0,3.4,212,1006.2
2024-04-24T06:00,25.1,95,0.0,4.6,198,1006.9
2024-04-24T07:00,26.0,92,0.0,5.2,192,1007.3
2024-04-24T08:00,27.6,87,0.0,3.3,229,1007.9
2024-04-24T09:00,29.3,80,0.0,1.8,180,1008.2
2024-04-24T10:00,30.8,72,0.0,3.6,90,1008.4
2024-04-24T11:00,31.5,67,0.1,7.2,37,1007.9
2024-04-24T12:00,31.6,68,0.1,9.4,18,1007.2
2024-04-24T13:00,31.2,72,3.5,11.9,5,1006.4
2024-04-24T14:00,30.7,74,3.4,6.2,353,1005.3
2024-04-24T15:00,30.9,72,0.2,5.8,353,1004.9
2024-04-24T16:00,30.9,70,0.1,5.1,4,1004.8
2024-04-24T17:00,28.3,80,3.4,6.3,156,1005.8
2024-04-24T18:00,27.1,89,0.0,8.3,175,1006.5
2024-04-24T19:00,26.8,90,0.1,7.2,180,1006.9
2024-04-24T20:00,26.4,93,0.1,10.2,190,1007.5
2024-04-24T21:00,26.3,92,0.0,7.6,180,1007.6
2024-04-24T22:00,26.3,92,0.0,5.1,172,1007.8
2024-04-24T23:00,25.9,92,0.0,2.7,113,1008.2
2024-04-25T00:00,25.7,93,0.2,2.7,203,1008.1
2024-04-25T01:00,26.0,89,0.0,1.4,180,1007.2
2024-04-25T02:00,25.6,91,0.0,3.1,216,1006.8
2024-04-25T03:00,25.4,94,0.2,2.7,247,1006.5
2024-04-25T04:00,24.8,96,3.5,7.7,229,1006.6
2024-04-25T05:00,24.8,96,3.5,0.8,207,1007.4
2024-04-25T06:00,24.8,97,0.2,6.3,149,1007.7
2024-04-25T07:00,24.9,94,0.2,8.0,144,1008.3
2024-04-25T08:00,27.9,84,0.0,7.2,72,1008.6
2024-04-25T09:00,29.1,78,0.0,8.8,78,1009.0
2024-04-25T10:00,30.0,75,0.1,10.1,63,1008.8
2024-04-25T11:00,30.1,74,0.2,8.5,62,1008.0
2024-04-25T12:00,30.4,73,0.1,9.4,50,1006.8
2024-04-25T13:00,30.5,73,0.1,10.2,42,1005.9
2024-04-25T14:00,30.4,74,0.4,9.6,34,1005.1
2024-04-25T15:00,30.2,73,0.1,8.2,29,1004.8
2024-04-25T16:00,28.5,79,2.7,8.2,38,1005.2
2024-04-25T17:00,27.1,87,1.6,2.9,187,1005.3
2024-04-25T18:00,26.5,93,0.2,6.7,164,1006.0
2024-04-25T19:00,26.2,94,0.1,4.5,194,1007.4
2024-04-25T20:00,25.8,94,0.4,4.5,209,1008.3
2024-04-25T21:00,26.0,91,0.1,3.7,191,1008.8
2024-04-25T22:00,25.9,92,0.0,2.5,135,1009.2
2024-04-25T23:00,25.9,93,0.0,4.6,135,1008.9
2024-04-26T00:00,25.8,94,0.1,5.3,118,1008.5
2024-04-26T01:00,25.5,94,0.1,6.3,114,1007.5
2024-04-26T02:00,25.3,95,0.0,3.8,139,1006.6
2024-04-26T03:00,25.0,96,0.0,3.2,153,1006.4
2024-04-26T04:00,25.1,96,0.0,3.9,146,1006.4
2024-04-26T05:00,25.1,95,0.0,3.6,143,1006.3
2024-04-26T06:00,25.2,95,0.0,3.8,139,1006.6
2024-04-26T07:00,26.3,92,0.0,3.5,114,1007.1
2024-04-26T08:00,27.9,86,0.0,6.4,133,1007.7
2024-04-26T09:00,29.6,78,0.0,10.0,103,1007.7
2024-04-26T10:00,30.9,70,0.0,11.5,94,1007.5
2024-04-26T11:00,31.8,65,0.0,12.3,75,1007.0
2024-04-26T12:00,31.9,67,0.2,12.0,51,1006.5
2024-04-26T13:00,32.1,68,0.0,12.8,38,1005.8
2024-04-26T14:00,29.2,78,5.0,12.5,44,1005.2
2024-04-26T15:00,28.4,85,1.2,2.6,16,1004.8
2024-04-26T16:00,28.1,84,0.2,2.6,304,1005.2
2024-04-26T17:00,26.7,90,2.9,2.7,113,1006.0
2024-04-26T18:00,25.9,93,2.3,4.7,337,1006.6
2024-04-26T19:00,26.0,90,0.0,1.9,22,1007.3
2024-04-26T20:00,26.8,93,0.2,5.6,117,1008.2
2024-04-26T21:00,26.3,95,0.1,7.5,125,1008.5
2024-04-26T22:00,26.0,95,0.1,4.6,135,1008.5
2024-04-26T23:00,25.8,95,0.0,5.4,143,1008.1
2024-04-27T00:00,25.5,95,0.0,3.8,131,1008.2
2024-04-27T01:00,25.6,94,0.0,4.9,126,1007.5
2024-04-27T02:00,25.6,94,0.0,6.3,114,1006.4
2024-04-27T03:00,25.7,93,0.0,6.5,93,1005.9
2024-04-27T04:00,25.6,93,0.0,8.0,98,1006.3
2024-04-27T05:00,25.4,94,0.0,7.2,117,1006.6
2024-04-27T06:00,25.4,93,0.0,6.4,106,1007.0
2024-04-27T07:00,26.2,91,0.0,8.1,111,1007.9
2024-04-27T08:00,28.1,85,0.0,4.7,90,1008.3
2024-04-27T09:00,29.3,79,0.0,12.3,105,1007.8
2024-04-27T10:00,30.5,72,0.1,11.5,90,1007.7
2024-04-27T11:00,31.0,72,0.1,13.4,70,1007.3
2024-04-27T12:00,31.6,71,0.1,13.6,58,1006.3
2024-04-27T13:00,28.3,86,8.8,14.7,36,1005.8
2024-04-27T14:00,28.0,84,4.0,13.5,61,1006.2
2024-04-27T15:00,28.2,86,0.3,6.8,65,1006.3
2024-04-27T16:00,28.2,85,0.5,4.8,63,1006.8
2024-04-27T17:00,26.1,94,8.5,7.0,125,1007.3
2024-04-27T18:00,26.1,94,0.8,4.0,185,1007.7
2024-04-27T19:00,25.8,96,0.3,4.6,162,1008.6
2024-04-27T20:00,27.1,89,0.4,1.0,225,1009.1
2024-04-27T21:00,26.5,94,0.2,5.6,220,1009.4
2024-04-27T22:00,26.1,95,0.0,6.2,234,1009.5
2024-04-27T23:00,25.8,95,0.0,4.8,257,1009.6
2024-04-28T00:00,25.7,94,0.0,7.0,249,1009.4
2024-04-28T01:00,25.4,94,0.0,7.1,246,1008.8
2024-04-28T02:00,25.0,94,0.0,6.1,220,1008.0
2024-04-28T03:00,24.8,94,0.0,3.1,234,1007.6
2024-04-28T04:00,25.0,93,0.0,6.4,232,1007.5
2024-04-28T05:00,24.7,94,0.0,3.9,236,1007.8
2024-04-28T06:00,24.8,94,0.0,4.7,261,1008.0
2024-04-28T07:00,25.7,92,0.0,5.4,266,1009.1
2024-04-28T08:00,27.7,89,0.0,5.5,238,1009.3
2024-04-28T09:00,29.7,78,0.0,4.3,246,1009.7
2024-04-28T10:00,31.2,70,0.0,1.4,270,1009.7
2024-04-28T11:00,32.2,63,0.0,3.6,37,1009.0
2024-04-28T12:00,32.2,64,0.0,9.4,23,1008.4
2024-04-28T13:00,30.6,73,0.6,13.1,352,1008.1
2024-04-28T14:00,30.8,70,0.1,11.7,349,1007.2
2024-04-28T15:00,30.7,72,0.0,10.5,6,1006.7
2024-04-28T16:00,30.5,73,0.0,6.9,9,1006.6
2024-04-28T17:00,29.8,77,0.4,4.0,27,1007.0
2024-04-28T18:00,28.4,89,0.0,4.0,63,1007.4
2024-04-28T19:00,28.2,89,0.0,4.4,81,1008.3
2024-04-28T20:00,28.1,88,0.0,8.4,115,1009.3
2024-04-28T21:00,27.4,89,0.0,8.5,126,1009.7
2024-04-28T22:00,27.0,89,0.0,7.1,120,1009.4
2024-04-28T23:00,27.0,88,0.0,7.0,125,1009.4
2024-04-29T00:00,26.8,88,0.0,6.1,135,1009.1
2024-04-29T01:00,26.7,88,0.0,4.8,117,1008.4
2024-04-29T02:00,26.6,88,0.0,4.7,99,1007.8
2024-04-29T03:00,26.1,91,0.0,5.6,105,1007.4
2024-04-29T04:00,25.7,92,0.0,4.8,153,1007.4
2024-04-29T05:00,25.4,93,0.0,4.1,165,1007.9
2024-04-29T06:00,25.4,93,0.0,4.1,165,1008.1
2024-04-29T07:00,26.5,90,0.0,4.4,145,1008.6
2024-04-29T08:00,29.0,83,0.0,5.1,129,1009.0
2024-04-29T09:00,30.5,75,0.0,8.0,98,1009.0
2024-04-29T10:00,31.7,67,0.0,12.1,78,1008.9
2024-04-29T11:00,32.4,63,0.0,13.0,71,1007.9
2024-04-29T12:00,32.7,61,0.0,13.4,59,1006.8
2024-04-29T13:00,32.9,61,0.1,13.8,51,1006.1
2024-04-29T14:00,32.6,63,0.0,13.8,43,1005.4
2024-04-29T15:00,32.2,65,0.0,13.2,45,1004.7
2024-04-29T16:00,31.8,67,0.0,10.7,57,1004.6
2024-04-29T17:00,30.2,76,0.2,7.9,47,1005.6
2024-04-29T18:00,28.7,82,2.5,7.7,143,1006.4
2024-04-29T19:00,26.3,91,2.3,11.6,210,1007.9
2024-04-29T20:00,28.8,86,0.0,2.9,150,1007.9
2024-04-29T21:00,28.2,83,0.0,6.9,186,1008.5
2024-04-29T22:00,27.3,83,0.1,7.6,211,1008.9
2024-04-29T23:00,26.9,86,0.0,4.2,200,1008.9
2024-04-30T00:00,26.7,87,0.0,4.0,170,1008.3
2024-04-30T01:00,26.5,90,0.0,4.8,283,1007.7
2024-04-30T02:00,26.3,93,0.0,8.2,293,1007.4
2024-04-30T03:00,26.2,93,0.0,5.0,249,1007.0
2024-04-30T04:00,26.1,94,0.0,6.0,245,1006.9
2024-04-30T05:00,25.9,94,0.0,4.6,219,1007.4
2024-04-30T06:00,25.5,96,0.0,2.6,304,1007.8
2024-04-30T07:00,26.9,90,0.1,3.9,338,1008.4
2024-04-30T08:00,28.3,84,0.0,4.7,351,1008.2
2024-04-30T09:00,29.5,80,0.0,5.7,18,1008.3
2024-04-30T10:00,30.2,75,0.0,6.8,32,1008.1
2024-04-30T11:00,30.6,73,0.1,7.6,25,1007.5
2024-04-30T12:00,31.2,72,0.1,8.8,19,1006.6
2024-04-30T13:00,31.3,72,0.3,10.5,8,1005.8
2024-04-30T14:00,31.6,70,0.1,10.9,6,1005.1
2024-04-30T15:00,31.4,71,0.1,11.4,13,1004.7
2024-04-30T16:00,29.9,77,0.7,9.2,39,1005.0
2024-04-30T17:00,28.8,80,0.5,2.6,106,1005.7
2024-04-30T18:00,27.9,85,0.3,4.1,195,1005.8
2024-04-30T19:00,26.7,93,0.2,6.5,186,1006.7
2024-04-30T20:00,26.1,95,0.7,10.7,200,1007.2
2024-04-30T21:00,25.9,93,0.5,8.4,211,1007.7
2024-04-30T22:00,25.9,92,1.9,2.9,270,1007.8
2024-04-30T23:00,25.7,92,1.9,5.4,278,1008.1
2024-05-01T00:00,25.6,93,0.0,6.9,276,1007.6
2024-05-01T01:00,26.1,89,0.0,1.5,346,1006.6
2024-05-01T02:00,26.4,86,0.0,1.3,56,1006.3
2024-05-01T03:00,26.4,86,0.6,1.3,304,1006.6
2024-05-01T04:00,24.7,95,6.0,9.2,225,1007.3
2024-05-01T05:00,24.6,94,0.8,4.9,197,1007.2
2024-05-01T06:00,24.5,94,0.9,5.2,164,1007.4
2024-05-01T07:00,25.0,94,0.9,5.4,228,1007.9
2024-05-01T08:00,27.3,86,2.7,1.5,346,1007.8
2024-05-01T09:00,28.0,85,0.0,9.3,62,1008.4
2024-05-01T10:00,28.7,83,0.2,10.0,60,1008.3
2024-05-01T11:00,29.4,80,0.3,8.7,66,1007.4
2024-05-01T12:00,30.0,78,0.1,6.7,54,1006.2
2024-05-01T13:00,30.5,74,0.1,5.9,47,1005.5
2024-05-01T14:00,30.6,72,0.0,6.3,31,1004.9
2024-05-01T15:00,30.5,72,0.0,6.4,47,1003.8
2024-05-01T16:00,30.2,73,0.1,6.6,45,1003.8
2024-05-01T17:00,29.2,79,0.1,3.4,72,1004.5
2024-05-01T18:00,28.0,90,0.1,3.5,24,1005.5
2024-05-01T19:00,27.6,87,0.0,2.9,330,1006.5
2024-05-01T20:00,26.4,90,0.9,8.2,203,1007.3
2024-05-01T21:00,26.4,90,1.4,6.3,204,1007.5
2024-05-01T22:00,26.2,91,0.9,3.6,307,1007.9
2024-05-01T23:00,26.2,95,0.8,1.8,180,1008.2
2024-05-02T00:00,26.3,93,1.5,2.4,153,1007.9
2024-05-02T01:00,25.8,93,0.6,9.9,199,1007.3
2024-05-02T02:00,25.6,93,0.0,4.7,247,1007.0
2024-05-02T03:00,25.8,92,0.0,6.8,270,1007.2
2024-05-02T04:00,24.9,97,0.3,3.2,207,1007.6
2024-05-02T05:00,25.2,95,0.0,2.2,180,1007.7
2024-05-02T06:00,25.4,93,0.0,3.2,180,1007.7
2024-05-02T07:00,25.5,93,0.6,3.9,158,1008.7
2024-05-02T08:00,27.9,88,0.0,3.3,96,1009.1
2024-05-02T09:00,29.2,81,0.0,2.2,99,1009.1
2024-05-02T10:00,30.0,77,0.0,5.4,90,1008.3
2024-05-02T11:00,31.2,69,0.1,9.4,90,1007.6
2024-05-02T12:00,31.9,65,0.1,9.9,80,1006.8
2024-05-02T13:00,32.0,67,0.0,9.7,59,1005.9
2024-05-02T14:00,31.8,69,0.0,11.0,38,1005.0
2024-05-02T15:00,30.1,78,2.9,9.2,39,1004.9
2024-05-02T16:00,29.9,77,0.7,8.0,63,1005.5
2024-05-02T17:00,29.5,79,0.1,5.4,132,1005.9
2024-05-02T18:00,27.9,86,0.1,7.0,168,1006.6
2024-05-02T19:00,27.2,89,0.0,5.6,207,1007.6
2024-05-02T20:00,26.6,93,3.8,12.6,204,1008.1
2024-05-02T21:00,26.5,90,0.5,8.4,223,1008.2
2024-05-02T22:00,26.9,87,0.5,6.6,193,1008.3
2024-05-02T23:00,25.2,96,0.4,10.9,214,1008.4
2024-05-03T00:00,25.7,93,0.0,6.2,260,1008.3
2024-05-03T01:00,25.9,93,0.0,8.1,257,1007.5
2024-05-03T02:00,25.7,94,0.0,7.3,250,1007.0
2024-05-03T03:00,25.4,95,0.0,7.2,243,1006.9
2024-05-03T04:00,25.3,94,0.0,6.5,236,1006.7
2024-05-03T05:00,25.1,95,0.0,6.1,242,1007.1
2024-05-03T06:00,25.1,95,0.0,5.8,248,1007.6
2024-05-03T07:00,26.1,92,0.0,6.4,243,1008.2
2024-05-03T08:00,28.4,85,0.0,6.1,220,1008.7
2024-05-03T09:00,30.3,75,0.0,3.3,221,1008.7
2024-05-03T10:00,31.5,68,0.1,2.3,39,1008.6
2024-05-03T11:00,31.9,66,0.1,5.6,27,1008.0
2024-05-03T12:00,32.0,67,0.1,8.6,15,1007.4
2024-05-03T13:00,32.0,69,0.0,9.1,351,1006.4
2024-05-03T14:00,30.1,75,0.5,10.5,16,1006.0
2024-05-03T15:00,30.2,75,0.3,6.6,351,1005.4
2024-05-03T16:00,30.4,74,0.0,6.5,357,1005.8
2024-05-03T17:00,29.4,77,0.2,6.0,335,1006.5
2024-05-03T18:00,27.5,87,0.7,5.3,208,1007.6
2024-05-03T19:00,25.5,92,4.1,15.1,152,1009.2
2024-05-03T20:00,25.8,92,0.9,2.6,286,1008.9
2024-05-03T21:00,26.0,92,0.1,2.3,219,1009.4
2024-05-03T22:00,25.7,94,0.0,3.0,256,1009.8
2024-05-03T23:00,25.8,92,0.0,5.5,247,1009.6
2024-05-04T00:00,25.7,93,0.0,5.4,217,1009.3
2024-05-04T01:00,25.7,92,0.0,5.2,205,1008.6
2024-05-04T02:00,25.6,92,0.0,6.5,214,1008.1
2024-05-04T03:00,25.5,91,0.0,7.0,215,1007.7
2024-05-04T04:00,25.3,92,0.0,5.7,198,1007.7
2024-05-04T05:00,24.8,93,0.0,4.7,184,1007.5
2024-05-04T06:00,24.6,93,0.0,3.8,197,1007.9
2024-05-04T07:00,25.8,89,0.0,3.2,243,1008.7
2024-05-04T08:00,27.8,87,0.0,4.1,195,1008.8
2024-05-04T09:00,30.0,76,0.0,2.5,188,1008.8
2024-05-04T10:00,31.7,64,0.0,0.8,63,1009.1
2024-05-04T11:00,32.3,60,0.0,5.2,16,1008.4
2024-05-04T12:00,32.4,62,0.0,8.6,358,1007.7
2024-05-04T13:00,32.1,65,0.0,9.7,356,1006.9
2024-05-04T14:00,31.8,65,0.0,9.8,343,1006.0
2024-05-04T15:00,30.6,69,0.1,8.2,311,1005.9
2024-05-04T16:00,30.5,69,0.4,3.7,299,1005.4
2024-05-04T17:00,29.6,73,0.1,3.6,270,1006.4
2024-05-04T18:00,28.3,86,0.0,3.4,288,1007.2
2024-05-04T19:00,28.3,83,0.0,4.3,270,1008.1
2024-05-04T20:00,26.5,87,0.0,10.7,256,1008.7
2024-05-04T21:00,26.4,86,0.0,5.0,210,1009.3
2024-05-04T22:00,25.7,92,0.1,2.2,360,1009.7
2024-05-04T23:00,25.8,87,0.1,3.9,34,1009.5
2024-05-05T00:00,25.8,89,0.0,2.7,23,1008.7
2024-05-05T01:00,25.7,93,0.0,5.5,11,1008.2
2024-05-05T02:00,25.9,92,0.0,2.5,172,1007.6
2024-05-05T03:00,25.5,93,0.0,4.2,200,1007.5
2024-05-05T04:00,25.3,93,0.0,4.2,211,1007.5
2024-05-05T05:00,24.9,94,0.0,3.1,216,1007.9
2024-05-05T06:00,24.7,95,0.0,2.6,196,1008.4
2024-05-05T07:00,26.2,90,0.0,3.3,167,1008.8
2024-05-05T08:00,28.6,79,0.0,4.2,160,1009.5
2024-05-05T09:00,29.7,77,0.0,6.3,66,1009.7
2024-05-05T10:00,30.3,75,0.0,8.2,52,1009.5
2024-05-05T11:00,30.6,73,0.3,7.7,37,1008.6
2024-05-05T12:00,31.2,70,0.0,8.0,18,1007.7
2024-05-05T13:00,31.5,70,0.0,8.3,18,1006.6
2024-05-05T14:00,31.4,70,0.0,8.8,9,1005.8
2024-05-05T15:00,30.8,72,0.1,10.1,2,1005.5
2024-05-05T16:00,29.6,77,0.0,6.6,331,1005.6
2024-05-05T17:00,29.5,78,0.0,3.6,354,1006.0
2024-05-05T18:00,27.9,82,1.4,3.7,29,1007.1
2024-05-05T19:00,28.1,80,0.1,6.0,327,1008.1
2024-05-05T20:00,29.5,67,0.0,6.0,33,1008.2
2024-05-05T21:00,28.6,73,0.0,4.6,45,1008.9
2024-05-05T22:00,27.5,84,0.0,5.6,130,1009.0
2024-05-05T23:00,27.4,79,0.0,5.8,180,1009.1
2024-05-06T00:00,26.9,82,0.0,4.0,185,1008.8
2024-05-06T01:00,26.1,88,0.0,3.7,209,1008.2
2024-05-06T02:00,25.8,92,0.0,5.1,219,1007.9
2024-05-06T03:00,26.8,84,0.0,2.7,203,1007.6
2024-05-06T04:00,26.2,91,0.0,2.6,236,1007.5
2024-05-06T05:00,25.5,93,0.0,4.2,211,1008.0
2024-05-06T06:00,25.3,93,0.0,3.5,204,1008.6
2024-05-06T07:00,26.6,87,0.0,5.7,215,1009.4
2024-05-06T08:00,29.0,75,0.1,6.3,211,1009.4
2024-05-06T09:00,30.2,71,0.1,1.9,158,1009.7
2024-05-06T10:00,30.9,67,0.1,3.9,22,1009.8
2024-05-06T11:00,31.3,66,0.1,5.1,356,1008.9
2024-05-06T12:00,30.9,70,0.3,6.8,3,1008.1
2024-05-06T13:00,30.5,73,0.0,6.8,360,1007.4
2024-05-06T14:00,30.6,73,0.1,6.7,16,1006.9
2024-05-06T15:00,30.5,72,0.0,6.1,360,1006.6
2024-05-06T16:00,29.8,73,0.0,7.9,47,1006.8
2024-05-06T17:00,26.4,85,0.2,14.8,139,1007.9
2024-05-06T18:00,25.4,86,0.4,12.1,153,1008.5
2024-05-06T19:00,25.1,92,2.5,6.6,189,1009.0
2024-05-06T20:00,27.5,77,0.0,4.4,145,1009.2
2024-05-06T21:00,27.0,82,0.0,3.8,163,1009.7
2024-05-06T22:00,26.9,86,0.0,4.2,160,1009.7
2024-05-06T23:00,26.6,87,0.0,4.0,175,1009.7
2024-05-07T00:00,26.1,89,0.0,4.2,200,1009.5
2024-05-07T01:00,25.8,91,0.0,4.3,222,1009.0
2024-05-07T02:00,25.5,93,0.0,4.6,231,1008.7
2024-05-07T03:00,25.5,92,0.0,3.6,225,1008.8
2024-05-07T04:00,25.5,91,0.0,4.3,222,1008.9
2024-05-07T05:00,25.3,91,0.0,4.9,216,1009.2
2024-05-07T06:00,25.0,90,0.0,3.9,214,1009.5
2024-05-07T07:00,26.2,87,0.0,4.3,204,1009.9
2024-05-07T08:00,28.8,77,0.0,5.4,200,1010.6
2024-05-07T09:00,30.4,67,0.0,3.5,156,1010.6
2024-05-07T10:00,31.5,62,0.0,3.3,84,1010.3
2024-05-07T11:00,32.2,58,0.0,5.9,52,1009.2
2024-05-07T12:00,32.3,58,0.0,7.0,35,1008.3
2024-05-07T13:00,32.2,59,0.0,8.2,15,1007.5
2024-05-07T14:00,31.9,61,0.1,9.6,13,1006.7
2024-05-07T15:00,31.7,60,0.2,8.6,22,1006.1
2024-05-07T16:00,31.5,59,0.0,7.7,37,1006.0
2024-05-07T17:00,30.7,62,0.0,5.4,42,1006.3
2024-05-07T18:00,29.7,65,0.0,6.6,29,1007.2
2024-05-07T19:00,29.4,68,0.0,6.7,36,1008.3
2024-05-07T20:00,28.9,74,0.0,6.2,69,1008.8
2024-05-07T21:00,28.2,79,0.0,4.3,95,1009.5
2024-05-07T22:00,27.7,80,0.0,4.1,105,1009.9
2024-05-07T23:00,27.2,85,0.1,3.3,174,1009.8
2024-05-08T00:00,26.8,80,0.7,4.2,211,1009.9
2024-05-08T01:00,26.3,86,0.4,5.5,212,1009.3
2024-05-08T02:00,26.0,88,0.0,5.1,188,1008.8
2024-05-08T03:00,25.9,89,0.0,4.3,185,1008.4
2024-05-08T04:00,25.7,90,0.0,4.3,185,1008.3
2024-05-08T05:00,25.4,90,0.0,3.8,197,1008.9
2024-05-08T06:00,25.1,91,0.0,4.1,218,1009.1
2024-05-08T07:00,26.3,88,0.0,3.6,225,1009.7
2024-05-08T08:00,28.2,81,0.0,1.9,158,1010.1
2024-05-08T09:00,29.9,73,0.0,3.3,103,1010.2
2024-05-08T10:00,31.0,67,0.0,5.9,43,1010.0
2024-05-08T11:00,31.5,63,0.0,7.9,24,1009.5
2024-05-08T12:00,31.4,64,0.1,9.9,10,1008.6
2024-05-08T13:00,30.8,68,0.1,11.2,360,1007.9
2024-05-08T14:00,30.9,68,0.0,10.1,4,1007.0
2024-05-08T15:00,30.6,68,0.0,11.5,2,1006.7
2024-05-08T16:00,29.8,68,0.1,8.0,10,1007.0
2024-05-08T17:00,29.5,71,0.0,3.9,34,1007.2
2024-05-08T18:00,29.3,70,0.0,2.6,106,1007.9
2024-05-08T19:00,27.5,86,0.0,5.0,159,1008.4
2024-05-08T20:00,29.0,83,0.0,4.0,350,1008.9
2024-05-08T21:00,29.5,72,0.0,1.5,225,1009.4
2024-05-08T22:00,27.8,84,0.0,3.3,193,1009.5
2024-05-08T23:00,27.2,86,0.0,4.5,166,1009.3
2024-05-09T00:00,26.4,89,0.0,3.9,146,1008.9
2024-05-09T01:00,26.2,89,0.0,4.3,138,1008.0
2024-05-09T02:00,25.7,91,0.0,3.9,146,1007.5
2024-05-09T03:00,25.6,91,0.0,3.8,163,1007.7
2024-05-09T04:00,25.3,92,0.0,4.0,153,1007.8
2024-05-09T05:00,25.2,92,0.0,4.5,151,1007.9
2024-05-09T06:00,24.5,95,0.0,4.0,170,1008.6
2024-05-09T07:00,26.3,87,0.0,3.8,163,1009.4
2024-05-09T08:00,29.0,76,0.0,5.2,155,1010.3
2024-05-09T09:00,30.6,68,0.0,4.8,117,1009.7
2024-05-09T10:00,31.6,62,0.0,7.3,81,1009.8
2024-05-09T11:00,31.4,62,0.2,10.4,46,1008.7
2024-05-09T12:00,30.7,71,0.4,11.3,31,1007.7
2024-05-09T13:00,30.1,76,0.2,12.5,18,1007.3
2024-05-09T14:00,30.2,74,0.2,10.7,20,1006.5
2024-05-09T15:00,30.6,73,0.0,7.2,27,1006.0
2024-05-09T16:00,30.5,73,0.0,8.4,31,1005.9
2024-05-09T17:00,29.0,77,0.1,8.4,110,1006.3
2024-05-09T18:00,27.0,88,0.4,5.1,231,1007.2
2024-05-09T19:00,26.7,90,0.0,2.6,214,1008.3
2024-05-09T20:00,27.8,84,0.0,5.7,162,1009.0
2024-05-09T21:00,27.6,83,0.0,6.0,155,1009.6
2024-05-09T22:00,27.4,85,0.0,6.1,130,1009.8
2024-05-09T23:00,27.0,86,0.0,6.4,133,1009.8
2024-05-10T00:00,26.7,86,0.0,5.9,137,1009.3
2024-05-10T01:00,26.2,87,0.0,4.1,135,1008.5
2024-05-10T02:00,25.9,89,0.0,4.4,125,1008.1
2024-05-10T03:00,26.0,87,0.0,4.6,135,1008.0
2024-05-10T04:00,26.0,86,0.0,5.5,122,1007.9
2024-05-10T05:00,26.2,86,0.0,7.1,105,1007.8
2024-05-10T06:00,26.0,88,0.0,5.9,101,1008.5
2024-05-10T07:00,27.2,85,0.0,6.8,72,1009.6
2024-05-10T08:00,29.1,77,0.0,9.1,99,1010.2
2024-05-10T09:00,30.3,73,0.0,13.0,84,1010.2
2024-05-10T10:00,30.6,74,0.0,12.2,66,1009.9
2024-05-10T11:00,31.4,71,0.1,9.7,68,1008.9
2024-05-10T12:00,32.0,69,0.1,10.7,57,1007.7
2024-05-10T13:00,32.2,67,0.0,12.7,47,1006.9
2024-05-10T14:00,32.2,65,0.0,14.3,45,1005.8
2024-05-10T15:00,31.8,67,0.8,14.5,44,1005.6
2024-05-10T16:00,30.7,75,0.7,14.5,35,1005.8
2024-05-10T17:00,30.2,77,0.0,10.2,51,1005.8
2024-05-10T18:00,29.7,76,0.0,7.4,61,1006.4
2024-05-10T19:00,27.6,83,0.7,9.5,127,1008.4
2024-05-10T20:00,26.3,94,1.7,11.2,195,1009.2
2024-05-10T21:00,25.7,93,1.9,11.6,202,1009.8
2024-05-10T22:00,26.1,92,0.9,5.7,215,1010.2
2024-05-10T23:00,25.8,93,0.0,7.7,221,1009.9
2024-05-11T00:00,25.7,92,0.0,7.3,213,1009.5
2024-05-11T01:00,25.4,91,0.0,5.2,214,1008.9
2024-05-11T02:00,25.1,91,0.0,4.1,218,1008.8
2024-05-11T03:00,25.0,92,0.0,3.8,229,1009.1
2024-05-11T04:00,24.6,95,0.0,4.6,198,1009.1
2024-05-11T05:00,24.9,95,0.0,4.1,135,1009.4
2024-05-11T06:00,24.8,95,0.0,4.1,142,1009.7
2024-05-11T07:00,26.5,89,0.0,4.0,100,1010.6
2024-05-11T08:00,28.7,83,0.0,4.3,132,1011.0
2024-05-11T09:00,30.5,74,0.0,6.6,81,1010.9
2024-05-11T10:00,31.6,68,0.0,9.1,72,1011.0
2024-05-11T11:00,32.5,65,0.0,8.7,66,1009.8
2024-05-11T12:00,32.9,63,0.0,7.9,51,1008.7
2024-05-11T13:00,32.7,63,0.0,10.6,24,1008.0
2024-05-11T14:00,29.1,80,3.2,9.1,72,1007.7
2024-05-11T15:00,30.0,76,0.2,6.6,151,1007.6
2024-05-11T16:00,29.7,75,0.0,6.9,171,1007.4
2024-05-11T17:00,28.1,81,1.7,10.7,168,1008.3
2024-05-11T18:00,27.1,89,0.8,8.5,216,1008.8
2024-05-11T19:00,26.6,92,0.1,6.6,193,1009.9
2024-05-11T20:00,28.0,82,0.0,7.2,183,1010.2
2024-05-11T21:00,26.3,91,0.0,13.4,194,1010.9
2024-05-11T22:00,25.7,90,0.0,9.0,178,1011.0
2024-05-11T23:00,25.4,92,0.1,2.8,50,1011.4
2024-05-12T00:00,25.6,92,0.0,4.4,145,1011.1
2024-05-12T01:00,25.4,93,0.0,3.6,143,1010.6
2024-05-12T02:00,25.6,91,0.0,5.4,90,1010.6
2024-05-12T03:00,25.5,92,0.0,4.7,86,1009.8
2024-05-12T04:00,25.0,94,0.0,4.1,105,1009.5
2024-05-12T05:00,24.6,95,0.0,4.0,180,1009.7
2024-05-12T06:00,24.8,94,0.0,4.1,195,1010.2
2024-05-12T07:00,25.9,91,0.0,3.8,221,1010.2
2024-05-12T08:00,28.6,83,0.0,2.7,157,1011.2
2024-05-12T09:00,30.1,76,0.0,4.2,149,1010.4
2024-05-12T10:00,31.5,69,0.0,4.8,103,1010.0
2024-05-12T11:00,32.5,62,0.0,7.9,93,1009.4
2024-05-12T12:00,33.1,57,0.0,10.1,88,1008.3
2024-05-12T13:00,33.5,56,0.0,9.8,66,1007.3
2024-05-12T14:00,33.4,54,0.0,13.5,46,1006.3
2024-05-12T15:00,32.7,55,0.0,15.3,81,1006.9
2024-05-12T16:00,30.9,66,0.8,5.9,128,1007.4
2024-05-12T17:00,29.5,71,0.1,5.6,153,1007.3
2024-05-12T18:00,28.0,83,0.1,7.2,233,1007.8
2024-05-12T19:00,27.4,90,0.0,4.7,279,1009.0
2024-05-12T20:00,29.8,71,0.0,7.4,76,1009.3
2024-05-12T21:00,29.0,75,0.0,5.5,113,1009.6
2024-05-12T22:00,28.4,71,1.1,2.3,51,1010.2
2024-05-12T23:00,26.3,90,3.3,2.5,278,1009.9
2024-05-13T00:00,26.4,95,0.1,2.3,162,1009.3
2024-05-13T01:00,26.1,95,0.0,2.6,146,1008.3
2024-05-13T02:00,26.1,94,0.0,3.6,180,1007.8
2024-05-13T03:00,25.8,95,0.0,3.1,201,1007.6
2024-05-13T04:00,25.5,96,0.0,3.5,204,1007.4
2024-05-13T05:00,25.2,96,0.0,2.6,214,1007.6
2024-05-13T06:00,24.9,97,0.0,2.9,210,1008.1
2024-05-13T07:00,26.4,93,0.0,2.5,188,1008.9
2024-05-13T08:00,28.6,84,0.0,4.5,194,1009.4
2024-05-13T09:00,30.1,76,0.0,4.2,211,1008.9
2024-05-13T10:00,31.6,68,0.0,1.5,225,1009.0
2024-05-13T11:00,28.5,83,2.9,13.3,360,1008.4
2024-05-13T12:00,28.6,83,0.4,6.2,21,1007.4
2024-05-13T13:00,30.1,75,0.0,8.0,5,1006.7
2024-05-13T14:00,30.5,75,0.0,6.8,32,1005.9
2024-05-13T15:00,29.3,79,3.1,6.2,7,1005.7
2024-05-13T16:00,27.5,82,6.9,9.3,13,1006.8
2024-05-13T17:00,26.2,92,7.3,7.3,70,1007.1
2024-05-13T18:00,25.5,94,5.1,5.9,194,1008.1
2024-05-13T19:00,25.4,93,2.5,8.1,201,1008.5
2024-05-13T20:00,26.7,91,0.0,7.3,200,1009.2
2024-05-13T21:00,25.8,93,0.7,4.7,203,1010.0
2024-05-13T22:00,26.2,92,1.3,1.8,270,1009.6
2024-05-13T23:00,25.8,95,0.0,2.9,300,1009.5
2024-05-14T00:00,25.9,95,0.0,3.9,248,1008.9
2024-05-14T01:00,25.7,95,0.0,4.3,228,1008.5
2024-05-14T02:00,25.5,94,0.0,4.8,228,1007.8
2024-05-14T03:00,25.2,94,0.0,3.8,221,1007.6
2024-05-14T04:00,24.8,95,0.0,3.2,243,1007.4
2024-05-14T05:00,24.4,96,0.0,5.2,236,1007.8
2024-05-14T06:00,24.9,94,0.0,3.8,253,1008.8
2024-05-14T07:00,26.2,92,0.0,3.1,291,1010.0
2024-05-14T08:00,28.7,82,0.0,2.8,230,1010.1
2024-05-14T09:00,29.8,77,0.0,0.7,180,1009.5
2024-05-14T10:00,30.3,74,0.1,7.3,20,1009.6
2024-05-14T11:00,30.1,74,0.0,9.4,18,1009.1
2024-05-14T12:00,27.7,87,0.6,11.5,20,1008.7
2024-05-14T13:00,27.3,86,1.0,9.1,18,1008.5
2024-05-14T14:00,27.7,84,0.8,5.0,30,1007.3
2024-05-14T15:00,28.2,83,0.0,3.2,27,1007.2
2024-05-14T16:00,28.6,79,0.1,4.1,75,1007.6
2024-05-14T17:00,28.3,81,0.1,1.8,169,1008.1
2024-05-14T18:00,27.6,86,0.0,2.2,90,1009.1
2024-05-14T19:00,27.3,90,0.0,2.9,97,1009.9
2024-05-14T20:00,26.8,93,0.0,3.4,148,1010.0
2024-05-14T21:00,26.7,94,0.0,3.3,193,1010.4
2024-05-14T22:00,26.5,95,0.0,4.3,222,1010.5
2024-05-14T23:00,26.5,95,0.0,3.1,234,1010.3
2024-05-15T00:00,25.8,98,0.1,2.9,180,1009.9
2024-05-15T01:00,25.9,96,0.3,3.1,159,1009.4
2024-05-15T02:00,25.6,97,0.0,2.6,164,1008.5
2024-05-15T03:00,25.6,96,0.0,3.3,167,1008.4
2024-05-15T04:00,25.5,96,0.0,3.4,198,1008.9
2024-05-15T05:00,25.4,96,0.0,3.3,229,1009.7
2024-05-15T06:00,25.3,96,0.0,3.3,229,1010.4
2024-05-15T07:00,26.6,93,0.0,4.0,207,1010.9
2024-05-15T08:00,29.0,81,0.0,4.1,142,1011.2
2024-05-15T09:00,30.6,72,0.0,7.8,103,1011.0
2024-05-15T10:00,31.5,66,0.0,11.5,88,1010.2
2024-05-15T11:00,32.2,62,0.0,11.6,83,1009.4
2024-05-15T12:00,32.7,59,0.0,11.5,70,1008.1
2024-05-15T13:00,32.8,57,0.0,12.4,54,1007.2
2024-05-15T14:00,32.5,58,0.0,13.5,48,1006.5
2024-05-15T15:00,32.2,60,0.0,12.8,52,1006.3
2024-05-15T16:00,31.9,60,0.0,11.8,52,1006.2
2024-05-15T17:00,31.0,65,0.0,8.9,50,1006.4
2024-05-15T18:00,30.0,70,0.0,10.2,51,1007.3
2024-05-15T19:00,29.3,78,0.0,11.0,49,1008.6
2024-05-15T20:00,28.7,81,0.0,6.9,47,1009.5
2024-05-15T21:00,28.1,85,0.1,4.0,90,1010.0
2024-05-15T22:00,27.7,85,0.3,6.2,159,1010.3
2024-05-15T23:00,26.7,86,0.5,6.3,193,1010.3
2024-05-16T00:00,26.4,89,0.1,5.5,203,1010.1
2024-05-16T01:00,26.0,91,0.1,3.9,202,1009.4
2024-05-16T02:00,25.6,93,0.0,4.0,190,1009.0
2024-05-16T03:00,25.4,93,0.0,4.1,195,1009.0
2024-05-16T04:00,25.2,94,0.0,5.2,192,1008.7
2024-05-16T05:00,25.5,92,0.0,4.3,138,1009.0
2024-05-16T06:00,25.1,94,0.0,4.7,94,1009.2
2024-05-16T07:00,26.8,90,0.0,5.8,90,1009.9
2024-05-16T08:00,28.8,81,0.0,3.1,135,1010.2
2024-05-16T09:00,30.0,76,0.0,3.7,151,1010.1
2024-05-16T10:00,31.1,69,0.0,2.3,129,1009.9
2024-05-16T11:00,31.9,64,0.0,3.3,41,1009.3
2024-05-16T12:00,32.1,63,0.1,6.5,34,1008.4
2024-05-16T13:00,31.8,64,0.2,9.5,25,1007.5
2024-05-16T14:00,31.3,67,0.1,10.6,10,1007.2
2024-05-16T15:00,30.9,70,0.0,4.5,331,1006.9
2024-05-16T16:00,30.1,74,0.2,1.1,18,1006.9
2024-05-16T17:00,29.3,79,0.2,3.4,148,1006.9
2024-05-16T18:00,28.3,83,0.5,4.7,184,1007.6
2024-05-16T19:00,26.5,95,0.6,8.2,229,1008.9
2024-05-16T20:00,26.1,94,0.8,9.3,216,1010.0
2024-05-16T21:00,26.7,90,0.1,7.2,207,1009.9
2024-05-16T22:00,26.3,92,0.0,7.9,223,1010.0
2024-05-16T23:00,26.1,93,0.0,4.8,222,1010.0
2024-05-17T00:00,25.9,95,0.0,3.0,166,1009.6
2024-05-17T01:00,25.5,96,0.0,4.5,194,1008.9
2024-05-17T02:00,25.5,96,0.0,3.1,225,1008.2
2024-05-17T03:00,25.4,96,0.0,3.6,233,1008.0
2024-05-17T04:00,25.3,96,0.0,3.3,229,1008.1
2024-05-17T05:00,25.1,96,0.0,3.3,221,1008.2
2024-05-17T06:00,25.0,96,0.0,2.6,214,1008.7
2024-05-17T07:00,26.2,93,0.0,3.7,209,1009.1
2024-05-17T08:00,28.8,80,0.0,4.7,180,1009.6
2024-05-17T09:00,30.3,70,0.0,3.8,139,1009.8
2024-05-17T10:00,31.4,62,0.0,6.2,80,1009.6
2024-05-17T11:00,32.1,58,0.0,7.4,67,1009.0
2024-05-17T12:00,32.3,57,0.1,7.9,39,1007.8
2024-05-17T13:00,32.3,59,0.1,8.1,13,1007.2
2024-05-17T14:00,31.2,68,0.6,12.6,357,1006.6
2024-05-17T15:00,30.3,72,0.1,12.6,2,1006.1
2024-05-17T16:00,30.3,69,0.0,8.6,360,1006.2
2024-05-17T17:00,30.0,69,0.0,5.1,8,1006.3
2024-05-17T18:00,28.5,82,0.0,4.7,302,1006.7
2024-05-17T19:00,27.9,81,0.0,4.1,255,1007.3
2024-05-17T20:00,27.2,83,0.0,10.5,243,1008.4
2024-05-17T21:00,26.9,85,0.0,6.4,223,1008.9
2024-05-17T22:00,26.6,89,0.0,3.2,207,1008.9
2024-05-17T23:00,26.5,89,0.0,3.5,204,1008.9
2024-05-18T00:00,25.9,92,0.0,4.6,225,1008.7
2024-05-18T01:00,25.6,94,0.0,5.1,231,1008.4
2024-05-18T02:00,25.6,94,0.0,3.5,204,1007.9
2024-05-18T03:00,25.7,93,0.0,4.0,180,1007.5
2024-05-18T04:00,25.3,95,0.0,3.9,158,1007.5
2024-05-18T05:00,25.1,94,0.0,4.1,165,1007.6
2024-05-18T06:00,25.1,93,0.0,4.4,171,1007.7
2024-05-18T07:00,26.9,86,0.0,2.3,162,1008.4
2024-05-18T08:00,28.5,81,0.0,1.5,194,1009.4
2024-05-18T09:00,29.9,75,0.0,2.2,99,1009.4
2024-05-18T10:00,31.3,66,0.0,5.4,70,1008.8
2024-05-18T11:00,32.2,59,0.0,7.7,62,1008.1
2024-05-18T12:00,32.7,59,0.0,8.4,31,1007.1
2024-05-18T13:00,31.8,66,0.2,11.9,358,1006.3
2024-05-18T14:00,30.2,76,0.9,14.0,342,1005.8
2024-05-18T15:00,30.8,70,0.0,6.4,344,1005.2
2024-05-18T16:00,30.4,67,0.2,3.6,180,1005.7
2024-05-18T17:00,29.2,74,0.2,7.2,233,1006.0
2024-05-18T18:00,28.4,78,0.0,10.3,241,1006.7
2024-05-18T19:00,27.3,84,0.0,10.6,242,1007.5
2024-05-18T20:00,26.3,85,0.0,6.3,239,1008.5
2024-05-18T21:00,26.7,86,0.0,2.9,210,1008.9
2024-05-18T22:00,26.6,88,0.0,4.0,185,1009.0
2024-05-18T23:00,26.4,88,0.0,4.7,184,1008.6
2024-05-19T00:00,25.9,90,0.0,4.5,194,1008.2
2024-05-19T01:00,25.6,91,0.0,4.1,218,1007.4
2024-05-19T02:00,25.3,91,0.0,3.6,217,1006.8
2024-05-19T03:00,25.0,93,0.0,5.0,210,1006.6
2024-05-19T04:00,24.8,93,0.0,4.3,222,1006.4
2024-05-19T05:00,24.9,93,0.0,4.3,228,1006.9
2024-05-19T06:00,24.6,93,0.0,3.6,225,1007.2
2024-05-19T07:00,26.1,88,0.0,4.5,209,1007.5
2024-05-19T08:00,28.4,79,0.0,4.2,200,1007.7
2024-05-19T09:00,30.1,70,0.0,2.2,180,1007.4
2024-05-19T10:00,31.4,63,0.0,2.3,51,1007.0
2024-05-19T11:00,32.0,61,0.0,4.8,13,1006.4
2024-05-19T12:00,32.3,59,0.0,7.2,354,1005.7
2024-05-19T13:00,32.3,59,0.1,10.1,354,1004.9
2024-05-19T14:00,31.2,67,0.2,14.7,11,1004.3
2024-05-19T15:00,30.5,71,0.0,11.6,16,1003.7
2024-05-19T16:00,30.6,70,0.0,7.2,354,1003.9
2024-05-19T17:00,29.8,71,0.1,9.0,2,1004.5
2024-05-19T18:00,28.7,75,0.1,8.5,62,1005.5
2024-05-19T19:00,26.8,86,0.5,9.7,219,1006.7
2024-05-19T20:00,28.6,88,0.1,1.3,304,1006.9
2024-05-19T21:00,27.8,83,0.3,6.8,212,1007.8
2024-05-19T22:00,27.3,87,0.1,4.4,171,1007.7
2024-05-19T23:00,26.6,89,0.0,6.1,118,1007.6
2024-05-20T00:00,26.2,92,0.1,1.6,117,1007.5
2024-05-20T01:00,25.9,93,0.0,3.1,159,1006.6
2024-05-20T02:00,25.8,92,0.0,2.9,180,1005.9
2024-05-20T03:00,25.4,94,0.0,3.3,193,1005.5
2024-05-20T04:00,25.0,96,0.0,4.4,189,1005.6
2024-05-20T05:00,24.7,96,0.0,5.1,176,1005.9
2024-05-20T06:00,24.9,96,0.0,3.5,204,1006.5
2024-05-20T07:00,26.4,91,0.0,4.1,232,1007.3
2024-05-20T08:00,28.2,83,0.0,6.3,114,1008.1
2024-05-20T09:00,29.7,75,0.0,5.6,105,1008.4
2024-05-20T10:00,31.4,60,0.0,9.0,90,1008.4
2024-05-20T11:00,32.1,57,0.0,10.3,78,1007.9
2024-05-20T12:00,32.9,53,0.0,9.2,64,1006.7
2024-05-20T13:00,33.4,51,0.0,8.3,34,1005.8
2024-05-20T14:00,32.8,55,0.0,12.8,11,1005.1
2024-05-20T15:00,31.0,67,0.1,15.4,16,1004.9
2024-05-20T16:00,30.6,69,0.0,13.2,22,1004.8
2024-05-20T17:00,30.0,71,0.0,9.8,24,1005.5
2024-05-20T18:00,29.4,74,0.0,7.6,31,1006.6
2024-05-20T19:00,27.9,89,0.2,3.6,6,1007.8
2024-05-20T20:00,29.2,78,0.0,5.4,94,1008.2
2024-05-20T21:00,28.3,82,0.0,6.9,174,1008.3
2024-05-20T22:00,27.3,82,0.0,9.0,233,1008.7
2024-05-20T23:00,26.9,83,0.0,5.4,228,1008.7
2024-05-21T00:00,26.8,85,0.0,4.7,203,1008.5
2024-05-21T01:00,26.3,87,0.0,4.5,209,1007.8
2024-05-21T02:00,26.3,87,0.0,5.6,220,1007.3
2024-05-21T03:00,25.9,89,0.0,3.6,225,1006.9
2024-05-21T04:00,25.9,89,0.0,3.9,236,1006.8
2024-05-21T05:00,25.6,91,0.0,3.1,249,1007.1
2024-05-21T06:00,25.2,93,0.0,4.2,239,1007.3
2024-05-21T07:00,26.7,87,0.0,4.6,231,1007.7
2024-05-21T08:00,28.8,77,0.0,4.5,194,1008.8
2024-05-21T09:00,30.3,70,0.0,2.0,135,1008.9
2024-05-21T10:00,31.2,64,0.1,4.6,45,1008.7
2024-05-21T11:00,31.6,62,0.1,6.6,22,1008.0
2024-05-21T12:00,31.4,65,0.4,8.3,360,1007.0
2024-05-21T13:00,31.0,69,0.1,11.4,347,1006.4
2024-05-21T14:00,30.2,71,0.0,10.0,347,1005.6
2024-05-21T15:00,30.8,66,0.0,8.3,358,1005.0
2024-05-21T16:00,30.7,67,0.0,7.2,3,1005.1
2024-05-21T17:00,30.0,70,0.0,5.0,21,1005.7
2024-05-21T18:00,28.9,77,0.0,3.2,27,1006.4
2024-05-21T19:00,28.3,84,0.0,3.6,37,1007.2
2024-05-21T20:00,28.5,82,0.0,4.3,48,1007.5
2024-05-21T21:00,28.3,85,0.0,4.3,66,1008.3
2024-05-21T22:00,26.4,87,4.9,7.5,287,1009.0
2024-05-21T23:00,24.0,93,6.0,5.7,252,1009.1
2024-05-22T00:00,25.6,91,1.0,5.5,113,1008.6
2024-05-22T01:00,26.0,89,0.0,2.9,180,1007.8
2024-05-22T02:00,25.9,90,0.0,2.5,188,1007.2
2024-05-22T03:00,25.3,93,0.0,3.4,212,1006.9
2024-05-22T04:00,25.2,93,0.0,3.1,225,1007.0
2024-05-22T05:00,25.2,93,0.1,3.6,217,1007.4
2024-05-22T06:00,25.2,94,0.0,3.7,209,1007.7
2024-05-22T07:00,26.2,92,0.0,3.8,197,1008.4
2024-05-22T08:00,28.9,80,0.0,4.0,185,1008.5
2024-05-22T09:00,29.8,75,0.1,0.5,315,1008.7
2024-05-22T10:00,30.7,72,0.0,6.2,353,1008.5
2024-05-22T11:00,31.0,72,0.0,8.5,348,1008.0
2024-05-22T12:00,30.9,72,0.1,11.9,2,1007.2
2024-05-22T13:00,29.4,78,1.3,8.4,7,1006.4
2024-05-22T14:00,29.8,76,0.1,8.2,337,1005.5
2024-05-22T15:00,30.1,73,0.0,7.2,323,1005.2
2024-05-22T16:00,30.0,72,0.0,5.1,309,1005.4
2024-05-22T17:00,27.0,87,2.2,10.1,215,1006.5
2024-05-22T18:00,26.1,92,0.1,6.7,234,1007.3
2024-05-22T19:00,25.5,95,1.1,5.5,203,1008.3
2024-05-22T20:00,27.1,91,0.0,6.8,212,1008.2
2024-05-22T21:00,27.0,90,0.0,5.6,165,1008.7
2024-05-22T22:00,26.7,90,0.0,7.9,164,1009.0
2024-05-22T23:00,26.1,95,0.5,2.5,225,1009.4
2024-05-23T00:00,25.3,96,3.5,2.4,207,1009.3
2024-05-23T01:00,25.1,96,0.1,3.1,234,1008.6
2024-05-23T02:00,25.1,94,0.0,6.1,225,1007.7
2024-05-23T03:00,24.8,94,0.0,6.6,229,1007.5
2024-05-23T04:00,24.8,94,0.0,5.2,245,1007.7
2024-05-23T05:00,24.8,94,0.0,5.1,262,1008.1
2024-05-23T06:00,24.7,93,0.0,4.6,252,1008.4
2024-05-23T07:00,25.6,91,0.0,5.4,262,1009.1
2024-05-23T08:00,28.3,80,0.0,2.5,225,1009.1
2024-05-23T09:00,29.9,72,0.0,1.5,346,1009.6
2024-05-23T10:00,29.5,74,0.1,10.1,356,1009.4
2024-05-23T11:00,28.7,81,0.9,10.5,352,1009.0
2024-05-23T12:00,29.7,76,0.1,8.1,13,1008.0
2024-05-23T13:00,29.7,75,0.0,12.3,355,1007.2
2024-05-23T14:00,28.9,77,0.6,13.3,341,1006.5
2024-05-23T15:00,28.8,80,0.7,9.8,336,1006.0
2024-05-23T16:00,28.5,78,0.9,10.6,336,1006.0
2024-05-23T17:00,27.5,84,1.2,7.6,301,1006.5
2024-05-23T18:00,26.8,88,0.2,5.2,214,1007.2
2024-05-23T19:00,26.1,93,0.0,6.2,170,1008.3
2024-05-23T20:00,26.4,92,1.1,6.9,186,1008.2
2024-05-23T21:00,25.9,95,0.1,6.1,177,1008.6
2024-05-23T22:00,25.7,94,0.2,7.6,135,1008.7
2024-05-23T23:00,25.5,94,0.0,6.4,142,1008.5
2024-05-24T00:00,25.4,94,0.0,10.2,122,1008.3
2024-05-24T01:00,25.3,93,0.0,8.4,121,1007.8
2024-05-24T02:00,25.1,93,0.0,8.2,119,1007.1
2024-05-24T03:00,25.0,93,0.0,6.0,115,1007.1
2024-05-24T04:00,25.0,92,0.0,8.6,123,1006.8
2024-05-24T05:00,25.2,91,0.0,6.4,106,1007.3
2024-05-24T06:00,25.2,91,0.0,6.5,124,1007.6
2024-05-24T07:00,25.8,89,0.0,4.2,121,1008.3
2024-05-24T08:00,25.4,94,1.4,6.2,100,1009.1
2024-05-24T09:00,26.9,87,0.1,10.1,86,1009.3
2024-05-24T10:00,28.7,80,0.0,7.2,84,1008.9
2024-05-24T11:00,30.2,75,0.1,7.6,59,1008.6
2024-05-24T12:00,30.7,73,0.1,9.3,28,1007.8
2024-05-24T13:00,28.0,86,6.7,10.0,345,1006.8
2024-05-24T14:00,28.5,86,0.7,5.5,11,1006.2
2024-05-24T15:00,29.0,84,0.2,3.8,343,1005.9
2024-05-24T16:00,28.6,84,0.2,5.6,50,1006.2
2024-05-24T17:00,27.1,88,4.2,5.4,132,1006.6
2024-05-24T18:00,26.4,93,1.1,6.5,180,1007.4
2024-05-24T19:00,25.8,96,0.7,6.6,202,1008.3
2024-05-24T20:00,26.0,95,2.3,5.6,255,1008.6
2024-05-24T21:00,26.0,95,1.9,3.3,186,1009.4
2024-05-24T22:00,26.1,93,1.5,1.4,90,1010.0
2024-05-24T23:00,25.8,95,2.6,5.6,285,1009.9
2024-05-25T00:00,25.2,97,3.4,5.4,262,1010.3
2024-05-25T01:00,25.0,97,2.5,9.4,252,1009.8
2024-05-25T02:00,24.7,96,0.1,7.7,242,1009.0
2024-05-25T03:00,24.7,96,0.1,2.8,220,1008.4
2024-05-25T04:00,24.7,96,0.0,5.1,135,1008.5
2024-05-25T05:00,24.5,97,1.2,2.2,360,1009.0
2024-05-25T06:00,24.7,97,2.1,1.1,252,1010.2
2024-05-25T07:00,25.0,95,0.6,5.2,115,1009.9
2024-05-25T08:00,24.9,95,17.6,5.4,200,1011.1
2024-05-25T09:00,25.1,94,11.2,4.5,209,1011.7
2024-05-25T10:00,25.3,93,6.7,6.1,180,1011.6
2024-05-25T11:00,25.4,93,4.6,4.2,149,1011.1
2024-05-25T12:00,25.7,91,2.0,4.2,121,1010.2
2024-05-25T13:00,25.9,90,1.0,4.4,125,1009.7
2024-05-25T14:00,26.0,87,0.8,3.1,126,1009.3
2024-05-25T15:00,26.0,87,0.6,3.4,122,1008.9
2024-05-25T16:00,25.8,91,0.4,4.1,165,1008.7
2024-05-25T17:00,25.5,92,0.2,5.4,176,1008.4
2024-05-25T18:00,25.3,93,0.0,4.3,185,1008.7
2024-05-25T19:00,24.8,95,0.0,3.7,191,1008.9
2024-05-25T20:00,26.1,90,0.0,6.0,123,1009.3
2024-05-25T21:00,26.0,91,0.0,5.8,94,1009.7
2024-05-25T22:00,26.3,90,0.0,7.6,93,1009.9
2024-05-25T23:00,26.3,92,0.0,7.2,96,1009.6
2024-05-26T00:00,26.3,92,0.0,7.8,112,1009.3
2024-05-26T01:00,26.5,90,0.0,7.6,95,1008.9
2024-05-26T02:00,26.3,91,0.0,7.6,82,1008.8
2024-05-26T03:00,26.4,90,0.0,6.6,81,1008.8
2024-05-26T04:00,26.4,89,0.0,4.8,103,1009.0
2024-05-26T05:00,25.7,92,0.0,4.1,135,1009.5
2024-05-26T06:00,25.2,94,0.0,4.2,160,1009.8
2024-05-26T07:00,26.3,90,0.0,5.0,150,1010.3
2024-05-26T08:00,27.2,89,0.0,5.1,184,1011.4
2024-05-26T09:00,29.1,80,0.0,4.6,135,1011.1
2024-05-26T10:00,30.4,72,0.1,8.3,72,1011.0
2024-05-26T11:00,31.0,68,0.0,10.7,50,1010.5
2024-05-26T12:00,31.6,62,0.0,10.5,38,1009.4
2024-05-26T13:00,31.9,57,0.0,11.8,23,1008.5
2024-05-26T14:00,31.2,59,0.0,14.4,13,1008.0
2024-05-26T15:00,30.6,65,0.0,13.3,13,1007.1
2024-05-26T16:00,30.2,71,0.0,11.0,23,1007.0
2024-05-26T17:00,29.6,74,0.0,9.5,25,1007.2
2024-05-26T18:00,29.0,74,0.0,9.3,28,1007.5
2024-05-26T19:00,28.6,76,0.0,8.1,45,1008.3
2024-05-26T20:00,28.4,79,0.0,5.0,69,1008.9
2024-05-26T21:00,27.6,84,0.0,3.8,107,1009.3
2024-05-26T22:00,27.2,86,0.0,4.4,125,1009.6
2024-05-26T23:00,27.1,86,0.0,4.7,122,1009.6
2024-05-27T00:00,26.9,88,0.0,5.2,124,1009.4
2024-05-27T01:00,26.6,90,0.0,4.9,126,1008.6
2024-05-27T02:00,26.3,91,0.0,4.6,141,1007.9
2024-05-27T03:00,25.8,93,0.0,4.1,135,1007.7
2024-05-27T04:00,25.4,94,0.0,5.2,124,1007.7
2024-05-27T05:00,26.4,88,0.0,2.6,164,1008.0
2024-05-27T06:00,25.4,93,0.0,2.6,196,1008.3
2024-05-27T07:00,26.7,89,0.0,3.2,153,1009.0
2024-05-27T08:00,28.4,82,0.0,3.8,131,1009.7
2024-05-27T09:00,30.0,78,0.0,5.2,115,1009.8
2024-05-27T10:00,31.4,67,0.0,8.4,100,1009.5
2024-05-27T11:00,32.3,62,0.0,9.7,90,1008.6
2024-05-27T12:00,32.9,60,0.0,8.8,78,1007.7
2024-05-27T13:00,33.1,60,0.0,6.6,49,1006.9
2024-05-27T14:00,32.8,61,0.0,8.1,13,1006.2
2024-05-27T15:00,31.5,70,0.3,10.9,9,1006.1
2024-05-27T16:00,30.4,75,0.0,10.3,25,1006.1
2024-05-27T17:00,30.1,76,0.0,7.7,49,1006.4
2024-05-27T18:00,29.5,78,0.0,6.3,59,1007.0
2024-05-27T19:00,29.0,82,0.0,6.1,50,1007.8
2024-05-27T20:00,26.6,91,0.3,6.0,155,1009.0
2024-05-27T21:00,26.6,90,0.1,3.3,167,1009.2
2024-05-27T22:00,26.2,93,0.0,4.3,138,1010.0
2024-05-27T23:00,26.1,94,0.0,3.9,146,1010.2
2024-05-28T00:00,25.9,96,0.0,3.7,169,1010.1
2024-05-28T01:00,25.8,96,0.0,3.3,174,1009.6
2024-05-28T02:00,25.7,96,0.0,3.3,193,1009.0
2024-05-28T03:00,25.3,96,0.0,3.8,221,1008.8
2024-05-28T04:00,25.2,96,0.0,3.8,221,1008.8
2024-05-28T05:00,25.4,96,0.0,4.4,235,1008.9
2024-05-28T06:00,25.2,96,0.0,3.6,225,1008.9
2024-05-28T07:00,26.1,93,0.0,4.7,203,1009.0
2024-05-28T08:00,28.6,78,0.0,4.7,176,1010.3
2024-05-28T09:00,30.0,72,0.0,5.0,159,1009.8
2024-05-28T10:00,31.1,67,0.0,5.4,86,1009.6
2024-05-28T11:00,31.8,63,0.0,6.6,68,1009.1
2024-05-28T12:00,32.1,61,0.1,5.9,43,1008.0
2024-05-28T13:00,32.1,61,0.1,8.0,10,1007.4
2024-05-28T14:00,31.0,72,0.5,12.1,12,1006.9
2024-05-28T15:00,30.2,76,0.0,12.5,12,1006.4
2024-05-28T16:00,30.3,74,0.0,8.5,12,1006.2
2024-05-28T17:00,29.8,77,0.0,6.8,18,1006.3
2024-05-28T18:00,28.9,82,0.0,4.1,15,1006.7
2024-05-28T19:00,28.6,83,0.0,4.6,18,1007.6
2024-05-28T20:00,26.4,91,1.7,13.3,199,1009.0
2024-05-28T21:00,25.2,95,3.1,7.3,123,1009.6
2024-05-28T22:00,25.7,93,0.3,3.5,156,1009.6
2024-05-28T23:00,25.7,93,0.0,2.3,129,1009.4
2024-05-29T00:00,25.7,93,0.0,3.8,163,1008.9
2024-05-29T01:00,25.3,96,0.0,3.3,167,1008.4
2024-05-29T02:00,24.8,97,0.0,4.8,167,1008.1
2024-05-29T03:00,25.0,96,0.0,3.3,186,1008.0
2024-05-29T04:00,24.7,96,0.0,5.4,172,1008.3
2024-05-29T05:00,24.7,95,0.0,5.4,138,1008.4
2024-05-29T06:00,25.2,93,0.0,4.6,129,1008.7
2024-05-29T07:00,26.4,90,0.0,7.5,125,1009.1
2024-05-29T08:00,28.2,83,0.0,8.3,124,1009.7
2024-05-29T09:00,29.8,75,0.0,10.7,110,1009.9
2024-05-29T10:00,30.9,68,0.1,10.6,100,1009.6
2024-05-29T11:00,31.6,64,0.1,9.4,83,1009.3
2024-05-29T12:00,31.8,62,0.1,8.4,65,1008.5
2024-05-29T13:00,30.8,69,0.4,11.2,33,1008.0
2024-05-29T14:00,30.3,75,0.4,12.0,16,1007.0
2024-05-29T15:00,30.5,74,0.0,7.5,17,1006.5
2024-05-29T16:00,30.6,74,0.0,6.3,13,1006.4
2024-05-29T17:00,27.8,84,0.6,6.8,87,1006.6
2024-05-29T18:00,27.1,86,0.4,3.3,283,1006.8
2024-05-29T19:00,26.8,91,0.0,3.5,246,1007.4
2024-05-29T20:00,27.9,86,0.0,10.6,190,1008.5
2024-05-29T21:00,26.8,86,0.4,4.9,253,1008.9
2024-05-29T22:00,26.0,90,0.2,8.9,291,1009.3
2024-05-29T23:00,25.4,92,1.4,10.2,108,1009.9
2024-05-30T00:00,25.3,91,0.7,6.9,129,1009.7
2024-05-30T01:00,24.9,91,0.0,3.6,127,1009.3
2024-05-30T02:00,24.7,91,0.0,2.9,150,1008.9
2024-05-30T03:00,24.4,93,0.0,3.9,202,1008.9
2024-05-30T04:00,24.4,95,0.0,3.7,209,1009.0
2024-05-30T05:00,24.1,95,0.0,4.3,222,1009.3
2024-05-30T06:00,24.7,94,0.0,4.1,225,1009.4
2024-05-30T07:00,25.8,92,0.0,4.4,215,1009.8
2024-05-30T08:00,28.4,83,0.0,6.1,183,1010.3
2024-05-30T09:00,29.9,74,0.0,3.9,146,1010.1
2024-05-30T10:00,30.8,68,0.1,4.5,61,1009.9
2024-05-30T11:00,31.5,65,0.1,5.1,45,1009.4
2024-05-30T12:00,31.7,64,0.1,6.4,16,1008.2
2024-05-30T13:00,31.3,69,0.2,10.4,358,1007.6
2024-05-30T14:00,30.4,75,0.6,13.0,354,1007.0
2024-05-30T15:00,30.4,73,0.0,10.8,360,1006.5
2024-05-30T16:00,30.1,74,0.0,8.4,353,1006.2
2024-05-30T17:00,29.7,77,0.0,5.9,346,1006.2
2024-05-30T18:00,28.8,81,0.0,6.2,353,1006.9
2024-05-30T19:00,28.4,84,0.0,5.4,8,1007.8
2024-05-30T20:00,28.0,84,0.0,3.1,159,1008.9
2024-05-30T21:00,27.5,84,0.0,7.7,191,1009.3
2024-05-30T22:00,27.0,85,0.0,4.6,162,1009.5
2024-05-30T23:00,26.7,85,0.0,4.9,144,1009.2
2024-05-31T00:00,26.2,89,0.0,3.9,146,1008.9
2024-05-31T01:00,25.8,91,0.0,5.4,160,1008.9
2024-05-31T02:00,25.6,92,0.0,4.3,175,1008.7
2024-05-31T03:00,25.4,93,0.8,3.4,162,1008.8
2024-05-31T04:00,25.6,92,0.0,2.5,188,1008.6
2024-05-31T05:00,25.5,92,0.0,3.9,214,1008.9
2024-05-31T06:00,25.3,93,0.1,4.0,270,1009.3
2024-05-31T07:00,26.2,91,0.0,3.2,270,1009.9
2024-05-31T08:00,27.9,80,0.0,2.6,214,1010.7
2024-05-31T09:00,29.6,75,0.0,2.8,220,1010.6
2024-05-31T10:00,31.1,70,0.0,1.6,153,1010.1
2024-05-31T11:00,32.1,65,0.0,3.9,68,1009.6
2024-05-31T12:00,32.3,64,0.0,6.0,33,1008.5
2024-05-31T13:00,32.1,66,0.0,9.8,17,1007.7
2024-05-31T14:00,31.2,74,0.7,13.3,13,1007.2
2024-05-31T15:00,30.3,77,1.0,13.1,8,1007.1
2024-05-31T16:00,30.6,71,0.0,9.8,24,1006.9
2024-05-31T17:00,30.2,73,0.0,7.2,37,1007.1
2024-05-31T18:00,29.0,81,0.0,3.8,41,1008.0
2024-05-31T19:00,28.9,82,0.0,6.4,47,1008.8
2024-05-31T20:00,27.7,83,0.0,10.4,200,1009.7
2024-05-31T21:00,26.9,85,0.0,2.5,225,1010.1
2024-05-31T22:00,26.9,85,0.0,2.1,211,1010.5
2024-05-31T23:00,26.1,91,0.0,4.4,171,1010.1
2024-06-01T00:00,25.8,92,0.0,4.7,203,1009.8
2024-06-01T01:00,25.9,91,0.0,3.8,229,1009.3
2024-06-01T02:00,25.9,91,0.0,5.4,233,1008.6
2024-06-01T03:00,25.9,91,0.0,4.6,231,1008.7
2024-06-01T04:00,25.8,92,0.0,5.4,217,1008.7
2024-06-01T05:00,25.6,93,0.0,4.2,211,1009.4
2024-06-01T06:00,25.7,93,0.0,2.9,240,1009.9
2024-06-01T07:00,25.6,91,1.4,7.9,39,1011.3
2024-06-01T08:00,28.0,85,0.0,1.8,217,1011.1
2024-06-01T09:00,29.5,77,0.0,3.2,180,1011.0
2024-06-01T10:00,30.5,71,0.1,3.8,49,1010.9
2024-06-01T11:00,31.0,71,0.0,7.1,15,1010.3
2024-06-01T12:00,30.8,75,0.2,10.4,2,1009.4
2024-06-01T13:00,29.1,83,0.3,14.0,1,1009.0
2024-06-01T14:00,29.9,77,0.0,10.1,17,1008.7
2024-06-01T15:00,29.6,79,0.0,8.7,30,1008.7
2024-06-01T16:00,29.5,80,0.1,5.5,32,1009.0
2024-06-01T17:00,28.5,83,0.2,3.4,72,1009.2
2024-06-01T18:00,27.1,88,1.1,4.1,195,1010.0
2024-06-01T19:00,26.7,92,0.7,4.3,204,1010.2
2024-06-01T20:00,26.4,95,0.0,6.1,177,1011.5
2024-06-01T21:00,26.3,93,0.0,4.0,175,1012.0
2024-06-01T22:00,26.2,93,0.0,4.6,162,1011.7
2024-06-01T23:00,26.0,94,0.0,3.1,144,1011.5
2024-06-02T00:00,25.8,95,0.0,3.6,143,1011.6
2024-06-02T01:00,25.4,97,0.0,3.0,194,1011.1
2024-06-02T02:00,25.5,96,0.0,2.4,207,1010.0
2024-06-02T03:00,25.3,97,0.0,3.0,194,1010.0
2024-06-02T04:00,25.4,96,0.0,3.1,225,1010.9
2024-06-02T05:00,25.3,97,0.0,2.9,180,1011.2
2024-06-02T06:00,25.2,97,0.0,2.9,180,1011.4
2024-06-02T07:00,26.1,94,0.0,4.3,180,1011.5
2024-06-02T08:00,27.8,86,0.0,3.6,186,1012.1
2024-06-02T09:00,28.8,80,0.0,3.2,180,1011.8
2024-06-02T10:00,29.8,74,0.0,1.4,180,1011.6
2024-06-02T11:00,30.6,70,0.0,4.6,45,1010.8
2024-06-02T12:00,31.2,68,0.0,7.2,27,1009.8
2024-06-02T13:00,31.1,70,0.0,9.3,13,1008.7
2024-06-02T14:00,30.5,71,0.6,11.1,25,1008.0
2024-06-02T15:00,29.5,78,0.1,10.0,26,1007.3
2024-06-02T16:00,29.6,77,0.0,10.3,25,1007.5
2024-06-02T17:00,29.2,79,0.1,9.7,31,1008.6
2024-06-02T18:00,26.9,90,6.2,6.8,65,1009.7
2024-06-02T19:00,26.0,95,2.5,2.2,81,1010.8
2024-06-02T20:00,25.7,95,1.1,5.9,43,1011.7
2024-06-02T21:00,25.9,92,0.1,3.3,6,1011.7
2024-06-02T22:00,25.7,91,0.0,3.1,339,1011.8
2024-06-02T23:00,25.4,92,1.0,2.8,130,1012.3
2024-06-03T00:00,25.3,94,0.1,6.5,180,1011.6
2024-06-03T01:00,24.6,96,0.0,4.5,194,1010.9
2024-06-03T02:00,24.2,96,0.0,2.6,254,1010.6
2024-06-03T03:00,24.2,95,0.0,3.1,216,1010.4
2024-06-03T04:00,24.5,93,0.0,3.6,180,1010.4
2024-06-03T05:00,24.2,95,0.0,3.2,180,1010.6
2024-06-03T06:00,24.1,96,0.0,4.0,185,1010.8
2024-06-03T07:00,25.2,91,0.0,1.9,158,1011.3
2024-06-03T08:00,24.5,92,5.4,5.6,225,1011.9
2024-06-03T09:00,26.4,85,0.3,4.8,257,1012.0
2024-06-03T10:00,28.0,81,0.1,3.9,236,1011.7
2024-06-03T11:00,29.6,75,0.0,1.8,191,1010.8
2024-06-03T12:00,30.8,70,0.0,2.4,27,1009.8
2024-06-03T13:00,30.8,71,0.1,7.2,6,1009.1
2024-06-03T14:00,30.6,72,0.1,9.4,353,1008.5
2024-06-03T15:00,30.5,72,0.1,9.4,360,1008.0
2024-06-03T16:00,28.5,78,3.7,5.6,333,1009.1
2024-06-03T17:00,28.3,81,0.3,5.5,212,1009.4
2024-06-03T18:00,26.1,90,0.3,9.5,169,1010.3
2024-06-03T19:00,25.4,91,0.1,7.0,159,1010.2
2024-06-03T20:00,26.1,93,0.1,4.6,108,1010.8
2024-06-03T21:00,25.8,93,0.0,4.7,122,1011.0
2024-06-03T22:00,25.6,94,0.0,3.7,101,1011.3
2024-06-03T23:00,25.4,94,0.0,3.1,111,1011.2
2024-06-04T00:00,25.2,93,0.0,3.7,119,1010.9
2024-06-04T01:00,25.6,91,0.0,2.6,164,1010.4
2024-06-04T02:00,25.8,90,0.0,1.8,217,1010.0
2024-06-04T03:00,26.0,88,0.0,2.1,239,1009.7
2024-06-04T04:00,26.5,84,0.0,0.0,270,1009.9
2024-06-04T05:00,26.9,82,0.0,1.3,304,1010.6
2024-06-04T06:00,25.4,91,0.0,3.6,174,1010.4
2024-06-04T07:00,26.3,91,0.0,3.6,174,1011.1
2024-06-04T08:00,27.9,81,0.0,3.2,180,1011.8
2024-06-04T09:00,29.5,73,0.0,3.4,148,1011.9
2024-06-04T10:00,30.7,68,0.0,3.3,84,1011.7
2024-06-04T11:00,31.7,63,0.0,4.7,58,1011.3
2024-06-04T12:00,32.2,61,0.0,7.7,37,1010.6
2024-06-04T13:00,32.0,63,0.0,9.7,31,1009.7
2024-06-04T14:00,31.4,69,0.0,11.3,17,1009.1
2024-06-04T15:00,30.3,76,2.3,11.8,20,1008.7
2024-06-04T16:00,30.3,74,0.4,7.7,11,1008.7
2024-06-04T17:00,29.8,74,0.0,3.9,22,1009.2
2024-06-04T18:00,29.0,75,0.0,6.3,13,1010.0
2024-06-04T19:00,28.7,75,0.0,6.9,39,1011.2
2024-06-04T20:00,27.3,90,0.0,1.8,127,1011.8
2024-06-04T21:00,26.8,90,0.1,7.3,123,1012.4
2024-06-04T22:00,26.0,87,0.0,10.2,129,1012.7
2024-06-04T23:00,25.6,87,0.1,7.9,164,1012.4
2024-06-05T00:00,25.1,91,0.0,3.5,156,1011.8
2024-06-05T01:00,25.0,93,0.0,3.7,169,1011.3
2024-06-05T02:00,24.8,93,0.0,2.9,187,1010.8
2024-06-05T03:00,24.7,93,0.0,2.5,188,1010.6
2024-06-05T04:00,24.6,93,0.0,3.0,166,1010.5
2024-06-05T05:00,24.1,96,0.0,4.7,171,1010.9
2024-06-05T06:00,24.0,96,0.0,5.1,188,1011.2
2024-06-05T07:00,25.7,91,0.0,5.5,203,1011.8
2024-06-05T08:00,28.1,83,0.0,4.2,160,1012.7
2024-06-05T09:00,29.6,75,0.0,3.6,127,1012.8
2024-06-05T10:00,30.6,69,0.0,4.1,75,1012.4
2024-06-05T11:00,31.4,64,0.0,4.3,24,1011.9
2024-06-05T12:00,31.6,65,0.0,6.2,7,1011.0
2024-06-05T13:00,31.4,68,0.0,7.9,3,1010.3
2024-06-05T14:00,31.3,70,0.0,9.8,354,1009.0
2024-06-05T15:00,30.4,73,0.0,10.6,18,1008.7
2024-06-05T16:00,29.4,77,0.7,1.8,53,1008.8
2024-06-05T17:00,29.4,78,0.1,3.8,343,1008.9
2024-06-05T18:00,28.3,84,0.0,3.4,328,1009.1
2024-06-05T19:00,27.7,87,0.0,3.8,319,1009.7
2024-06-05T20:00,27.9,85,0.0,5.2,74,1010.8
2024-06-05T21:00,27.7,85,0.0,4.3,90,1011.4
2024-06-05T22:00,27.0,88,0.0,5.8,112,1011.5
2024-06-05T23:00,26.7,86,0.0,4.3,132,1011.5
2024-06-06T00:00,26.0,89,0.0,5.5,148,1011.4
2024-06-06T01:00,25.6,90,0.0,5.4,172,1010.9
2024-06-06T02:00,25.7,88,0.0,4.5,194,1010.4
2024-06-06T03:00,25.3,90,0.0,3.4,198,1010.5
2024-06-06T04:00,24.6,93,0.0,5.2,196,1010.5
2024-06-06T05:00,24.3,92,0.0,4.0,207,1010.5
2024-06-06T06:00,23.8,93,0.0,4.0,185,1010.6
2024-06-06T07:00,25.1,88,0.0,3.2,180,1010.9
2024-06-06T08:00,27.6,77,0.0,4.7,180,1012.0
2024-06-06T09:00,29.6,73,0.0,4.8,153,1011.4
2024-06-06T10:00,31.0,64,0.0,5.2,102,1010.9
2024-06-06T11:00,31.9,57,0.0,8.0,72,1010.5
2024-06-06T12:00,32.2,55,0.0,9.2,48,1009.6
2024-06-06T13:00,32.1,57,0.1,10.2,18,1008.8
2024-06-06T14:00,30.7,68,0.5,14.1,6,1008.4
2024-06-06T15:00,30.2,68,0.2,13.8,9,1007.6
2024-06-06T16:00,30.0,67,0.0,11.7,18,1007.4
2024-06-06T17:00,29.5,69,0.0,10.1,27,1007.6
2024-06-06T18:00,28.9,74,0.0,9.8,24,1008.4
2024-06-06T19:00,28.6,78,0.0,7.7,37,1009.6
2024-06-06T20:00,27.9,84,0.0,4.0,85,1010.3
2024-06-06T21:00,27.7,83,0.0,6.2,111,1011.3
2024-06-06T22:00,27.2,84,0.0,4.1,128,1011.8
2024-06-06T23:00,26.3,90,0.0,3.3,229,1011.8
2024-06-07T00:00,26.1,85,0.1,9.2,206,1011.9
2024-06-07T01:00,25.3,86,0.1,7.6,199,1011.5
2024-06-07T02:00,25.3,86,0.0,3.7,169,1011.0
2024-06-07T03:00,25.1,89,0.0,6.0,163,1010.3
2024-06-07T04:00,24.7,91,0.0,5.2,155,1010.2
2024-06-07T05:00,24.8,91,0.0,4.5,166,1010.1
2024-06-07T06:00,24.4,93,0.0,3.6,174,1010.4
2024-06-07T07:00,25.5,90,0.0,3.6,180,1011.0
2024-06-07T08:00,27.5,81,0.0,3.9,158,1011.2
2024-06-07T09:00,29.1,74,0.0,4.3,138,1011.3
2024-06-07T10:00,30.4,66,0.0,4.8,77,1010.9
2024-06-07T11:00,31.1,61,0.0,6.3,24,1010.4
2024-06-07T12:00,31.0,62,0.0,8.7,5,1009.6
2024-06-07T13:00,30.8,66,0.0,10.8,2,1008.6
2024-06-07T14:00,30.2,69,0.0,13.3,3,1008.0
2024-06-07T15:00,30.0,69,0.0,13.0,6,1007.6
2024-06-07T16:00,29.6,71,0.0,10.5,6,1007.5
2024-06-07T17:00,29.0,74,0.0,7.6,8,1007.6
2024-06-07T18:00,28.0,81,0.0,4.0,355,1008.4
2024-06-07T19:00,27.2,87,0.0,5.0,21,1009.1
2024-06-07T20:00,28.4,76,0.0,4.3,42,1009.3
2024-06-07T21:00,27.6,80,0.0,3.3,131,1009.9
2024-06-07T22:00,26.2,87,0.0,3.9,146,1010.1
2024-06-07T23:00,25.5,92,0.0,5.3,152,1010.0
2024-06-08T00:00,26.0,84,0.0,10.7,130,1010.4
2024-06-08T01:00,25.2,85,0.4,6.4,52,1010.4
2024-06-08T02:00,25.2,91,0.1,8.1,45,1009.8
2024-06-08T03:00,25.3,92,0.0,5.7,72,1009.5
2024-06-08T04:00,24.9,94,0.0,4.2,121,1009.4
2024-06-08T05:00,24.4,95,0.0,3.6,127,1009.5
2024-06-08T06:00,24.2,93,0.0,5.9,137,1009.5
2024-06-08T07:00,25.0,89,0.0,6.4,137,1010.0
2024-06-08T08:00,27.6,75,0.0,5.9,142,1010.7
2024-06-08T09:00,29.3,71,0.0,7.9,114,1010.5
2024-06-08T10:00,30.6,65,0.0,7.9,90,1010.1
2024-06-08T11:00,31.5,59,0.0,9.0,61,1009.4
2024-06-08T12:00,31.7,59,0.0,10.1,35,1008.6
2024-06-08T13:00,31.4,61,0.1,12.1,23,1008.2
2024-06-08T14:00,30.3,71,0.7,12.5,18,1007.7
2024-06-08T15:00,30.5,70,0.0,11.5,20,1007.2
2024-06-08T16:00,30.1,70,0.4,11.0,19,1007.0
2024-06-08T17:00,29.7,71,0.0,10.0,26,1007.1
2024-06-08T18:00,28.8,76,0.0,10.5,27,1007.8
2024-06-08T19:00,28.4,79,0.0,7.4,47,1008.5
2024-06-08T20:00,28.3,78,0.0,8.4,80,1008.9
2024-06-08T21:00,27.7,82,0.0,7.2,96,1009.6
2024-06-08T22:00,27.0,86,0.0,4.3,138,1010.1
2024-06-08T23:00,26.6,87,0.0,5.6,195,1009.9
2024-06-09T00:00,26.0,87,0.1,6.1,208,1009.9
2024-06-09T01:00,25.5,89,0.7,2.2,279,1009.9
2024-06-09T02:00,24.7,93,1.8,7.7,323,1009.9
2024-06-09T03:00,24.9,93,0.3,3.5,294,1009.1
2024-06-09T04:00,24.6,94,0.1,2.7,293,1009.3
2024-06-09T05:00,24.3,95,0.0,4.3,275,1009.9
2024-06-09T06:00,25.2,90,0.0,2.4,207,1010.0
2024-06-09T07:00,25.6,91,0.0,3.9,146,1010.4
2024-06-09T08:00,27.9,83,0.0,6.5,90,1010.6
2024-06-09T09:00,28.9,78,0.1,6.6,77,1010.9
2024-06-09T10:00,30.0,73,0.2,5.8,60,1010.8
2024-06-09T11:00,30.6,71,0.1,7.6,25,1010.7
2024-06-09T12:00,30.1,73,2.1,9.8,6,1010.1
2024-06-09T13:00,27.3,87,5.4,5.6,50,1009.8
2024-06-09T14:00,29.1,79,0.2,5.1,352,1008.9
2024-06-09T15:00,29.7,76,0.7,4.3,355,1008.3
2024-06-09T16:00,29.0,79,0.2,1.8,37,1008.8
2024-06-09T17:00,27.9,83,1.6,5.8,210,1008.9
2024-06-09T18:00,27.1,89,0.0,6.2,216,1009.6
2024-06-09T19:00,26.4,90,1.0,5.7,215,1010.4
2024-06-09T20:00,26.7,87,0.0,6.4,207,1010.8
2024-06-09T21:00,26.3,89,0.0,3.6,174,1011.4
2024-06-09T22:00,26.0,92,0.3,5.9,52,1011.6
2024-06-09T23:00,26.5,87,0.1,2.2,360,1011.4
2024-06-10T00:00,25.9,91,0.0,2.5,225,1011.0
2024-06-10T01:00,25.3,95,0.0,3.8,229,1010.9
2024-06-10T02:00,25.1,96,0.0,3.6,225,1010.3
2024-06-10T03:00,25.1,96,0.0,3.1,234,1010.2
2024-06-10T04:00,24.8,96,0.0,3.3,221,1010.1
2024-06-10T05:00,25.0,95,0.0,3.3,221,1010.1
2024-06-10T06:00,24.8,96,0.0,3.4,212,1010.1
2024-06-10T07:00,25.9,92,0.0,4.2,200,1010.4
2024-06-10T08:00,28.0,78,0.0,4.1,165,1011.3
2024-06-10T09:00,29.5,73,0.0,2.4,153,1011.3
2024-06-10T10:00,30.6,69,0.0,2.5,82,1010.8
2024-06-10T11:00,31.5,64,0.0,5.9,47,1010.3
2024-06-10T12:00,31.6,64,0.1,9.2,26,1009.6
2024-06-10T13:00,30.8,71,0.5,10.7,12,1009.1
2024-06-10T14:00,30.0,77,0.4,12.3,355,1008.3
2024-06-10T15:00,30.0,73,0.0,11.2,4,1007.7
2024-06-10T16:00,30.2,72,0.0,11.9,29,1007.8
2024-06-10T17:00,29.9,73,0.0,9.8,28,1008.5
2024-06-10T18:00,29.2,77,0.0,8.4,31,1009.4
2024-06-10T19:00,27.5,86,1.9,2.3,72,1010.4
2024-06-10T20:00,25.9,96,1.0,7.2,198,1011.1
2024-06-10T21:00,26.1,91,0.1,3.5,246,1011.8
2024-06-10T22:00,26.2,90,0.1,1.8,281,1011.9
2024-06-10T23:00,26.1,92,0.2,1.5,104,1011.9
2024-06-11T00:00,26.0,92,0.3,2.9,187,1011.7
2024-06-11T01:00,25.8,92,0.1,3.9,236,1011.3
2024-06-11T02:00,25.4,93,0.2,2.7,337,1010.9
2024-06-11T03:00,25.2,95,2.4,3.0,166,1010.7
2024-06-11T04:00,24.8,93,2.0,1.1,162,1011.5
2024-06-11T05:00,24.6,91,0.1,6.2,201,1011.6
2024-06-11T06:00,24.3,92,0.0,2.3,129,1011.6
2024-06-11T07:00,25.0,90,0.0,1.4,180,1012.2
2024-06-11T08:00,27.1,85,0.0,3.0,194,1012.6
2024-06-11T09:00,28.3,79,0.0,2.6,124,1012.6
2024-06-11T10:00,29.2,76,0.0,6.9,51,1012.6
2024-06-11T11:00,28.6,78,0.4,11.6,7,1012.1
2024-06-11T12:00,26.8,86,0.6,16.2,32,1011.5
2024-06-11T13:00,26.9,83,1.2,13.4,31,1011.2
2024-06-11T14:00,27.2,83,0.7,5.8,60,1010.2
2024-06-11T15:00,28.4,79,0.0,3.3,41,1010.1
2024-06-11T16:00,28.4,79,0.1,0.5,45,1009.9
2024-06-11T17:00,27.2,83,1.8,5.8,94,1010.2
2024-06-11T18:00,25.3,91,2.4,10.5,131,1011.1
2024-06-11T19:00,24.7,91,1.2,7.4,113,1011.6
2024-06-11T20:00,25.6,92,0.1,7.7,217,1012.3
2024-06-11T21:00,25.1,94,1.4,6.5,124,1013.2
2024-06-11T22:00,25.1,91,0.2,6.2,126,1013.1
2024-06-11T23:00,25.1,90,0.0,3.6,90,1012.9
2024-06-12T00:00,24.8,92,0.0,5.7,125,1012.1
2024-06-12T01:00,24.5,92,0.0,3.8,131,1011.9
2024-06-12T02:00,24.4,94,0.0,5.1,141,1011.2
2024-06-12T03:00,24.2,95,0.0,5.5,148,1011.1
2024-06-12T04:00,24.2,95,0.0,6.4,133,1011.0
2024-06-12T05:00,24.3,93,0.0,6.3,103,1011.6
2024-06-12T06:00,24.3,92,0.0,6.8,122,1011.9
2024-06-12T07:00,24.8,91,0.0,8.2,105,1012.5
2024-06-12T08:00,26.9,87,0.0,1.3,146,1013.3
2024-06-12T09:00,28.3,79,0.0,4.7,58,1013.3
2024-06-12T10:00,29.6,71,0.0,7.1,41,1013.5
2024-06-12T11:00,30.0,71,0.0,10.8,26,1012.6
2024-06-12T12:00,28.4,79,5.6,12.2,45,1011.8
2024-06-12T13:00,28.6,80,0.1,8.1,45,1010.8
2024-06-12T14:00,29.4,77,0.1,9.2,39,1010.1
2024-06-12T15:00,28.3,79,3.5,9.5,37,1010.0
2024-06-12T16:00,27.6,82,2.9,4.2,31,1010.0
2024-06-12T17:00,26.2,89,1.6,4.9,73,1010.8
2024-06-12T18:00,25.9,93,0.1,6.1,140,1011.6
2024-06-12T19:00,25.1,95,0.0,7.3,171,1012.0
2024-06-12T20:00,25.2,92,0.2,6.0,205,1012.9
2024-06-12T21:00,25.0,93,0.1,6.9,186,1013.0
2024-06-12T22:00,24.9,94,0.0,4.7,157,1013.2
2024-06-12T23:00,24.3,96,0.0,4.3,132,1012.9
2024-06-13T00:00,24.4,95,0.0,3.4,122,1012.3
2024-06-13T01:00,24.2,95,0.0,4.0,95,1011.7
2024-06-13T02:00,24.3,94,0.0,3.1,135,1011.0
2024-06-13T03:00,24.2,95,0.0,3.3,139,1010.6
2024-06-13T04:00,24.1,95,0.0,2.9,150,1010.8
2024-06-13T05:00,24.1,95,0.0,4.1,142,1011.1
2024-06-13T06:00,24.1,95,0.0,4.7,171,1011.5
2024-06-13T07:00,24.6,94,0.0,5.0,150,1011.9
2024-06-13T08:00,26.8,87,0.0,7.9,120,1011.8
2024-06-13T09:00,28.2,80,0.0,8.5,102,1011.9
2024-06-13T10:00,29.4,72,0.0,11.2,75,1011.5
2024-06-13T11:00,29.2,75,0.3,13.1,58,1011.3
2024-06-13T12:00,29.6,75,0.1,9.0,53,1010.0
2024-06-13T13:00,30.3,71,0.1,10.2,45,1009.4
2024-06-13T14:00,29.9,72,3.7,10.9,44,1008.8
2024-06-13T15:00,28.7,77,5.5,3.3,131,1008.6
2024-06-13T16:00,28.0,80,0.0,5.8,68,1008.5
2024-06-13T17:00,27.8,81,0.1,2.3,129,1009.0
2024-06-13T18:00,26.3,91,0.1,5.1,176,1009.7
2024-06-13T19:00,26.0,92,0.0,5.4,184,1010.0
2024-06-13T20:00,27.8,81,0.0,6.9,99,1010.3
2024-06-13T21:00,27.4,83,0.0,5.6,117,1010.8
2024-06-13T22:00,26.4,89,0.0,3.6,143,1011.0
2024-06-13T23:00,26.4,88,0.0,5.6,130,1010.8
2024-06-14T00:00,26.2,88,0.0,7.1,135,1010.4
2024-06-14T01:00,26.0,89,0.0,7.0,125,1009.9
2024-06-14T02:00,25.6,88,0.1,4.1,105,1009.5
2024-06-14T03:00,25.7,90,0.1,7.6,90,1009.2
2024-06-14T04:00,25.3,94,0.7,2.5,8,1009.9
2024-06-14T05:00,25.0,95,0.1,3.1,249,1009.9
2024-06-14T06:00,24.8,94,2.2,3.0,194,1010.3
2024-06-14T07:00,24.9,93,0.0,6.2,126,1010.6
2024-06-14T08:00,27.8,82,0.0,7.5,107,1010.3
2024-06-14T09:00,29.1,77,0.0,8.7,95,1010.4
2024-06-14T10:00,30.2,69,0.0,9.7,88,1009.8
2024-06-14T11:00,30.8,64,0.0,9.2,64,1009.1
2024-06-14T12:00,31.0,64,0.2,7.4,39,1008.1
2024-06-14T13:00,30.8,68,0.1,9.7,27,1007.5
2024-06-14T14:00,30.7,71,0.1,11.0,23,1006.7
2024-06-14T15:00,29.8,75,0.7,12.6,27,1006.2
2024-06-14T16:00,28.9,78,0.6,3.7,79,1006.6
2024-06-14T17:00,28.1,82,0.3,3.7,151,1007.1
2024-06-14T18:00,26.8,89,0.1,5.8,184,1007.8
2024-06-14T19:00,26.1,92,0.0,8.3,175,1008.4
2024-06-14T20:00,26.9,88,0.0,5.8,187,1008.9
2024-06-14T21:00,26.6,89,0.0,3.6,186,1009.4
2024-06-14T22:00,26.4,90,0.0,3.7,151,1009.8
2024-06-14T23:00,26.1,92,0.0,4.6,129,1009.8
2024-06-15T00:00,25.5,94,0.2,2.8,310,1009.9
2024-06-15T01:00,25.3,93,2.7,9.3,242,1010.1
2024-06-15T02:00,24.6,95,0.1,8.5,234,1009.3
2024-06-15T03:00,24.3,94,0.1,3.6,174,1008.7
2024-06-15T04:00,24.3,94,0.0,5.3,208,1009.4
2024-06-15T05:00,24.2,95,0.6,4.8,222,1010.3
2024-06-15T06:00,24.3,93,0.7,5.1,141,1010.4
2024-06-15T07:00,24.6,93,0.0,5.1,172,1010.0
2024-06-15T08:00,26.0,87,0.1,4.1,165,1010.6
2024-06-15T09:00,27.6,83,0.0,6.2,159,1010.4
2024-06-15T10:00,29.0,77,0.1,5.3,152,1009.9
2024-06-15T11:00,30.0,71,0.1,5.0,150,1008.9
2024-06-15T12:00,30.7,67,0.1,2.6,214,1007.9
2024-06-15T13:00,31.1,67,0.1,3.2,297,1007.1
2024-06-15T14:00,31.3,68,0.1,6.5,341,1006.6
2024-06-15T15:00,28.5,80,2.9,3.8,319,1006.5
2024-06-15T16:00,28.7,78,0.1,3.2,180,1007.2
2024-06-15T17:00,28.0,80,0.2,5.2,124,1007.0
2024-06-15T18:00,27.1,84,0.1,6.7,106,1007.3
2024-06-15T19:00,26.4,88,0.0,8.7,107,1008.0
2024-06-15T20:00,27.2,91,0.0,5.8,112,1008.2
2024-06-15T21:00,26.7,91,0.0,5.9,101,1008.9
2024-06-15T22:00,26.6,92,0.0,5.4,90,1009.2
2024-06-15T23:00,26.3,94,0.0,5.0,90,1008.9
2024-06-16T00:00,25.8,96,0.0,2.9,97,1008.7
2024-06-16T01:00,25.0,97,3.1,3.6,307,1009.1
2024-06-16T02:00,24.6,96,5.3,5.4,233,1009.0
2024-06-16T03:00,24.6,95,1.6,3.4,122,1008.8
2024-06-16T04:00,24.5,92,0.0,3.7,151,1008.5
2024-06-16T05:00,24.4,93,0.1,3.1,225,1009.0
2024-06-16T06:00,24.2,94,0.0,2.6,214,1009.2
2024-06-16T07:00,24.8,93,0.0,3.2,180,1009.8
2024-06-16T08:00,25.0,90,0.7,2.3,108,1010.8
2024-06-16T09:00,25.7,89,0.1,4.7,328,1011.2
2024-06-16T10:00,26.6,84,0.0,5.9,313,1011.1
2024-06-16T11:00,28.0,78,0.0,6.0,303,1010.4
2024-06-16T12:00,29.2,74,0.1,6.6,319,1009.4
2024-06-16T13:00,29.7,73,0.1,7.9,336,1008.6
2024-06-16T14:00,29.2,76,0.1,9.6,347,1007.7
2024-06-16T15:00,29.2,77,0.0,9.5,349,1007.2
2024-06-16T16:00,28.7,78,0.0,9.1,353,1007.0
2024-06-16T17:00,28.2,78,0.0,7.6,5,1007.2
2024-06-16T18:00,26.9,88,0.1,3.1,315,1008.3
2024-06-16T19:00,26.9,88,0.0,3.4,288,1008.9
2024-06-16T20:00,25.9,93,0.1,5.8,158,1009.2
2024-06-16T21:00,25.8,90,0.1,4.8,103,1010.2
2024-06-16T22:00,25.7,89,0.0,5.0,69,1010.3
2024-06-16T23:00,25.4,91,0.0,4.2,121,1010.3
2024-06-17T00:00,25.1,93,0.0,3.4,122,1010.1
2024-06-17T01:00,25.1,91,0.0,6.9,39,1009.8
2024-06-17T02:00,25.1,89,0.1,5.4,110,1009.1
2024-06-17T03:00,24.8,92,0.1,3.4,122,1008.9
2024-06-17T04:00,24.4,95,0.0,4.8,103,1009.0
2024-06-17T05:00,24.4,94,0.0,4.2,121,1009.3
2024-06-17T06:00,24.5,94,0.0,3.8,139,1009.7
2024-06-17T07:00,25.4,91,0.0,4.4,145,1010.3
2024-06-17T08:00,27.4,85,0.0,6.1,130,1010.7
2024-06-17T09:00,28.9,78,0.0,4.0,100,1010.7
2024-06-17T10:00,30.1,71,0.1,4.9,54,1010.4
2024-06-17T11:00,30.7,68,0.1,6.4,16,1009.6
2024-06-17T12:00,30.6,67,0.0,9.8,8,1008.9
2024-06-17T13:00,30.1,70,0.0,11.2,354,1008.1
2024-06-17T14:00,29.7,73,0.2,10.5,352,1007.7
2024-06-17T15:00,29.7,71,0.1,9.8,6,1007.2
2024-06-17T16:00,30.0,66,0.0,8.2,15,1007.0
2024-06-17T17:00,29.5,66,0.0,7.2,18,1007.5
2024-06-17T18:00,28.6,71,0.0,5.8,356,1008.4
2024-06-17T19:00,27.6,79,0.0,4.2,340,1009.7
2024-06-17T20:00,27.8,84,0.0,5.1,82,1010.1
2024-06-17T21:00,27.2,86,0.0,4.4,145,1011.0
2024-06-17T22:00,26.8,86,0.0,4.0,190,1011.1
2024-06-17T23:00,26.5,87,0.0,4.4,215,1010.8
2024-06-18T00:00,26.1,90,0.0,3.7,209,1010.5
2024-06-18T01:00,25.8,91,0.0,5.5,238,1010.3
2024-06-18T02:00,25.6,91,0.0,5.5,238,1009.6
2024-06-18T03:00,25.3,91,0.0,5.9,227,1009.4
2024-06-18T04:00,24.8,93,0.0,5.9,232,1009.3
2024-06-18T05:00,24.6,93,0.0,4.8,228,1009.3
2024-06-18T06:00,24.1,95,0.0,4.6,219,1009.7
2024-06-18T07:00,25.2,91,0.0,4.7,238,1010.1
2024-06-18T08:00,27.4,83,0.0,2.3,198,1010.6
2024-06-18T09:00,28.7,76,0.0,2.4,117,1010.8
2024-06-18T10:00,29.3,73,0.0,7.4,43,1011.1
2024-06-18T11:00,27.4,82,2.9,10.5,68,1011.0
2024-06-18T12:00,28.2,80,0.1,5.1,51,1009.7
2024-06-18T13:00,28.8,78,0.1,7.1,66,1008.6
2024-06-18T14:00,28.8,78,0.1,6.5,56,1008.1
2024-06-18T15:00,29.0,77,0.0,4.8,42,1007.4
2024-06-18T16:00,28.9,76,0.0,2.3,39,1007.4
2024-06-18T17:00,28.3,78,0.1,3.1,69,1008.1
2024-06-18T18:00,25.8,93,1.5,9.4,94,1009.1
2024-06-18T19:00,25.1,91,0.1,12.2,118,1009.9
2024-06-18T20:00,26.3,90,1.8,9.8,188,1010.2
2024-06-18T21:00,25.3,93,0.3,10.3,151,1011.1
2024-06-18T22:00,24.8,93,0.0,3.3,139,1010.7
2024-06-18T23:00,25.3,88,0.0,2.7,67,1010.4
2024-06-19T00:00,24.8,91,0.0,4.5,29,1010.2
2024-06-19T01:00,25.0,90,0.0,4.2,70,1009.8
2024-06-19T02:00,24.8,92,0.0,3.3,131,1009.0
2024-06-19T03:00,24.5,94,0.0,4.1,142,1008.4
2024-06-19T04:00,23.9,95,0.0,5.1,184,1008.6
2024-06-19T05:00,23.8,94,0.0,3.7,209,1009.1
2024-06-19T06:00,23.9,94,0.0,4.2,200,1009.3
2024-06-19T07:00,25.0,92,0.0,4.6,198,1010.1
2024-06-19T08:00,27.1,82,0.0,5.6,165,1010.2
2024-06-19T09:00,28.7,75,0.0,6.5,124,1010.2
2024-06-19T10:00,30.0,69,0.0,10.0,105,1009.4
2024-06-19T11:00,30.9,65,0.0,12.0,97,1008.8
2024-06-19T12:00,31.5,62,0.0,11.6,85,1007.9
2024-06-19T13:00,31.8,59,0.1,10.5,74,1007.0
2024-06-19T14:00,31.9,58,0.0,10.3,54,1005.9
2024-06-19T15:00,31.4,59,0.1,10.7,45,1005.2
2024-06-19T16:00,30.6,63,0.1,12.0,49,1005.0
2024-06-19T17:00,29.7,68,0.0,11.9,65,1005.5
2024-06-19T18:00,28.8,74,0.0,13.2,73,1006.0
2024-06-19T19:00,28.2,76,0.0,11.0,79,1006.8
2024-06-19T20:00,27.8,79,0.0,10.9,84,1007.5
2024-06-19T21:00,27.2,80,0.0,10.1,107,1008.0
2024-06-19T22:00,26.6,83,0.0,7.6,121,1008.5
2024-06-19T23:00,26.4,84,0.0,7.8,124,1008.2
2024-06-20T00:00,26.1,84,0.0,10.2,129,1008.0
2024-06-20T01:00,25.9,84,0.0,10.9,124,1007.6
2024-06-20T02:00,25.6,84,0.0,11.8,128,1007.0
2024-06-20T03:00,25.1,85,0.0,9.2,129,1006.7
2024-06-20T04:00,24.3,88,0.0,5.5,122,1006.5
2024-06-20T05:00,23.2,93,0.0,5.2,102,1006.8
2024-06-20T06:00,23.1,92,0.0,4.7,99,1007.6
2024-06-20T07:00,24.8,88,0.0,2.2,99,1008.5
2024-06-20T08:00,26.6,83,0.0,5.4,94,1009.3
2024-06-20T09:00,28.3,76,0.0,5.2,102,1009.3
2024-06-20T10:00,29.9,64,0.0,9.4,97,1009.2
2024-06-20T11:00,30.8,59,0.0,11.2,84,1008.6
2024-06-20T12:00,31.5,55,0.0,10.3,78,1007.7
2024-06-20T13:00,32.0,53,0.0,9.1,72,1007.0
2024-06-20T14:00,32.3,52,0.0,8.4,59,1006.0
2024-06-20T15:00,32.2,52,0.0,7.3,57,1005.5
2024-06-20T16:00,31.4,54,0.0,6.9,47,1005.6
2024-06-20T17:00,29.9,64,0.0,11.2,40,1006.1
2024-06-20T18:00,28.6,69,0.0,13.8,51,1006.6
2024-06-20T19:00,28.0,71,0.0,10.4,56,1007.6
2024-06-20T20:00,27.6,76,0.0,7.2,96,1008.8
2024-06-20T21:00,26.8,78,0.0,7.7,127,1009.3
2024-06-20T22:00,26.2,80,0.0,6.1,140,1009.8
2024-06-20T23:00,25.8,81,0.0,6.0,147,1009.6
2024-06-21T00:00,25.5,81,0.0,6.6,135,1009.5
2024-06-21T01:00,25.3,80,0.0,6.9,133,1009.0
2024-06-21T02:00,24.9,81,0.0,5.9,137,1008.4
2024-06-21T03:00,24.6,82,0.0,5.6,140,1008.1
2024-06-21T04:00,24.4,81,0.0,5.6,135,1008.0
2024-06-21T05:00,23.6,86,0.0,5.9,128,1008.4
2024-06-21T06:00,23.1,89,0.0,5.3,152,1008.9
2024-06-21T07:00,24.6,83,0.0,4.0,175,1009.5
2024-06-21T08:00,26.9,75,0.0,4.2,160,1010.3
2024-06-21T09:00,28.6,68,0.0,4.7,148,1010.4
2024-06-21T10:00,30.1,61,0.0,6.1,118,1009.8
2024-06-21T11:00,31.1,56,0.0,7.1,105,1008.7
2024-06-21T12:00,31.8,52,0.0,7.2,93,1007.8
2024-06-21T13:00,32.2,50,0.0,6.4,63,1007.1
2024-06-21T14:00,32.2,50,0.0,6.6,29,1006.7
2024-06-21T15:00,31.2,59,0.0,10.3,12,1006.3
2024-06-21T16:00,30.0,66,0.0,13.1,9,1006.5
2024-06-21T17:00,29.1,71,0.0,13.4,20,1006.9
2024-06-21T18:00,28.4,74,0.0,11.8,40,1007.6
2024-06-21T19:00,28.0,77,0.0,8.8,55,1008.7
2024-06-21T20:00,26.4,81,0.1,8.0,198,1010.0
2024-06-21T21:00,25.6,83,0.0,6.8,198,1010.9
2024-06-21T22:00,25.5,84,0.0,8.2,203,1010.8
2024-06-21T23:00,25.3,85,0.0,4.3,180,1010.7
2024-06-22T00:00,25.1,89,0.0,4.0,180,1010.7
2024-06-22T01:00,24.6,91,0.0,4.9,197,1010.2
2024-06-22T02:00,24.5,90,0.0,4.8,193,1009.7
2024-06-22T03:00,24.3,90,0.0,4.0,190,1009.2
2024-06-22T04:00,23.8,91,0.0,4.7,184,1009.4
2024-06-22T05:00,23.6,92,0.0,4.8,193,1009.9
2024-06-22T06:00,24.1,89,0.0,3.3,186,1010.1
2024-06-22T07:00,24.9,87,0.0,4.6,135,1010.2
2024-06-22T08:00,27.1,81,0.0,3.6,135,1011.1
2024-06-22T09:00,28.3,75,0.0,4.3,132,1011.1
2024-06-22T10:00,29.5,69,0.0,3.2,117,1010.5
2024-06-22T11:00,30.2,64,0.0,0.5,45,1009.7
2024-06-22T12:00,30.8,60,0.0,2.9,353,1009.1
2024-06-22T13:00,30.8,61,0.0,5.8,353,1008.3
2024-06-22T14:00,30.5,63,0.1,8.0,350,1007.8
2024-06-22T15:00,29.5,69,0.4,12.0,353,1007.5
2024-06-22T16:00,29.5,65,0.0,9.9,350,1007.5
2024-06-22T17:00,29.2,66,0.0,3.9,338,1007.7
2024-06-22T18:00,27.9,76,0.0,4.3,318,1008.1
2024-06-22T19:00,27.6,75,0.0,4.3,355,1008.8
2024-06-22T20:00,27.6,71,0.0,6.2,97,1009.9
2024-06-22T21:00,26.4,79,0.0,4.2,149,1010.4
2024-06-22T22:00,25.6,85,0.0,4.0,185,1011.0
2024-06-22T23:00,25.1,89,0.0,4.1,195,1010.8
2024-06-23T00:00,24.9,89,0.0,4.7,189,1010.8
2024-06-23T01:00,24.7,90,0.0,5.7,198,1010.3
2024-06-23T02:00,24.4,89,0.0,7.0,201,1009.5
2024-06-23T03:00,24.0,89,0.0,5.8,210,1009.1
2024-06-23T04:00,23.6,87,0.0,4.7,203,1008.8
2024-06-23T05:00,22.9,90,0.0,4.0,185,1008.8
2024-06-23T06:00,22.6,90,0.0,4.7,184,1009.2
2024-06-23T07:00,24.0,84,0.0,5.5,203,1009.7
2024-06-23T08:00,26.5,78,0.0,6.3,211,1010.5
2024-06-23T09:00,29.1,65,0.0,5.4,184,1010.6
2024-06-23T10:00,30.5,54,0.0,8.2,113,1010.4
2024-06-23T11:00,31.3,50,0.0,10.5,98,1009.9
2024-06-23T12:00,31.8,50,0.0,8.8,78,1008.8
2024-06-23T13:00,32.3,49,0.0,7.1,41,1008.2
2024-06-23T14:00,31.8,52,0.0,8.8,9,1007.3
2024-06-23T15:00,30.0,65,0.0,16.8,345,1006.7
2024-06-23T16:00,29.1,65,0.0,13.4,354,1006.5
2024-06-23T17:00,29.2,67,0.0,9.4,23,1006.7
2024-06-23T18:00,28.8,68,0.0,9.7,22,1007.5
2024-06-23T19:00,27.7,76,0.0,4.7,23,1008.0
2024-06-23T20:00,27.8,76,0.0,4.4,55,1008.5
2024-06-23T21:00,26.5,86,0.0,5.5,113,1009.2
2024-06-23T22:00,26.2,81,0.0,5.1,176,1009.5
2024-06-23T23:00,25.9,77,0.0,5.8,187,1009.5
2024-06-24T00:00,25.5,80,0.0,4.1,195,1009.6
2024-06-24T01:00,25.5,79,0.0,4.7,203,1009.0
2024-06-24T02:00,25.3,80,0.0,5.5,212,1008.3
2024-06-24T03:00,25.2,80,0.0,3.4,238,1008.4
2024-06-24T04:00,25.0,80,0.0,3.6,217,1008.2
2024-06-24T05:00,24.6,82,0.0,3.6,217,1008.4
2024-06-24T06:00,24.4,83,0.0,3.8,221,1009.0
2024-06-24T07:00,25.5,79,0.0,4.6,219,1009.6
2024-06-24T08:00,27.6,72,0.0,2.1,239,1010.4
2024-06-24T09:00,29.3,68,0.0,1.5,225,1010.1
2024-06-24T10:00,30.4,64,0.0,1.8,53,1009.8
2024-06-24T11:00,30.9,61,0.0,9.0,29,1009.7
2024-06-24T12:00,30.3,66,0.0,13.7,27,1009.2
2024-06-24T13:00,29.0,75,1.6,14.1,32,1008.5
2024-06-24T14:00,30.0,66,0.1,12.1,63,1007.7
2024-06-24T15:00,30.7,62,0.0,11.3,97,1006.3
2024-06-24T16:00,30.6,63,0.0,9.7,105,1006.2
2024-06-24T17:00,29.7,67,0.0,7.1,114,1006.4
2024-06-24T18:00,28.7,72,0.0,5.2,115,1007.5
2024-06-24T19:00,28.2,76,0.0,4.3,95,1008.5
2024-06-24T20:00,28.1,81,1.0,0.4,270,1008.4
2024-06-24T21:00,26.9,91,1.0,3.7,281,1009.0
2024-06-24T22:00,26.6,92,0.4,5.4,250,1009.2
2024-06-24T23:00,25.9,95,0.0,7.1,246,1009.0
2024-06-25T00:00,25.4,93,0.1,7.2,233,1008.6
2024-06-25T01:00,25.4,93,0.0,6.5,214,1007.9
2024-06-25T02:00,25.2,95,0.0,6.4,232,1007.5
2024-06-25T03:00,25.1,95,0.0,4.9,234,1007.0
2024-06-25T04:00,25.0,94,0.0,5.8,266,1007.0
2024-06-25T05:00,25.1,93,0.0,7.5,287,1007.7
2024-06-25T06:00,24.9,95,0.1,3.0,14,1008.0
2024-06-25T07:00,25.7,90,0.2,8.2,337,1008.8
2024-06-25T08:00,27.5,86,0.0,5.6,320,1009.6
2024-06-25T09:00,28.3,81,0.1,2.1,59,1009.5
2024-06-25T10:00,29.9,69,0.0,6.4,74,1009.0
2024-06-25T11:00,30.3,67,0.1,8.9,63,1008.6
2024-06-25T12:00,31.2,64,0.1,9.7,59,1007.8
2024-06-25T13:00,31.4,65,0.1,8.2,38,1006.9
2024-06-25T14:00,30.9,65,0.1,11.3,59,1006.4
2024-06-25T15:00,30.8,67,1.2,8.4,43,1006.0
2024-06-25T16:00,29.7,73,0.4,11.2,45,1006.1
2024-06-25T17:00,27.6,86,1.6,4.8,13,1006.7
2024-06-25T18:00,25.6,94,1.0,2.4,153,1008.0
2024-06-25T19:00,25.1,94,0.5,6.6,171,1008.7
2024-06-25T20:00,25.8,91,0.0,5.5,169,1008.8
2024-06-25T21:00,25.4,91,0.0,6.6,167,1009.6
2024-06-25T22:00,25.5,88,0.0,5.9,137,1009.4
2024-06-25T23:00,25.5,87,0.0,7.1,131,1009.3
2024-06-26T00:00,25.5,87,0.0,8.9,122,1009.3
2024-06-26T01:00,25.4,88,0.0,10.0,111,1009.0
2024-06-26T02:00,25.1,89,0.0,9.7,112,1008.1
2024-06-26T03:00,24.9,89,0.0,8.7,95,1007.8
2024-06-26T04:00,24.8,90,0.0,10.1,92,1007.5
2024-06-26T05:00,24.6,91,0.0,9.4,97,1007.7
2024-06-26T06:00,24.6,91,0.0,9.4,108,1007.6
2024-06-26T07:00,25.2,89,0.0,10.3,102,1008.1
2024-06-26T08:00,26.8,82,0.0,8.1,111,1008.8
2024-06-26T09:00,28.4,75,0.0,11.3,99,1008.7
2024-06-26T10:00,29.7,69,0.0,12.2,88,1008.3
2024-06-26T11:00,30.7,63,0.1,12.2,71,1007.7
2024-06-26T12:00,31.3,60,0.1,12.3,58,1006.8
2024-06-26T13:00,31.6,60,0.1,12.8,52,1006.1
2024-06-26T14:00,31.5,61,0.0,14.0,46,1005.6
2024-06-26T15:00,30.7,66,0.1,15.9,39,1005.8
2024-06-26T16:00,30.0,70,0.0,15.5,44,1005.8
2024-06-26T17:00,29.5,73,0.0,12.2,56,1005.8
2024-06-26T18:00,28.8,76,0.0,10.9,63,1006.5
2024-06-26T19:00,28.2,78,0.0,9.8,73,1007.3
2024-06-26T20:00,27.9,80,0.0,6.8,93,1008.3
2024-06-26T21:00,27.4,82,0.0,5.4,94,1009.1
2024-06-26T22:00,27.1,85,0.0,5.1,94,1009.7
2024-06-26T23:00,26.7,87,0.0,6.2,111,1009.8
2024-06-27T00:00,26.5,87,0.0,6.8,122,1009.6
2024-06-27T01:00,26.4,87,0.0,8.1,122,1009.5
2024-06-27T02:00,26.2,87,0.0,6.2,100,1009.0
2024-06-27T03:00,26.0,88,0.0,4.4,81,1008.5
2024-06-27T04:00,25.6,90,0.1,4.4,81,1008.7
2024-06-27T05:00,25.3,91,0.0,4.0,95,1008.9
2024-06-27T06:00,25.4,90,0.0,4.7,81,1009.0
2024-06-27T07:00,26.4,85,0.0,5.6,105,1009.4
2024-06-27T08:00,27.7,79,0.0,9.8,114,1009.8
2024-06-27T09:00,29.1,75,0.0,12.5,102,1010.1
2024-06-27T10:00,30.1,71,0.0,11.9,90,1009.9
2024-06-27T11:00,30.7,70,0.1,11.5,70,1009.4
2024-06-27T12:00,31.3,67,0.1,9.2,51,1008.4
2024-06-27T13:00,31.6,65,0.0,11.3,22,1008.0
2024-06-27T14:00,29.4,75,2.2,14.0,12,1007.7
2024-06-27T15:00,29.9,75,0.7,10.8,30,1007.2
2024-06-27T16:00,30.1,69,0.1,12.0,41,1007.4
2024-06-27T17:00,28.5,75,0.5,7.6,95,1008.0
2024-06-27T18:00,26.6,89,0.8,6.5,146,1008.6
2024-06-27T19:00,25.9,93,0.0,4.0,170,1009.4
2024-06-27T20:00,26.0,90,0.0,5.7,162,1009.7
2024-06-27T21:00,26.0,90,0.0,5.6,153,1009.8
2024-06-27T22:00,25.9,91,0.0,5.5,148,1009.9
2024-06-27T23:00,25.9,92,0.0,5.4,132,1010.1
2024-06-28T00:00,25.9,91,0.0,6.6,112,1010.0
2024-06-28T01:00,25.9,90,0.0,6.7,106,1009.8
2024-06-28T02:00,25.7,90,0.0,6.3,121,1009.6
2024-06-28T03:00,25.4,92,0.0,5.4,127,1009.4
2024-06-28T04:00,25.2,92,0.0,4.2,121,1009.4
2024-06-28T05:00,25.3,93,0.0,5.4,110,1009.6
2024-06-28T06:00,24.8,94,0.0,4.0,90,1009.9
2024-06-28T07:00,26.2,89,0.0,4.7,81,1010.4
2024-06-28T08:00,27.3,82,0.0,3.8,73,1011.5
2024-06-28T09:00,27.7,80,0.4,9.8,62,1011.4
2024-06-28T10:00,28.7,78,0.2,6.9,47,1011.2
2024-06-28T11:00,29.8,76,0.1,6.9,43,1010.6
2024-06-28T12:00,30.3,72,0.1,9.0,29,1009.7
2024-06-28T13:00,29.8,77,1.1,13.4,14,1009.0
2024-06-28T14:00,29.0,78,3.3,13.5,16,1008.3
2024-06-28T15:00,28.7,82,0.0,8.4,31,1007.7
2024-06-28T16:00,29.3,78,0.0,7.9,39,1007.6
2024-06-28T17:00,28.4,78,0.6,6.5,56,1008.1
2024-06-28T18:00,26.1,93,2.2,6.1,140,1008.9
2024-06-28T19:00,25.8,93,0.1,8.0,185,1009.5
2024-06-28T20:00,25.0,93,0.6,10.0,116,1010.3
2024-06-28T21:00,25.4,89,0.1,7.8,112,1010.9
2024-06-28T22:00,25.1,91,0.0,3.9,124,1010.9
2024-06-28T23:00,24.9,91,0.0,3.1,126,1010.5
2024-06-29T00:00,24.7,94,0.0,3.9,146,1010.7
2024-06-29T01:00,24.6,95,0.0,3.9,202,1010.5
2024-06-29T02:00,24.4,96,0.0,4.0,243,1010.1
2024-06-29T03:00,24.6,95,0.0,3.4,212,1009.8
2024-06-29T04:00,24.7,95,0.0,7.0,249,1009.9
2024-06-29T05:00,24.5,95,0.0,3.9,326,1010.7
2024-06-29T06:00,24.6,94,0.0,3.3,283,1010.8
2024-06-29T07:00,25.4,91,0.0,3.7,241,1011.4
2024-06-29T08:00,26.9,87,0.0,7.1,229,1011.8
2024-06-29T09:00,28.4,79,0.0,5.1,225,1011.8
2024-06-29T10:00,29.5,74,0.0,5.5,23,1011.8
2024-06-29T11:00,29.4,75,0.0,10.9,9,1011.3
2024-06-29T12:00,27.3,85,3.2,9.9,19,1010.8
2024-06-29T13:00,28.7,78,0.1,10.2,18,1009.9
2024-06-29T14:00,29.0,76,0.0,12.4,17,1009.1
2024-06-29T15:00,27.7,80,4.6,5.4,360,1009.3
2024-06-29T16:00,28.3,80,0.1,4.4,55,1009.0
2024-06-29T17:00,27.2,84,0.3,4.6,198,1009.2
2024-06-29T18:00,26.3,90,0.0,2.9,150,1009.7
2024-06-29T19:00,25.7,92,0.0,3.8,163,1010.8
2024-06-29T20:00,25.9,92,0.0,3.5,156,1011.6
2024-06-29T21:00,25.8,93,0.0,3.7,191,1012.3
2024-06-29T22:00,25.4,95,0.0,2.7,157,1012.0
2024-06-29T23:00,25.2,94,0.0,3.3,139,1011.8
2024-06-30T00:00,24.9,96,0.0,3.1,159,1011.9
2024-06-30T01:00,24.9,96,0.0,3.6,180,1011.4
2024-06-30T02:00,24.5,97,0.0,2.9,180,1010.5
2024-06-30T03:00,24.3,97,0.0,3.3,174,1010.0
2024-06-30T04:00,24.1,96,0.0,4.0,153,1009.9
2024-06-30T05:00,24.0,95,0.0,5.2,146,1010.0
2024-06-30T06:00,24.1,94,0.0,3.4,162,1010.0
2024-06-30T07:00,25.2,90,0.0,3.2,180,1010.3
2024-06-30T08:00,26.6,87,0.0,2.8,220,1011.8
2024-06-30T09:00,28.4,77,0.0,1.5,166,1011.7
2024-06-30T10:00,29.7,70,0.0,1.5,45,1011.4
2024-06-30T11:00,30.5,67,0.0,3.3,6,1010.4
2024-06-30T12:00,30.8,65,0.0,7.4,14,1009.7
2024-06-30T13:00,30.3,69,0.1,11.2,360,1008.6
2024-06-30T14:00,29.7,71,0.0,14.9,353,1008.0
2024-06-30T15:00,29.5,70,0.0,13.4,355,1007.4
2024-06-30T16:00,29.5,70,0.0,9.7,358,1007.2
2024-06-30T17:00,29.1,71,0.0,8.0,355,1007.6
2024-06-30T18:00,27.9,79,0.0,3.6,323,1008.2
2024-06-30T19:00,27.3,84,0.0,4.8,297,1009.0
2024-06-30T20:00,27.5,84,0.1,3.6,233,1009.5
2024-06-30T21:00,26.8,89,0.0,4.2,211,1010.0
2024-06-30T22:00,26.7,87,0.0,2.5,352,1010.3
2024-06-30T23:00,26.3,88,0.1,8.6,68,1010.6
2024-07-01T00:00,26.0,90,0.3,3.6,127,1010.4
2024-07-01T01:00,25.7,91,0.1,2.8,140,1010.0
2024-07-01T02:00,25.3,94,0.0,3.4,148,1009.4
2024-07-01T03:00,25.0,95,0.0,2.7,157,1009.2
2024-07-01T04:00,24.8,96,0.1,2.7,157,1009.3
2024-07-01T05:00,24.5,96,0.5,6.0,65,1010.1
2024-07-01T06:00,24.5,96,0.5,3.0,194,1009.9
2024-07-01T07:00,25.1,92,0.1,2.8,220,1010.3
2024-07-01T08:00,27.5,82,0.0,1.5,76,1010.8
2024-07-01T09:00,28.6,78,0.0,3.1,69,1010.8
2024-07-01T10:00,29.3,75,0.1,5.2,34,1010.2
2024-07-01T11:00,29.7,73,0.0,6.2,10,1009.4
2024-07-01T12:00,30.1,71,0.0,7.6,360,1008.0
2024-07-01T13:00,30.1,71,0.0,11.2,360,1007.4
2024-07-01T14:00,29.2,74,0.2,11.1,13,1006.5
2024-07-01T15:00,29.4,73,0.1,10.9,6,1005.9
2024-07-01T16:00,29.3,72,0.0,9.4,360,1005.8
2024-07-01T17:00,28.4,75,0.1,8.9,21,1006.6
2024-07-01T18:00,26.6,85,1.8,4.3,90,1008.0
2024-07-01T19:00,25.6,91,2.1,2.9,83,1008.9
2024-07-01T20:00,25.6,91,0.4,7.1,75,1009.8
2024-07-01T21:00,25.0,95,0.6,6.2,170,1010.3
2024-07-01T22:00,24.8,92,0.1,7.6,149,1010.6
2024-07-01T23:00,24.6,92,0.0,6.3,149,1010.3
2024-07-02T00:00,24.4,93,0.5,5.1,141,1010.0
2024-07-02T01:00,24.0,96,2.9,7.3,81,1009.7
2024-07-02T02:00,24.1,94,0.9,7.1,75,1009.0
2024-07-02T03:00,24.1,94,0.7,4.1,105,1008.5
2024-07-02T04:00,23.8,96,0.0,3.4,122,1008.9
2024-07-02T05:00,24.1,92,0.0,3.7,79,1009.6
2024-07-02T06:00,24.1,92,0.0,4.0,100,1009.8
2024-07-02T07:00,25.3,89,0.0,2.8,130,1010.4
2024-07-02T08:00,26.1,86,0.0,1.5,166,1010.8
2024-07-02T09:00,27.4,81,0.0,1.0,225,1010.8
2024-07-02T10:00,28.7,74,0.0,1.4,90,1010.4
2024-07-02T11:00,29.7,69,0.0,6.0,33,1010.2
2024-07-02T12:00,30.1,67,0.0,9.2,26,1009.1
2024-07-02T13:00,29.8,70,0.0,10.4,20,1008.5
2024-07-02T14:00,28.3,79,4.5,11.7,11,1007.8
2024-07-02T15:00,28.5,78,0.0,8.4,50,1008.0
2024-07-02T16:00,28.6,77,0.1,6.8,72,1007.8
2024-07-02T17:00,28.1,79,0.1,4.5,119,1008.2
2024-07-02T18:00,26.4,87,4.2,6.1,177,1009.2
2024-07-02T19:00,26.0,91,1.1,2.3,198,1009.9
2024-07-02T20:00,26.6,88,0.0,4.7,148,1009.9
2024-07-02T21:00,26.3,89,0.0,4.6,141,1010.6
2024-07-02T22:00,26.0,90,0.0,4.1,142,1010.5
2024-07-02T23:00,25.9,89,0.0,4.4,125,1010.4
2024-07-03T00:00,25.5,91,0.0,4.1,128,1010.0
2024-07-03T01:00,25.2,92,0.0,4.6,135,1009.4
2024-07-03T02:00,24.6,94,0.0,5.9,166,1008.8
2024-07-03T03:00,24.6,93,0.0,4.7,189,1008.7
2024-07-03T04:00,24.0,95,0.0,5.1,188,1008.7
2024-07-03T05:00,24.2,94,0.0,3.9,214,1009.2
2024-07-03T06:00,24.3,93,0.0,4.9,253,1009.8
2024-07-03T07:00,25.3,90,0.0,6.3,257,1010.5
2024-07-03T08:00,27.1,83,0.0,4.5,194,1011.2
2024-07-03T09:00,29.0,74,0.0,3.6,143,1011.5
2024-07-03T10:00,30.3,68,0.0,5.8,112,1011.3
2024-07-03T11:00,31.2,64,0.0,5.8,94,1010.8
2024-07-03T12:00,31.8,61,0.0,5.9,79,1009.7
2024-07-03T13:00,32.1,60,0.0,5.9,38,1008.8
2024-07-03T14:00,31.7,62,0.0,8.6,2,1007.9
2024-07-03T15:00,30.4,72,0.1,12.1,348,1007.4
2024-07-03T16:00,29.9,73,0.1,9.4,337,1008.1
2024-07-03T17:00,28.0,78,4.0,5.5,349,1009.2
2024-07-03T18:00,27.2,83,0.3,6.4,223,1010.6
2024-07-03T19:00,26.5,88,0.2,4.3,228,1011.0
2024-07-03T20:00,26.4,86,0.0,4.0,180,1011.3
2024-07-03T21:00,26.0,89,0.0,3.9,158,1011.8
2024-07-03T22:00,25.8,90,0.0,4.6,162,1012.1
2024-07-03T23:00,25.5,91,0.0,4.3,132,1012.3
2024-07-04T00:00,25.1,93,0.0,4.8,138,1012.0
2024-07-04T01:00,24.9,92,0.0,4.0,180,1011.2
2024-07-04T02:00,24.5,93,0.0,4.7,184,1010.5
2024-07-04T03:00,24.3,93,0.0,4.6,198,1010.3
2024-07-04T04:00,24.2,93,0.0,3.7,191,1010.2
2024-07-04T05:00,24.3,91,0.0,3.8,197,1010.2
2024-07-04T06:00,24.3,91,0.0,4.2,200,1010.3
2024-07-04T07:00,25.2,87,0.0,4.7,203,1010.8
2024-07-04T08:00,27.4,79,0.0,3.7,209,1011.3
2024-07-04T09:00,29.0,72,0.0,3.1,216,1011.2
2024-07-04T10:00,30.2,68,0.1,1.3,326,1010.7
2024-07-04T11:00,30.0,70,0.0,6.6,338,1010.3
2024-07-04T12:00,29.9,72,0.0,7.6,341,1009.6
2024-07-04T13:00,29.8,74,0.1,9.1,351,1008.7
2024-07-04T14:00,27.0,83,2.4,13.2,61,1009.2
2024-07-04T15:00,25.8,90,2.5,7.3,70,1008.6
2024-07-04T16:00,26.8,85,0.0,2.1,121,1008.6
2024-07-04T17:00,26.8,85,0.0,1.0,135,1008.9
2024-07-04T18:00,26.1,89,1.1,7.4,104,1009.8
2024-07-04T19:00,25.6,93,1.1,9.3,106,1009.9
2024-07-04T20:00,25.2,93,0.1,7.3,147,1010.4
2024-07-04T21:00,25.2,92,0.1,9.2,135,1010.0
2024-07-04T22:00,24.9,92,0.7,8.9,111,1010.0
2024-07-04T23:00,25.0,91,0.0,8.9,111,1009.3
2024-07-05T00:00,25.0,91,0.0,8.4,110,1009.2
2024-07-05T01:00,25.1,91,0.1,6.9,96,1008.8
2024-07-05T02:00,24.9,92,0.3,6.1,135,1008.0
2024-07-05T03:00,24.7,92,0.0,6.3,149,1007.3
2024-07-05T04:00,24.5,94,0.2,3.3,139,1007.7
2024-07-05T05:00,24.2,95,0.0,4.0,170,1007.7
2024-07-05T06:00,24.4,93,0.0,3.1,201,1008.3
2024-07-05T07:00,25.2,91,0.0,3.0,104,1009.1
2024-07-05T08:00,26.0,88,0.0,6.0,107,1009.3
2024-07-05T09:00,27.3,83,0.0,6.6,119,1008.9
2024-07-05T10:00,29.1,73,0.0,10.9,82,1008.7
2024-07-05T11:00,29.7,68,0.1,17.4,72,1008.5
2024-07-05T12:00,29.0,72,0.2,16.2,69,1007.8
2024-07-05T13:00,30.0,68,0.1,17.0,77,1006.5
2024-07-05T14:00,30.1,67,0.4,17.2,74,1005.5
2024-07-05T15:00,30.2,67,0.1,16.6,68,1005.2
2024-07-05T16:00,29.5,70,1.0,16.0,67,1005.3
2024-07-05T17:00,28.3,77,0.0,16.6,49,1005.6
2024-07-05T18:00,27.2,82,0.0,15.2,54,1006.7
2024-07-05T19:00,26.6,86,0.0,10.5,63,1007.1
2024-07-05T20:00,25.2,95,0.3,7.7,101,1007.9
2024-07-05T21:00,25.3,95,0.2,5.2,124,1008.2
2024-07-05T22:00,24.8,97,0.6,2.9,60,1008.5
2024-07-05T23:00,25.0,95,0.3,9.4,122,1008.3
2024-07-06T00:00,24.6,95,0.0,7.9,106,1008.2
2024-07-06T01:00,24.6,94,0.0,12.1,107,1007.9
2024-07-06T02:00,24.2,94,0.2,12.6,117,1007.2
2024-07-06T03:00,24.0,92,1.0,11.9,85,1007.1
2024-07-06T04:00,23.8,94,0.4,8.2,105,1007.4
2024-07-06T05:00,23.8,93,2.4,4.1,38,1008.0
2024-07-06T06:00,23.8,95,1.9,10.4,88,1007.7
2024-07-06T07:00,24.1,93,0.1,11.3,83,1008.6
2024-07-06T08:00,24.5,90,5.0,12.6,85,1008.9
2024-07-06T09:00,25.5,87,1.1,14.1,93,1009.5
2024-07-06T10:00,25.5,89,3.1,10.9,73,1009.6
2024-07-06T11:00,26.1,88,1.9,9.9,80,1009.2
2024-07-06T12:00,26.4,86,0.2,15.5,65,1008.8
2024-07-06T13:00,26.9,83,0.4,17.5,58,1008.2
2024-07-06T14:00,27.0,82,0.2,17.4,60,1007.2
2024-07-06T15:00,27.7,79,0.2,14.4,58,1007.1
2024-07-06T16:00,26.7,83,1.7,16.5,80,1006.8
2024-07-06T17:00,25.2,88,0.2,12.6,87,1007.7
2024-07-06T18:00,24.9,90,0.1,10.5,84,1008.2
2024-07-06T19:00,25.0,92,0.2,10.1,96,1008.9
2024-07-06T20:00,24.6,93,0.0,8.1,111,1009.6
2024-07-06T21:00,24.5,93,0.0,8.3,108,1009.8
2024-07-06T22:00,24.6,92,0.1,5.0,111,1010.2
2024-07-06T23:00,24.3,94,7.7,3.8,73,1010.7
2024-07-07T00:00,23.7,96,2.3,10.3,126,1010.3
2024-07-07T01:00,23.6,96,0.1,8.0,126,1010.0
2024-07-07T02:00,23.5,95,0.0,8.0,117,1009.4
2024-07-07T03:00,23.6,94,0.0,9.3,118,1008.7
2024-07-07T04:00,23.4,94,0.0,9.2,116,1008.6
2024-07-07T05:00,23.5,93,0.0,9.3,106,1008.8
2024-07-07T06:00,23.6,93,0.0,8.4,100,1009.3
2024-07-07T07:00,24.2,92,0.0,10.2,113,1009.6
2024-07-07T08:00,24.7,91,0.6,8.7,128,1010.4
2024-07-07T09:00,25.2,91,0.7,7.8,124,1010.5
2024-07-07T10:00,26.0,88,0.0,7.5,125,1010.4
2024-07-07T11:00,27.8,79,0.0,8.1,103,1009.9
2024-07-07T12:00,28.9,73,0.0,9.4,97,1009.1
2024-07-07T13:00,29.4,70,0.0,8.6,92,1008.5
2024-07-07T14:00,29.7,69,0.0,8.7,73,1007.5
2024-07-07T15:00,30.2,66,0.0,7.3,57,1006.8
2024-07-07T16:00,30.1,65,0.0,8.0,63,1006.4
2024-07-07T17:00,29.4,68,0.0,8.7,60,1006.7
2024-07-07T18:00,28.2,76,0.0,13.8,62,1007.4
2024-07-07T19:00,27.5,79,0.0,13.1,69,1008.1
2024-07-07T20:00,27.1,82,0.0,10.6,72,1008.5
2024-07-07T21:00,26.7,85,0.0,8.0,80,1009.4
2024-07-07T22:00,26.2,88,0.0,6.5,90,1009.8
2024-07-07T23:00,25.6,90,0.0,5.8,120,1010.0
2024-07-08T00:00,25.3,91,0.0,5.7,145,1009.8
2024-07-08T01:00,25.3,91,0.0,8.1,148,1009.0
2024-07-08T02:00,25.2,91,0.0,5.9,101,1008.7
2024-07-08T03:00,25.1,92,0.0,6.6,81,1008.3
2024-07-08T04:00,25.0,93,0.0,8.3,95,1008.2
2024-07-08T05:00,24.9,92,0.0,7.3,99,1008.3
2024-07-08T06:00,24.7,91,0.0,7.6,98,1008.6
2024-07-08T07:00,25.3,90,0.0,8.0,100,1009.0
2024-07-08T08:00,26.8,85,0.0,6.0,115,1009.6
2024-07-08T09:00,28.6,77,0.0,8.8,109,1009.6
2024-07-08T10:00,29.8,71,0.0,9.2,101,1009.3
2024-07-08T11:00,30.6,67,0.0,7.3,81,1008.4
2024-07-08T12:00,31.2,64,0.0,7.4,61,1007.6
2024-07-08T13:00,31.1,64,0.0,8.1,32,1007.1
2024-07-08T14:00,30.1,71,0.8,10.7,20,1006.3
2024-07-08T15:00,29.2,78,0.2,9.5,29,1005.7
2024-07-08T16:00,26.6,86,2.4,2.2,81,1006.2
2024-07-08T17:00,27.0,83,0.5,3.3,96,1007.0
2024-07-08T18:00,25.9,89,0.9,2.8,320,1007.8
2024-07-08T19:00,25.7,91,0.3,4.0,153,1008.5
2024-07-08T20:00,24.9,94,6.8,6.4,137,1008.9
2024-07-08T21:00,24.3,94,4.1,9.8,163,1009.8
2024-07-08T22:00,23.9,94,3.7,11.0,139,1010.4
2024-07-08T23:00,24.3,92,1.6,6.4,128,1010.5
2024-07-09T00:00,24.0,95,0.7,4.1,142,1010.5
2024-07-09T01:00,23.9,96,1.1,5.0,180,1010.4
2024-07-09T02:00,23.7,96,1.8,5.9,227,1010.3
2024-07-09T03:00,23.3,97,5.1,10.6,235,1010.5
2024-07-09T04:00,23.3,96,4.9,8.7,253,1010.3
2024-07-09T05:00,23.3,97,1.7,2.9,210,1010.3
2024-07-09T06:00,23.6,94,2.2,4.1,308,1010.6
2024-07-09T07:00,24.2,91,0.1,7.2,108,1010.7
2024-07-09T08:00,24.7,88,0.1,9.1,72,1011.4
2024-07-09T09:00,26.0,83,0.0,10.4,92,1011.5
2024-07-09T10:00,27.7,75,0.0,12.3,95,1011.3
2024-07-09T11:00,28.7,72,0.0,10.2,82,1010.8
2024-07-09T12:00,29.6,71,0.0,7.6,65,1010.0
2024-07-09T13:00,29.9,71,0.0,7.7,49,1009.2
2024-07-09T14:00,30.1,71,0.0,8.2,38,1008.6
2024-07-09T15:00,29.7,72,0.0,12.9,36,1008.0
2024-07-09T16:00,28.9,74,0.1,11.5,49,1007.9
2024-07-09T17:00,28.7,74,0.1,9.3,62,1008.1
2024-07-09T18:00,27.9,77,0.0,9.3,74,1008.8
2024-07-09T19:00,27.4,81,0.0,8.7,83,1009.6
2024-07-09T20:00,26.2,91,0.0,4.5,151,1010.4
2024-07-09T21:00,25.8,93,0.0,5.4,127,1011.0
2024-07-09T22:00,25.8,92,0.0,6.5,109,1011.3
2024-07-09T23:00,25.5,92,0.0,8.0,108,1011.6
2024-07-10T00:00,25.3,92,0.0,7.2,127,1011.5
2024-07-10T01:00,25.0,92,0.0,6.9,129,1011.0
2024-07-10T02:00,24.7,91,0.0,7.2,117,1010.5
2024-07-10T03:00,24.7,90,0.0,7.1,120,1010.2
2024-07-10T04:00,24.6,91,0.0,7.6,115,1010.0
2024-07-10T05:00,24.6,90,0.0,7.9,114,1010.0
2024-07-10T06:00,24.3,91,0.0,6.2,111,1010.2
2024-07-10T07:00,25.1,89,0.0,6.4,117,1010.8
2024-07-10T08:00,27.0,83,0.0,6.8,115,1012.3
2024-07-10T09:00,28.5,75,0.0,9.6,103,1012.3
2024-07-10T10:00,29.7,68,0.0,11.5,92,1012.0
2024-07-10T11:00,30.7,61,0.0,11.7,81,1011.5
2024-07-10T12:00,31.2,57,0.0,10.1,73,1010.8
2024-07-10T13:00,31.4,57,0.0,9.1,72,1009.8
2024-07-10T14:00,31.7,56,0.0,8.1,58,1009.2
2024-07-10T15:00,31.5,56,0.0,7.7,41,1008.8
2024-07-10T16:00,30.7,60,0.0,6.6,41,1009.0
2024-07-10T17:00,29.8,69,0.0,5.8,22,1009.6
2024-07-10T18:00,27.7,83,0.0,5.2,12,1010.3
2024-07-10T19:00,28.5,74,0.0,3.2,207,1010.8
2024-07-10T20:00,26.8,84,0.0,3.9,112,1011.5
2024-07-10T21:00,25.7,89,0.0,5.1,176,1012.2
2024-07-10T22:00,25.4,88,0.0,3.8,197,1012.5
2024-07-10T23:00,24.7,91,0.0,4.7,189,1012.4
2024-07-11T00:00,24.0,92,0.0,6.2,190,1012.3
2024-07-11T01:00,23.6,94,0.0,5.8,210,1012.1
2024-07-11T02:00,23.4,93,0.0,5.4,217,1011.6
2024-07-11T03:00,23.1,94,0.0,5.6,220,1011.1
2024-07-11T04:00,23.3,92,0.0,3.8,221,1011.2
2024-07-11T05:00,23.2,92,0.0,3.7,209,1011.2
2024-07-11T06:00,22.7,93,0.0,4.7,203,1011.2
2024-07-11T07:00,24.1,87,0.0,6.1,208,1011.7
2024-07-11T08:00,26.6,80,0.0,6.0,205,1012.3
2024-07-11T09:00,28.4,70,0.0,4.3,222,1012.4
2024-07-11T10:00,29.8,64,0.0,2.2,270,1011.8
2024-07-11T11:00,30.6,61,0.0,3.1,339,1011.1
2024-07-11T12:00,31.0,60,0.0,5.0,360,1010.3
2024-07-11T13:00,30.9,60,0.0,8.0,5,1009.5
2024-07-11T14:00,30.6,63,0.0,10.4,358,1008.7
2024-07-11T15:00,29.6,66,0.0,13.0,355,1008.4
2024-07-11T16:00,29.2,68,0.0,10.8,358,1008.5
2024-07-11T17:00,28.9,74,0.0,11.2,360,1008.7
2024-07-11T18:00,28.0,77,0.0,11.2,354,1008.9
2024-07-11T19:00,27.6,77,0.0,7.3,351,1009.4
2024-07-11T20:00,27.2,82,0.0,5.0,21,1009.6
2024-07-11T21:00,27.9,73,0.1,0.8,333,1010.1
2024-07-11T22:00,26.3,85,0.1,4.1,308,1010.3
2024-07-11T23:00,26.4,83,0.0,3.6,307,1010.3
2024-07-12T00:00,26.9,79,0.0,5.4,318,1009.9
2024-07-12T01:00,25.5,86,0.0,5.7,325,1009.6
2024-07-12T02:00,26.9,73,0.0,2.6,304,1008.9
2024-07-12T03:00,25.0,86,0.0,5.6,230,1008.8
2024-07-12T04:00,24.0,92,0.0,6.4,207,1008.9
2024-07-12T05:00,23.9,92,0.0,4.2,160,1009.2
2024-07-12T06:00,23.8,90,0.0,5.4,127,1009.6
2024-07-12T07:00,24.7,86,0.0,6.2,111,1010.0
2024-07-12T08:00,26.4,77,0.0,6.5,109,1010.3
2024-07-12T09:00,28.1,68,0.0,8.7,97,1010.2
2024-07-12T10:00,29.3,56,0.0,11.2,105,1009.9
2024-07-12T11:00,30.1,54,0.0,10.8,105,1009.1
2024-07-12T12:00,30.9,52,0.0,9.2,101,1008.3
2024-07-12T13:00,31.6,47,0.0,7.6,93,1007.3
2024-07-12T14:00,31.9,44,0.0,7.0,69,1006.6
2024-07-12T15:00,31.7,43,0.0,7.1,41,1006.6
2024-07-12T16:00,30.6,46,0.0,10.4,34,1006.7
2024-07-12T17:00,29.0,57,0.0,12.6,37,1007.1
2024-07-12T18:00,27.9,60,0.0,11.6,54,1007.3
2024-07-12T19:00,26.9,68,0.0,8.4,70,1007.6
2024-07-12T20:00,26.2,73,0.0,5.4,86,1008.8
2024-07-12T21:00,24.9,76,0.0,5.6,165,1009.7
2024-07-12T22:00,24.8,73,0.0,8.3,185,1010.0
2024-07-12T23:00,24.4,77,0.0,5.5,157,1009.7
2024-07-13T00:00,23.8,81,0.0,5.6,140,1009.6
2024-07-13T01:00,23.2,83,0.0,6.7,164,1009.4
2024-07-13T02:00,22.7,84,0.0,5.8,184,1008.9
2024-07-13T03:00,22.5,84,0.0,4.3,175,1008.8
2024-07-13T04:00,21.9,87,0.0,5.6,165,1008.7
2024-07-13T05:00,21.3,88,0.0,6.2,170,1008.9
2024-07-13T06:00,21.1,87,0.0,5.4,180,1009.3
2024-07-13T07:00,22.5,81,0.0,3.2,207,1009.9
2024-07-13T08:00,25.4,76,0.0,2.1,211,1010.8
2024-07-13T09:00,27.4,70,0.0,2.3,198,1010.6
2024-07-13T10:00,29.0,62,0.0,3.7,119,1009.9
2024-07-13T11:00,30.1,55,0.0,4.7,113,1008.8
2024-07-13T12:00,30.9,49,0.0,4.8,103,1007.8
2024-07-13T13:00,31.3,46,0.0,4.5,61,1006.9
2024-07-13T14:00,31.2,47,0.0,7.5,17,1006.5
2024-07-13T15:00,30.2,58,0.0,13.1,8,1006.5
2024-07-13T16:00,28.9,65,0.0,15.4,11,1006.7
2024-07-13T17:00,28.1,65,0.0,10.8,15,1006.9
2024-07-13T18:00,27.3,68,0.0,6.6,13,1007.5
2024-07-13T19:00,27.1,70,0.0,6.6,29,1008.2
2024-07-13T20:00,25.9,80,0.0,6.5,71,1008.7
2024-07-13T21:00,25.5,81,0.0,5.3,152,1009.3
2024-07-13T22:00,24.7,84,0.0,5.4,172,1009.4
2024-07-13T23:00,24.3,86,0.0,5.4,188,1009.3
2024-07-14T00:00,24.1,85,0.0,6.1,180,1009.1
2024-07-14T01:00,23.5,87,0.0,6.2,187,1008.3
2024-07-14T02:00,23.4,86,0.0,4.7,212,1008.2
2024-07-14T03:00,23.3,86,0.0,7.1,210,1008.2
2024-07-14T04:00,23.1,87,0.0,5.4,200,1008.1
2024-07-14T05:00,22.9,86,0.0,5.4,184,1008.2
2024-07-14T06:00,22.5,86,0.0,4.7,180,1008.4
2024-07-14T07:00,23.6,83,0.0,6.2,187,1008.9
2024-07-14T08:00,25.5,78,0.0,3.8,139,1009.9
2024-07-14T09:00,27.5,70,0.0,4.3,138,1009.7
2024-07-14T10:00,28.9,63,0.0,4.0,117,1009.5
2024-07-14T11:00,29.9,56,0.0,4.0,85,1008.5
2024-07-14T12:00,30.5,52,0.0,5.0,69,1007.4
2024-07-14T13:00,30.7,50,0.0,7.4,39,1006.9
2024-07-14T14:00,30.1,53,0.0,12.1,12,1006.4
2024-07-14T15:00,29.5,56,0.0,13.3,357,1006.4
2024-07-14T16:00,29.3,53,0.0,12.6,3,1006.5
2024-07-14T17:00,28.7,56,0.0,12.2,24,1006.5
2024-07-14T18:00,27.9,58,0.0,14.3,45,1006.9
2024-07-14T19:00,27.1,63,0.0,11.3,63,1007.4
2024-07-14T20:00,26.6,68,0.0,9.1,81,1008.6
2024-07-14T21:00,26.2,70,0.0,8.6,92,1009.1
2024-07-14T22:00,25.5,72,0.0,6.5,109,1009.3
2024-07-14T23:00,24.5,76,0.0,5.5,148,1009.5
2024-07-15T00:00,23.8,80,0.0,5.8,180,1009.5
2024-07-15T01:00,22.9,86,0.0,5.1,184,1009.4
2024-07-15T02:00,22.3,88,0.0,5.8,184,1009.3
2024-07-15T03:00,21.7,90,0.0,6.1,177,1009.5
2024-07-15T04:00,21.5,87,0.0,4.7,184,1009.6
2024-07-15T05:00,21.5,85,0.0,4.7,189,1009.6
2024-07-15T06:00,21.0,87,0.0,4.7,180,1009.7
2024-07-15T07:00,22.5,81,0.0,4.7,184,1010.2
2024-07-15T08:00,24.7,74,0.0,4.7,203,1010.8
2024-07-15T09:00,27.2,66,0.0,5.4,200,1010.8
2024-07-15T10:00,29.0,56,0.0,4.3,180,1010.4
2024-07-15T11:00,30.0,51,0.0,3.6,127,1009.5
2024-07-15T12:00,30.8,47,0.0,4.3,85,1008.4
2024-07-15T13:00,31.3,46,0.0,4.5,76,1007.5
2024-07-15T14:00,31.4,47,0.0,4.9,54,1006.6
2024-07-15T15:00,31.2,48,0.0,7.9,51,1006.2
2024-07-15T16:00,29.9,58,0.0,11.6,26,1006.6
2024-07-15T17:00,28.2,68,0.0,12.7,7,1007.1
2024-07-15T18:00,27.3,72,0.0,8.3,355,1007.4
2024-07-15T19:00,25.9,82,0.0,5.9,52,1008.2
2024-07-15T20:00,27.1,72,0.0,5.5,58,1009.2
2024-07-15T21:00,27.7,69,0.0,3.3,103,1009.4
2024-07-15T22:00,26.7,75,0.0,2.8,310,1009.6
2024-07-15T23:00,26.8,73,0.0,1.8,11,1009.9
2024-07-16T00:00,24.2,84,0.0,4.7,189,1009.8
2024-07-16T01:00,23.9,78,0.0,7.5,215,1009.7
2024-07-16T02:00,23.4,78,0.0,6.6,193,1009.5
2024-07-16T03:00,23.1,78,0.0,5.2,192,1009.1
2024-07-16T04:00,23.0,79,0.0,4.8,193,1009.3
2024-07-16T05:00,22.5,82,0.0,4.3,185,1009.4
2024-07-16T06:00,21.8,86,0.0,5.1,188,1009.7
2024-07-16T07:00,23.1,81,0.0,4.7,189,1010.2
2024-07-16T08:00,25.5,75,0.0,0.7,270,1011.0
2024-07-16T09:00,27.7,69,0.0,0.5,45,1010.9
2024-07-16T10:00,29.5,60,0.0,2.5,98,1010.4
2024-07-16T11:00,30.7,49,0.0,6.5,84,1009.8
2024-07-16T12:00,31.2,48,0.0,6.4,63,1008.9
2024-07-16T13:00,31.2,50,0.0,7.2,18,1008.0
2024-07-16T14:00,30.2,58,0.0,14.1,356,1007.4
2024-07-16T15:00,29.3,61,0.0,16.2,357,1007.3
2024-07-16T16:00,28.8,61,0.0,14.1,15,1007.4
2024-07-16T17:00,28.5,64,0.0,12.9,36,1007.6
2024-07-16T18:00,27.9,68,0.0,12.4,30,1007.7
2024-07-16T19:00,27.4,71,0.0,9.4,47,1008.1
2024-07-16T20:00,26.9,78,0.0,5.8,83,1009.1
2024-07-16T21:00,25.9,82,0.0,4.3,132,1009.8
2024-07-16T22:00,25.6,79,0.0,5.2,155,1010.0
2024-07-16T23:00,25.0,81,0.0,4.5,166,1009.9
2024-07-17T00:00,24.5,83,0.0,4.7,176,1009.5
2024-07-17T01:00,23.9,86,0.0,5.1,188,1009.2
2024-07-17T02:00,23.9,85,0.0,4.3,180,1008.5
2024-07-17T03:00,23.5,87,0.0,4.2,160,1008.3
2024-07-17T04:00,23.2,87,0.0,4.8,138,1008.2
2024-07-17T05:00,23.6,81,0.0,6.4,142,1008.2
2024-07-17T06:00,23.2,82,0.0,4.9,144,1008.6
2024-07-17T07:00,24.6,79,0.0,5.1,141,1009.2
2024-07-17T08:00,26.6,75,0.0,3.4,122,1010.0
2024-07-17T09:00,28.4,68,0.0,4.7,94,1010.3
2024-07-17T10:00,29.8,60,0.0,6.5,90,1009.9
2024-07-17T11:00,30.7,57,0.0,6.7,54,1009.6
2024-07-17T12:00,31.2,55,0.0,9.8,17,1008.6
2024-07-17T13:00,29.5,66,0.0,14.6,351,1008.3
2024-07-17T14:00,29.8,65,0.0,12.6,357,1007.7
2024-07-17T15:00,29.7,64,0.0,11.9,2,1007.4
2024-07-17T16:00,29.2,67,0.0,12.3,21,1007.6
2024-07-17T17:00,29.0,69,0.0,11.6,36,1007.9
2024-07-17T18:00,28.2,75,0.0,11.7,43,1008.6
2024-07-17T19:00,27.9,77,0.0,10.2,58,1009.4
2024-07-17T20:00,26.3,88,0.4,7.8,214,1010.1
2024-07-17T21:00,25.6,92,0.0,3.9,214,1010.8
2024-07-17T22:00,25.5,90,0.0,6.1,220,1011.1
2024-07-17T23:00,25.1,90,0.0,8.3,236,1011.4
2024-07-18T00:00,24.9,91,0.0,5.7,235,1011.4
2024-07-18T01:00,24.5,92,0.0,6.1,230,1010.9
2024-07-18T02:00,24.2,94,0.0,5.2,205,1010.7
2024-07-18T03:00,23.9,94,0.0,4.5,209,1010.5
2024-07-18T04:00,23.6,95,0.0,5.4,184,1010.7
2024-07-18T05:00,23.5,94,0.0,5.0,180,1010.9
2024-07-18T06:00,23.5,94,0.0,4.4,215,1011.3
2024-07-18T07:00,25.0,90,0.0,1.9,202,1011.9
2024-07-18T08:00,27.3,75,0.0,1.5,135,1012.4
2024-07-18T09:00,28.4,71,0.0,0.4,360,1012.7
2024-07-18T10:00,29.5,66,0.0,2.5,98,1012.2
2024-07-18T11:00,30.5,60,0.0,3.0,76,1011.7
2024-07-18T12:00,30.9,58,0.1,4.4,9,1010.8
2024-07-18T13:00,30.8,59,0.0,8.4,7,1009.7
2024-07-18T14:00,30.5,63,0.0,10.4,14,1008.8
2024-07-18T15:00,30.1,66,0.0,11.2,15,1008.3
2024-07-18T16:00,29.7,67,0.0,10.5,16,1008.3
2024-07-18T17:00,29.2,68,0.0,7.8,22,1008.4
2024-07-18T18:00,28.6,71,0.0,7.1,45,1008.9
2024-07-18T19:00,28.1,71,0.0,13.0,62,1009.7
2024-07-18T20:00,27.6,73,0.0,8.4,100,1010.8
2024-07-18T21:00,27.1,74,0.0,7.3,101,1011.2
2024-07-18T22:00,26.7,76,0.0,5.9,101,1011.2
2024-07-18T23:00,26.6,77,0.0,6.4,117,1011.1
2024-07-19T00:00,26.0,79,0.0,6.5,124,1011.0
2024-07-19T01:00,25.5,81,0.0,5.8,158,1010.6
2024-07-19T02:00,25.0,83,0.0,5.4,172,1009.6
2024-07-19T03:00,24.3,87,0.0,4.0,185,1009.6
2024-07-19T04:00,23.9,90,0.0,5.1,188,1009.8
2024-07-19T05:00,23.6,92,0.0,5.4,184,1009.8
2024-07-19T06:00,23.4,92,0.0,4.7,184,1010.3
2024-07-19T07:00,24.9,84,0.0,4.9,197,1010.9
2024-07-19T08:00,27.0,77,0.0,3.8,197,1010.9
2024-07-19T09:00,28.8,68,0.0,4.3,132,1010.9
2024-07-19T10:00,30.2,61,0.0,6.2,97,1010.4
2024-07-19T11:00,31.0,57,0.0,7.9,74,1009.6
2024-07-19T12:00,31.7,54,0.0,8.1,32,1008.8
2024-07-19T13:00,31.6,54,0.0,10.8,4,1007.6
2024-07-19T14:00,31.0,59,0.0,13.7,3,1007.0
2024-07-19T15:00,30.1,65,0.1,15.3,24,1007.0
2024-07-19T16:00,29.7,67,0.1,14.7,36,1007.0
2024-07-19T17:00,29.0,68,0.0,14.8,39,1007.5
2024-07-19T18:00,28.2,73,0.0,13.2,43,1008.1
2024-07-19T19:00,27.8,74,0.0,10.0,60,1008.9
2024-07-19T20:00,27.5,75,0.0,9.0,85,1009.6
2024-07-19T21:00,26.8,77,0.0,5.8,112,1010.2
2024-07-19T22:00,26.1,79,0.0,5.1,135,1010.5
2024-07-19T23:00,25.6,82,0.0,4.8,132,1010.2
2024-07-20T00:00,25.4,82,0.0,5.1,141,1010.1
2024-07-20T01:00,25.4,81,0.0,7.9,141,1009.7
2024-07-20T02:00,25.3,80,0.0,7.4,119,1008.9
2024-07-20T03:00,24.3,84,0.0,5.1,94,1008.8
2024-07-20T04:00,24.2,85,0.0,4.4,81,1009.1
2024-07-20T05:00,23.6,88,0.0,4.1,105,1009.6
2024-07-20T06:00,23.1,91,0.0,3.9,146,1010.2
2024-07-20T07:00,24.2,87,0.0,6.1,177,1010.9
2024-07-20T08:00,26.4,77,0.0,6.8,162,1011.7
2024-07-20T09:00,28.5,65,0.0,6.6,135,1011.7
2024-07-20T10:00,29.9,59,0.0,8.2,105,1011.6
2024-07-20T11:00,31.0,54,0.0,7.2,93,1010.8
2024-07-20T12:00,31.7,51,0.0,5.5,58,1009.7
2024-07-20T13:00,31.4,53,0.0,9.0,5,1009.0
2024-07-20T14:00,30.0,65,0.0,16.6,4,1008.4
2024-07-20T15:00,29.4,64,0.0,15.3,15,1008.0
2024-07-20T16:00,29.3,65,0.0,12.8,11,1008.0
2024-07-20T17:00,28.9,70,0.0,13.4,14,1008.6
2024-07-20T18:00,28.2,74,0.0,11.3,37,1009.5
2024-07-20T19:00,27.9,74,0.0,9.4,50,1010.3
2024-07-20T20:00,28.0,73,0.0,6.2,80,1011.1
2024-07-20T21:00,26.9,83,0.0,5.2,146,1011.6
2024-07-20T22:00,26.4,79,0.0,10.7,250,1012.2
2024-07-20T23:00,26.0,79,0.0,3.3,257,1011.9
2024-07-21T00:00,25.1,88,0.0,4.9,234,1012.0
2024-07-21T01:00,25.0,86,0.0,4.6,225,1011.5
2024-07-21T02:00,24.6,87,0.0,4.6,225,1010.9
2024-07-21T03:00,24.5,85,0.0,4.4,215,1010.7
2024-07-21T04:00,24.3,83,0.0,5.7,198,1010.5
2024-07-21T05:00,23.9,85,0.0,4.5,209,1010.5
2024-07-21T06:00,23.5,86,0.0,4.1,195,1010.9
2024-07-21T07:00,24.4,84,0.0,4.5,151,1011.8
2024-07-21T08:00,26.8,77,0.0,2.6,124,1012.7
2024-07-21T09:00,28.7,69,0.0,3.7,79,1012.8
2024-07-21T10:00,30.2,61,0.0,4.4,81,1012.3
2024-07-21T11:00,31.4,55,0.0,4.1,75,1011.3
2024-07-21T12:00,32.0,52,0.0,3.4,18,1010.2
2024-07-21T13:00,31.7,57,0.0,8.7,7,1008.9
2024-07-21T14:00,30.6,65,0.0,15.5,12,1008.2
2024-07-21T15:00,29.6,61,0.0,18.4,4,1008.1
2024-07-21T16:00,29.5,64,0.0,14.6,9,1008.2
2024-07-21T17:00,29.1,64,0.0,14.7,22,1008.6
2024-07-21T18:00,28.3,67,0.0,11.9,35,1009.1
2024-07-21T19:00,27.9,71,0.0,10.7,45,1009.9
2024-07-21T20:00,26.6,81,0.0,4.8,77,1011.1
2024-07-21T21:00,26.9,78,0.0,5.1,98,1011.7
2024-07-21T22:00,26.6,79,0.0,5.0,111,1012.2
2024-07-21T23:00,25.9,83,0.0,4.0,117,1012.2
2024-07-22T00:00,25.5,85,0.0,4.3,114,1012.2
2024-07-22T01:00,25.3,86,0.0,4.1,105,1011.7
2024-07-22T02:00,24.9,88,0.0,4.5,104,1011.3
2024-07-22T03:00,24.4,90,0.0,5.4,138,1011.3
2024-07-22T04:00,24.2,90,0.0,6.2,173,1011.6
2024-07-22T05:00,24.4,86,0.0,5.2,192,1011.7
2024-07-22T06:00,24.2,85,0.0,6.0,197,1011.7
2024-07-22T07:00,24.9,84,0.0,6.0,205,1012.2
2024-07-22T08:00,27.4,74,0.0,5.6,195,1012.2
2024-07-22T09:00,29.0,66,0.0,4.5,166,1012.5
2024-07-22T10:00,30.3,59,0.0,2.3,141,1012.4
2024-07-22T11:00,31.4,55,0.0,1.1,360,1011.7
2024-07-22T12:00,32.0,52,0.0,6.2,339,1010.5
2024-07-22T13:00,31.6,57,0.0,12.1,343,1009.6
2024-07-22T14:00,30.5,62,0.0,16.3,354,1008.9
2024-07-22T15:00,29.6,67,0.0,19.1,3,1008.7
2024-07-22T16:00,29.0,68,0.0,19.0,15,1008.9
2024-07-22T17:00,28.6,66,0.0,12.4,22,1009.0
2024-07-22T18:00,28.1,69,0.0,8.7,17,1009.6
2024-07-22T19:00,27.4,76,0.0,5.2,34,1010.3
2024-07-22T20:00,26.7,85,0.0,4.7,81,1011.2
2024-07-22T21:00,26.5,84,0.0,3.6,90,1011.8
2024-07-22T22:00,25.8,89,0.0,5.8,97,1011.8
2024-07-22T23:00,25.8,86,0.0,4.3,132,1011.8
2024-07-23T00:00,25.2,89,0.0,4.8,167,1011.6
2024-07-23T01:00,25.8,84,0.0,4.0,185,1011.8
2024-07-23T02:00,25.7,82,0.0,5.9,191,1011.1
2024-07-23T03:00,25.6,79,0.0,5.7,198,1011.2
2024-07-23T04:00,24.9,81,0.0,4.2,211,1011.2
2024-07-23T05:00,24.0,86,0.0,6.1,220,1011.0
2024-07-23T06:00,23.7,86,0.0,6.4,218,1011.0
2024-07-23T07:00,25.4,79,0.0,5.1,225,1011.6
2024-07-23T08:00,27.0,72,0.0,5.5,212,1012.4
2024-07-23T09:00,28.9,67,0.0,2.5,225,1012.3
2024-07-23T10:00,30.1,62,0.0,1.1,360,1012.1
2024-07-23T11:00,30.7,58,0.0,4.7,9,1011.3
2024-07-23T12:00,30.7,59,0.0,10.1,2,1010.2
2024-07-23T13:00,30.2,63,0.0,17.0,355,1009.3
2024-07-23T14:00,29.9,62,0.0,19.1,338,1008.6
2024-07-23T15:00,30.2,60,0.0,16.6,330,1008.1
2024-07-23T16:00,29.6,66,0.0,17.2,323,1008.1
2024-07-23T17:00,29.0,68,0.0,15.2,324,1008.1
2024-07-23T18:00,28.4,71,0.0,12.8,320,1008.6
2024-07-23T19:00,27.8,73,0.0,9.5,307,1009.2
2024-07-23T20:00,27.9,73,0.0,6.9,313,1010.2
2024-07-23T21:00,26.9,81,0.0,5.1,309,1010.8
2024-07-23T22:00,26.7,80,0.0,2.9,210,1010.8
2024-07-23T23:00,25.7,85,0.0,4.0,180,1010.8
2024-07-24T00:00,25.1,88,0.0,5.2,168,1010.9
2024-07-24T01:00,25.2,88,0.0,5.6,153,1010.7
2024-07-24T02:00,25.1,88,0.0,6.6,139,1010.2
2024-07-24T03:00,25.0,88,0.0,6.1,140,1009.8
2024-07-24T04:00,25.0,88,0.0,5.6,165,1009.7
2024-07-24T05:00,25.3,83,0.0,6.2,190,1009.7
2024-07-24T06:00,25.5,77,0.0,5.4,180,1009.9
2024-07-24T07:00,25.9,76,0.0,5.1,135,1010.3
2024-07-24T08:00,26.6,71,0.0,7.1,195,1010.5
2024-07-24T09:00,28.1,70,0.0,4.4,145,1010.5
2024-07-24T10:00,29.4,65,0.0,2.6,56,1010.0
2024-07-24T11:00,30.5,59,0.0,2.1,31,1009.4
2024-07-24T12:00,30.3,61,0.0,4.0,27,1008.9
2024-07-24T13:00,29.8,64,0.0,6.6,9,1008.2
2024-07-24T14:00,29.5,66,0.1,10.7,14,1007.4
2024-07-24T15:00,29.1,69,0.0,13.2,17,1007.0
2024-07-24T16:00,28.8,70,0.0,13.6,11,1006.7
2024-07-24T17:00,28.5,71,0.0,12.6,360,1006.6
2024-07-24T18:00,27.9,74,0.0,10.4,346,1006.6
2024-07-24T19:00,27.4,78,0.0,6.6,338,1007.3
2024-07-24T20:00,27.4,76,0.1,5.8,353,1008.1
2024-07-24T21:00,27.1,79,0.2,6.0,25,1008.6
2024-07-24T22:00,26.6,83,0.0,8.8,71,1008.8
2024-07-24T23:00,25.4,89,0.0,11.0,128,1009.2
2024-07-25T00:00,24.8,90,0.0,6.4,133,1009.3
2024-07-25T01:00,24.5,93,0.0,1.8,191,1009.1
2024-07-25T02:00,24.6,91,0.0,6.4,164,1008.6
2024-07-25T03:00,24.4,91,0.0,7.4,133,1008.5
2024-07-25T04:00,24.1,91,0.0,5.1,135,1008.3
2024-07-25T05:00,23.4,94,0.0,4.0,170,1008.2
2024-07-25T06:00,23.2,95,0.0,4.5,209,1008.5
2024-07-25T07:00,24.7,88,0.0,3.3,193,1009.0
2024-07-25T08:00,26.8,81,0.0,1.6,153,1009.6
2024-07-25T09:00,28.0,75,0.1,2.2,360,1009.5
2024-07-25T10:00,28.2,74,0.4,5.1,352,1009.3
2024-07-25T11:00,28.5,72,0.3,5.7,342,1008.7
2024-07-25T12:00,29.2,68,0.1,7.5,343,1008.2
2024-07-25T13:00,29.4,66,0.1,9.8,354,1007.5
2024-07-25T14:00,29.2,68,0.0,11.6,355,1006.8
2024-07-25T15:00,29.2,69,0.0,12.3,345,1006.6
2024-07-25T16:00,28.8,70,0.0,12.7,345,1006.6
2024-07-25T17:00,28.4,72,0.0,10.2,350,1006.6
2024-07-25T18:00,27.6,76,0.0,6.2,350,1006.8
2024-07-25T19:00,27.1,80,0.0,4.7,337,1007.5
2024-07-25T20:00,27.0,83,0.0,4.0,355,1008.5
2024-07-25T21:00,26.6,85,0.1,3.8,49,1009.1
2024-07-25T22:00,26.4,88,0.1,3.8,107,1009.3
2024-07-25T23:00,25.9,87,0.1,4.0,180,1009.3
2024-07-26T00:00,25.3,89,0.1,7.0,215,1009.4
2024-07-26T01:00,24.7,92,0.1,3.2,207,1009.3
2024-07-26T02:00,24.2,94,0.1,3.2,207,1009.1
2024-07-26T03:00,24.3,93,0.2,2.6,236,1009.1
2024-07-26T04:00,24.4,92,0.0,3.7,241,1008.9
2024-07-26T05:00,24.2,92,0.0,4.3,246,1009.1
2024-07-26T06:00,23.8,94,0.0,3.4,252,1009.4
2024-07-26T07:00,25.0,88,0.0,4.4,235,1009.9
2024-07-26T08:00,26.7,82,0.0,4.0,243,1010.9
2024-07-26T09:00,28.1,73,0.1,2.3,231,1011.2
2024-07-26T10:00,29.2,67,0.1,2.7,113,1010.7
2024-07-26T11:00,30.3,60,0.0,5.4,48,1009.7
2024-07-26T12:00,31.0,57,0.1,7.3,33,1008.6
2024-07-26T13:00,31.1,58,0.0,10.6,10,1007.9
2024-07-26T14:00,29.0,71,0.1,19.1,356,1007.3
2024-07-26T15:00,28.8,67,0.0,16.0,9,1007.0
2024-07-26T16:00,29.8,66,0.0,16.9,16,1007.0
2024-07-26T17:00,28.5,71,0.0,15.0,11,1007.5
2024-07-26T18:00,28.0,75,0.0,10.3,29,1008.4
2024-07-26T19:00,27.7,77,0.0,7.7,41,1009.2
2024-07-26T20:00,27.4,79,0.0,4.1,45,1010.1
2024-07-26T21:00,26.4,87,0.0,4.7,86,1010.4
2024-07-26T22:00,26.1,87,0.0,5.2,106,1010.5
2024-07-26T23:00,25.8,85,0.0,5.4,132,1010.6
2024-07-27T00:00,25.7,83,0.0,4.6,141,1010.4
2024-07-27T01:00,25.9,80,0.0,3.4,162,1010.1
2024-07-27T02:00,25.9,79,0.0,3.2,180,1009.8
2024-07-27T03:00,24.8,86,0.0,4.7,171,1009.8
2024-07-27T04:00,24.1,90,0.0,5.2,168,1010.0
2024-07-27T05:00,23.7,92,0.0,5.6,153,1010.6
2024-07-27T06:00,23.2,93,0.0,6.3,149,1010.9
2024-07-27T07:00,25.0,86,0.0,4.9,144,1011.5
2024-07-27T08:00,27.2,75,0.0,6.6,131,1012.4
2024-07-27T09:00,28.9,63,0.0,7.9,106,1012.4
2024-07-27T10:00,30.4,59,0.0,9.7,90,1012.1
2024-07-27T11:00,31.7,54,0.0,8.8,78,1011.1
2024-07-27T12:00,32.4,50,0.0,7.2,53,1009.9
2024-07-27T13:00,32.6,49,0.0,10.0,13,1009.0
2024-07-27T14:00,31.1,62,0.0,18.0,2,1008.3
2024-07-27T15:00,30.4,63,0.0,18.4,4,1007.7
2024-07-27T16:00,29.8,65,0.0,18.0,16,1007.8
2024-07-27T17:00,29.5,66,0.0,16.4,33,1008.4
2024-07-27T18:00,28.6,72,0.0,15.2,36,1008.7
2024-07-27T19:00,28.2,72,0.0,13.0,48,1009.4
2024-07-27T20:00,27.8,69,0.0,9.8,66,1010.2
2024-07-27T21:00,27.3,72,0.0,6.6,77,1010.7
2024-07-27T22:00,26.3,79,0.0,5.1,98,1011.0
2024-07-27T23:00,25.7,83,0.0,5.4,160,1010.9
2024-07-28T00:00,25.2,83,0.0,5.4,184,1010.7
2024-07-28T01:00,24.9,83,0.0,6.2,173,1010.3
2024-07-28T02:00,24.8,82,0.0,5.7,162,1009.7
2024-07-28T03:00,24.4,85,0.0,6.1,177,1009.6
2024-07-28T04:00,24.2,85,0.0,5.0,201,1010.0
2024-07-28T05:00,24.0,86,0.0,4.1,218,1010.3
2024-07-28T06:00,23.8,86,0.0,3.8,229,1010.7
2024-07-28T07:00,25.0,84,0.0,4.8,207,1011.4
2024-07-28T08:00,27.0,76,0.0,4.6,198,1012.1
2024-07-28T09:00,28.6,70,0.0,3.1,201,1012.0
2024-07-28T10:00,30.0,62,0.0,0.4,180,1011.2
2024-07-28T11:00,31.1,57,0.0,2.5,360,1010.5
2024-07-28T12:00,31.1,57,0.0,5.8,356,1009.4
2024-07-28T13:00,30.8,62,0.0,8.7,5,1008.6
2024-07-28T14:00,30.1,67,0.2,12.1,17,1008.0
2024-07-28T15:00,30.0,64,0.1,11.3,7,1007.7
2024-07-28T16:00,29.8,62,0.0,10.1,360,1007.8
2024-07-28T17:00,29.2,63,0.0,9.9,19,1007.8
2024-07-28T18:00,28.5,66,0.0,10.3,25,1008.1
2024-07-28T19:00,28.2,69,0.0,10.6,35,1008.8
2024-07-28T20:00,28.0,73,0.0,6.3,66,1009.5
2024-07-28T21:00,27.0,80,0.0,4.4,81,1009.8
2024-07-28T22:00,26.4,85,0.0,5.5,101,1009.7
2024-07-28T23:00,26.8,81,0.0,4.1,135,1009.5
2024-07-29T00:00,27.1,76,0.1,4.6,129,1009.2
2024-07-29T01:00,25.6,86,0.1,6.6,135,1008.8
2024-07-29T02:00,25.6,85,0.0,5.4,228,1008.5
2024-07-29T03:00,25.4,85,0.0,5.0,249,1008.4
2024-07-29T04:00,25.0,87,0.0,6.0,245,1008.6
2024-07-29T05:00,24.6,89,0.0,5.8,248,1009.0
2024-07-29T06:00,24.2,91,0.0,4.7,238,1009.5
2024-07-29T07:00,25.1,86,0.0,6.0,197,1009.9
2024-07-29T08:00,27.2,74,0.0,5.8,150,1010.1
2024-07-29T09:00,28.9,66,0.0,5.8,112,1010.1
2024-07-29T10:00,30.3,60,0.0,5.8,83,1009.5
2024-07-29T11:00,31.5,54,0.0,5.7,55,1008.7
2024-07-29T12:00,31.9,52,0.0,8.7,7,1007.9
2024-07-29T13:00,30.5,64,0.1,15.9,354,1007.7
2024-07-29T14:00,30.1,61,0.0,15.2,5,1007.4
2024-07-29T15:00,30.6,58,0.0,14.7,22,1006.9
2024-07-29T16:00,29.9,62,0.0,15.0,24,1006.9
2024-07-29T17:00,29.0,68,0.0,12.9,30,1007.1
2024-07-29T18:00,28.1,71,0.0,8.7,38,1007.6
2024-07-29T19:00,27.6,73,0.0,7.9,51,1008.2
2024-07-29T20:00,27.3,75,0.0,6.1,90,1009.1
2024-07-29T21:00,26.2,82,0.0,5.6,105,1009.6
2024-07-29T22:00,26.4,79,0.0,4.7,99,1009.8
2024-07-29T23:00,26.4,78,0.0,4.0,100,1009.9
2024-07-30T00:00,26.1,78,0.0,3.4,148,1010.0
2024-07-30T01:00,24.8,85,0.0,4.7,184,1009.8
2024-07-30T02:00,24.5,85,0.0,5.2,192,1009.4
2024-07-30T03:00,24.7,83,0.0,5.5,203,1009.4
2024-07-30T04:00,24.5,84,0.0,6.0,205,1009.6
2024-07-30T05:00,24.1,84,0.0,6.0,197,1009.9
2024-07-30T06:00,23.9,83,0.0,5.6,195,1010.3
2024-07-30T07:00,24.9,80,0.0,6.6,193,1010.9
2024-07-30T08:00,27.5,73,0.0,4.7,203,1011.7
2024-07-30T09:00,29.0,66,0.0,0.5,45,1011.8
2024-07-30T10:00,30.2,60,0.0,4.2,20,1011.7
2024-07-30T11:00,30.8,58,0.0,6.9,6,1010.8
2024-07-30T12:00,31.2,57,0.0,9.0,355,1009.8
2024-07-30T13:00,31.1,58,0.0,11.9,357,1009.0
2024-07-30T14:00,30.8,59,0.0,12.4,8,1008.3
2024-07-30T15:00,30.4,60,0.0,12.5,12,1008.0
2024-07-30T16:00,29.9,61,0.0,11.5,14,1007.8
2024-07-30T17:00,29.7,61,0.0,10.1,17,1008.1
2024-07-30T18:00,28.6,64,0.0,10.7,14,1008.8
2024-07-30T19:00,28.0,67,0.0,11.3,31,1009.4
2024-07-30T20:00,27.5,72,0.0,7.6,45,1010.3
2024-07-30T21:00,26.5,82,0.0,5.1,45,1011.0
2024-07-30T22:00,26.0,83,0.0,3.8,163,1011.4
2024-07-30T23:00,25.3,83,0.0,5.1,184,1011.6
2024-07-31T00:00,24.8,83,0.0,4.4,215,1011.7
2024-07-31T01:00,24.6,83,0.0,4.2,239,1011.4
2024-07-31T02:00,24.4,85,0.0,5.2,236,1011.2
2024-07-31T03:00,24.8,84,0.0,4.2,211,1011.2
2024-07-31T04:00,24.4,85,0.0,4.7,203,1011.4
2024-07-31T05:00,24.1,84,0.0,4.8,207,1011.6
2024-07-31T06:00,23.9,82,0.0,4.7,203,1011.8
2024-07-31T07:00,24.7,79,0.0,6.2,190,1012.2
2024-07-31T08:00,27.4,72,0.0,4.7,189,1012.7
2024-07-31T09:00,29.1,68,0.0,3.8,139,1012.8
2024-07-31T10:00,30.6,60,0.0,4.0,100,1012.1
2024-07-31T11:00,32.0,53,0.0,4.6,51,1011.5
2024-07-31T12:00,32.2,53,0.0,9.1,7,1010.7
2024-07-31T13:00,30.7,65,0.0,19.1,1,1010.3
2024-07-31T14:00,29.9,65,0.0,18.0,360,1009.6
2024-07-31T15:00,30.4,61,0.0,17.9,9,1009.2
2024-07-31T16:00,29.6,67,0.0,15.9,6,1009.4
2024-07-31T17:00,29.1,70,0.0,12.8,11,1009.8
2024-07-31T18:00,28.2,75,0.0,8.8,12,1010.3
2024-07-31T19:00,27.7,79,0.0,6.2,21,1011.2
2024-07-31T20:00,27.4,81,0.0,3.9,34,1011.7
2024-07-31T21:00,27.9,78,0.0,2.4,153,1012.3
2024-07-31T22:00,26.2,89,0.0,5.4,180,1012.4
2024-07-31T23:00,26.1,88,0.0,4.0,207,1012.6
2024-08-01T00:00,25.9,87,0.0,4.3,222,1012.4
2024-08-01T01:00,25.5,88,0.0,4.3,222,1011.8
2024-08-01T02:00,25.0,90,0.0,4.6,219,1011.5
2024-08-01T03:00,25.0,88,0.0,3.9,214,1011.3
2024-08-01T04:00,24.7,88,0.0,3.8,221,1011.5
2024-08-01T05:00,24.6,86,0.0,4.8,228,1011.5
2024-08-01T06:00,24.4,86,0.0,4.9,234,1011.6
2024-08-01T07:00,25.3,83,0.0,5.0,240,1011.9
2024-08-01T08:00,27.5,75,0.0,5.6,225,1012.5
2024-08-01T09:00,29.3,67,0.0,4.7,238,1013.0
2024-08-01T10:00,30.5,61,0.0,2.5,270,1012.3
2024-08-01T11:00,31.4,57,0.0,5.2,348,1012.0
2024-08-01T12:00,31.4,59,0.0,10.2,350,1011.0
2024-08-01T13:00,30.6,64,0.0,11.9,3,1010.6
2024-08-01T14:00,30.3,64,0.0,12.7,345,1009.6
2024-08-01T15:00,30.1,65,0.0,14.4,347,1009.3
2024-08-01T16:00,29.1,73,0.0,12.6,340,1009.4
2024-08-01T17:00,28.9,74,0.0,8.0,333,1009.9
2024-08-01T18:00,27.7,75,0.3,4.4,325,1010.3
2024-08-01T19:00,26.6,89,1.3,1.8,259,1010.7
2024-08-01T20:00,24.8,92,0.1,6.6,189,1012.0
2024-08-01T21:00,24.7,92,0.0,7.9,219,1012.4
2024-08-01T22:00,24.6,92,0.0,3.5,204,1012.1
2024-08-01T23:00,24.4,93,0.0,4.3,204,1011.9
2024-08-02T00:00,24.6,91,0.0,4.7,203,1011.6
2024-08-02T01:00,24.8,89,0.0,4.3,185,1011.0
2024-08-02T02:00,24.7,89,0.0,4.4,189,1010.3
2024-08-02T03:00,24.0,93,0.0,5.3,208,1010.2
2024-08-02T04:00,24.0,94,0.0,3.8,221,1010.0
2024-08-02T05:00,23.4,96,0.0,5.4,222,1010.2
2024-08-02T06:00,23.8,93,0.0,3.7,209,1010.7
2024-08-02T07:00,24.9,90,0.0,2.7,203,1011.2
2024-08-02T08:00,26.7,81,0.0,2.5,188,1011.6
2024-08-02T09:00,28.8,72,0.0,3.7,151,1012.0
2024-08-02T10:00,30.3,63,0.0,3.1,54,1011.4
2024-08-02T11:00,30.7,59,0.1,12.2,24,1011.4
2024-08-02T12:00,29.3,69,0.6,9.8,24,1010.5
2024-08-02T13:00,29.2,71,0.4,12.5,18,1009.6
2024-08-02T14:00,29.5,74,0.1,12.2,2,1008.3
2024-08-02T15:00,28.6,76,0.0,10.9,354,1008.6
2024-08-02T16:00,28.0,76,0.0,4.5,14,1008.9
2024-08-02T17:00,26.6,82,0.2,7.2,53,1009.6
2024-08-02T18:00,24.4,93,3.5,7.6,121,1010.4
2024-08-02T19:00,24.9,93,0.6,4.6,141,1011.2
2024-08-02T20:00,23.9,95,2.5,9.5,191,1011.8
2024-08-02T21:00,23.8,96,1.7,8.0,126,1012.8
2024-08-02T22:00,24.2,94,0.1,3.8,131,1012.6
2024-08-02T23:00,23.9,96,0.0,4.4,125,1012.4
2024-08-03T00:00,23.8,96,0.0,2.4,207,1012.4
2024-08-03T01:00,23.5,97,0.0,3.6,276,1011.9
2024-08-03T02:00,23.5,96,0.0,3.3,229,1011.1
2024-08-03T03:00,23.4,96,0.0,3.4,198,1010.9
2024-08-03T04:00,23.3,96,0.0,3.4,198,1011.0
2024-08-03T05:00,23.5,97,0.0,3.7,169,1011.5
2024-08-03T06:00,23.2,97,0.0,3.1,135,1011.5
2024-08-03T07:00,24.4,94,0.0,5.0,111,1012.0
2024-08-03T08:00,26.5,85,0.0,6.5,109,1012.6
2024-08-03T09:00,28.4,74,0.0,7.6,115,1012.7
2024-08-03T10:00,30.2,64,0.0,8.8,102,1012.3
2024-08-03T11:00,31.6,58,0.0,7.9,87,1011.5
2024-08-03T12:00,32.3,55,0.0,7.1,41,1010.2
2024-08-03T13:00,31.8,59,0.0,10.5,8,1009.4
2024-08-03T14:00,30.5,69,2.7,14.0,360,1008.7
2024-08-03T15:00,30.4,67,0.1,9.2,42,1008.2
2024-08-03T16:00,28.3,77,6.3,6.6,189,1008.7
2024-08-03T17:00,25.9,88,5.0,8.4,290,1009.4
2024-08-03T18:00,25.4,89,0.0,4.3,275,1009.8
2024-08-03T19:00,25.2,89,0.0,6.6,292,1010.3
2024-08-03T20:00,26.2,83,0.0,5.8,263,1011.4
2024-08-03T21:00,26.2,83,0.0,3.2,243,1011.8
2024-08-03T22:00,26.0,84,0.0,4.7,238,1012.2
2024-08-03T23:00,25.4,88,0.0,3.9,236,1012.4
2024-08-04T00:00,25.2,90,0.0,4.1,232,1012.5
2024-08-04T01:00,25.1,90,0.0,5.1,225,1011.9
2024-08-04T02:00,24.6,92,1.2,4.0,243,1011.5
2024-08-04T03:00,24.6,93,0.3,3.4,288,1011.3
2024-08-04T04:00,24.7,93,0.0,5.2,282,1011.1
2024-08-04T05:00,24.4,94,0.0,4.0,280,1011.4
2024-08-04T06:00,24.2,95,0.0,4.4,261,1011.4
2024-08-04T07:00,24.9,93,0.0,6.0,245,1012.0
2024-08-04T08:00,26.9,80,0.0,3.6,225,1012.5
2024-08-04T09:00,28.9,71,0.0,2.9,210,1012.4
2024-08-04T10:00,30.3,64,0.0,0.8,207,1012.1
2024-08-04T11:00,31.2,57,0.0,2.7,23,1011.5
2024-08-04T12:00,31.6,56,0.0,6.2,350,1010.8
2024-08-04T13:00,31.6,58,0.0,7.8,338,1009.8
2024-08-04T14:00,30.9,65,0.1,10.4,358,1009.1
2024-08-04T15:00,29.8,70,0.1,12.2,358,1008.5
2024-08-04T16:00,29.6,69,0.0,12.7,7,1008.7
2024-08-04T17:00,29.1,69,0.0,11.7,18,1009.0
2024-08-04T18:00,28.0,74,0.0,8.3,355,1009.3
2024-08-04T19:00,27.5,77,0.0,5.5,337,1009.9
2024-08-04T20:00,27.2,78,0.0,4.0,265,1010.4
2024-08-04T21:00,26.2,82,0.2,4.3,222,1011.0
2024-08-04T22:00,25.8,85,0.0,4.7,247,1011.1
2024-08-04T23:00,25.4,88,0.0,3.6,233,1011.2
2024-08-05T00:00,25.9,86,0.0,2.5,180,1011.1
2024-08-05T01:00,25.1,92,0.1,2.9,30,1010.8
2024-08-05T02:00,25.1,91,0.2,5.4,94,1010.3
2024-08-05T03:00,24.9,91,0.2,2.9,240,1009.8
2024-08-05T04:00,24.0,96,0.0,4.3,185,1009.9
2024-08-05T05:00,24.2,96,0.3,4.7,90,1010.2
2024-08-05T06:00,24.3,94,0.1,4.1,225,1010.2
2024-08-05T07:00,25.0,92,0.0,5.4,250,1011.0
2024-08-05T08:00,25.5,90,0.5,9.2,231,1011.7
2024-08-05T09:00,26.9,83,0.1,6.1,220,1011.9
2024-08-05T10:00,28.4,75,0.0,3.4,252,1011.5
2024-08-05T11:00,29.7,70,0.0,2.5,315,1011.0
2024-08-05T12:00,30.5,66,0.0,7.1,345,1010.1
2024-08-05T13:00,30.4,67,0.0,13.6,348,1009.1
2024-08-05T14:00,27.5,78,1.0,8.6,360,1009.1
2024-08-05T15:00,28.8,73,0.3,6.3,294,1008.1
2024-08-05T16:00,26.6,81,0.3,12.2,270,1008.9
2024-08-05T17:00,26.3,82,0.1,4.5,256,1008.7
2024-08-05T18:00,26.1,86,0.0,1.3,236,1008.7
2024-08-05T19:00,25.9,85,0.0,3.2,180,1009.3
2024-08-05T20:00,26.3,79,0.0,6.6,189,1010.3
2024-08-05T21:00,25.8,80,0.0,7.3,171,1010.8
2024-08-05T22:00,25.5,80,0.0,5.9,169,1011.3
2024-08-05T23:00,25.5,80,0.0,4.0,170,1011.3
2024-08-06T00:00,24.7,86,0.0,5.0,159,1010.9
2024-08-06T01:00,24.5,88,0.0,4.3,156,1010.2
2024-08-06T02:00,24.2,88,0.0,3.9,146,1010.1
2024-08-06T03:00,24.2,88,0.0,3.8,139,1009.7
2024-08-06T04:00,24.1,87,0.0,4.5,151,1009.5
2024-08-06T05:00,23.8,88,0.0,3.9,158,1009.5
2024-08-06T06:00,23.3,90,0.0,3.7,169,1009.9
2024-08-06T07:00,24.6,84,0.0,4.7,171,1010.5
2024-08-06T08:00,26.9,76,0.0,4.9,163,1011.2
2024-08-06T09:00,28.8,66,0.0,5.9,133,1011.2
2024-08-06T10:00,30.5,55,0.0,7.6,109,1010.9
2024-08-06T11:00,31.8,48,0.0,7.9,87,1010.3
2024-08-06T12:00,32.4,47,0.0,6.6,41,1009.6
2024-08-06T13:00,31.9,53,0.0,12.2,358,1008.6
2024-08-06T14:00,30.2,63,0.0,19.1,360,1008.0
2024-08-06T15:00,29.9,59,0.0,17.5,14,1007.8
2024-08-06T16:00,30.1,63,0.0,14.9,15,1007.4
2024-08-06T17:00,28.9,69,0.0,13.5,9,1007.7
2024-08-06T18:00,28.0,73,0.0,8.9,21,1008.2
2024-08-06T19:00,27.6,77,0.0,6.1,28,1009.0
2024-08-06T20:00,26.6,85,0.0,4.7,86,1010.0
2024-08-06T21:00,26.6,81,0.0,4.3,114,1010.6
2024-08-06T22:00,26.0,84,0.0,5.6,130,1010.7
2024-08-06T23:00,26.0,83,0.0,4.6,141,1010.6
2024-08-07T00:00,27.1,74,0.0,2.2,9,1010.5
2024-08-07T01:00,26.7,77,0.0,1.6,27,1010.5
2024-08-07T02:00,25.2,85,0.0,3.3,186,1010.2
2024-08-07T03:00,24.4,90,0.0,5.0,210,1009.8
2024-08-07T04:00,24.1,91,0.0,5.0,201,1009.9
2024-08-07T05:00,24.2,87,0.0,5.1,188,1010.0
2024-08-07T06:00,23.7,87,0.0,4.0,185,1010.5
2024-08-07T07:00,24.6,83,0.0,5.2,192,1011.2
2024-08-07T08:00,26.9,74,0.0,6.1,183,1011.9
2024-08-07T09:00,28.9,66,0.0,5.8,184,1011.8
2024-08-07T10:00,30.5,60,0.0,3.3,167,1011.3
2024-08-07T11:00,31.7,54,0.0,2.9,83,1010.6
2024-08-07T12:00,32.2,52,0.0,6.6,22,1009.7
2024-08-07T13:00,31.2,59,0.1,14.4,13,1009.0
2024-08-07T14:00,29.2,68,0.1,19.9,6,1008.6
2024-08-07T15:00,30.4,59,0.0,16.1,10,1008.0
2024-08-07T16:00,29.5,63,0.0,16.3,6,1008.0
2024-08-07T17:00,29.2,65,0.0,13.6,17,1008.3
2024-08-07T18:00,28.5,68,0.0,11.4,18,1009.0
2024-08-07T19:00,28.1,71,0.0,7.4,29,1009.5
2024-08-07T20:00,27.4,74,0.0,5.1,39,1010.9
2024-08-07T21:00,26.4,82,0.0,5.0,60,1011.3
2024-08-07T22:00,26.0,85,0.0,5.0,111,1011.7
2024-08-07T23:00,25.5,86,0.0,5.0,150,1011.7
2024-08-08T00:00,25.0,86,0.0,4.5,151,1011.6
2024-08-08T01:00,24.9,84,0.0,4.4,145,1011.4
2024-08-08T02:00,24.9,84,0.0,4.8,153,1010.9
2024-08-08T03:00,24.8,83,0.0,3.7,169,1010.7
2024-08-08T04:00,24.8,81,0.0,4.3,185,1010.5
2024-08-08T05:00,24.3,84,0.0,3.4,212,1010.4
2024-08-08T06:00,24.2,82,0.0,4.1,218,1010.7
2024-08-08T07:00,25.0,79,0.0,5.3,208,1011.6
2024-08-08T08:00,27.8,71,0.0,5.8,180,1012.6
2024-08-08T09:00,29.3,66,0.0,5.4,138,1012.6
2024-08-08T10:00,30.6,59,0.0,6.2,100,1012.4
2024-08-08T11:00,31.7,54,0.0,5.7,72,1011.6
2024-08-08T12:00,32.0,52,0.2,7.4,29,1010.6
2024-08-08T13:00,31.7,56,0.2,13.0,14,1009.8
2024-08-08T14:00,30.1,68,0.5,13.6,12,1009.2
2024-08-08T15:00,30.6,67,0.0,11.5,358,1008.7
2024-08-08T16:00,29.9,72,0.0,10.9,351,1008.7
2024-08-08T17:00,28.9,76,0.2,10.1,358,1009.0
2024-08-08T18:00,28.4,78,0.0,9.0,360,1009.6
2024-08-08T19:00,28.2,79,0.0,8.8,12,1010.8
2024-08-08T20:00,28.5,67,0.0,7.4,76,1011.3
2024-08-08T21:00,27.1,79,0.0,4.5,151,1011.9
2024-08-08T22:00,27.0,81,0.0,4.7,203,1011.9
2024-08-08T23:00,26.4,87,0.0,4.6,219,1011.9
2024-08-09T00:00,25.9,89,0.0,4.4,215,1011.4
2024-08-09T01:00,25.5,89,0.0,4.9,234,1010.9
2024-08-09T02:00,25.2,90,0.0,3.8,253,1010.6
2024-08-09T03:00,24.9,93,0.0,3.2,270,1010.4
2024-08-09T04:00,24.9,92,0.0,3.9,202,1010.0
2024-08-09T05:00,24.7,91,0.0,4.7,212,1010.1
2024-08-09T06:00,24.5,91,0.0,5.1,225,1010.4
2024-08-09T07:00,25.5,87,0.0,5.4,228,1011.2
2024-08-09T08:00,27.8,77,0.0,3.3,193,1011.5
2024-08-09T09:00,29.6,66,0.0,2.9,97,1011.5
2024-08-09T10:00,31.2,58,0.0,5.8,60,1010.9
2024-08-09T11:00,32.3,53,0.0,10.0,38,1009.9
2024-08-09T12:00,31.6,61,0.2,15.8,1,1008.9
2024-08-09T13:00,31.2,64,0.3,16.9,360,1008.0
2024-08-09T14:00,31.4,61,0.0,19.3,14,1007.0
2024-08-09T15:00,31.6,54,0.0,20.6,29,1006.4
2024-08-09T16:00,30.6,60,0.0,20.9,36,1006.3
2024-08-09T17:00,29.6,65,0.0,17.1,39,1006.8
2024-08-09T18:00,28.6,72,0.0,12.0,41,1007.3
2024-08-09T19:00,28.0,75,0.0,6.4,74,1008.5
2024-08-09T20:00,27.3,78,0.0,4.0,85,1009.6
2024-08-09T21:00,26.6,83,0.0,4.4,125,1010.1
2024-08-09T22:00,26.3,84,0.0,4.2,160,1010.3
2024-08-09T23:00,25.9,85,0.0,4.7,176,1010.2
2024-08-10T00:00,25.8,84,0.0,4.1,195,1010.3
2024-08-10T01:00,25.6,85,0.1,3.4,212,1009.8
2024-08-10T02:00,25.3,85,0.1,3.8,221,1009.2
2024-08-10T03:00,25.1,86,0.0,5.1,231,1009.1
2024-08-10T04:00,24.6,89,0.0,4.3,228,1009.1
2024-08-10T05:00,24.1,90,0.0,3.6,225,1009.0
2024-08-10T06:00,23.9,90,0.0,3.8,229,1009.4
2024-08-10T07:00,25.0,85,0.0,4.8,228,1009.8
2024-08-10T08:00,27.5,76,0.0,4.0,185,1010.9
2024-08-10T09:00,29.2,69,0.0,2.2,189,1010.9
2024-08-10T10:00,30.5,62,0.0,1.5,45,1010.4
2024-08-10T11:00,31.3,56,0.0,6.0,17,1009.4
2024-08-10T12:00,31.2,60,0.2,10.1,6,1008.4
2024-08-10T13:00,29.7,70,0.2,16.3,8,1007.5
2024-08-10T14:00,30.0,66,0.1,15.2,7,1006.8
2024-08-10T15:00,30.4,64,0.0,15.7,9,1006.6
2024-08-10T16:00,29.6,66,0.0,16.0,9,1006.8
2024-08-10T17:00,28.8,72,0.0,12.2,14,1007.2
2024-08-10T18:00,28.3,73,0.0,6.0,17,1007.4
2024-08-10T19:00,27.9,77,0.0,4.2,31,1007.9
2024-08-10T20:00,27.8,78,0.0,6.8,65,1009.4
2024-08-10T21:00,26.5,86,0.0,4.6,129,1010.0
2024-08-10T22:00,26.1,86,0.0,4.1,195,1009.8
2024-08-10T23:00,25.7,88,0.0,5.4,228,1010.1
2024-08-11T00:00,25.2,90,0.0,6.4,254,1009.9
2024-08-11T01:00,24.7,93,0.1,1.1,72,1009.8
2024-08-11T02:00,24.9,90,0.1,2.6,74,1009.4
2024-08-11T03:00,24.6,92,0.0,2.6,164,1009.1
2024-08-11T04:00,24.3,94,0.0,2.9,180,1009.0
2024-08-11T05:00,23.9,96,0.0,3.1,225,1008.9
2024-08-11T06:00,23.9,96,0.0,3.1,249,1008.9
2024-08-11T07:00,25.1,90,0.0,4.5,256,1009.3
2024-08-11T08:00,27.4,78,0.0,4.8,207,1010.3
2024-08-11T09:00,29.1,69,0.0,2.1,149,1010.1
2024-08-11T10:00,30.0,63,0.1,2.0,45,1009.4
2024-08-11T11:00,30.6,60,0.1,4.3,360,1008.9
2024-08-11T12:00,30.8,60,0.3,8.0,342,1008.0
2024-08-11T13:00,30.2,68,0.2,10.7,346,1007.4
2024-08-11T14:00,29.9,69,0.0,12.6,357,1006.8
2024-08-11T15:00,29.5,71,0.1,12.4,352,1006.7
2024-08-11T16:00,29.0,73,0.1,11.4,347,1006.5
2024-08-11T17:00,28.6,74,0.0,9.3,332,1006.7
2024-08-11T18:00,27.8,78,0.0,6.4,322,1007.1
2024-08-11T19:00,27.1,81,0.0,4.0,333,1008.0
2024-08-11T20:00,27.0,86,0.5,3.8,197,1008.8
2024-08-11T21:00,26.5,86,0.3,6.0,245,1009.2
2024-08-11T22:00,25.8,90,0.0,6.7,216,1009.4
2024-08-11T23:00,25.3,90,0.0,4.1,225,1009.6
2024-08-12T00:00,25.2,90,0.1,4.6,225,1009.4
2024-08-12T01:00,24.9,91,0.0,6.6,225,1008.8
2024-08-12T02:00,24.7,92,0.0,6.9,227,1008.3
2024-08-12T03:00,24.3,90,0.0,6.9,208,1008.1
2024-08-12T04:00,24.1,86,0.0,6.8,212,1008.1
2024-08-12T05:00,23.8,86,0.0,5.4,228,1008.3
2024-08-12T06:00,22.8,93,0.0,6.1,225,1008.7
2024-08-12T07:00,24.5,88,0.0,4.6,219,1009.1
2024-08-12T08:00,27.1,76,0.0,3.3,221,1009.9
2024-08-12T09:00,28.8,63,0.0,2.9,180,1009.9
2024-08-12T10:00,30.6,53,0.0,3.0,76,1009.4
2024-08-12T11:00,31.1,52,0.0,6.5,34,1008.6
2024-08-12T12:00,31.1,55,0.0,10.5,16,1007.7
2024-08-12T13:00,29.3,66,0.0,18.4,356,1007.3
2024-08-12T14:00,30.3,51,0.0,18.0,12,1007.1
2024-08-12T15:00,30.6,51,0.0,16.8,23,1006.9
2024-08-12T16:00,29.7,53,0.0,16.9,20,1006.8
2024-08-12T17:00,29.0,57,0.0,12.9,30,1007.1
2024-08-12T18:00,27.8,63,0.0,7.2,37,1007.5
2024-08-12T19:00,27.3,68,0.0,6.2,54,1008.1
2024-08-12T20:00,27.0,71,0.0,9.1,83,1009.4
2024-08-12T21:00,26.4,74,0.0,6.2,100,1010.0
2024-08-12T22:00,25.8,76,0.0,5.9,133,1010.2
2024-08-12T23:00,25.1,79,0.0,4.4,145,1010.0
2024-08-13T00:00,24.0,85,0.0,5.6,153,1009.8
2024-08-13T01:00,23.7,86,0.0,6.5,186,1009.4
2024-08-13T02:00,23.2,87,0.0,4.9,216,1009.2
2024-08-13T03:00,23.0,87,0.0,4.1,232,1009.2
2024-08-13T04:00,22.7,89,0.0,4.1,232,1009.2
2024-08-13T05:00,22.0,93,0.0,5.1,219,1009.5
2024-08-13T06:00,21.7,94,0.0,5.0,201,1009.8
2024-08-13T07:00,23.5,86,0.0,4.3,175,1010.2
2024-08-13T08:00,26.2,75,0.0,4.9,144,1011.1
2024-08-13T09:00,28.4,61,0.0,5.2,124,1011.1
2024-08-13T10:00,30.2,53,0.0,4.7,113,1010.6
2024-08-13T11:00,31.6,47,0.0,3.4,58,1010.0
2024-08-13T12:00,32.0,46,0.0,9.0,355,1009.2
2024-08-13T13:00,30.4,57,0.0,19.7,352,1008.5
2024-08-13T14:00,30.1,53,0.0,18.0,1,1007.8
2024-08-13T15:00,30.3,53,0.0,16.4,15,1007.4
2024-08-13T16:00,29.7,59,0.0,18.4,17,1007.3
2024-08-13T17:00,28.6,65,0.0,16.1,20,1007.9
2024-08-13T18:00,28.1,67,0.0,15.0,30,1008.0
2024-08-13T19:00,27.6,70,0.0,11.8,38,1008.5
2024-08-13T20:00,26.6,74,0.0,4.3,95,1009.8
2024-08-13T21:00,26.0,73,0.0,5.2,164,1010.5
2024-08-13T22:00,25.5,71,0.0,4.5,194,1010.7
2024-08-13T23:00,24.6,79,0.0,6.3,204,1010.7
2024-08-14T00:00,24.8,78,0.0,4.5,194,1010.4
2024-08-14T01:00,24.5,80,0.0,3.3,221,1009.6
2024-08-14T02:00,23.8,86,0.0,4.5,241,1009.2
2024-08-14T03:00,23.6,88,0.0,4.1,232,1009.3
2024-08-14T04:00,23.5,87,0.0,4.1,218,1009.4
2024-08-14T05:00,23.4,85,0.0,4.5,209,1009.5
2024-08-14T06:00,23.3,81,0.0,6.0,197,1009.6
2024-08-14T07:00,24.1,78,0.0,7.0,192,1010.0
2024-08-14T08:00,26.8,70,0.0,5.8,184,1010.9
2024-08-14T09:00,28.9,64,0.0,3.3,186,1010.8
2024-08-14T10:00,30.4,57,0.0,0.8,297,1010.5
2024-08-14T11:00,31.4,53,0.0,4.0,350,1009.5
2024-08-14T12:00,31.4,55,0.0,11.3,353,1008.4
2024-08-14T13:00,30.3,58,0.0,17.7,355,1007.5
2024-08-14T14:00,30.7,54,0.0,16.7,14,1007.0
2024-08-14T15:00,30.5,57,0.0,18.7,11,1006.5
2024-08-14T16:00,29.6,61,0.0,16.1,24,1006.4
2024-08-14T17:00,29.4,65,0.0,15.7,32,1006.7
2024-08-14T18:00,28.3,71,0.0,12.5,33,1007.2
2024-08-14T19:00,27.8,74,0.0,9.2,48,1007.9
2024-08-14T20:00,27.6,75,0.0,6.0,65,1008.8
2024-08-14T21:00,27.3,76,0.0,5.2,115,1009.4
2024-08-14T22:00,25.9,83,0.0,4.4,189,1009.8
2024-08-14T23:00,25.5,86,0.0,4.4,189,1009.8
2024-08-15T00:00,26.6,77,0.0,4.1,142,1009.4
2024-08-15T01:00,27.0,74,0.0,4.0,10,1008.7
2024-08-15T02:00,25.2,86,0.0,3.6,264,1008.2
2024-08-15T03:00,24.6,89,0.0,4.6,231,1008.0
2024-08-15T04:00,24.4,86,0.0,5.1,225,1008.1
2024-08-15T05:00,24.2,85,0.0,5.4,217,1008.2
2024-08-15T06:00,24.0,84,0.0,5.8,210,1008.5
2024-08-15T07:00,25.0,79,0.0,7.2,207,1009.2
2024-08-15T08:00,27.6,70,0.0,7.3,200,1009.7
2024-08-15T09:00,29.5,65,0.0,6.0,213,1009.8
2024-08-15T10:00,31.0,58,0.0,3.4,238,1009.3
2024-08-15T11:00,32.2,53,0.0,2.3,342,1008.2
2024-08-15T12:00,32.5,51,0.0,9.1,351,1007.0
2024-08-15T13:00,31.8,61,0.0,17.0,339,1006.1
2024-08-15T14:00,30.4,66,0.0,20.3,337,1005.6
2024-08-15T15:00,30.5,65,0.0,18.8,348,1005.4
2024-08-15T16:00,29.7,71,0.0,17.1,353,1005.5
2024-08-15T17:00,29.0,73,0.0,16.1,350,1006.0
2024-08-15T18:00,28.4,71,0.0,12.1,17,1007.0
2024-08-15T19:00,28.0,67,0.0,10.5,31,1007.8
2024-08-15T20:00,27.1,78,0.0,4.3,66,1009.0
2024-08-15T21:00,26.7,74,0.0,5.3,208,1009.5
2024-08-15T22:00,25.9,79,0.0,7.1,204,1009.6
2024-08-15T23:00,25.1,82,0.0,4.7,203,1009.7
2024-08-16T00:00,24.4,88,0.0,4.8,167,1009.2
2024-08-16T01:00,24.4,88,0.0,5.7,125,1008.4
2024-08-16T02:00,25.3,80,0.0,3.3,174,1008.0
2024-08-16T03:00,24.6,84,0.0,3.4,252,1008.0
2024-08-16T04:00,23.4,91,0.0,5.8,248,1007.9
2024-08-16T05:00,23.7,89,0.0,4.8,228,1008.1
2024-08-16T06:00,23.5,91,0.0,4.4,215,1008.4
2024-08-16T07:00,24.9,85,0.0,5.4,200,1009.0
2024-08-16T08:00,27.1,74,0.0,5.4,184,1010.1
2024-08-16T09:00,28.9,66,0.0,3.1,159,1010.5
2024-08-16T10:00,30.4,59,0.0,1.8,180,1009.7
2024-08-16T11:00,31.8,53,0.0,1.5,315,1008.8
2024-08-16T12:00,32.2,51,0.0,6.3,336,1007.7
2024-08-16T13:00,32.1,51,0.0,8.7,330,1006.9
2024-08-16T14:00,31.9,56,0.0,13.1,339,1006.3
2024-08-16T15:00,30.3,63,0.1,17.2,350,1005.7
2024-08-16T16:00,29.6,65,0.0,17.1,353,1005.7
2024-08-16T17:00,28.9,68,0.0,16.3,354,1006.1
2024-08-16T18:00,28.5,68,0.0,14.2,7,1007.1
2024-08-16T19:00,28.1,67,0.0,8.4,20,1008.3
2024-08-16T20:00,27.8,71,0.0,4.4,55,1009.3
2024-08-16T21:00,27.4,75,0.0,2.9,97,1009.6
2024-08-16T22:00,26.7,82,0.0,4.2,110,1010.1
2024-08-16T23:00,27.0,76,0.0,3.0,104,1010.1
2024-08-17T00:00,26.6,77,0.0,3.1,111,1009.6
2024-08-17T01:00,25.8,82,0.0,4.0,153,1009.2
2024-08-17T02:00,25.4,84,0.0,3.7,151,1008.7
2024-08-17T03:00,25.1,88,0.0,4.7,176,1008.4
2024-08-17T04:00,24.8,89,0.0,4.7,212,1008.3
2024-08-17T05:00,24.8,89,0.0,3.6,233,1008.8
2024-08-17T06:00,24.2,92,0.0,4.7,238,1009.2
2024-08-17T07:00,25.8,85,0.0,3.9,214,1009.8
2024-08-17T08:00,28.1,71,0.0,4.0,170,1010.7
2024-08-17T09:00,29.6,66,0.0,2.9,83,1010.9
2024-08-17T10:00,30.6,61,0.0,3.9,34,1010.3
2024-08-17T11:00,31.5,57,0.0,4.7,4,1009.3
2024-08-17T12:00,31.6,57,0.0,9.3,347,1008.4
2024-08-17T13:00,29.4,70,0.1,20.0,352,1007.8
2024-08-17T14:00,29.9,60,0.0,16.8,10,1007.3
2024-08-17T15:00,30.5,59,0.0,18.8,12,1006.7
2024-08-17T16:00,29.5,67,0.0,16.5,11,1006.7
2024-08-17T17:00,29.0,70,0.0,15.6,19,1007.0
2024-08-17T18:00,28.2,72,0.0,13.3,33,1007.6
2024-08-17T19:00,27.7,73,0.0,8.7,38,1008.4
2024-08-17T20:00,27.2,81,0.0,3.4,32,1009.3
2024-08-17T21:00,26.9,82,0.0,2.5,278,1010.3
2024-08-17T22:00,26.0,88,0.0,4.5,284,1010.7
2024-08-17T23:00,25.6,90,0.0,4.3,270,1010.6
2024-08-18T00:00,25.4,91,0.0,4.0,280,1010.5
2024-08-18T01:00,25.2,91,0.0,4.3,246,1010.0
2024-08-18T02:00,25.0,92,0.0,4.1,225,1009.6
2024-08-18T03:00,25.3,90,0.0,2.8,220,1009.3
2024-08-18T04:00,24.7,92,0.0,3.5,204,1009.3
2024-08-18T05:00,24.2,94,0.0,4.6,198,1009.5
2024-08-18T06:00,24.1,92,0.0,3.7,209,1009.8
2024-08-18T07:00,25.7,83,0.0,4.4,215,1010.3
2024-08-18T08:00,27.9,73,0.0,2.5,180,1010.8
2024-08-18T09:00,29.5,69,0.0,1.5,45,1011.2
2024-08-18T10:00,30.7,62,0.0,4.7,4,1010.9
2024-08-18T11:00,31.4,59,0.0,7.6,352,1010.2
2024-08-18T12:00,31.5,61,0.0,11.6,353,1009.1
2024-08-18T13:00,30.9,63,0.0,15.1,3,1008.2
2024-08-18T14:00,30.7,61,0.0,15.2,4,1007.5
2024-08-18T15:00,30.8,59,0.0,16.2,360,1007.0
2024-08-18T16:00,29.8,61,0.0,14.4,13,1007.0
2024-08-18T17:00,29.4,65,0.0,12.1,23,1007.3
2024-08-18T18:00,28.4,71,0.0,9.0,16,1008.1
2024-08-18T19:00,27.9,76,0.0,6.3,24,1008.9
2024-08-18T20:00,27.6,77,0.0,4.5,61,1009.9
2024-08-18T21:00,27.1,80,0.0,3.7,101,1010.8
2024-08-18T22:00,26.8,82,0.0,4.1,128,1010.7
2024-08-18T23:00,26.3,85,0.0,4.3,114,1010.6
2024-08-19T00:00,25.9,86,0.1,4.2,110,1010.1
2024-08-19T01:00,25.4,89,0.0,4.4,99,1009.4
2024-08-19T02:00,25.1,92,0.0,3.9,112,1008.8
2024-08-19T03:00,24.6,94,0.0,4.4,145,1008.6
2024-08-19T04:00,24.7,91,0.0,4.7,189,1008.6
2024-08-19T05:00,24.3,90,0.0,6.3,204,1008.4
2024-08-19T06:00,24.0,89,0.0,5.0,201,1008.9
2024-08-19T07:00,25.1,84,0.0,6.4,207,1009.7
2024-08-19T08:00,27.6,71,0.0,6.2,201,1010.2
2024-08-19T09:00,29.5,65,0.0,3.3,221,1010.5
2024-08-19T10:00,30.9,60,0.0,2.4,333,1010.0
2024-08-19T11:00,31.6,57,0.0,7.1,345,1009.3
2024-08-19T12:00,31.8,58,0.0,11.7,351,1008.5
2024-08-19T13:00,31.2,58,0.0,17.3,358,1007.9
2024-08-19T14:00,30.9,62,0.0,16.6,360,1007.4
2024-08-19T15:00,30.3,67,0.0,17.6,1,1006.8
2024-08-19T16:00,29.5,66,0.0,14.1,6,1006.6
2024-08-19T17:00,29.3,70,0.0,12.4,10,1006.6
2024-08-19T18:00,28.5,69,0.0,11.2,21,1007.1
2024-08-19T19:00,27.9,70,0.0,8.3,34,1007.9
2024-08-19T20:00,27.6,75,0.0,5.4,70,1009.4
2024-08-19T21:00,26.9,79,0.0,4.1,105,1010.3
2024-08-19T22:00,26.5,80,0.0,5.3,118,1010.3
2024-08-19T23:00,25.9,83,0.0,4.3,114,1010.5
2024-08-20T00:00,25.2,86,0.0,4.3,114,1010.5
2024-08-20T01:00,24.7,89,0.0,5.8,112,1010.2
2024-08-20T02:00,24.2,91,0.0,5.9,128,1009.6
2024-08-20T03:00,23.9,92,0.0,5.0,150,1009.7
2024-08-20T04:00,23.5,93,0.0,5.2,192,1009.7
2024-08-20T05:00,23.2,94,0.0,5.9,191,1009.6
2024-08-20T06:00,23.3,94,0.0,4.4,189,1009.8
2024-08-20T07:00,24.9,87,0.0,6.2,190,1010.4
2024-08-20T08:00,27.3,77,0.0,5.4,143,1011.3
2024-08-20T09:00,28.9,70,0.0,4.7,99,1011.5
2024-08-20T10:00,30.3,63,0.0,2.6,74,1010.9
2024-08-20T11:00,31.6,56,0.0,4.3,355,1010.3
2024-08-20T12:00,31.7,57,0.0,10.1,343,1009.5
2024-08-20T13:00,31.3,62,0.0,13.7,357,1008.3
2024-08-20T14:00,30.2,66,0.0,17.9,10,1007.7
2024-08-20T15:00,30.2,67,0.0,17.3,5,1007.3
2024-08-20T16:00,29.5,68,0.0,16.9,1,1007.2
2024-08-20T17:00,28.9,66,0.0,14.6,9,1007.4
2024-08-20T18:00,28.2,70,0.0,11.5,2,1008.1
2024-08-20T19:00,27.7,74,0.0,6.1,360,1009.4
2024-08-20T20:00,27.9,75,0.0,2.5,90,1010.4
2024-08-20T21:00,26.5,84,0.0,4.1,142,1011.2
2024-08-20T22:00,26.0,85,0.0,4.3,138,1011.8
2024-08-20T23:00,25.6,85,0.0,4.5,104,1012.1
2024-08-21T00:00,25.5,85,0.0,4.1,105,1011.7
2024-08-21T01:00,24.8,88,0.0,5.6,105,1011.5
2024-08-21T02:00,24.5,89,0.0,5.4,98,1011.2
2024-08-21T03:00,24.4,89,0.0,4.6,108,1010.9
2024-08-21T04:00,24.1,91,0.0,4.5,119,1010.5
2024-08-21T05:00,23.5,93,0.0,6.4,133,1010.4
2024-08-21T06:00,23.3,93,0.0,5.4,138,1010.8
2024-08-21T07:00,25.5,84,0.0,4.6,141,1011.4
2024-08-21T08:00,27.9,71,0.0,6.8,155,1011.9
2024-08-21T09:00,29.7,62,0.0,5.4,127,1011.6
2024-08-21T10:00,31.1,57,0.0,3.1,54,1011.2
2024-08-21T11:00,31.8,56,0.0,8.4,350,1010.8
2024-08-21T12:00,31.1,62,0.0,16.5,344,1010.3
2024-08-21T13:00,30.8,63,0.0,16.6,347,1009.6
2024-08-21T14:00,30.5,66,0.0,18.4,354,1008.6
2024-08-21T15:00,30.3,64,0.0,16.6,355,1008.1
2024-08-21T16:00,29.6,68,0.0,15.2,356,1008.2
2024-08-21T17:00,29.1,69,0.0,13.8,7,1008.6
2024-08-21T18:00,28.4,72,0.0,11.3,22,1009.0
2024-08-21T19:00,28.2,71,0.0,9.7,45,1009.4
2024-08-21T20:00,27.5,78,0.0,4.8,42,1010.2
2024-08-21T21:00,27.3,80,0.0,5.5,79,1010.6
2024-08-21T22:00,26.9,82,0.0,7.2,87,1011.0
2024-08-21T23:00,26.5,84,0.0,5.4,98,1011.0
2024-08-22T00:00,26.2,85,0.0,5.2,115,1010.9
2024-08-22T01:00,26.0,85,0.0,5.6,130,1010.6
2024-08-22T02:00,25.7,86,0.0,5.2,124,1010.3
2024-08-22T03:00,25.6,85,0.0,6.1,118,1010.2
2024-08-22T04:00,25.4,84,0.0,6.3,121,1010.1
2024-08-22T05:00,25.4,85,0.0,6.3,121,1010.4
2024-08-22T06:00,25.2,86,0.0,6.4,142,1010.5
2024-08-22T07:00,26.3,82,0.0,7.1,131,1011.1
2024-08-22T08:00,28.2,71,0.0,8.0,117,1012.2
2024-08-22T09:00,30.0,61,0.0,9.0,92,1012.3
2024-08-22T10:00,31.5,54,0.0,8.3,72,1011.7
2024-08-22T11:00,32.5,51,0.0,9.2,31,1011.0
2024-08-22T12:00,32.5,53,0.0,15.3,8,1009.9
2024-08-22T13:00,30.9,63,0.0,19.9,6,1009.3
2024-08-22T14:00,30.6,64,0.0,18.2,14,1008.2
2024-08-22T15:00,30.3,65,0.0,19.4,15,1007.9
2024-08-22T16:00,29.7,69,0.0,17.2,20,1008.0
2024-08-22T17:00,29.2,71,0.0,14.2,24,1008.3
2024-08-22T18:00,28.7,74,0.0,11.8,31,1009.0
2024-08-22T19:00,28.2,76,0.0,8.4,43,1010.2
2024-08-22T20:00,28.0,77,0.0,5.1,45,1010.9
2024-08-22T21:00,27.8,77,0.0,6.1,62,1011.6
2024-08-22T22:00,27.6,78,0.0,7.3,70,1012.4
2024-08-22T23:00,27.4,79,0.0,5.9,79,1012.2
2024-08-23T00:00,26.3,84,0.0,3.5,156,1012.1
2024-08-23T01:00,26.1,84,0.1,4.3,175,1011.5
2024-08-23T02:00,25.5,87,0.1,3.0,166,1011.2
2024-08-23T03:00,25.0,90,0.1,3.2,153,1010.9
2024-08-23T04:00,25.0,91,0.0,2.9,173,1010.9
2024-08-23T05:00,24.4,94,0.1,4.2,110,1011.3
2024-08-23T06:00,24.9,92,0.3,3.6,96,1011.6
2024-08-23T07:00,26.1,86,0.1,1.1,180,1012.3
2024-08-23T08:00,27.9,77,0.0,5.0,90,1012.7
2024-08-23T09:00,29.4,67,0.0,7.4,76,1012.8
2024-08-23T10:00,30.8,59,0.0,6.0,57,1012.5
2024-08-23T11:00,31.9,54,0.0,8.2,15,1011.8
2024-08-23T12:00,31.5,55,0.0,13.3,357,1010.9
2024-08-23T13:00,31.0,53,0.0,17.3,359,1010.0
2024-08-23T14:00,30.3,54,0.0,17.4,6,1009.2
2024-08-23T15:00,30.5,55,0.0,16.9,2,1008.7
2024-08-23T16:00,29.7,60,0.0,14.8,14,1008.8
2024-08-23T17:00,29.3,65,0.0,8.0,18,1009.1
2024-08-23T18:00,28.4,71,0.0,4.5,14,1009.4
2024-08-23T19:00,28.1,74,0.0,5.4,356,1010.1
2024-08-23T20:00,28.1,69,0.0,6.0,303,1011.3
2024-08-23T21:00,27.4,75,0.0,3.7,299,1011.9
2024-08-23T22:00,27.2,77,0.0,3.6,270,1012.4
2024-08-23T23:00,26.5,79,0.0,4.7,212,1012.6
2024-08-24T00:00,26.3,78,0.0,4.7,189,1012.3
2024-08-24T01:00,25.7,79,0.0,5.2,192,1011.9
2024-08-24T02:00,25.0,81,0.0,4.7,189,1011.3
2024-08-24T03:00,24.4,84,0.0,3.8,197,1010.8
2024-08-24T04:00,23.8,88,0.0,4.8,193,1010.7
2024-08-24T05:00,23.5,90,0.0,5.1,172,1010.9
2024-08-24T06:00,23.4,92,0.0,6.1,152,1011.3
2024-08-24T07:00,25.7,81,0.0,3.9,124,1012.0
2024-08-24T08:00,27.5,72,0.0,3.4,122,1012.4
2024-08-24T09:00,29.4,65,0.0,4.5,76,1012.7
2024-08-24T10:00,30.6,59,0.0,4.1,38,1012.2
2024-08-24T11:00,31.1,57,0.0,6.6,347,1011.6
2024-08-24T12:00,31.2,58,0.0,9.3,344,1010.4
2024-08-24T13:00,31.3,58,0.0,13.4,355,1009.5
2024-08-24T14:00,30.6,61,0.0,16.9,360,1008.9
2024-08-24T15:00,30.2,67,0.0,16.5,350,1008.5
2024-08-24T16:00,29.6,66,0.0,15.7,349,1008.2
2024-08-24T17:00,29.4,67,0.0,14.5,354,1008.3
2024-08-24T18:00,28.4,71,0.0,11.4,347,1008.9
2024-08-24T19:00,28.1,72,0.0,12.2,2,1009.8
2024-08-24T20:00,27.6,73,0.0,5.2,326,1010.9
2024-08-24T21:00,25.0,89,0.3,12.1,233,1011.4
2024-08-24T22:00,24.6,93,0.0,7.7,233,1012.0
2024-08-24T23:00,24.9,89,0.0,5.9,227,1011.8
2024-08-25T00:00,24.4,92,0.0,3.7,169,1011.5
2024-08-25T01:00,24.5,91,0.0,2.9,97,1011.2
2024-08-25T02:00,24.2,92,0.0,3.6,135,1010.7
2024-08-25T03:00,24.2,91,0.0,4.0,170,1010.6
2024-08-25T04:00,24.0,91,0.0,4.4,189,1010.4
2024-08-25T05:00,23.8,90,0.0,5.6,207,1010.2
2024-08-25T06:00,23.3,90,0.0,4.6,198,1010.8
2024-08-25T07:00,24.5,84,0.0,4.3,185,1011.4
2024-08-25T08:00,27.5,73,0.0,2.4,117,1012.2
2024-08-25T09:00,29.5,64,0.1,3.8,73,1011.9
2024-08-25T10:00,30.9,53,0.1,3.9,34,1011.5
2024-08-25T11:00,31.7,50,0.0,7.6,360,1010.7
2024-08-25T12:00,31.1,57,0.0,13.7,346,1009.6
2024-08-25T13:00,29.6,60,0.0,19.0,15,1009.2
2024-08-25T14:00,31.2,56,0.0,15.2,4,1008.0
2024-08-25T15:00,30.0,63,0.0,16.2,3,1007.7
2024-08-25T16:00,30.2,58,0.0,14.8,13,1007.6
2024-08-25T17:00,29.1,63,0.0,14.9,8,1007.6
2024-08-25T18:00,28.3,66,0.0,9.0,29,1008.5
2024-08-25T19:00,27.8,70,0.0,6.1,45,1009.2
2024-08-25T20:00,27.1,77,0.0,4.1,45,1010.4
2024-08-25T21:00,27.3,75,0.0,2.3,108,1010.7
2024-08-25T22:00,26.4,80,0.0,3.3,174,1011.1
2024-08-25T23:00,25.4,83,0.0,3.8,221,1010.9
2024-08-26T00:00,25.0,84,0.0,3.6,217,1010.3
2024-08-26T01:00,24.5,86,0.0,4.7,176,1009.8
2024-08-26T02:00,24.8,83,0.0,4.2,149,1009.6
2024-08-26T03:00,24.5,84,0.0,4.0,190,1009.6
2024-08-26T04:00,24.6,81,0.0,3.5,204,1009.8
2024-08-26T05:00,24.6,79,0.0,4.8,207,1009.9
2024-08-26T06:00,24.3,78,0.0,5.2,205,1010.1
2024-08-26T07:00,25.6,74,0.0,5.0,210,1010.9
2024-08-26T08:00,28.1,65,0.0,6.0,205,1011.3
2024-08-26T09:00,29.8,61,0.0,3.4,212,1011.4
2024-08-26T10:00,31.3,54,0.0,1.4,270,1011.1
2024-08-26T11:00,32.4,50,0.0,3.6,354,1010.1
2024-08-26T12:00,32.9,46,0.0,7.6,355,1009.2
2024-08-26T13:00,32.0,55,0.0,15.4,349,1008.4
2024-08-26T14:00,30.8,59,0.0,19.7,352,1008.0
2024-08-26T15:00,31.1,58,0.0,19.2,332,1007.3
2024-08-26T16:00,30.7,60,0.0,17.0,343,1007.2
2024-08-26T17:00,29.6,66,0.0,16.0,346,1007.3
2024-08-26T18:00,29.0,68,0.0,10.4,326,1008.2
2024-08-26T19:00,28.6,71,0.0,8.7,322,1009.3
2024-08-26T20:00,27.5,77,0.0,3.5,294,1010.3
2024-08-26T21:00,27.3,79,0.0,3.9,248,1010.9
2024-08-26T22:00,26.7,82,0.0,3.7,191,1011.7
2024-08-26T23:00,25.7,87,0.0,5.1,184,1011.7
2024-08-27T00:00,25.3,88,0.0,5.4,188,1011.3
2024-08-27T01:00,25.1,88,0.0,5.4,180,1011.0
2024-08-27T02:00,25.2,84,0.0,4.6,198,1010.5
2024-08-27T03:00,24.9,84,0.0,4.1,218,1010.4
2024-08-27T04:00,24.2,88,0.0,6.1,225,1010.2
2024-08-27T05:00,24.6,86,0.0,4.5,209,1010.3
2024-08-27T06:00,24.3,87,0.0,4.1,218,1011.1
2024-08-27T07:00,25.8,80,0.0,5.0,201,1011.6
2024-08-27T08:00,28.2,68,0.0,5.5,191,1012.1
2024-08-27T09:00,30.4,57,0.0,6.1,183,1012.1
2024-08-27T10:00,31.8,51,0.0,1.6,153,1011.7
2024-08-27T11:00,32.8,48,0.0,4.3,24,1010.4
2024-08-27T12:00,32.7,49,0.0,9.4,7,1009.3
2024-08-27T13:00,32.7,53,0.0,13.7,3,1008.4
2024-08-27T14:00,31.1,60,0.0,19.9,6,1007.8
2024-08-27T15:00,30.5,64,0.0,16.8,351,1007.5
2024-08-27T16:00,30.5,64,0.0,15.3,341,1007.3
2024-08-27T17:00,29.6,65,0.0,12.7,353,1007.8
2024-08-27T18:00,29.1,69,0.0,8.0,355,1008.8
2024-08-27T19:00,28.7,74,0.0,8.0,352,1009.8
2024-08-27T20:00,27.9,82,0.0,3.6,315,1010.6
2024-08-27T21:00,27.5,83,0.0,3.9,292,1011.0
2024-08-27T22:00,27.3,75,0.0,6.1,220,1011.2
2024-08-27T23:00,26.7,69,0.0,6.2,216,1011.1
2024-08-28T00:00,26.0,71,0.0,6.2,216,1011.0
2024-08-28T01:00,25.4,74,0.0,6.5,214,1010.6
2024-08-28T02:00,25.2,75,0.0,5.2,205,1010.5
2024-08-28T03:00,24.9,77,0.0,4.0,185,1010.4
2024-08-28T04:00,25.0,75,0.0,4.9,163,1010.3
2024-08-28T05:00,24.9,77,0.0,5.2,155,1010.6
2024-08-28T06:00,24.6,79,0.0,4.5,151,1011.1
2024-08-28T07:00,25.7,76,0.0,4.2,160,1011.9
2024-08-28T08:00,28.4,65,0.0,4.0,207,1012.0
2024-08-28T09:00,30.5,55,0.0,1.6,117,1012.2
2024-08-28T10:00,32.2,42,0.0,2.6,74,1011.9
2024-08-28T11:00,33.0,37,0.0,4.1,15,1010.7
2024-08-28T12:00,33.3,41,0.0,7.3,351,1009.6
2024-08-28T13:00,33.8,42,0.0,12.0,351,1008.3
2024-08-28T14:00,32.7,46,0.0,19.1,348,1007.6
2024-08-28T15:00,30.8,60,0.0,22.5,340,1007.6
2024-08-28T16:00,30.6,61,0.0,17.5,351,1007.6
2024-08-28T17:00,29.8,62,0.0,16.0,23,1008.3
2024-08-28T18:00,29.4,62,0.0,13.0,24,1008.9
2024-08-28T19:00,29.0,59,0.0,9.4,47,1009.9
2024-08-28T20:00,28.2,76,0.0,2.6,34,1010.6
2024-08-28T21:00,28.2,72,0.0,5.0,69,1011.1
2024-08-28T22:00,27.9,72,0.0,4.4,55,1011.0
2024-08-28T23:00,28.3,69,0.0,1.5,45,1010.8
2024-08-29T00:00,27.2,74,0.1,3.1,21,1010.8
2024-08-29T01:00,26.3,80,0.0,5.4,20,1010.3
2024-08-29T02:00,27.3,73,0.0,3.1,45,1009.8
2024-08-29T03:00,26.3,80,0.0,3.2,90,1010.0
2024-08-29T04:00,25.9,84,0.0,4.9,126,1010.0
2024-08-29T05:00,25.7,83,0.0,5.1,141,1010.6
2024-08-29T06:00,25.5,80,0.0,4.0,180,1011.1
2024-08-29T07:00,26.6,75,0.0,5.2,192,1011.7
2024-08-29T08:00,28.5,65,0.0,4.7,171,1011.8
2024-08-29T09:00,29.8,59,0.0,3.5,204,1012.1
2024-08-29T10:00,31.6,52,0.0,2.4,297,1011.7
2024-08-29T11:00,32.8,46,0.0,4.7,351,1010.7
2024-08-29T12:00,33.0,46,0.0,11.2,4,1009.5
2024-08-29T13:00,31.2,58,0.2,19.5,357,1009.0
2024-08-29T14:00,30.7,54,0.0,15.1,348,1008.0
2024-08-29T15:00,31.2,59,0.0,17.2,340,1007.2
2024-08-29T16:00,30.4,56,0.0,12.7,345,1008.0
2024-08-29T17:00,30.2,61,0.0,8.9,310,1008.4
2024-08-29T18:00,29.3,63,0.0,8.7,318,1009.0
2024-08-29T19:00,29.0,63,0.0,8.2,345,1010.0
2024-08-29T20:00,27.7,73,0.0,3.4,302,1010.6
2024-08-29T21:00,28.1,69,0.0,2.3,162,1010.9
2024-08-29T22:00,26.3,79,0.0,5.5,169,1010.9
2024-08-29T23:00,25.3,81,0.0,5.5,191,1010.5
2024-08-30T00:00,24.9,80,0.0,4.5,194,1009.8
2024-08-30T01:00,24.7,80,0.0,3.8,221,1009.4
2024-08-30T02:00,24.7,79,0.0,3.9,214,1009.2
2024-08-30T03:00,24.1,83,0.0,4.6,198,1009.1
2024-08-30T04:00,23.6,86,0.0,5.0,201,1009.3
2024-08-30T05:00,23.7,83,0.0,3.8,229,1009.6
2024-08-30T06:00,23.4,85,0.0,3.9,214,1010.4
2024-08-30T07:00,25.1,77,0.0,5.4,188,1011.2
2024-08-30T08:00,27.9,67,0.0,4.7,176,1011.7
2024-08-30T09:00,29.9,59,0.0,3.1,135,1011.9
2024-08-30T10:00,31.0,55,0.0,5.8,68,1011.7
2024-08-30T11:00,31.9,52,0.0,5.8,22,1010.7
2024-08-30T12:00,32.0,53,0.0,11.2,358,1009.7
2024-08-30T13:00,30.5,60,0.1,17.6,359,1009.2
2024-08-30T14:00,31.0,54,0.0,16.5,10,1008.2
2024-08-30T15:00,31.0,55,0.0,17.8,352,1007.5
2024-08-30T16:00,29.9,57,0.0,15.9,357,1007.7
2024-08-30T17:00,29.6,59,0.0,14.4,356,1008.0
2024-08-30T18:00,28.8,64,0.0,10.2,352,1008.8
2024-08-30T19:00,28.5,67,0.0,8.3,18,1009.9
2024-08-30T20:00,27.9,70,0.0,6.4,47,1010.7
2024-08-30T21:00,27.5,74,0.0,3.6,37,1011.4
2024-08-30T22:00,26.6,81,0.0,4.3,66,1011.6
2024-08-30T23:00,26.0,83,0.0,5.2,124,1011.4
2024-08-31T00:00,25.3,86,0.0,6.0,163,1010.9
2024-08-31T01:00,24.9,85,0.0,5.4,184,1010.4
2024-08-31T02:00,24.9,78,0.0,4.5,194,1010.0
2024-08-31T03:00,24.8,77,0.0,5.4,188,1009.8
2024-08-31T04:00,24.5,77,0.0,6.5,186,1009.6
2024-08-31T05:00,24.3,78,0.0,6.4,196,1009.8
2024-08-31T06:00,24.0,79,0.0,6.2,190,1010.2
2024-08-31T07:00,25.4,74,0.0,5.0,201,1010.8
2024-08-31T08:00,28.2,66,0.0,2.9,173,1010.9
2024-08-31T09:00,29.8,62,0.0,2.4,63,1011.1
2024-08-31T10:00,31.1,55,0.0,4.0,10,1010.8
2024-08-31T11:00,31.7,52,0.0,7.4,346,1009.6
2024-08-31T12:00,32.0,50,0.0,11.4,347,1008.4
2024-08-31T13:00,31.8,50,0.0,16.6,2,1007.4
2024-08-31T14:00,31.2,57,0.0,19.3,9,1006.5
2024-08-31T15:00,30.4,60,0.0,20.1,9,1006.2
2024-08-31T16:00,30.1,58,0.0,18.1,13,1006.1
2024-08-31T17:00,29.2,64,0.0,15.7,11,1006.5
2024-08-31T18:00,28.6,69,0.0,11.2,6,1007.3
2024-08-31T19:00,28.2,73,0.0,7.4,23,1008.5
2024-08-31T20:00,27.9,75,0.0,4.6,45,1009.7
2024-08-31T21:00,27.8,75,0.1,5.2,56,1010.5
2024-08-31T22:00,27.4,78,0.0,4.1,75,1010.9
2024-08-31T23:00,27.0,80,0.0,4.0,95,1011.0
2024-09-01T00:00,26.4,81,0.0,4.3,132,1010.5
2024-09-01T01:00,26.1,80,0.0,5.0,150,1010.0
2024-09-01T02:00,25.5,82,0.0,3.8,163,1009.6
2024-09-01T03:00,25.1,85,0.0,3.6,186,1009.3
2024-09-01T04:00,24.6,88,0.0,4.8,193,1009.2
2024-09-01T05:00,24.3,89,0.0,5.1,219,1009.4
2024-09-01T06:00,24.2,89,0.0,5.0,210,1009.8
2024-09-01T07:00,26.1,78,0.0,4.3,204,1010.3
2024-09-01T08:00,28.5,69,0.0,4.2,149,1011.0
2024-09-01T09:00,30.2,58,0.0,5.7,108,1011.5
2024-09-01T10:00,31.6,52,0.0,5.4,70,1011.0
2024-09-01T11:00,32.7,49,0.0,6.8,18,1009.7
2024-09-01T12:00,32.0,58,0.0,15.1,360,1008.3
2024-09-01T13:00,30.4,65,0.0,18.4,3,1007.7
2024-09-01T14:00,30.6,61,0.0,17.7,12,1006.7
2024-09-01T15:00,31.0,55,0.0,18.2,18,1006.0
2024-09-01T16:00,30.3,62,0.0,17.4,18,1005.9
2024-09-01T17:00,29.5,67,0.0,15.0,27,1006.1
2024-09-01T18:00,29.0,69,0.0,10.3,36,1006.5
2024-09-01T19:00,28.6,72,0.0,5.9,47,1007.5
2024-09-01T20:00,28.3,75,0.0,4.4,9,1009.0
2024-09-01T21:00,28.0,81,0.0,2.8,40,1009.9
2024-09-01T22:00,27.6,80,0.0,2.6,16,1010.6
2024-09-01T23:00,27.8,79,0.0,3.3,6,1010.8
2024-09-02T00:00,27.9,79,0.0,5.4,42,1010.7
2024-09-02T01:00,27.3,81,0.0,6.0,73,1010.5
2024-09-02T02:00,26.7,83,0.0,5.8,97,1009.9
2024-09-02T03:00,26.2,85,0.0,3.7,101,1009.8
2024-09-02T04:00,25.8,87,0.0,3.3,131,1009.7
2024-09-02T05:00,25.4,89,0.0,3.8,163,1009.9
2024-09-02T06:00,25.1,91,0.0,3.6,174,1010.2
2024-09-02T07:00,26.9,80,0.0,5.1,172,1010.7
2024-09-02T08:00,28.8,74,0.0,4.7,171,1011.2
2024-09-02T09:00,30.3,66,0.0,1.5,135,1011.2
2024-09-02T10:00,31.7,60,0.0,3.6,360,1011.0
2024-09-02T11:00,32.3,59,0.0,9.4,353,1010.3
2024-09-02T12:00,32.2,61,0.0,12.9,347,1009.1
2024-09-02T13:00,32.0,61,0.0,13.7,3,1008.2
2024-09-02T14:00,30.9,67,0.0,15.5,4,1007.5
2024-09-02T15:00,30.6,70,0.0,17.3,5,1007.1
2024-09-02T16:00,30.2,65,0.0,10.4,20,1007.4
2024-09-02T17:00,28.1,75,1.2,2.8,310,1008.2
2024-09-02T18:00,26.9,84,0.4,4.4,81,1008.3
2024-09-02T19:00,27.0,87,0.0,5.6,50,1009.0
2024-09-02T20:00,26.0,88,0.2,3.3,139,1010.4
2024-09-02T21:00,25.6,93,0.1,2.6,214,1011.2
2024-09-02T22:00,25.5,93,0.0,3.1,216,1011.5
2024-09-02T23:00,25.1,95,0.0,2.9,173,1011.6
2024-09-03T00:00,24.8,96,0.0,4.3,180,1011.3
2024-09-03T01:00,25.1,94,0.0,3.4,162,1011.0
2024-09-03T02:00,25.8,90,0.0,2.5,188,1010.5
2024-09-03T03:00,24.8,93,0.0,4.2,239,1010.2
2024-09-03T04:00,24.6,94,0.0,4.1,232,1010.3
2024-09-03T05:00,24.4,94,0.0,4.3,228,1010.3
2024-09-03T06:00,24.0,95,0.0,3.8,221,1010.7
2024-09-03T07:00,25.5,89,0.0,4.0,207,1011.1
2024-09-03T08:00,28.0,76,0.0,3.7,209,1012.1
2024-09-03T09:00,29.5,70,0.0,1.5,225,1012.0
2024-09-03T10:00,31.0,62,0.0,3.0,346,1011.7
2024-09-03T11:00,31.3,60,0.1,7.2,342,1010.6
2024-09-03T12:00,31.3,63,0.2,10.6,350,1009.4
2024-09-03T13:00,30.9,66,0.2,13.3,357,1008.6
2024-09-03T14:00,30.4,68,0.1,15.7,351,1007.8
2024-09-03T15:00,30.4,69,0.0,16.5,349,1007.5
2024-09-03T16:00,29.4,73,0.6,16.0,351,1007.7
2024-09-03T17:00,29.2,74,0.0,13.7,360,1007.8
2024-09-03T18:00,28.5,76,0.0,10.7,12,1008.1
2024-09-03T19:00,28.4,75,0.0,10.0,30,1008.8
2024-09-03T20:00,26.1,86,0.5,12.2,178,1010.2
2024-09-03T21:00,24.9,92,0.6,9.8,234,1010.8
2024-09-03T22:00,24.9,94,0.1,3.9,248,1011.2
2024-09-03T23:00,25.2,94,0.0,2.8,230,1011.2
2024-09-04T00:00,25.0,93,0.0,3.4,198,1010.9
2024-09-04T01:00,24.9,94,0.0,4.1,195,1010.5
2024-09-04T02:00,24.9,93,0.0,5.3,208,1010.1
2024-09-04T03:00,24.6,92,0.0,4.7,203,1009.9
2024-09-04T04:00,24.2,91,0.0,4.1,195,1009.6
2024-09-04T05:00,24.1,90,0.0,4.6,198,1009.9
2024-09-04T06:00,23.5,92,0.0,4.2,211,1010.3
2024-09-04T07:00,25.1,87,0.0,6.6,225,1011.0
2024-09-04T08:00,28.1,70,0.0,6.8,212,1011.5
2024-09-04T09:00,29.9,62,0.0,3.6,180,1011.4
2024-09-04T10:00,31.4,55,0.0,3.2,153,1010.9
2024-09-04T11:00,32.7,49,0.0,3.4,32,1009.6
2024-09-04T12:00,32.8,49,0.0,9.2,11,1008.5
2024-09-04T13:00,30.8,62,0.2,17.7,17,1007.7
2024-09-04T14:00,31.0,56,0.0,13.4,6,1006.8
2024-09-04T15:00,31.5,54,0.0,15.6,8,1006.2
2024-09-04T16:00,29.9,60,0.0,18.2,8,1006.0
2024-09-04T17:00,29.7,62,0.0,12.8,11,1006.1
2024-09-04T18:00,28.8,67,0.0,9.8,8,1006.5
2024-09-04T19:00,28.2,70,0.0,6.9,332,1007.4
2024-09-04T20:00,27.1,76,0.0,3.5,294,1008.4
2024-09-04T21:00,26.5,81,0.0,4.7,274,1009.1
2024-09-04T22:00,26.3,82,0.0,4.3,228,1009.8
2024-09-04T23:00,25.7,83,0.0,5.4,228,1010.0
2024-09-05T00:00,26.0,77,0.0,4.2,239,1009.6
2024-09-05T01:00,25.8,78,0.0,3.8,221,1009.2
2024-09-05T02:00,25.7,78,0.0,4.5,194,1008.7
2024-09-05T03:00,25.5,80,0.0,4.9,163,1008.8
2024-09-05T04:00,25.8,78,0.0,2.1,59,1009.0
2024-09-05T05:00,26.4,76,0.0,1.8,53,1009.2
2024-09-05T06:00,26.4,76,0.0,1.8,180,1009.6
2024-09-05T07:00,26.7,74,0.0,4.7,189,1010.2
2024-09-05T08:00,28.4,69,0.0,2.6,106,1010.6
2024-09-05T09:00,30.4,59,0.0,1.8,53,1010.6
2024-09-05T10:00,31.8,53,0.0,5.5,23,1010.5
2024-09-05T11:00,32.1,52,0.2,9.7,2,1009.4
2024-09-05T12:00,31.1,60,0.3,15.1,357,1008.5
2024-09-05T13:00,30.8,60,0.1,14.8,4,1007.7
2024-09-05T14:00,30.7,66,0.0,17.2,11,1007.0
2024-09-05T15:00,30.8,64,0.0,11.2,356,1006.7
2024-09-05T16:00,29.7,70,0.0,9.8,6,1006.8
2024-09-05T17:00,27.3,82,2.3,4.0,185,1007.6
2024-09-05T18:00,25.9,89,0.8,9.1,146,1008.4
2024-09-05T19:00,25.2,92,0.1,8.1,193,1008.8
2024-09-05T20:00,26.9,80,0.0,8.4,140,1009.0
2024-09-05T21:00,26.6,79,0.0,5.9,137,1009.5
2024-09-05T22:00,26.3,81,0.0,4.9,144,1009.7
2024-09-05T23:00,25.5,88,0.0,5.5,148,1009.2
2024-09-06T00:00,26.0,85,0.0,3.2,153,1008.7
2024-09-06T01:00,25.2,90,0.0,3.6,127,1008.6
2024-09-06T02:00,24.7,93,0.0,4.0,153,1008.6
2024-09-06T03:00,24.9,92,0.0,4.3,175,1008.6
2024-09-06T04:00,24.7,91,0.0,4.3,180,1008.8
2024-09-06T05:00,24.4,90,0.0,4.0,190,1009.2
2024-09-06T06:00,24.0,92,0.0,3.1,201,1009.7
2024-09-06T07:00,25.8,83,0.0,4.0,207,1010.1
2024-09-06T08:00,28.5,70,0.0,1.9,202,1011.0
2024-09-06T09:00,30.3,62,0.0,3.4,32,1011.0
2024-09-06T10:00,31.4,56,0.2,8.4,50,1010.9
2024-09-06T11:00,32.3,53,0.2,9.0,29,1009.8
2024-09-06T12:00,31.7,61,0.6,12.6,2,1008.8
2024-09-06T13:00,31.2,64,0.4,17.0,356,1008.2
2024-09-06T14:00,31.2,63,0.3,16.3,8,1007.5
2024-09-06T15:00,31.5,61,0.2,17.2,26,1006.7
2024-09-06T16:00,30.8,67,0.1,19.2,30,1006.5
2024-09-06T17:00,29.8,70,0.0,17.5,37,1006.8
2024-09-06T18:00,29.0,73,0.0,12.7,45,1007.2
2024-09-06T19:00,28.6,75,0.0,9.7,59,1008.2
2024-09-06T20:00,28.0,76,0.0,7.3,70,1009.3
2024-09-06T21:00,27.8,77,0.0,6.9,99,1009.8
2024-09-06T22:00,27.4,79,0.0,5.9,128,1010.2
2024-09-06T23:00,27.0,80,0.0,4.8,153,1010.4
2024-09-07T00:00,26.5,82,0.0,4.3,175,1010.2
2024-09-07T01:00,26.1,83,0.0,4.5,194,1010.0
2024-09-07T02:00,25.7,85,0.0,4.2,200,1010.0
2024-09-07T03:00,25.4,87,0.0,4.8,193,1010.1
2024-09-07T04:00,25.2,86,0.0,6.2,173,1010.0
2024-09-07T05:00,25.1,86,0.0,5.5,169,1010.0
2024-09-07T06:00,24.6,88,0.0,3.7,169,1010.1
2024-09-07T07:00,26.4,81,0.0,3.7,119,1010.6
2024-09-07T08:00,28.7,70,0.0,5.4,98,1011.9
2024-09-07T09:00,30.7,57,0.0,6.3,103,1011.9
2024-09-07T10:00,32.4,48,0.0,9.5,79,1011.2
2024-09-07T11:00,34.2,37,0.0,10.8,86,1010.1
2024-09-07T12:00,35.1,35,0.0,8.0,98,1008.7
2024-09-07T13:00,35.8,33,0.0,3.6,37,1007.9
2024-09-07T14:00,35.4,38,0.0,14.5,30,1007.0
2024-09-07T15:00,33.4,52,0.0,22.9,33,1006.6
2024-09-07T16:00,32.0,55,0.0,24.5,40,1006.4
2024-09-07T17:00,31.0,57,0.0,22.0,50,1006.6
2024-09-07T18:00,29.9,63,0.0,15.4,57,1007.5
2024-09-07T19:00,28.6,74,0.0,5.5,101,1008.5
2024-09-07T20:00,28.8,66,0.0,4.7,122,1010.0
2024-09-07T21:00,28.5,63,0.0,7.2,198,1010.6
2024-09-07T22:00,29.2,58,0.0,3.1,135,1011.4
2024-09-07T23:00,27.4,68,0.0,6.5,109,1011.8
2024-09-08T00:00,27.7,65,0.0,6.1,140,1011.5
2024-09-08T01:00,27.3,67,0.0,6.3,167,1011.1
2024-09-08T02:00,26.5,75,0.0,7.4,194,1010.8
2024-09-08T03:00,26.1,78,0.0,7.9,210,1010.6
2024-09-08T04:00,25.9,78,0.0,8.5,216,1010.4
2024-09-08T05:00,25.8,77,0.0,7.4,223,1010.3
2024-09-08T06:00,25.6,78,0.0,6.3,204,1010.5
2024-09-08T07:00,26.9,73,0.0,6.3,193,1010.9
2024-09-08T08:00,29.0,65,0.0,3.7,209,1012.0
2024-09-08T09:00,31.0,56,0.0,2.3,141,1011.9
2024-09-08T10:00,32.6,49,0.0,4.0,63,1011.6
2024-09-08T11:00,33.8,42,0.0,6.9,28,1010.8
2024-09-08T12:00,32.8,52,0.3,16.6,13,1009.5
2024-09-08T13:00,30.6,58,0.2,18.1,355,1008.9
2024-09-08T14:00,31.8,56,0.0,21.2,360,1007.9
2024-09-08T15:00,31.5,59,0.0,24.2,18,1007.7
2024-09-08T16:00,31.3,58,0.0,24.0,33,1007.8
2024-09-08T17:00,30.1,65,0.0,18.4,35,1008.2
2024-09-08T18:00,29.8,66,0.0,9.2,51,1008.9
2024-09-08T19:00,29.0,69,0.0,5.8,94,1009.9
2024-09-08T20:00,28.4,74,0.0,2.2,81,1010.7
2024-09-08T21:00,27.8,78,0.0,1.1,72,1011.4
2024-09-08T22:00,27.6,78,0.0,2.3,141,1011.5
2024-09-08T23:00,27.6,72,0.0,3.2,153,1011.5
2024-09-09T00:00,26.6,77,0.5,4.7,293,1010.8
2024-09-09T01:00,26.1,87,0.5,2.2,180,1010.6
2024-09-09T02:00,25.8,85,0.9,3.6,180,1010.0
2024-09-09T03:00,25.2,90,0.1,2.2,270,1009.9
2024-09-09T04:00,25.0,92,0.0,6.8,295,1009.8
2024-09-09T05:00,25.0,92,0.0,8.3,272,1009.9
2024-09-09T06:00,25.0,93,0.0,7.6,265,1010.6
2024-09-09T07:00,26.0,88,0.0,7.7,259,1010.9
2024-09-09T08:00,28.7,74,0.0,5.4,217,1010.7
2024-09-09T09:00,30.4,64,0.0,2.7,293,1011.1
2024-09-09T10:00,31.4,59,0.0,7.3,351,1010.9
2024-09-09T11:00,31.8,58,0.0,11.8,348,1010.1
2024-09-09T12:00,31.5,61,0.0,16.8,351,1008.8
2024-09-09T13:00,30.4,68,0.8,16.3,335,1008.3
2024-09-09T14:00,28.9,75,6.1,10.8,356,1007.9
2024-09-09T15:00,29.4,71,0.2,5.8,330,1007.3
2024-09-09T16:00,29.3,71,0.1,4.5,331,1007.4
2024-09-09T17:00,26.7,83,2.6,5.4,188,1007.9
2024-09-09T18:00,26.5,85,0.1,5.8,94,1008.8
2024-09-09T19:00,26.2,89,0.1,2.0,135,1009.7
2024-09-09T20:00,25.8,90,0.0,3.7,151,1010.4
2024-09-09T21:00,25.5,91,0.0,3.4,148,1010.7
2024-09-09T22:00,25.5,91,0.0,3.3,139,1011.1
2024-09-09T23:00,25.8,89,0.0,1.5,194,1010.8
2024-09-10T00:00,25.2,93,0.0,2.5,188,1010.3
2024-09-10T01:00,25.2,93,0.0,2.5,172,1009.3
2024-09-10T02:00,24.8,96,0.0,3.2,180,1008.6
2024-09-10T03:00,24.7,95,0.0,3.6,180,1008.6
2024-09-10T04:00,24.3,97,0.0,3.9,214,1008.8
2024-09-10T05:00,24.5,96,0.0,3.1,225,1009.1
2024-09-10T06:00,24.7,93,0.0,4.9,253,1010.0
2024-09-10T07:00,26.3,84,0.0,5.8,240,1010.6
2024-09-10T08:00,28.4,73,0.0,1.5,315,1011.2
2024-09-10T09:00,30.2,61,0.0,7.6,45,1011.5
2024-09-10T10:00,29.1,69,0.6,16.9,24,1011.3
2024-09-10T11:00,28.5,76,0.7,12.8,16,1010.9
2024-09-10T12:00,29.7,69,0.1,13.1,16,1009.3
2024-09-10T13:00,29.6,70,0.0,13.7,5,1008.8
2024-09-10T14:00,29.5,70,0.1,11.5,360,1007.9
2024-09-10T15:00,28.8,72,0.1,11.4,13,1007.4
2024-09-10T16:00,28.9,71,0.0,2.9,360,1007.9
2024-09-10T17:00,26.5,83,0.8,7.6,225,1009.1
2024-09-10T18:00,25.3,91,0.4,10.7,192,1010.3
2024-09-10T19:00,25.0,94,0.7,6.0,205,1010.7
2024-09-10T20:00,25.1,91,0.3,8.5,216,1011.4
2024-09-10T21:00,24.3,94,0.0,12.1,192,1012.0
2024-09-10T22:00,24.6,91,0.0,5.0,150,1012.2
2024-09-10T23:00,24.4,92,0.0,10.0,120,1012.1
2024-09-11T00:00,24.0,95,0.2,7.9,129,1011.5
2024-09-11T01:00,24.0,94,0.0,6.8,122,1010.9
2024-09-11T02:00,24.1,93,0.0,10.0,139,1010.4
2024-09-11T03:00,24.4,92,0.0,10.6,125,1010.1
2024-09-11T04:00,24.4,92,0.0,9.2,121,1010.3
2024-09-11T05:00,24.4,91,0.2,9.2,121,1010.7
2024-09-11T06:00,24.4,93,0.6,9.5,115,1011.1
2024-09-11T07:00,24.8,94,0.7,11.3,112,1011.6
2024-09-11T08:00,26.0,86,0.0,13.4,114,1012.2
2024-09-11T09:00,26.9,80,0.0,11.5,122,1012.2
2024-09-11T10:00,27.5,76,0.0,10.7,123,1011.8
2024-09-11T11:00,29.1,65,0.0,14.2,120,1010.9
2024-09-11T12:00,29.1,62,0.0,13.0,118,1009.5
2024-09-11T13:00,31.3,54,0.0,9.9,109,1008.5
2024-09-11T14:00,31.9,53,0.0,8.5,102,1007.5
2024-09-11T15:00,32.2,53,0.0,8.0,80,1006.9
2024-09-11T16:00,31.8,53,0.0,7.6,31,1007.0
2024-09-11T17:00,30.8,57,0.0,6.3,13,1007.4
2024-09-11T18:00,29.1,66,0.0,7.9,16,1008.1
2024-09-11T19:00,28.3,76,0.0,10.5,41,1009.2
2024-09-11T20:00,28.0,75,0.0,7.1,75,1010.0
2024-09-11T21:00,27.1,80,0.0,4.4,99,1010.6
2024-09-11T22:00,26.0,86,0.0,5.1,135,1011.0
2024-09-11T23:00,25.3,87,0.0,5.4,172,1010.9
2024-09-12T00:00,24.9,89,0.0,6.2,173,1010.5
2024-09-12T01:00,24.6,90,0.0,5.2,192,1010.3
2024-09-12T02:00,24.7,89,0.0,4.5,194,1010.3
2024-09-12T03:00,25.0,86,0.0,6.6,193,1010.2
2024-09-12T04:00,24.8,87,0.0,3.5,204,1010.2
2024-09-12T05:00,24.2,90,0.0,4.5,241,1010.6
2024-09-12T06:00,24.8,86,0.0,4.0,243,1011.1
2024-09-12T07:00,26.0,81,0.0,3.2,270,1011.8
2024-09-12T08:00,28.5,72,0.0,4.2,239,1012.6
2024-09-12T09:00,30.0,65,0.0,2.1,211,1012.3
2024-09-12T10:00,31.0,61,0.0,1.1,18,1011.8
2024-09-12T11:00,31.4,58,0.1,5.2,16,1011.0
2024-09-12T12:00,31.4,59,0.0,8.0,355,1010.0
2024-09-12T13:00,30.9,66,0.1,10.8,345,1009.2
2024-09-12T14:00,31.1,66,0.0,12.8,344,1008.4
2024-09-12T15:00,30.3,67,0.4,13.1,339,1008.2
2024-09-12T16:00,29.9,69,0.2,7.6,335,1008.3
2024-09-12T17:00,27.3,83,2.1,4.5,284,1009.1
2024-09-12T18:00,25.3,91,2.3,11.9,92,1009.8
2024-09-12T19:00,25.2,91,0.7,9.2,26,1010.7
2024-09-12T20:00,26.5,90,0.1,3.1,21,1011.2
2024-09-12T21:00,24.4,89,5.0,10.8,116,1012.4
2024-09-12T22:00,24.3,94,6.2,5.1,129,1012.4
2024-09-12T23:00,23.7,96,1.2,9.0,106,1012.9
2024-09-13T00:00,23.9,92,0.2,10.3,61,1012.3
2024-09-13T01:00,24.0,90,0.1,4.3,85,1011.6
2024-09-13T02:00,24.0,92,0.0,2.3,108,1011.1
2024-09-13T03:00,23.8,95,0.2,1.8,169,1011.3
2024-09-13T04:00,23.8,93,0.3,3.6,135,1011.3
2024-09-13T05:00,23.5,95,0.1,2.5,278,1011.7
2024-09-13T06:00,23.5,94,0.0,2.5,180,1011.9
2024-09-13T07:00,24.7,89,0.0,1.8,169,1012.4
2024-09-13T08:00,25.1,88,0.0,5.4,184,1012.7
2024-09-13T09:00,27.6,77,0.0,4.0,185,1012.3
2024-09-13T10:00,29.1,67,0.1,2.4,63,1011.6
2024-09-13T11:00,30.1,63,0.0,4.5,29,1010.4
2024-09-13T12:00,30.9,58,0.0,6.3,13,1009.4
2024-09-13T13:00,31.0,58,0.0,7.9,360,1008.3
2024-09-13T14:00,30.7,63,0.0,10.8,360,1007.6
2024-09-13T15:00,29.9,67,0.0,14.8,360,1007.0
2024-09-13T16:00,29.3,67,0.0,13.3,358,1006.9
2024-09-13T17:00,28.8,70,0.0,9.8,352,1007.3
2024-09-13T18:00,28.1,73,0.0,7.2,3,1007.9
2024-09-13T19:00,27.7,73,0.0,5.6,15,1008.5
2024-09-13T20:00,28.5,70,0.0,1.1,90,1009.3
2024-09-13T21:00,26.8,84,0.0,5.5,148,1009.9
2024-09-13T22:00,26.4,88,0.0,4.3,180,1010.1
2024-09-13T23:00,26.0,89,0.0,4.0,185,1010.1
2024-09-14T00:00,25.4,91,0.0,4.3,222,1010.1
2024-09-14T01:00,24.8,91,0.1,4.1,195,1009.6
2024-09-14T02:00,24.8,89,0.0,6.2,187,1009.2
2024-09-14T03:00,24.3,90,0.1,7.7,208,1009.2
2024-09-14T04:00,24.0,86,0.0,8.1,193,1009.0
2024-09-14T05:00,23.7,85,0.0,6.6,202,1009.3
2024-09-14T06:00,23.1,86,0.0,6.2,216,1009.8
2024-09-14T07:00,24.4,80,0.0,5.7,215,1010.3
2024-09-14T08:00,27.3,68,0.0,5.2,205,1010.7
2024-09-14T09:00,29.5,60,0.0,4.0,175,1010.6
2024-09-14T10:00,31.2,47,0.0,5.4,98,1010.3
2024-09-14T11:00,32.0,42,0.0,7.2,72,1009.1
2024-09-14T12:00,32.2,43,0.0,6.8,32,1008.1
2024-09-14T13:00,32.2,45,0.0,8.0,8,1007.1
2024-09-14T14:00,31.6,51,0.0,13.4,6,1006.3
2024-09-14T15:00,30.7,54,0.0,15.2,5,1005.9
2024-09-14T16:00,30.2,57,0.0,12.3,353,1006.1
2024-09-14T17:00,29.4,61,0.0,11.4,13,1006.4
2024-09-14T18:00,28.6,61,0.0,12.6,31,1006.9
2024-09-14T19:00,28.2,64,0.0,10.7,45,1007.7
2024-09-14T20:00,27.3,71,0.0,4.2,31,1008.8
2024-09-14T21:00,26.4,80,0.0,5.9,104,1009.5
2024-09-14T22:00,26.7,74,0.0,3.9,146,1009.9
2024-09-14T23:00,25.5,78,0.0,4.1,165,1009.7
2024-09-15T00:00,25.3,77,0.0,4.6,162,1009.6
2024-09-15T01:00,25.0,78,0.0,5.5,169,1009.1
2024-09-15T02:00,24.5,79,0.0,5.4,176,1008.9
2024-09-15T03:00,23.8,83,0.0,4.0,180,1008.8
2024-09-15T04:00,23.4,86,0.0,4.3,175,1008.6
2024-09-15T05:00,22.9,89,0.0,5.2,196,1008.7
2024-09-15T06:00,22.7,90,0.0,4.7,203,1009.0
2024-09-15T07:00,24.8,81,0.0,2.7,203,1009.8
2024-09-15T08:00,27.5,70,0.0,3.0,194,1010.2
2024-09-15T09:00,29.5,62,0.0,2.1,121,1010.2
2024-09-15T10:00,31.0,51,0.0,4.9,107,1009.6
2024-09-15T11:00,32.1,44,0.0,7.2,87,1008.5
2024-09-15T12:00,32.3,43,0.0,6.4,47,1007.5
2024-09-15T13:00,32.3,45,0.0,9.6,20,1006.6
2024-09-15T14:00,30.9,57,0.0,17.5,14,1005.8
2024-09-15T15:00,30.3,55,0.0,16.0,14,1005.5
2024-09-15T16:00,30.4,57,0.0,13.8,7,1005.5
2024-09-15T17:00,29.3,61,0.0,11.5,4,1006.0
2024-09-15T18:00,28.5,64,0.0,9.1,9,1006.5
2024-09-15T19:00,27.8,70,0.0,5.8,22,1007.3
2024-09-15T20:00,27.1,79,0.0,4.7,81,1008.4
2024-09-15T21:00,26.9,79,0.0,4.6,108,1009.2
2024-09-15T22:00,26.8,77,0.0,3.3,139,1009.8
2024-09-15T23:00,27.2,73,0.0,1.8,143,1009.7
2024-09-16T00:00,25.9,82,0.0,3.2,180,1009.4
2024-09-16T01:00,25.4,84,0.0,4.4,171,1008.8
2024-09-16T02:00,24.9,86,0.0,5.7,215,1008.6
2024-09-16T03:00,24.4,86,0.2,5.2,164,1008.3
2024-09-16T04:00,24.3,85,0.0,4.1,142,1008.4
2024-09-16T05:00,23.5,89,0.0,4.7,176,1008.7
2024-09-16T06:00,23.2,91,0.0,5.4,184,1009.3
2024-09-16T07:00,25.5,79,0.0,4.3,175,1009.9
2024-09-16T08:00,27.8,69,0.0,3.1,126,1009.8
2024-09-16T09:00,29.5,61,0.0,1.4,90,1009.8
2024-09-16T10:00,30.9,52,0.0,1.1,18,1009.6
2024-09-16T11:00,31.8,47,0.0,3.2,360,1008.5
2024-09-16T12:00,32.1,47,0.0,8.1,347,1007.5
2024-09-16T13:00,31.7,53,0.3,12.1,337,1006.7
2024-09-16T14:00,31.2,55,0.4,13.8,345,1005.9
2024-09-16T15:00,31.0,55,0.0,14.0,348,1005.4
2024-09-16T16:00,30.2,61,0.0,16.6,336,1005.7
2024-09-16T17:00,29.2,63,0.0,14.3,332,1006.0
2024-09-16T18:00,28.6,69,0.0,11.0,328,1006.8
2024-09-16T19:00,28.1,70,0.0,5.6,333,1007.7
2024-09-16T20:00,27.6,79,0.0,3.5,66,1008.4
2024-09-16T21:00,27.4,75,0.0,4.8,77,1008.8
2024-09-16T22:00,27.3,73,0.0,7.2,90,1009.0
2024-09-16T23:00,26.8,71,0.0,8.0,100,1009.2
2024-09-17T00:00,26.3,71,0.0,6.7,106,1008.6
2024-09-17T01:00,25.8,74,0.0,4.4,125,1007.8
2024-09-17T02:00,25.0,82,0.0,4.5,166,1007.4
2024-09-17T03:00,24.8,82,0.0,3.6,186,1007.3
2024-09-17T04:00,24.5,81,0.0,4.7,189,1007.2
2024-09-17T05:00,23.9,82,0.0,4.5,194,1007.3
2024-09-17T06:00,23.5,83,0.0,3.4,212,1007.9
2024-09-17T07:00,25.1,77,0.0,4.4,215,1008.6
2024-09-17T08:00,28.0,68,0.0,4.2,160,1008.9
2024-09-17T09:00,30.1,51,0.0,4.2,121,1009.0
2024-09-17T10:00,31.3,47,0.0,4.4,81,1008.8
2024-09-17T11:00,32.2,42,0.0,4.6,51,1007.8
2024-09-17T12:00,32.6,40,0.0,7.6,19,1006.7
2024-09-17T13:00,31.7,52,0.0,13.1,9,1005.4
2024-09-17T14:00,30.8,59,0.0,17.5,8,1004.6
2024-09-17T15:00,30.6,53,0.0,15.9,3,1004.4
2024-09-17T16:00,30.0,54,0.0,14.2,351,1004.3
2024-09-17T17:00,29.6,52,0.0,15.1,1,1004.7
2024-09-17T18:00,28.6,56,0.0,10.5,354,1005.2
2024-09-17T19:00,27.8,63,0.0,4.7,356,1006.3
2024-09-17T20:00,27.1,69,0.0,4.8,27,1007.4
2024-09-17T21:00,27.0,71,0.0,3.9,68,1008.0
2024-09-17T22:00,25.9,78,0.0,6.1,130,1008.6
2024-09-17T23:00,25.5,79,0.0,4.2,149,1008.8
2024-09-18T00:00,25.3,79,0.0,5.1,176,1008.4
2024-09-18T01:00,24.9,74,0.0,7.7,191,1007.7
2024-09-18T02:00,24.4,74,0.0,7.1,195,1007.3
2024-09-18T03:00,23.8,76,0.0,6.3,193,1007.1
2024-09-18T04:00,23.5,78,0.0,7.4,209,1007.4
2024-09-18T05:00,23.1,78,0.0,8.0,207,1007.3
2024-09-18T06:00,22.8,78,0.0,6.0,213,1007.7
2024-09-18T07:00,23.9,74,0.0,5.0,201,1008.2
2024-09-18T08:00,27.1,65,0.0,3.1,225,1008.9
2024-09-18T09:00,29.3,57,0.0,2.6,236,1009.1
2024-09-18T10:00,30.8,51,0.0,1.1,360,1008.7
2024-09-18T11:00,31.6,49,0.0,5.8,356,1008.0
2024-09-18T12:00,31.8,50,0.0,10.5,352,1007.0
2024-09-18T13:00,31.7,50,0.0,14.3,350,1005.8
2024-09-18T14:00,30.6,55,0.0,18.1,355,1005.0
2024-09-18T15:00,29.9,59,0.0,20.5,359,1004.6
2024-09-18T16:00,29.5,59,0.0,18.0,358,1004.7
2024-09-18T17:00,29.0,62,0.0,15.7,351,1005.1
2024-09-18T18:00,28.2,68,0.0,11.8,348,1005.6
2024-09-18T19:00,27.9,71,0.0,10.5,6,1006.1
2024-09-18T20:00,28.0,68,0.0,9.1,9,1007.3
2024-09-18T21:00,27.8,68,0.0,6.8,32,1007.8
2024-09-18T22:00,26.8,70,0.0,5.0,60,1008.6
2024-09-18T23:00,26.1,71,0.0,5.1,86,1008.8
2024-09-19T00:00,25.8,70,0.0,5.8,112,1008.1
2024-09-19T01:00,25.4,72,0.0,6.9,133,1007.4
2024-09-19T02:00,24.8,75,0.0,6.8,148,1007.0
2024-09-19T03:00,24.3,79,0.0,7.1,156,1006.9
2024-09-19T04:00,24.0,81,0.0,6.3,167,1007.1
2024-09-19T05:00,23.6,82,0.0,5.9,166,1007.5
2024-09-19T06:00,23.0,86,0.0,3.6,180,1008.0
2024-09-19T07:00,25.1,76,0.0,1.9,202,1008.5
2024-09-19T08:00,28.0,62,0.0,1.6,153,1009.2
2024-09-19T09:00,30.0,53,0.0,2.2,90,1009.5
2024-09-19T10:00,31.1,50,0.0,3.3,13,1009.2
2024-09-19T11:00,31.6,49,0.0,7.0,348,1008.0
2024-09-19T12:00,31.5,52,0.0,12.1,348,1006.8
2024-09-19T13:00,31.3,52,0.0,15.8,348,1005.6
2024-09-19T14:00,30.9,53,0.0,15.9,355,1004.8
2024-09-19T15:00,30.6,57,0.0,16.0,8,1004.1
2024-09-19T16:00,29.9,60,0.0,15.6,8,1003.8
2024-09-19T17:00,29.3,62,0.0,13.4,354,1004.3
2024-09-19T18:00,28.3,69,0.0,11.3,7,1004.9
2024-09-19T19:00,27.9,70,0.0,8.8,19,1006.1
2024-09-19T20:00,27.5,68,0.0,5.3,28,1007.1
2024-09-19T21:00,27.3,70,0.0,6.0,57,1007.5
2024-09-19T22:00,26.8,74,0.0,7.0,78,1008.1
2024-09-19T23:00,26.3,77,0.0,6.8,90,1008.1
2024-09-20T00:00,25.5,81,0.0,4.3,95,1007.9
2024-09-20T01:00,25.2,82,0.0,4.9,107,1007.7
2024-09-20T02:00,25.0,82,0.0,5.9,133,1007.4
2024-09-20T03:00,24.6,82,0.0,5.3,152,1007.4
2024-09-20T04:00,24.3,82,0.0,5.2,155,1007.5
2024-09-20T05:00,24.1,81,0.0,5.4,160,1008.0
2024-09-20T06:00,24.0,81,0.0,5.2,164,1008.3
2024-09-20T07:00,25.9,75,0.0,5.2,155,1008.8
2024-09-20T08:00,28.0,66,0.0,4.6,162,1009.4
2024-09-20T09:00,29.6,62,0.0,4.2,121,1009.2
2024-09-20T10:00,30.9,55,0.0,2.5,45,1009.0
2024-09-20T11:00,31.8,52,0.0,4.7,351,1008.0
2024-09-20T12:00,31.9,51,0.0,9.9,350,1006.9
2024-09-20T13:00,31.5,59,0.0,14.8,6,1006.1
2024-09-20T14:00,30.6,63,0.0,18.7,11,1005.6
2024-09-20T15:00,30.2,64,0.0,18.4,11,1005.3
2024-09-20T16:00,30.0,64,0.0,16.8,10,1005.0
2024-09-20T17:00,29.3,66,0.0,15.5,356,1005.8
2024-09-20T18:00,28.7,69,0.0,11.7,9,1006.6
2024-09-20T19:00,28.3,70,0.0,7.6,19,1007.5
2024-09-20T20:00,27.8,74,0.0,5.6,50,1008.4
2024-09-20T21:00,27.3,76,0.0,4.7,90,1008.7
2024-09-20T22:00,26.7,79,0.0,3.5,114,1009.1
2024-09-20T23:00,26.1,83,0.0,4.1,135,1009.1
2024-09-21T00:00,25.7,84,0.0,3.5,156,1008.8
2024-09-21T01:00,25.3,86,0.0,4.0,170,1008.4
2024-09-21T02:00,24.9,88,0.0,3.6,186,1008.2
2024-09-21T03:00,24.8,88,0.0,4.3,185,1008.3
2024-09-21T04:00,24.6,89,0.0,4.0,185,1008.5
2024-09-21T05:00,24.3,91,0.0,3.8,197,1009.0
2024-09-21T06:00,24.1,92,0.0,5.8,210,1009.3
2024-09-21T07:00,25.8,85,0.0,4.6,198,1009.5
2024-09-21T08:00,28.2,72,0.0,5.9,194,1009.6
2024-09-21T09:00,30.1,62,0.0,2.8,130,1009.7
2024-09-21T10:00,31.5,55,0.0,4.7,9,1009.7
2024-09-21T11:00,32.0,53,0.0,9.5,351,1008.8
2024-09-21T12:00,31.8,57,0.1,13.5,344,1007.7
2024-09-21T13:00,30.9,61,0.1,16.9,359,1006.7
2024-09-21T14:00,31.0,58,0.0,15.9,13,1005.8
2024-09-21T15:00,30.6,63,0.0,16.5,10,1005.5
2024-09-21T16:00,30.3,65,0.0,16.9,11,1005.3
2024-09-21T17:00,29.3,71,0.0,14.4,360,1005.8
2024-09-21T18:00,28.7,76,0.0,9.8,352,1006.6
2024-09-21T19:00,28.4,77,0.0,6.8,357,1007.7
2024-09-21T20:00,27.9,82,0.0,3.3,84,1008.1
2024-09-21T21:00,27.5,81,0.0,3.9,112,1008.7
2024-09-21T22:00,27.3,81,0.0,6.4,117,1009.1
2024-09-21T23:00,27.0,80,0.0,5.0,111,1009.1
2024-09-22T00:00,26.8,81,0.0,5.2,106,1008.7
2024-09-22T01:00,26.6,83,0.0,5.8,112,1008.2
2024-09-22T02:00,26.3,86,0.0,4.5,119,1008.0
2024-09-22T03:00,26.0,88,0.0,4.3,138,1007.6
2024-09-22T04:00,25.9,88,0.0,4.8,153,1007.6
2024-09-22T05:00,25.6,90,0.0,4.7,148,1008.0
2024-09-22T06:00,25.6,90,0.0,4.8,132,1009.0
2024-09-22T07:00,27.2,82,0.0,6.3,121,1009.6
2024-09-22T08:00,29.1,74,0.0,6.1,118,1010.1
2024-09-22T09:00,30.7,63,0.0,6.8,72,1010.1
2024-09-22T10:00,31.9,57,0.0,7.2,27,1009.8
2024-09-22T11:00,31.9,58,0.1,11.2,2,1008.9
2024-09-22T12:00,30.8,67,1.6,14.5,353,1008.1
2024-09-22T13:00,30.6,67,0.0,14.9,7,1007.3
2024-09-22T14:00,31.7,63,0.0,15.0,11,1006.5
2024-09-22T15:00,30.4,68,0.2,13.5,9,1006.1
2024-09-22T16:00,30.6,66,0.0,12.6,13,1005.9
2024-09-22T17:00,29.6,71,0.0,12.1,12,1006.1
2024-09-22T18:00,28.9,75,0.0,8.2,15,1006.9
2024-09-22T19:00,28.5,80,0.3,5.4,42,1008.2
2024-09-22T20:00,28.2,81,0.0,4.1,128,1008.8
2024-09-22T21:00,28.0,84,0.0,2.6,214,1009.3
2024-09-22T22:00,27.7,86,0.0,2.6,164,1009.7
2024-09-22T23:00,27.2,88,0.0,4.3,175,1009.9
2024-09-23T00:00,27.0,88,0.0,4.4,145,1009.6
2024-09-23T01:00,26.8,87,0.0,5.9,137,1009.0
2024-09-23T02:00,26.4,85,0.1,5.9,128,1008.8
2024-09-23T03:00,26.2,84,0.0,6.8,115,1008.8
2024-09-23T04:00,26.1,83,0.0,5.9,133,1009.0
2024-09-23T05:00,25.9,84,0.0,6.6,135,1009.1
2024-09-23T06:00,26.2,82,0.0,0.4,360,1010.2
2024-09-23T07:00,26.8,81,0.0,2.7,293,1011.1
2024-09-23T08:00,27.3,81,0.0,6.7,164,1011.3
2024-09-23T09:00,29.4,70,0.0,5.6,117,1011.4
2024-09-23T10:00,31.3,62,0.1,8.6,68,1011.1
2024-09-23T11:00,31.7,61,0.2,9.2,45,1010.2
2024-09-23T12:00,32.0,62,0.0,9.7,31,1008.8
2024-09-23T13:00,31.3,68,0.0,13.6,11,1007.8
2024-09-23T14:00,31.0,69,0.0,15.9,357,1007.0
2024-09-23T15:00,31.5,61,0.0,17.8,18,1006.3
2024-09-23T16:00,31.0,62,0.0,20.6,27,1006.6
2024-09-23T17:00,29.8,72,0.0,12.8,52,1007.6
2024-09-23T18:00,27.7,82,0.8,7.7,127,1008.5
2024-09-23T19:00,26.5,88,0.0,8.2,165,1009.0
2024-09-23T20:00,27.7,82,0.0,7.9,150,1009.5
2024-09-23T21:00,27.2,83,0.1,5.4,98,1009.9
2024-09-23T22:00,27.0,84,0.0,8.0,126,1010.3
2024-09-23T23:00,26.7,85,0.0,8.0,126,1010.1
2024-09-24T00:00,26.4,84,0.0,6.4,142,1009.7
2024-09-24T01:00,26.0,85,0.0,3.1,144,1009.2
2024-09-24T02:00,25.6,89,0.0,3.8,163,1009.2
2024-09-24T03:00,25.7,86,0.0,3.4,162,1009.1
2024-09-24T04:00,25.2,89,0.0,3.1,159,1009.1
2024-09-24T05:00,25.1,90,0.0,3.0,166,1009.2
2024-09-24T06:00,25.0,92,0.0,2.0,225,1009.8
2024-09-24T07:00,26.9,82,0.0,1.9,112,1010.3
2024-09-24T08:00,28.4,77,0.0,5.6,117,1011.3
2024-09-24T09:00,30.0,70,0.1,6.3,77,1011.6
2024-09-24T10:00,30.6,68,0.1,10.2,51,1011.1
2024-09-24T11:00,27.8,78,3.7,14.5,7,1010.8
2024-09-24T12:00,28.8,76,0.3,6.5,34,1009.6
2024-09-24T13:00,30.2,72,0.2,9.5,11,1009.0
2024-09-24T14:00,30.2,71,0.2,5.2,12,1008.4
2024-09-24T15:00,27.1,81,4.0,4.8,77,1008.5
2024-09-24T16:00,26.9,83,0.1,4.1,285,1008.0
2024-09-24T17:00,27.4,79,0.0,3.9,304,1008.0
2024-09-24T18:00,26.4,86,0.0,3.2,333,1008.4
2024-09-24T19:00,27.0,81,0.0,2.1,301,1009.3
2024-09-24T20:00,26.6,81,0.0,3.3,229,1010.2
2024-09-24T21:00,26.1,86,0.0,3.1,216,1010.6
2024-09-24T22:00,26.1,85,0.0,3.1,225,1010.8
2024-09-24T23:00,25.8,87,0.0,3.1,225,1010.5
2024-09-25T00:00,25.9,86,0.0,3.9,236,1009.9
2024-09-25T01:00,25.6,88,0.0,3.1,249,1009.4
2024-09-25T02:00,25.3,90,0.0,2.4,243,1008.9
2024-09-25T03:00,25.2,89,0.0,3.6,217,1008.8
2024-09-25T04:00,24.9,90,0.0,3.8,221,1008.8
2024-09-25T05:00,24.4,92,0.0,3.8,221,1009.1
2024-09-25T06:00,24.8,91,0.0,2.7,203,1009.6
2024-09-25T07:00,26.8,80,0.0,3.4,198,1010.0
2024-09-25T08:00,28.6,72,0.0,2.3,212,1010.7
2024-09-25T09:00,30.2,65,0.0,0.0,270,1010.9
2024-09-25T10:00,31.2,61,0.0,5.8,9,1010.6
2024-09-25T11:00,31.7,59,0.0,10.8,360,1009.8
2024-09-25T12:00,31.7,60,0.0,14.2,358,1009.1
2024-09-25T13:00,31.5,60,0.0,14.5,354,1008.5
2024-09-25T14:00,30.1,69,0.3,11.4,353,1008.0
2024-09-25T15:00,30.4,67,0.1,9.6,348,1007.5
2024-09-25T16:00,30.4,68,0.1,6.1,357,1007.6
2024-09-25T17:00,29.0,72,0.6,3.0,17,1008.4
2024-09-25T18:00,25.6,92,3.8,9.7,117,1009.5
2024-09-25T19:00,25.6,89,0.2,6.0,123,1009.9
2024-09-25T20:00,26.4,81,0.0,10.8,127,1010.9
2024-09-25T21:00,25.8,81,0.0,8.5,117,1011.7
2024-09-25T22:00,25.6,83,0.0,8.1,85,1011.9
2024-09-25T23:00,25.3,85,0.0,8.3,91,1011.7
2024-09-26T00:00,25.2,86,0.0,7.5,75,1010.9
2024-09-26T01:00,25.0,87,0.0,5.9,79,1010.1
2024-09-26T02:00,24.9,88,0.0,5.1,107,1009.6
2024-09-26T03:00,24.8,88,0.0,4.2,121,1009.5
2024-09-26T04:00,24.5,90,0.0,4.2,137,1009.5
2024-09-26T05:00,24.3,91,0.0,4.9,172,1009.7
2024-09-26T06:00,24.4,91,0.0,5.6,158,1010.1
2024-09-26T07:00,25.2,87,0.0,4.5,143,1010.6
2024-09-26T08:00,27.5,76,0.0,5.5,134,1010.9
2024-09-26T09:00,29.3,67,0.0,6.9,118,1011.1
2024-09-26T10:00,31.0,61,0.0,6.2,68,1011.0
2024-09-26T11:00,32.0,57,0.0,7.4,32,1010.4
2024-09-26T12:00,32.2,57,0.0,9.3,8,1009.1
2024-09-26T13:00,31.4,64,0.1,12.6,3,1008.3
2024-09-26T14:00,30.1,72,2.5,13.9,1,1007.6
2024-09-26T15:00,30.5,70,0.1,11.2,15,1006.7
2024-09-26T16:00,28.7,77,5.9,8.0,340,1007.4
2024-09-26T17:00,27.5,82,1.1,5.2,22,1008.2
2024-09-26T18:00,25.1,93,7.6,6.5,222,1009.7
2024-09-26T19:00,25.2,91,0.3,1.0,68,1010.6
2024-09-26T20:00,25.1,94,0.5,6.9,123,1011.1
2024-09-26T21:00,24.7,95,1.0,12.7,122,1012.0
2024-09-26T22:00,24.6,94,1.2,6.7,117,1011.9
2024-09-26T23:00,24.4,94,0.8,7.7,129,1011.6
2024-09-27T00:00,24.6,92,0.4,4.4,125,1010.8
2024-09-27T01:00,24.6,93,0.1,6.6,103,1010.4
2024-09-27T02:00,24.5,94,0.3,4.3,118,1009.8
2024-09-27T03:00,24.2,94,0.0,2.8,145,1009.2
2024-09-27T04:00,24.4,94,0.0,3.4,115,1009.8
2024-09-27T05:00,24.4,95,0.0,3.6,131,1010.2
2024-09-27T06:00,24.4,95,0.0,4.8,169,1010.2
2024-09-27T07:00,25.3,92,0.0,4.2,187,1010.9
2024-09-27T08:00,27.3,84,0.0,3.7,157,1011.2
2024-09-27T09:00,29.2,73,0.0,4.3,112,1011.4
2024-09-27T10:00,30.6,65,0.0,5.8,74,1010.9
2024-09-27T11:00,31.5,61,0.0,7.0,50,1010.0
2024-09-27T12:00,32.0,60,0.0,9.7,24,1008.8
2024-09-27T13:00,31.3,65,0.0,13.4,17,1008.0
2024-09-27T14:00,31.0,67,0.0,14.1,16,1007.1
2024-09-27T15:00,30.7,69,0.1,14.1,17,1006.7
2024-09-27T16:00,30.6,69,0.0,13.5,34,1006.8
2024-09-27T17:00,30.0,70,0.0,9.9,45,1007.2
2024-09-27T18:00,29.2,74,0.0,9.1,49,1007.9
2024-09-27T19:00,28.8,75,0.0,9.7,68,1008.7
2024-09-27T20:00,28.4,82,0.0,5.7,81,1009.3
2024-09-27T21:00,27.7,86,0.0,4.1,105,1009.9
2024-09-27T22:00,26.8,92,0.0,4.4,128,1010.5
2024-09-27T23:00,26.5,93,0.0,3.3,167,1010.2
2024-09-28T00:00,26.2,95,0.0,3.2,180,1009.6
2024-09-28T01:00,25.4,95,0.7,4.1,178,1009.1
2024-09-28T02:00,25.5,93,0.1,4.3,182,1008.5
2024-09-28T03:00,25.5,93,0.0,4.1,165,1008.2
2024-09-28T04:00,25.2,95,0.0,4.0,210,1008.5
2024-09-28T05:00,25.1,95,0.0,4.0,231,1008.9
2024-09-28T06:00,25.1,96,0.0,2.8,259,1009.6
2024-09-28T07:00,26.6,91,0.0,2.3,203,1010.1
2024-09-28T08:00,28.2,82,0.0,4.1,221,1010.8
2024-09-28T09:00,29.8,75,0.1,3.6,60,1011.1
2024-09-28T10:00,30.3,73,0.1,9.6,33,1010.5
2024-09-28T11:00,30.1,75,0.2,8.9,352,1009.6
2024-09-28T12:00,29.7,76,0.1,13.9,330,1008.7
2024-09-28T13:00,30.5,72,0.3,12.3,333,1007.7
2024-09-28T14:00,30.5,74,0.2,12.1,357,1007.1
2024-09-28T15:00,28.0,84,4.9,5.5,38,1007.2
2024-09-28T16:00,26.3,90,0.5,6.4,234,1007.2
2024-09-28T17:00,26.9,85,0.0,6.2,201,1007.4
2024-09-28T18:00,26.8,87,0.0,4.3,202,1008.3
2024-09-28T19:00,26.4,89,0.0,5.4,217,1009.0
2024-09-28T20:00,27.5,87,0.0,6.2,218,1010.0
2024-09-28T21:00,27.0,87,0.0,6.7,183,1010.6
2024-09-28T22:00,26.5,89,0.0,5.8,189,1010.9
2024-09-28T23:00,25.8,92,0.0,3.2,177,1010.7
2024-09-29T00:00,25.5,93,0.0,4.0,190,1010.0
2024-09-29T01:00,25.6,92,0.0,1.5,234,1008.8
2024-09-29T02:00,25.1,94,0.0,3.1,239,1008.5
2024-09-29T03:00,25.2,91,0.0,4.9,219,1008.3
2024-09-29T04:00,24.9,91,0.0,3.6,217,1008.1
2024-09-29T05:00,24.5,93,0.0,4.0,238,1008.3
2024-09-29T06:00,25.0,92,0.0,4.7,242,1008.8
2024-09-29T07:00,26.6,87,0.0,3.5,255,1009.8
2024-09-29T08:00,29.1,76,0.0,1.7,72,1010.6
2024-09-29T09:00,30.6,69,0.0,2.5,98,1010.7
2024-09-29T10:00,31.9,62,0.0,4.7,47,1010.3
2024-09-29T11:00,32.2,62,0.0,10.0,18,1010.0
2024-09-29T12:00,30.8,69,2.3,16.0,1,1009.4
2024-09-29T13:00,30.6,72,0.8,8.1,3,1008.2
2024-09-29T14:00,31.5,67,0.0,4.7,4,1007.4
2024-09-29T15:00,32.0,61,0.0,4.6,351,1006.8
2024-09-29T16:00,31.0,64,0.1,6.8,357,1006.7
2024-09-29T17:00,30.3,69,0.1,3.1,298,1007.2
2024-09-29T18:00,28.5,81,0.1,3.7,215,1008.2
2024-09-29T19:00,27.8,83,0.0,5.4,214,1009.5
2024-09-29T20:00,26.5,77,0.0,6.4,202,1010.7
2024-09-29T21:00,26.3,78,0.0,4.3,208,1011.2
2024-09-29T22:00,26.2,78,0.1,6.5,138,1011.8
2024-09-29T23:00,25.9,83,0.0,4.6,162,1011.1
2024-09-30T00:00,25.2,89,0.0,3.6,174,1010.0
2024-09-30T01:00,25.0,91,0.0,2.8,215,1008.9
2024-09-30T02:00,24.8,92,0.0,3.1,211,1008.5
2024-09-30T03:00,24.7,92,0.0,3.5,201,1008.8
2024-09-30T04:00,24.5,93,0.0,3.1,183,1008.8
2024-09-30T05:00,24.7,91,0.0,4.2,187,1009.2
2024-09-30T06:00,24.9,89,0.0,4.6,239,1010.1
2024-09-30T07:00,26.3,83,0.0,4.2,245,1010.8
2024-09-30T08:00,28.8,73,0.0,1.3,146,1010.9
2024-09-30T09:00,30.5,66,0.0,3.6,87,1011.1
2024-09-30T10:00,31.7,60,0.0,4.8,59,1010.6
2024-09-30T11:00,32.3,58,0.0,8.2,32,1009.6
2024-09-30T12:00,32.2,60,0.0,9.8,20,1008.4
2024-09-30T13:00,31.7,64,0.1,12.6,5,1007.1
2024-09-30T14:00,30.8,68,0.5,15.2,341,1006.7
2024-09-30T15:00,30.9,64,0.0,16.4,355,1006.1
2024-09-30T16:00,30.5,68,0.0,16.2,3,1005.9
2024-09-30T17:00,29.7,73,0.0,14.6,4,1006.4
2024-09-30T18:00,29.0,77,0.0,8.9,6,1007.7
2024-09-30T19:00,28.4,80,0.0,5.4,358,1008.8
2024-09-30T20:00,28.3,75,0.0,5.6,40,1009.7
2024-09-30T21:00,27.4,82,0.0,5.4,64,1010.2
2024-09-30T22:00,26.4,87,0.0,6.0,171,1010.8
2024-09-30T23:00,26.1,84,0.0,5.4,210,1010.5
2024-10-01T00:00,25.5,87,0.0,4.6,231,1009.7
2024-10-01T01:00,25.0,91,0.0,3.6,217,1009.1
2024-10-01T02:00,25.0,90,0.0,3.6,198,1008.7
2024-10-01T03:00,25.1,89,0.0,3.6,186,1008.4
2024-10-01T04:00,24.7,90,0.0,3.5,189,1008.4
2024-10-01T05:00,24.4,90,0.0,3.9,196,1008.9
2024-10-01T06:00,24.4,87,0.0,3.8,199,1009.4
2024-10-01T07:00,26.3,80,0.0,2.5,201,1010.1
2024-10-01T08:00,28.9,71,0.0,4.3,222,1010.6
2024-10-01T09:00,30.7,62,0.0,1.5,240,1010.4
2024-10-01T10:00,32.0,55,0.0,4.2,43,1010.1
2024-10-01T11:00,32.1,54,0.1,7.9,17,1009.2
2024-10-01T12:00,32.3,55,0.2,9.0,2,1008.1
2024-10-01T13:00,31.9,60,0.2,11.5,2,1007.0
2024-10-01T14:00,31.7,59,0.1,12.1,354,1006.3
2024-10-01T15:00,31.2,60,0.0,10.9,354,1005.9
2024-10-01T16:00,30.9,64,0.0,11.8,351,1005.7
2024-10-01T17:00,30.0,66,0.0,9.1,339,1006.3
2024-10-01T18:00,29.2,69,0.0,4.6,339,1007.1
2024-10-01T19:00,28.9,71,0.0,5.6,354,1008.2
2024-10-01T20:00,29.0,76,0.0,2.4,73,1009.0
2024-10-01T21:00,28.1,82,0.0,3.2,71,1009.5
2024-10-01T22:00,27.7,83,0.0,3.9,68,1010.2
2024-10-01T23:00,26.2,79,2.1,6.1,118,1010.4
2024-10-02T00:00,25.9,89,0.0,3.0,142,1009.8
2024-10-02T01:00,26.4,84,0.0,2.9,191,1009.1
2024-10-02T02:00,25.4,89,0.0,4.9,213,1008.6
2024-10-02T03:00,25.2,90,0.0,5.1,216,1008.3
2024-10-02T04:00,25.6,86,0.0,3.9,204,1008.4
2024-10-02T05:00,25.1,89,0.0,4.4,187,1008.7
2024-10-02T06:00,25.2,90,0.0,2.5,172,1009.5
2024-10-02T07:00,26.5,85,0.0,2.2,180,1010.2
2024-10-02T08:00,29.2,71,0.0,2.1,38,1010.5
2024-10-02T09:00,30.8,65,0.0,4.3,22,1010.6
2024-10-02T10:00,31.8,61,0.0,6.2,22,1010.3
2024-10-02T11:00,32.0,62,0.0,10.0,14,1009.8
2024-10-02T12:00,31.1,68,0.0,10.9,354,1008.8
2024-10-02T13:00,31.1,68,0.0,13.6,353,1007.9
2024-10-02T14:00,31.1,64,0.0,14.5,6,1007.3
2024-10-02T15:00,30.7,62,0.0,11.9,350,1007.2
2024-10-02T16:00,30.1,65,0.0,7.2,305,1007.2
2024-10-02T17:00,29.1,69,0.0,6.2,201,1007.9
2024-10-02T18:00,28.2,74,0.0,2.8,35,1008.9
2024-10-02T19:00,27.8,78,0.0,2.3,198,1010.0
2024-10-02T20:00,27.9,84,0.0,4.6,18,1010.1
2024-10-02T21:00,28.2,79,0.0,3.7,43,1010.6
2024-10-02T22:00,27.1,86,0.0,5.9,50,1010.9
2024-10-02T23:00,26.7,85,0.0,4.2,110,1010.9
2024-10-03T00:00,26.3,85,0.0,5.3,152,1010.3
2024-10-03T01:00,25.7,85,0.1,5.2,158,1009.7
2024-10-03T02:00,25.2,88,0.0,3.0,166,1009.4
2024-10-03T03:00,25.1,89,0.0,3.1,152,1009.1
2024-10-03T04:00,25.0,89,0.0,3.5,152,1009.1
2024-10-03T05:00,24.7,92,0.0,3.5,125,1009.4
2024-10-03T06:00,25.0,92,0.0,3.2,93,1009.9
2024-10-03T07:00,27.0,79,0.0,1.0,121,1010.5
2024-10-03T08:00,28.0,78,0.0,2.2,171,1011.3
2024-10-03T09:00,29.5,73,0.0,1.5,144,1011.2
2024-10-03T10:00,30.9,68,0.0,3.1,50,1010.8
2024-10-03T11:00,31.7,64,0.0,7.1,19,1010.2
2024-10-03T12:00,31.7,64,0.0,9.6,6,1009.2
2024-10-03T13:00,29.3,74,1.4,16.2,8,1008.6
2024-10-03T14:00,29.4,74,0.4,6.0,44,1007.6
2024-10-03T15:00,30.6,68,0.1,8.0,36,1006.8
2024-10-03T16:00,30.5,66,0.0,6.4,47,1006.5
2024-10-03T17:00,27.0,81,1.2,9.7,112,1007.8
2024-10-03T18:00,26.4,87,0.4,6.6,206,1008.3
2024-10-03T19:00,26.0,90,0.1,7.0,201,1009.2
2024-10-03T20:00,27.3,78,0.0,5.4,124,1009.3
2024-10-03T21:00,26.6,84,0.0,4.8,158,1010.2
2024-10-03T22:00,26.6,86,0.0,2.9,180,1010.4
2024-10-03T23:00,26.5,87,0.0,2.8,191,1010.3
2024-10-04T00:00,25.9,92,0.0,2.9,210,1010.2
2024-10-04T01:00,25.6,95,0.0,3.6,243,1009.8
2024-10-04T02:00,25.5,95,0.0,3.8,245,1009.1
2024-10-04T03:00,25.3,95,0.0,4.2,239,1008.6
2024-10-04T04:00,24.9,95,0.0,4.2,227,1008.7
2024-10-04T05:00,24.6,95,0.0,3.8,225,1008.9
2024-10-04T06:00,24.8,93,0.0,4.1,229,1009.4
2024-10-04T07:00,26.7,84,0.0,3.4,238,1010.3
2024-10-04T08:00,28.9,75,0.0,3.8,183,1010.2
2024-10-04T09:00,30.6,65,0.0,3.6,147,1010.5
2024-10-04T10:00,31.9,57,0.0,4.4,83,1010.2
2024-10-04T11:00,32.5,56,0.0,6.2,30,1009.7
2024-10-04T12:00,31.9,62,0.0,13.1,13,1008.8
2024-10-04T13:00,30.8,67,1.0,12.7,23,1007.9
2024-10-04T14:00,28.9,75,3.5,11.5,23,1007.7
2024-10-04T15:00,29.7,72,0.4,7.5,8,1007.1
2024-10-04T16:00,27.3,81,3.6,7.1,186,1007.5
2024-10-04T17:00,26.5,85,1.0,3.6,270,1007.9
2024-10-04T18:00,25.4,91,0.2,4.6,149,1009.2
2024-10-04T19:00,25.1,92,0.1,5.0,210,1009.9
2024-10-04T20:00,24.8,94,0.1,1.5,249,1010.1
2024-10-04T21:00,24.7,96,0.0,1.7,342,1010.9
2024-10-04T22:00,25.1,92,0.0,2.5,249,1011.0
2024-10-04T23:00,24.8,96,0.0,3.1,249,1011.0
2024-10-05T00:00,24.6,96,0.0,4.2,258,1010.1
2024-10-05T01:00,24.5,96,0.0,3.1,230,1009.8
2024-10-05T02:00,24.6,96,0.0,3.5,208,1009.0
2024-10-05T03:00,24.2,96,0.0,3.0,218,1008.7
2024-10-05T04:00,24.1,96,0.0,3.8,239,1008.9
2024-10-05T05:00,24.0,96,0.0,3.5,246,1009.0
2024-10-05T06:00,24.5,96,0.0,2.7,212,1009.3
2024-10-05T07:00,25.9,89,0.0,2.5,172,1010.2
2024-10-05T08:00,28.2,77,0.0,5.2,76,1010.7
2024-10-05T09:00,29.9,70,0.0,5.9,72,1010.6
2024-10-05T10:00,31.1,65,0.0,5.0,55,1010.4
2024-10-05T11:00,31.9,62,0.0,6.0,10,1009.7
2024-10-05T12:00,31.1,66,0.5,12.2,352,1008.7
2024-10-05T13:00,29.1,77,0.8,14.9,343,1007.8
2024-10-05T14:00,30.3,68,0.1,12.0,16,1007.1
2024-10-05T15:00,30.0,68,0.0,12.6,349,1006.8
2024-10-05T16:00,29.7,70,0.0,2.7,356,1006.6
2024-10-05T17:00,28.4,74,1.5,4.1,236,1007.6
2024-10-05T18:00,26.6,85,0.2,6.5,210,1008.4
2024-10-05T19:00,26.1,87,0.0,4.3,213,1009.3
2024-10-05T20:00,26.4,84,0.1,2.4,257,1009.9
2024-10-05T21:00,26.5,85,0.0,4.6,288,1010.3
2024-10-05T22:00,26.4,87,0.0,4.1,326,1011.1
2024-10-05T23:00,25.9,90,0.0,3.6,273,1010.9
2024-10-06T00:00,25.4,94,0.0,4.2,277,1010.3
2024-10-06T01:00,25.5,93,0.0,4.8,245,1009.9
2024-10-06T02:00,25.0,93,0.0,5.4,233,1009.4
2024-10-06T03:00,24.6,92,0.0,3.4,238,1009.3
2024-10-06T04:00,24.3,93,0.0,3.1,239,1009.1
2024-10-06T05:00,24.0,95,0.0,3.1,230,1009.2
2024-10-06T06:00,24.4,94,0.0,3.7,223,1009.7
2024-10-06T07:00,26.1,88,0.0,3.7,209,1010.2
2024-10-06T08:00,28.4,77,0.0,1.4,247,1010.9
2024-10-06T09:00,30.1,67,0.1,2.5,352,1011.0
2024-10-06T10:00,31.0,62,0.1,5.8,7,1010.6
2024-10-06T11:00,31.5,62,0.0,9.6,357,1010.0
2024-10-06T12:00,31.3,64,0.0,12.3,355,1009.3
2024-10-06T13:00,30.5,63,0.6,12.7,23,1008.5
2024-10-06T14:00,29.4,76,0.7,9.9,357,1007.5
2024-10-06T15:00,29.8,72,0.0,7.3,349,1007.4
2024-10-06T16:00,29.3,71,1.1,1.6,90,1007.7
2024-10-06T17:00,25.8,85,3.9,5.0,178,1008.7
2024-10-06T18:00,26.1,85,0.2,1.7,221,1009.0
2024-10-06T19:00,25.8,89,0.1,2.7,222,1009.9
2024-10-06T20:00,28.1,75,0.0,3.7,227,1010.3
2024-10-06T21:00,26.2,88,0.0,5.7,193,1010.9
2024-10-06T22:00,26.0,88,0.0,4.9,190,1011.0
2024-10-06T23:00,25.5,90,0.0,4.4,187,1010.8
2024-10-07T00:00,24.8,93,0.0,6.1,175,1010.5
2024-10-07T01:00,24.4,94,0.0,6.7,175,1010.0
2024-10-07T02:00,24.2,94,0.0,5.6,187,1009.5
2024-10-07T03:00,23.8,95,0.0,5.4,200,1009.6
2024-10-07T04:00,23.6,95,0.0,4.9,204,1009.6
2024-10-07T05:00,23.6,93,0.0,3.6,217,1010.1
2024-10-07T06:00,24.1,89,0.0,4.7,212,1010.9
2024-10-07T07:00,26.0,82,0.0,4.8,209,1011.7
2024-10-07T08:00,28.7,70,0.0,4.1,157,1012.6
2024-10-07T09:00,30.4,63,0.0,3.5,111,1012.4
2024-10-07T10:00,31.6,56,0.1,5.5,67,1011.9
2024-10-07T11:00,31.9,54,0.3,8.4,50,1011.5
2024-10-07T12:00,32.7,50,0.1,7.3,42,1010.4
2024-10-07T13:00,33.1,49,0.0,9.2,23,1009.4
2024-10-07T14:00,30.8,65,0.1,18.6,356,1008.7
2024-10-07T15:00,30.4,60,0.0,17.9,351,1008.4
2024-10-07T16:00,30.5,68,0.0,19.8,353,1008.3
2024-10-07T17:00,29.8,70,0.0,13.6,6,1008.6
2024-10-07T18:00,29.1,70,0.0,11.8,19,1009.4
2024-10-07T19:00,28.5,74,0.0,6.9,28,1010.5
2024-10-07T20:00,26.8,82,0.0,4.7,196,1011.2
2024-10-07T21:00,26.2,85,0.0,5.0,229,1011.7
2024-10-07T22:00,25.7,87,0.0,5.5,224,1012.1
2024-10-07T23:00,25.2,89,0.0,5.9,203,1011.9
2024-10-08T00:00,24.8,88,0.0,6.2,188,1011.3
2024-10-08T01:00,25.2,82,0.0,4.7,203,1010.9
2024-10-08T02:00,25.5,80,0.0,6.9,213,1010.6
2024-10-08T03:00,25.2,80,0.0,7.6,207,1010.2
2024-10-08T04:00,24.8,79,0.0,6.7,204,1010.0
2024-10-08T05:00,24.4,81,0.0,5.6,202,1010.4
2024-10-08T06:00,24.1,83,0.0,5.5,189,1010.9
2024-10-08T07:00,25.8,78,0.0,5.4,174,1011.5
2024-10-08T08:00,29.0,65,0.0,4.9,163,1012.2
2024-10-08T09:00,30.9,56,0.0,4.0,175,1011.7
2024-10-08T10:00,32.3,51,0.0,3.0,73,1011.1
2024-10-08T11:00,32.9,50,0.0,8.2,29,1010.2
2024-10-08T12:00,31.9,56,0.0,15.7,5,1009.3
2024-10-08T13:00,30.7,59,0.1,17.9,356,1008.5
2024-10-08T14:00,31.5,56,0.0,16.2,9,1007.7
2024-10-08T15:00,30.8,63,0.0,18.4,358,1007.6
2024-10-08T16:00,30.3,66,0.0,14.8,358,1007.5
2024-10-08T17:00,30.0,69,0.0,12.9,7,1007.9
2024-10-08T18:00,29.2,73,0.0,9.7,10,1008.6
2024-10-08T19:00,28.8,75,0.0,6.9,17,1009.3
2024-10-08T20:00,28.5,74,0.0,5.1,39,1010.3
2024-10-08T21:00,27.9,77,0.0,4.0,58,1010.7
2024-10-08T22:00,27.2,83,0.0,4.1,90,1010.9
2024-10-08T23:00,26.8,81,0.1,3.1,100,1010.6
2024-10-09T00:00,26.4,84,0.3,4.4,109,1010.5
2024-10-09T01:00,26.0,87,0.0,4.2,133,1010.0
2024-10-09T02:00,25.3,92,0.0,4.4,159,1009.5
2024-10-09T03:00,25.5,90,0.0,3.6,186,1009.1
2024-10-09T04:00,25.1,91,0.0,3.7,203,1009.2
2024-10-09T05:00,24.9,91,0.0,4.0,210,1009.3
2024-10-09T06:00,25.3,89,0.0,4.9,208,1009.6
2024-10-09T07:00,27.0,81,0.0,4.6,189,1010.3
2024-10-09T08:00,29.0,70,0.0,5.4,206,1010.7
2024-10-09T09:00,30.8,62,0.0,5.1,238,1010.6
2024-10-09T10:00,32.2,53,0.0,2.4,48,1010.0
2024-10-09T11:00,32.5,52,0.2,8.2,26,1009.4
2024-10-09T12:00,32.4,56,0.2,11.2,6,1008.6
2024-10-09T13:00,31.5,61,0.1,15.2,5,1007.7
2024-10-09T14:00,31.4,59,0.0,14.6,5,1007.0
2024-10-09T15:00,31.1,63,0.0,15.7,4,1006.7
2024-10-09T16:00,30.5,65,0.0,12.1,357,1006.6
2024-10-09T17:00,30.1,66,0.4,6.8,18,1006.7
2024-10-09T18:00,28.4,81,0.8,5.0,358,1007.4
2024-10-09T19:00,27.5,84,1.0,3.8,175,1008.5
2024-10-09T20:00,27.5,82,0.0,6.2,229,1008.7
2024-10-09T21:00,26.6,85,0.0,7.3,216,1009.0
2024-10-09T22:00,26.2,85,0.0,4.2,220,1009.7
2024-10-09T23:00,25.9,86,0.0,6.4,223,1009.5
2024-10-10T00:00,26.0,84,0.0,5.6,205,1009.1
2024-10-10T01:00,25.8,86,0.5,3.8,131,1008.9
2024-10-10T02:00,25.4,91,0.1,2.8,198,1008.5
2024-10-10T03:00,25.2,90,0.0,3.6,198,1008.1
2024-10-10T04:00,24.9,90,0.0,3.6,200,1008.2
2024-10-10T05:00,24.7,89,0.0,4.4,210,1008.5
2024-10-10T06:00,24.9,87,0.0,6.5,210,1008.7
2024-10-10T07:00,26.3,82,0.0,6.1,192,1009.2
2024-10-10T08:00,29.1,72,0.0,2.3,203,1009.7
2024-10-10T09:00,30.8,65,0.1,3.3,22,1009.9
2024-10-10T10:00,31.6,61,0.0,7.5,21,1009.6
2024-10-10T11:00,31.9,60,0.1,9.2,360,1008.7
2024-10-10T12:00,32.3,60,0.1,12.8,2,1007.7
2024-10-10T13:00,31.2,65,0.4,14.9,8,1007.0
2024-10-10T14:00,30.2,73,0.2,17.1,356,1006.6
2024-10-10T15:00,31.5,61,0.0,13.9,4,1006.2
2024-10-10T16:00,30.4,68,0.6,11.7,10,1006.4
2024-10-10T17:00,29.1,75,0.6,3.8,357,1007.2
2024-10-10T18:00,26.3,91,4.6,5.9,207,1008.7
2024-10-10T19:00,26.1,88,0.4,6.7,204,1009.2
2024-10-10T20:00,27.5,80,0.1,5.3,102,1009.4
2024-10-10T21:00,26.5,87,3.2,7.1,24,1009.7
2024-10-10T22:00,26.4,89,0.0,6.3,51,1009.8
2024-10-10T23:00,26.0,92,0.0,4.1,124,1009.7
2024-10-11T00:00,25.6,92,0.0,8.4,145,1009.5
2024-10-11T01:00,25.3,88,0.0,3.8,169,1008.8
2024-10-11T02:00,25.0,90,0.0,5.2,134,1008.2
2024-10-11T03:00,24.7,90,0.0,4.1,178,1007.8
2024-10-11T04:00,24.6,91,0.0,4.4,187,1007.9
2024-10-11T05:00,24.5,92,0.0,4.1,180,1008.1
2024-10-11T06:00,25.3,88,0.0,2.4,193,1008.5
2024-10-11T07:00,26.8,83,0.0,2.9,223,1009.3
2024-10-11T08:00,29.3,68,0.0,1.5,144,1009.4
2024-10-11T09:00,31.0,61,0.0,3.9,77,1009.3
2024-10-11T10:00,32.4,55,0.0,7.8,58,1009.1
2024-10-11T11:00,32.8,54,0.0,9.6,17,1008.1
2024-10-11T12:00,31.2,67,1.0,18.5,359,1007.7
2024-10-11T13:00,31.5,66,0.1,17.1,12,1006.6
2024-10-11T14:00,31.8,64,0.0,20.3,17,1006.0
2024-10-11T15:00,30.8,68,0.1,16.5,30,1005.6
2024-10-11T16:00,30.8,68,0.0,15.4,29,1005.5
2024-10-11T17:00,29.9,72,0.0,14.0,23,1006.3
2024-10-11T18:00,29.3,75,0.0,9.2,23,1007.3
2024-10-11T19:00,28.9,77,0.0,7.0,26,1008.1
2024-10-11T20:00,28.6,80,0.0,7.9,47,1008.5
2024-10-11T21:00,27.9,84,0.0,4.3,66,1009.3
2024-10-11T22:00,26.8,91,0.0,4.8,119,1009.5
2024-10-11T23:00,26.5,90,0.0,4.3,147,1009.4
2024-10-12T00:00,26.3,88,0.0,3.8,185,1009.0
2024-10-12T01:00,26.1,87,0.0,5.2,214,1008.5
2024-10-12T02:00,25.9,88,0.0,6.4,216,1008.0
2024-10-12T03:00,26.0,88,0.0,5.4,206,1008.0
2024-10-12T04:00,25.5,91,0.0,2.7,266,1007.9
2024-10-12T05:00,25.6,91,0.0,2.7,293,1008.4
2024-10-12T06:00,25.7,89,0.1,9.3,22,1009.5
2024-10-12T07:00,26.8,83,0.1,4.0,27,1010.0
2024-10-12T08:00,28.7,78,0.1,8.9,72,1010.3
2024-10-12T09:00,29.4,76,0.2,10.4,58,1010.5
2024-10-12T10:00,30.3,72,0.1,8.4,40,1009.9
2024-10-12T11:00,31.0,70,0.1,9.7,19,1009.1
2024-10-12T12:00,30.6,73,0.5,12.1,357,1008.1
2024-10-12T13:00,28.2,83,1.8,11.3,343,1007.3
2024-10-12T14:00,29.7,75,0.7,12.8,2,1006.7
2024-10-12T15:00,30.2,74,0.2,12.9,16,1006.3
2024-10-12T16:00,30.2,73,0.2,5.9,12,1005.9
2024-10-12T17:00,28.0,82,0.7,1.2,141,1006.8
2024-10-12T18:00,26.9,91,0.8,5.0,244,1007.8
2024-10-12T19:00,26.6,91,0.3,8.9,262,1008.5
2024-10-12T20:00,28.1,84,0.0,1.7,122,1009.0
2024-10-12T21:00,27.2,88,0.0,4.2,223,1009.7
2024-10-12T22:00,27.1,86,0.1,5.6,249,1009.8
2024-10-12T23:00,26.9,85,0.0,7.3,261,1009.5
2024-10-13T00:00,25.6,93,1.8,5.9,308,1009.2
2024-10-13T01:00,25.3,92,0.0,3.8,275,1008.6
2024-10-13T02:00,25.4,93,0.4,2.9,338,1008.3
2024-10-13T03:00,24.8,94,0.0,3.5,332,1008.0
2024-10-13T04:00,24.9,93,0.0,3.5,279,1008.0
2024-10-13T05:00,24.8,94,0.0,4.6,334,1008.8
2024-10-13T06:00,26.0,90,0.0,4.0,18,1009.3
2024-10-13T07:00,27.2,86,0.0,4.8,42,1009.9
2024-10-13T08:00,28.6,77,0.0,4.9,266,1009.6
2024-10-13T09:00,30.2,70,0.0,9.1,342,1010.2
2024-10-13T10:00,29.1,76,1.1,13.3,2,1010.2
2024-10-13T11:00,29.2,79,0.4,14.1,5,1009.5
2024-10-13T12:00,28.9,78,0.2,17.0,19,1009.2
2024-10-13T13:00,28.5,78,1.8,19.7,12,1008.5
2024-10-13T14:00,28.6,76,0.1,15.1,15,1007.4
2024-10-13T15:00,28.9,75,0.3,10.5,8,1007.4
2024-10-13T16:00,28.0,79,0.1,8.9,346,1007.4
2024-10-13T17:00,28.1,78,0.0,2.7,318,1007.7
2024-10-13T18:00,27.3,87,0.0,2.9,240,1008.3
2024-10-13T19:00,26.6,86,0.0,4.2,223,1009.2
2024-10-13T20:00,27.3,85,0.0,2.9,79,1008.9
2024-10-13T21:00,26.7,89,0.0,2.8,145,1009.3
2024-10-13T22:00,26.6,89,0.0,2.1,165,1009.9
2024-10-13T23:00,26.2,90,0.0,1.8,180,1009.8
2024-10-14T00:00,25.3,94,0.0,3.1,201,1009.3
2024-10-14T01:00,25.2,95,0.0,3.6,200,1009.0
2024-10-14T02:00,25.1,94,0.0,5.1,219,1008.7
2024-10-14T03:00,24.9,94,0.0,6.0,231,1008.2
2024-10-14T04:00,24.8,94,0.0,6.2,224,1008.2
2024-10-14T05:00,24.7,94,0.0,4.3,213,1008.2
2024-10-14T06:00,24.9,93,0.0,3.0,142,1008.8
2024-10-14T07:00,26.5,86,0.0,3.0,218,1009.4
2024-10-14T08:00,28.7,77,0.1,1.7,72,1010.1
2024-10-14T09:00,30.0,71,0.0,2.2,5,1010.1
2024-10-14T10:00,30.8,68,0.0,7.2,1,1010.0
2024-10-14T11:00,31.1,68,0.0,11.0,356,1009.4
2024-10-14T12:00,31.3,66,0.0,12.8,354,1008.4
2024-10-14T13:00,30.6,64,0.0,14.1,3,1007.6
2024-10-14T14:00,31.1,63,0.1,9.2,349,1006.9
2024-10-14T15:00,30.2,67,0.1,9.0,13,1006.8
2024-10-14T16:00,29.1,71,0.3,4.9,24,1006.6
2024-10-14T17:00,28.4,75,0.2,6.1,256,1007.0
2024-10-14T18:00,27.5,81,0.0,6.7,254,1007.9
2024-10-14T19:00,27.0,83,0.0,5.4,230,1008.8
2024-10-14T20:00,27.0,86,0.0,5.8,214,1010.0
2024-10-14T21:00,26.7,85,0.0,9.4,230,1010.7
2024-10-14T22:00,26.7,78,0.0,9.1,238,1010.9
2024-10-14T23:00,26.3,81,0.0,5.8,234,1010.7
2024-10-15T00:00,26.0,80,0.0,8.0,236,1010.0
2024-10-15T01:00,25.6,84,0.0,8.9,245,1009.6
2024-10-15T02:00,25.4,89,0.0,11.3,239,1009.2
2024-10-15T03:00,25.3,91,0.0,11.3,250,1009.0
2024-10-15T04:00,25.2,92,0.0,10.0,252,1009.1
2024-10-15T05:00,25.0,92,0.0,9.4,244,1009.7
2024-10-15T06:00,25.2,90,0.0,8.7,240,1010.1
2024-10-15T07:00,26.4,85,0.0,6.8,235,1010.8
2024-10-15T08:00,28.1,76,0.0,5.4,222,1011.6
2024-10-15T09:00,30.2,68,0.0,2.4,216,1011.3
2024-10-15T10:00,31.8,58,0.0,0.8,45,1010.5
2024-10-15T11:00,32.8,52,0.0,3.7,14,1009.8
2024-10-15T12:00,33.0,53,0.0,7.8,4,1008.8
2024-10-15T13:00,32.7,55,0.0,11.8,351,1007.8
2024-10-15T14:00,31.4,63,0.2,11.7,360,1007.6
2024-10-15T15:00,31.7,61,0.0,8.8,351,1007.2
2024-10-15T16:00,30.3,68,2.1,6.5,316,1007.2
2024-10-15T17:00,30.0,68,0.2,2.9,274,1007.7
2024-10-15T18:00,28.6,79,0.0,3.5,192,1008.4
2024-10-15T19:00,27.9,84,0.0,2.8,215,1009.0
2024-10-15T20:00,27.0,79,0.0,5.2,209,1010.0
2024-10-15T21:00,26.5,85,0.0,3.4,186,1010.8
2024-10-15T22:00,26.8,84,0.0,2.8,220,1011.4
2024-10-15T23:00,26.2,87,0.0,2.7,262,1011.3
2024-10-16T00:00,26.2,88,0.0,4.6,259,1010.9
2024-10-16T01:00,26.0,90,0.0,4.7,261,1010.7
2024-10-16T02:00,25.8,91,0.0,4.2,258,1010.4
2024-10-16T03:00,25.6,92,0.0,3.0,253,1010.2
2024-10-16T04:00,25.2,94,0.0,2.6,231,1010.2
2024-10-16T05:00,24.7,97,0.0,3.8,221,1010.5
2024-10-16T06:00,25.2,94,0.0,3.0,218,1010.9
2024-10-16T07:00,26.8,85,0.0,1.5,216,1011.6
2024-10-16T08:00,28.7,74,0.0,1.9,253,1012.7
2024-10-16T09:00,30.6,63,0.0,1.0,22,1012.7
2024-10-16T10:00,32.2,54,0.0,4.0,36,1012.0
2024-10-16T11:00,32.9,49,0.0,7.6,19,1011.2
2024-10-16T12:00,32.9,53,0.0,12.4,8,1009.8
2024-10-16T13:00,31.9,59,0.0,17.8,8,1008.6
2024-10-16T14:00,31.7,57,0.0,18.4,8,1008.0
2024-10-16T15:00,31.1,60,0.0,15.2,353,1007.8
2024-10-16T16:00,30.5,64,0.0,13.5,333,1007.4
2024-10-16T17:00,29.6,70,0.0,12.2,322,1007.6
2024-10-16T18:00,29.1,74,0.0,5.6,333,1008.4
2024-10-16T19:00,28.8,77,0.0,5.6,358,1009.6
2024-10-16T20:00,27.5,83,0.1,6.6,319,1010.7
2024-10-16T21:00,26.3,90,0.7,10.1,320,1011.8
2024-10-16T22:00,26.4,83,0.1,10.3,277,1011.8
2024-10-16T23:00,25.7,86,0.0,6.2,224,1011.4
2024-10-17T00:00,24.9,84,0.0,7.2,183,1011.0
2024-10-17T01:00,24.6,79,0.0,8.7,188,1010.5
2024-10-17T02:00,24.5,75,0.0,9.2,191,1009.9
2024-10-17T03:00,24.5,73,0.0,8.2,194,1009.5
2024-10-17T04:00,24.3,72,0.0,6.7,200,1009.7
2024-10-17T05:00,24.1,71,0.0,6.1,204,1010.0
2024-10-17T06:00,24.2,70,0.0,6.2,206,1010.6
2024-10-17T07:00,26.2,63,0.0,6.2,218,1011.1
2024-10-17T08:00,28.6,54,0.0,5.0,206,1012.2
2024-10-17T09:00,30.9,53,0.0,2.0,180,1012.2
2024-10-17T10:00,32.0,50,0.0,1.6,354,1011.7
2024-10-17T11:00,32.8,46,0.0,4.0,5,1010.8
2024-10-17T12:00,33.3,44,0.0,8.1,4,1009.8
2024-10-17T13:00,32.7,49,0.0,15.2,354,1008.8
2024-10-17T14:00,31.8,52,0.0,16.9,353,1008.2
2024-10-17T15:00,31.5,54,0.0,17.3,358,1007.6
2024-10-17T16:00,30.7,58,0.0,18.9,351,1007.6
2024-10-17T17:00,29.7,63,0.0,16.1,340,1008.1
2024-10-17T18:00,29.0,66,0.0,11.0,334,1008.9
2024-10-17T19:00,28.4,70,0.0,6.2,316,1009.7
2024-10-17T20:00,27.6,79,0.0,3.6,279,1010.2
2024-10-17T21:00,26.6,85,0.0,6.4,227,1010.7
2024-10-17T22:00,26.8,75,0.0,6.0,187,1011.3
2024-10-17T23:00,25.8,67,0.0,9.9,182,1010.9
2024-10-18T00:00,25.3,69,0.0,9.9,185,1010.1
2024-10-18T01:00,25.0,72,0.0,8.3,184,1009.6
2024-10-18T02:00,24.6,73,0.0,7.6,194,1009.1
2024-10-18T03:00,24.3,74,0.0,6.5,193,1008.8
2024-10-18T04:00,24.1,76,0.0,4.1,195,1008.9
2024-10-18T05:00,24.0,76,0.0,3.9,193,1009.4
2024-10-18T06:00,24.1,76,0.0,4.4,201,1009.8
2024-10-18T07:00,26.1,71,0.0,3.7,194,1010.6
2024-10-18T08:00,28.9,64,0.0,3.7,235,1010.8
2024-10-18T09:00,30.6,59,0.0,4.3,338,1010.8
2024-10-18T10:00,31.3,55,0.0,9.2,2,1010.5
2024-10-18T11:00,31.3,55,0.0,11.9,3,1010.0
2024-10-18T12:00,31.7,53,0.0,12.6,357,1009.0
2024-10-18T13:00,31.7,53,0.0,14.1,350,1008.1
2024-10-18T14:00,31.1,57,0.1,14.3,335,1007.8
2024-10-18T15:00,30.8,59,0.0,14.3,345,1007.5
2024-10-18T16:00,30.5,63,0.0,14.2,345,1007.2
2024-10-18T17:00,29.7,66,0.0,14.1,341,1007.2
2024-10-18T18:00,28.9,69,0.0,12.2,329,1007.9
2024-10-18T19:00,28.6,70,0.0,11.3,314,1008.7
2024-10-18T20:00,28.4,72,0.0,6.6,327,1009.9
2024-10-18T21:00,28.1,75,0.0,3.6,333,1010.7
2024-10-18T22:00,27.5,78,0.0,3.3,139,1010.9
2024-10-18T23:00,26.1,86,0.0,5.1,135,1010.8
2024-10-19T00:00,26.1,83,0.0,4.1,146,1010.2
2024-10-19T01:00,25.4,86,0.0,4.7,152,1009.8
2024-10-19T02:00,25.1,87,0.0,5.1,170,1009.4
2024-10-19T03:00,25.0,86,0.0,4.5,180,1009.3
2024-10-19T04:00,24.7,87,0.0,4.6,189,1009.5
2024-10-19T05:00,24.5,85,0.0,4.1,178,1010.0
2024-10-19T06:00,24.9,83,0.0,4.0,185,1010.5
2024-10-19T07:00,27.2,73,0.0,2.7,143,1011.1
2024-10-19T08:00,29.4,67,0.0,3.5,118,1011.6
2024-10-19T09:00,30.7,60,0.0,5.0,41,1011.7
2024-10-19T10:00,31.3,56,0.0,7.2,22,1011.3
2024-10-19T11:00,31.8,54,0.0,8.9,9,1010.7
2024-10-19T12:00,32.0,54,0.0,11.0,4,1009.6
2024-10-19T13:00,31.9,54,0.1,12.1,5,1008.7
2024-10-19T14:00,31.6,55,0.0,15.3,12,1007.9
2024-10-19T15:00,31.1,57,0.0,14.5,11,1007.7
2024-10-19T16:00,30.4,62,0.0,15.0,13,1007.7
2024-10-19T17:00,29.8,67,0.0,13.0,359,1008.3
2024-10-19T18:00,29.0,69,0.0,11.1,351,1009.2
2024-10-19T19:00,28.8,70,0.0,7.9,333,1010.3
2024-10-19T20:00,28.5,73,0.0,5.1,4,1010.8
2024-10-19T21:00,28.1,76,0.0,4.2,342,1011.3
2024-10-19T22:00,28.0,76,0.0,1.6,297,1011.9
2024-10-19T23:00,27.4,81,0.0,2.5,278,1011.7
2024-10-20T00:00,26.6,83,0.0,5.0,255,1011.4
2024-10-20T01:00,26.0,84,0.0,3.1,246,1010.9
2024-10-20T02:00,25.4,85,0.0,4.8,255,1010.3
2024-10-20T03:00,25.0,86,0.0,6.6,244,1010.3
2024-10-20T04:00,24.8,87,0.0,6.1,240,1011.0
2024-10-20T05:00,24.5,87,0.0,6.8,235,1011.5
2024-10-20T06:00,24.3,87,0.0,7.7,231,1011.8
2024-10-20T07:00,25.9,80,0.0,5.3,235,1012.4
2024-10-20T08:00,28.6,66,0.0,5.9,223,1013.0
2024-10-20T09:00,31.0,49,0.0,8.0,230,1012.9
2024-10-20T10:00,32.6,42,0.0,9.1,248,1012.3
2024-10-20T11:00,33.6,39,0.0,9.5,268,1011.4
2024-10-20T12:00,34.3,38,0.0,10.3,281,1010.3
2024-10-20T13:00,34.6,38,0.0,11.5,284,1009.1
2024-10-20T14:00,33.7,42,0.2,14.8,308,1008.4
2024-10-20T15:00,32.8,49,0.3,13.8,318,1008.0
2024-10-20T16:00,32.9,44,0.0,11.7,295,1007.8
2024-10-20T17:00,31.9,37,0.0,17.0,257,1008.3
2024-10-20T18:00,30.2,37,0.0,19.1,256,1008.9
2024-10-20T19:00,29.5,38,0.0,14.6,256,1009.5
2024-10-20T20:00,28.5,43,0.0,11.5,250,1010.0
2024-10-20T21:00,27.2,48,0.0,10.5,235,1010.8
2024-10-20T22:00,26.2,60,0.0,11.9,239,1011.3
2024-10-20T23:00,25.5,68,0.0,9.9,243,1011.1
2024-10-21T00:00,25.1,72,0.0,5.2,243,1010.9
2024-10-21T01:00,25.1,75,0.0,4.5,196,1010.5
2024-10-21T02:00,25.9,74,0.0,5.6,149,1010.2
2024-10-21T03:00,26.0,79,0.0,7.1,131,1010.0
2024-10-21T04:00,25.9,81,0.0,7.2,127,1010.0
2024-10-21T05:00,26.0,80,0.0,7.7,123,1010.6
2024-10-21T06:00,26.3,78,0.0,7.8,127,1011.1
2024-10-21T07:00,28.0,72,0.0,8.1,127,1011.9
2024-10-21T08:00,28.9,70,0.0,3.5,111,1012.1
2024-10-21T09:00,30.6,61,0.0,8.4,53,1011.7
2024-10-21T10:00,31.6,55,0.0,9.6,37,1011.5
2024-10-21T11:00,32.1,53,0.0,9.6,16,1011.1
2024-10-21T12:00,32.4,52,0.0,11.5,360,1010.3
2024-10-21T13:00,31.8,55,0.0,17.8,6,1009.2
2024-10-21T14:00,31.1,58,0.0,18.5,16,1008.4
2024-10-21T15:00,30.7,62,0.0,14.8,5,1008.1
2024-10-21T16:00,30.0,64,0.0,12.2,2,1007.9
2024-10-21T17:00,29.6,65,0.0,12.1,15,1008.0
2024-10-21T18:00,28.7,68,0.0,10.0,14,1008.9
2024-10-21T19:00,28.2,72,0.0,4.2,18,1009.9
2024-10-21T20:00,29.0,67,0.0,1.9,56,1009.8
2024-10-21T21:00,27.4,79,0.0,4.6,72,1010.6
2024-10-21T22:00,26.9,81,0.0,5.6,90,1010.9
2024-10-21T23:00,26.5,83,0.0,5.2,136,1010.5
2024-10-22T00:00,26.4,80,0.0,4.6,169,1010.2
2024-10-22T01:00,26.1,80,0.0,4.5,175,1009.8
2024-10-22T02:00,25.6,83,0.0,5.3,162,1009.6
2024-10-22T03:00,25.3,85,0.0,5.6,140,1009.6
2024-10-22T04:00,25.6,82,0.0,4.2,149,1009.8
2024-10-22T05:00,25.8,81,0.0,5.3,128,1010.3
2024-10-22T06:00,26.2,80,0.0,6.5,132,1010.8
2024-10-22T07:00,27.9,75,0.0,5.0,142,1011.1
2024-10-22T08:00,29.7,68,0.0,5.2,146,1011.6
2024-10-22T09:00,31.4,59,0.0,2.7,118,1011.5
2024-10-22T10:00,32.5,51,0.0,1.8,354,1010.9
2024-10-22T11:00,33.0,49,0.0,6.5,352,1010.1
2024-10-22T12:00,33.2,49,0.0,11.9,1,1008.9
2024-10-22T13:00,32.3,56,0.0,18.4,8,1007.6
2024-10-22T14:00,31.8,57,0.0,17.7,15,1007.3
2024-10-22T15:00,31.2,61,0.0,16.7,7,1007.0
2024-10-22T16:00,31.1,62,0.0,13.5,356,1007.0
2024-10-22T17:00,30.4,62,0.0,12.3,352,1007.7
2024-10-22T18:00,29.5,65,0.0,8.3,1,1008.5
2024-10-22T19:00,29.2,70,0.0,7.3,25,1009.1
2024-10-22T20:00,29.1,71,0.0,7.0,67,1009.7
2024-10-22T21:00,29.0,72,0.0,9.3,98,1010.4
2024-10-22T22:00,28.1,74,0.0,10.6,104,1010.7
2024-10-22T23:00,27.6,74,0.0,7.8,98,1010.5
2024-10-23T00:00,27.1,76,0.0,6.0,119,1010.3
2024-10-23T01:00,26.7,78,0.0,5.5,142,1009.9
2024-10-23T02:00,26.3,82,0.0,3.7,141,1009.5
2024-10-23T03:00,25.8,86,0.0,3.9,156,1009.3
2024-10-23T04:00,25.6,87,0.0,3.6,183,1009.7
2024-10-23T05:00,25.5,86,0.0,5.4,178,1009.8
2024-10-23T06:00,25.6,83,0.0,5.9,182,1010.1
2024-10-23T07:00,27.6,73,0.0,3.8,180,1010.6
2024-10-23T08:00,29.9,66,0.0,0.9,191,1011.0
2024-10-23T09:00,31.3,61,0.0,4.8,25,1010.7
2024-10-23T10:00,32.2,57,0.0,8.6,8,1010.4
2024-10-23T11:00,32.3,57,0.1,11.9,356,1009.8
2024-10-23T12:00,31.7,63,0.2,15.3,1,1008.6
2024-10-23T13:00,31.5,62,0.0,15.7,9,1007.7
2024-10-23T14:00,31.9,61,0.0,16.0,7,1006.8
2024-10-23T15:00,31.2,67,0.0,17.1,12,1006.7
2024-10-23T16:00,30.6,65,0.0,11.7,14,1006.9
2024-10-23T17:00,30.1,70,0.0,10.5,19,1007.3
2024-10-23T18:00,29.2,72,0.1,2.2,42,1008.1
2024-10-23T19:00,28.8,77,0.0,2.6,34,1008.5
2024-10-23T20:00,29.3,74,0.0,3.4,108,1008.9
2024-10-23T21:00,28.9,73,0.0,6.4,137,1009.6
2024-10-23T22:00,28.5,71,0.0,5.1,162,1009.9
2024-10-23T23:00,28.1,71,0.0,6.3,160,1009.7
2024-10-24T00:00,27.6,76,0.0,4.9,96,1009.1
2024-10-24T01:00,27.1,83,0.0,3.8,87,1008.9
2024-10-24T02:00,26.8,86,0.0,3.2,109,1008.8
2024-10-24T03:00,25.9,89,0.1,5.6,119,1009.0
2024-10-24T04:00,25.5,85,0.3,5.3,62,1008.9
2024-10-24T05:00,25.4,87,0.1,9.9,52,1010.0
2024-10-24T06:00,25.6,87,0.0,7.7,66,1010.4
2024-10-24T07:00,25.5,86,0.1,10.7,98,1011.2
2024-10-24T08:00,27.3,80,0.0,10.4,101,1011.1
2024-10-24T09:00,29.8,68,0.0,7.2,84,1010.9
2024-10-24T10:00,31.5,61,0.0,8.5,46,1010.6
2024-10-24T11:00,32.1,61,0.0,12.1,17,1009.6
2024-10-24T12:00,30.0,70,0.9,14.9,359,1009.0
2024-10-24T13:00,30.7,71,0.1,12.0,30,1008.0
2024-10-24T14:00,28.9,77,1.4,12.7,16,1007.8
2024-10-24T15:00,30.3,71,0.0,9.9,12,1006.6
2024-10-24T16:00,29.7,75,0.0,7.7,3,1006.6
2024-10-24T17:00,29.3,76,0.0,9.1,10,1007.1
2024-10-24T18:00,28.8,79,0.0,8.8,2,1007.9
2024-10-24T19:00,28.5,80,0.0,7.8,351,1008.6
2024-10-24T20:00,27.6,86,0.1,5.7,143,1009.3
2024-10-24T21:00,24.8,95,4.6,9.3,148,1011.0
2024-10-24T22:00,25.1,93,0.7,3.8,155,1011.2
2024-10-24T23:00,25.6,88,0.7,2.3,108,1010.8
2024-10-25T00:00,25.2,90,0.1,3.6,135,1010.4
2024-10-25T01:00,24.9,92,0.0,3.7,129,1009.8
2024-10-25T02:00,24.4,95,0.0,2.4,103,1009.1
2024-10-25T03:00,24.6,94,0.0,2.6,102,1009.2
2024-10-25T04:00,24.4,94,0.0,2.6,129,1009.5
2024-10-25T05:00,24.5,93,0.0,3.1,103,1010.3
2024-10-25T06:00,24.7,91,0.0,4.2,110,1010.8
2024-10-25T07:00,25.9,86,0.0,2.7,113,1011.5
2024-10-25T08:00,27.9,77,0.0,2.6,146,1011.7
2024-10-25T09:00,29.8,69,0.0,1.3,146,1011.7
2024-10-25T10:00,31.2,62,0.1,3.6,351,1011.3
2024-10-25T11:00,31.8,59,0.1,7.6,356,1010.6
2024-10-25T12:00,31.5,65,0.0,12.4,360,1009.6
2024-10-25T13:00,30.9,66,0.0,14.8,358,1008.3
2024-10-25T14:00,30.4,68,0.1,15.9,347,1007.5
2024-10-25T15:00,29.8,72,0.0,14.0,353,1006.7
2024-10-25T16:00,29.8,74,0.0,13.7,2,1007.0
2024-10-25T17:00,29.3,74,0.0,10.7,22,1007.7
2024-10-25T18:00,28.5,76,0.0,9.1,41,1008.4
2024-10-25T19:00,28.1,78,0.0,5.9,27,1009.2
2024-10-25T20:00,27.7,78,0.0,6.1,120,1010.0
2024-10-25T21:00,27.0,82,0.0,4.2,115,1010.7
2024-10-25T22:00,26.4,86,0.0,5.0,131,1010.9
2024-10-25T23:00,26.2,85,0.0,4.1,165,1010.7
2024-10-26T00:00,25.9,85,0.0,6.2,188,1010.1
2024-10-26T01:00,25.5,82,0.0,5.7,217,1009.5
2024-10-26T02:00,25.1,78,0.0,6.0,226,1008.9
2024-10-26T03:00,24.7,78,0.0,6.1,220,1008.7
2024-10-26T04:00,24.5,79,0.0,6.5,224,1009.0
2024-10-26T05:00,24.2,82,0.0,5.7,233,1009.5
2024-10-26T06:00,24.4,83,0.0,4.9,234,1010.1
2024-10-26T07:00,26.3,77,0.0,3.9,217,1010.8
2024-10-26T08:00,29.3,63,0.0,4.1,225,1010.9
2024-10-26T09:00,31.4,53,0.0,2.6,236,1010.6
2024-10-26T10:00,32.7,48,0.0,3.3,347,1010.0
2024-10-26T11:00,33.2,48,0.0,9.4,352,1009.0
2024-10-26T12:00,32.9,52,0.0,14.6,356,1008.0
2024-10-26T13:00,32.8,46,0.0,17.3,1,1006.7
2024-10-26T14:00,32.2,49,0.0,18.9,1,1005.7
2024-10-26T15:00,31.4,56,0.0,18.1,354,1005.3
2024-10-26T16:00,30.8,63,0.0,16.5,350,1005.3
2024-10-26T17:00,30.1,66,0.0,13.2,345,1006.1
2024-10-26T18:00,29.6,71,0.0,7.3,33,1007.2
2024-10-26T19:00,29.3,72,0.0,11.4,69,1008.0
2024-10-26T20:00,28.6,71,0.0,9.6,102,1008.8
2024-10-26T21:00,28.2,70,0.0,10.4,129,1009.5
2024-10-26T22:00,27.5,73,0.0,9.2,141,1009.5
2024-10-26T23:00,27.0,75,0.0,8.4,155,1009.5
2024-10-27T00:00,26.5,76,0.0,7.9,159,1009.0
2024-10-27T01:00,26.1,77,0.0,6.0,151,1008.3
2024-10-27T02:00,25.5,80,0.0,4.5,166,1007.7
2024-10-27T03:00,25.0,83,0.0,4.9,186,1007.5
2024-10-27T04:00,25.0,82,0.0,4.6,206,1007.7
2024-10-27T05:00,24.7,83,0.0,4.5,220,1008.2
2024-10-27T06:00,25.3,80,0.0,6.2,221,1008.9
2024-10-27T07:00,27.2,73,0.0,6.2,216,1009.4
2024-10-27T08:00,29.9,64,0.0,5.8,219,1009.7
2024-10-27T09:00,31.9,57,0.0,3.1,260,1009.4
2024-10-27T10:00,32.9,51,0.0,6.3,347,1009.0
2024-10-27T11:00,32.5,54,0.0,12.1,3,1008.5
2024-10-27T12:00,32.0,57,0.0,14.8,6,1007.4
2024-10-27T13:00,32.1,56,0.0,16.3,5,1006.2
2024-10-27T14:00,31.8,60,0.0,17.0,356,1005.5
2024-10-27T15:00,31.2,62,0.0,14.1,356,1005.3
2024-10-27T16:00,30.7,67,0.0,12.2,351,1005.5
2024-10-27T17:00,29.9,70,0.0,9.9,3,1006.1
2024-10-27T18:00,29.4,73,0.0,6.1,30,1007.1
2024-10-27T19:00,28.9,77,0.0,5.8,81,1007.7
2024-10-27T20:00,29.7,72,0.0,2.2,275,1007.6
2024-10-27T21:00,29.4,73,0.0,2.9,266,1008.2
2024-10-27T22:00,28.8,75,0.0,2.9,274,1008.4
2024-10-27T23:00,27.2,84,0.0,5.3,192,1008.2
2024-10-28T00:00,26.7,83,0.0,5.3,198,1007.7
2024-10-28T01:00,26.8,76,0.0,5.3,208,1007.2
2024-10-28T02:00,26.5,76,0.0,7.0,222,1006.8
2024-10-28T03:00,26.2,77,0.0,7.2,217,1006.7
2024-10-28T04:00,25.8,78,0.0,5.7,204,1007.3
2024-10-28T05:00,25.3,82,0.0,4.0,201,1008.2
2024-10-28T06:00,25.8,81,0.0,3.5,204,1008.9
2024-10-28T07:00,27.7,73,0.0,3.6,189,1009.8
2024-10-28T08:00,30.0,65,0.0,2.4,153,1010.1
2024-10-28T09:00,31.8,59,0.0,2.6,74,1010.1
2024-10-28T10:00,32.8,54,0.0,5.1,36,1009.6
2024-10-28T11:00,32.8,56,0.0,10.6,23,1008.9
2024-10-28T12:00,32.5,60,0.0,13.5,5,1007.6
2024-10-28T13:00,32.4,59,0.0,13.9,359,1006.5
2024-10-28T14:00,32.9,57,0.0,11.7,9,1006.0
2024-10-28T15:00,31.6,66,1.3,10.8,357,1006.2
2024-10-28T16:00,30.5,71,1.6,9.1,350,1006.5
2024-10-28T17:00,30.2,72,0.0,4.5,355,1006.9
2024-10-28T18:00,29.2,77,0.0,3.2,357,1007.6
2024-10-28T19:00,28.9,77,0.0,4.8,53,1008.4
2024-10-28T20:00,28.8,78,0.0,4.8,75,1009.2
2024-10-28T21:00,28.2,82,0.0,3.5,78,1009.8
2024-10-28T22:00,27.4,86,0.0,3.5,118,1009.9
2024-10-28T23:00,26.8,86,0.0,3.6,131,1009.5
2024-10-29T00:00,26.3,87,0.0,3.2,128,1009.0
2024-10-29T01:00,26.1,87,0.0,4.1,105,1008.6
2024-10-29T02:00,25.5,91,0.0,3.7,133,1008.4
2024-10-29T03:00,25.2,92,0.0,3.9,204,1008.2
2024-10-29T04:00,25.3,90,0.0,4.3,225,1008.6
2024-10-29T05:00,25.4,88,0.0,4.2,187,1009.1
2024-10-29T06:00,26.1,85,0.0,2.5,135,1009.5
2024-10-29T07:00,27.8,74,0.0,1.0,112,1010.4
2024-10-29T08:00,29.6,68,0.0,0.4,333,1010.6
2024-10-29T09:00,31.0,63,0.0,4.9,10,1010.5
2024-10-29T10:00,31.8,62,0.0,9.5,10,1010.0
2024-10-29T11:00,32.3,58,0.0,11.2,2,1009.3
2024-10-29T12:00,32.8,56,0.0,12.6,357,1008.1
2024-10-29T13:00,32.7,58,0.0,14.4,1,1007.1
2024-10-29T14:00,31.5,64,0.0,16.4,359,1006.7
2024-10-29T15:00,31.5,63,0.0,16.1,354,1006.3
2024-10-29T16:00,31.2,65,0.0,13.7,344,1006.5
2024-10-29T17:00,30.7,70,0.0,11.7,333,1007.2
2024-10-29T18:00,29.9,72,0.0,9.5,323,1008.1
2024-10-29T19:00,29.5,74,0.0,8.0,324,1008.8
2024-10-29T20:00,29.4,72,0.0,4.0,291,1008.9
2024-10-29T21:00,28.8,78,0.0,4.5,286,1009.4
2024-10-29T22:00,28.4,80,0.0,4.5,286,1009.7
2024-10-29T23:00,28.0,80,0.0,4.2,245,1009.5
2024-10-30T00:00,28.1,73,0.0,7.1,218,1008.9
2024-10-30T01:00,27.6,74,0.0,7.9,200,1008.6
2024-10-30T02:00,26.8,82,0.0,4.7,176,1008.3
2024-10-30T03:00,27.3,76,0.0,1.8,90,1008.6
2024-10-30T04:00,26.0,86,0.0,5.1,212,1009.0
2024-10-30T05:00,26.0,82,0.0,3.9,196,1009.7
2024-10-30T06:00,26.5,80,0.0,5.3,190,1010.0
2024-10-30T07:00,28.3,75,0.0,3.8,175,1010.4
2024-10-30T08:00,30.1,70,0.0,2.9,97,1011.1
2024-10-30T09:00,31.3,67,0.1,3.2,56,1010.9
2024-10-30T10:00,32.2,62,0.0,4.8,25,1010.7
2024-10-30T11:00,32.6,60,0.0,9.9,12,1009.7
2024-10-30T12:00,30.2,69,1.0,14.6,24,1009.0
2024-10-30T13:00,31.6,62,0.1,13.6,24,1007.7
2024-10-30T14:00,30.9,69,0.0,17.3,2,1006.9
2024-10-30T15:00,30.8,70,0.0,9.2,3,1006.9
2024-10-30T16:00,30.7,70,0.1,11.0,341,1006.8
2024-10-30T17:00,29.6,72,0.6,4.5,320,1007.4
2024-10-30T18:00,28.8,77,0.1,2.3,141,1008.0
2024-10-30T19:00,27.8,85,0.1,2.7,160,1008.6
2024-10-30T20:00,28.0,74,0.0,3.9,152,1008.9
2024-10-30T21:00,27.8,75,0.0,4.8,202,1009.4
2024-10-30T22:00,27.9,72,0.0,5.8,187,1009.7
2024-10-30T23:00,27.3,76,0.0,4.5,146,1009.5
2024-10-31T00:00,26.7,83,0.0,3.4,133,1009.1
2024-10-31T01:00,26.1,88,0.0,4.3,138,1008.8
2024-10-31T02:00,26.2,86,0.0,3.2,153,1008.4
2024-10-31T03:00,25.8,88,0.0,4.0,177,1008.3
2024-10-31T04:00,25.6,88,0.0,3.8,163,1008.5
2024-10-31T05:00,25.4,89,0.0,3.8,149,1008.9
2024-10-31T06:00,26.3,84,0.0,2.3,129,1009.2
2024-10-31T07:00,28.1,72,0.0,2.0,190,1009.6
2024-10-31T08:00,29.4,71,0.0,1.7,41,1010.3
2024-10-31T09:00,31.1,63,0.0,3.9,37,1010.1
2024-10-31T10:00,32.0,60,0.0,7.2,14,1009.8
2024-10-31T11:00,32.3,59,0.0,11.4,356,1009.2
2024-10-31T12:00,32.3,60,0.0,15.1,348,1008.2
2024-10-31T13:00,31.7,65,0.0,14.9,349,1007.6
2024-10-31T14:00,30.3,72,0.8,13.7,5,1007.2
2024-10-31T15:00,30.5,64,0.1,10.6,339,1006.8
2024-10-31T16:00,30.1,70,0.2,7.5,323,1006.8
2024-10-31T17:00,29.7,72,0.1,5.6,310,1007.2
2024-10-31T18:00,28.9,82,0.0,1.5,249,1008.4
2024-10-31T19:00,28.3,85,0.0,2.9,210,1009.3
2024-10-31T20:00,28.0,80,0.0,5.1,190,1009.9
2024-10-31T21:00,27.2,80,0.0,4.3,180,1010.3
2024-10-31T22:00,27.0,80,0.0,3.2,183,1010.4
2024-10-31T23:00,26.7,81,0.0,3.3,186,1010.0
2024-11-01T00:00,26.5,82,0.0,4.8,193,1009.1
2024-11-01T01:00,26.0,85,0.0,4.2,187,1008.5
2024-11-01T02:00,25.5,87,0.0,4.5,180,1008.2
2024-11-01T03:00,25.4,87,0.0,4.2,205,1007.9
2024-11-01T04:00,25.2,88,0.0,4.3,208,1008.4
2024-11-01T05:00,25.3,88,0.0,4.0,183,1009.1
2024-11-01T06:00,25.7,87,0.0,4.4,187,1009.5
2024-11-01T07:00,27.5,78,0.0,3.8,115,1010.1
2024-11-01T08:00,29.8,67,0.0,2.7,143,1010.3
2024-11-01T09:00,31.4,60,0.0,2.8,72,1010.4
2024-11-01T10:00,32.7,53,0.0,6.7,38,1010.5
2024-11-01T11:00,32.4,59,0.0,15.4,19,1009.8
2024-11-01T12:00,31.3,66,0.5,15.7,17,1009.2
2024-11-01T13:00,29.6,73,2.8,17.4,18,1008.9
2024-11-01T14:00,29.8,72,0.1,15.5,45,1008.3
2024-11-01T15:00,29.8,71,0.1,12.4,49,1007.8
2024-11-01T16:00,29.0,72,1.3,10.7,95,1008.3
2024-11-01T17:00,25.5,88,5.8,5.7,162,1009.3
2024-11-01T18:00,25.7,87,0.0,1.9,158,1009.6
2024-11-01T19:00,25.8,89,0.0,2.6,51,1010.2
2024-11-01T20:00,27.2,88,0.0,7.2,127,1010.5
2024-11-01T21:00,26.9,89,0.0,7.0,119,1010.7
2024-11-01T22:00,26.6,89,0.0,7.3,113,1011.0
2024-11-01T23:00,26.4,87,0.0,6.6,116,1010.8
2024-11-02T00:00,26.3,86,0.0,5.0,120,1010.2
2024-11-02T01:00,26.1,86,0.0,5.3,125,1009.7
2024-11-02T02:00,25.9,86,0.0,5.6,140,1008.8
2024-11-02T03:00,25.4,91,0.0,4.2,97,1009.0
2024-11-02T04:00,25.4,90,0.0,3.1,332,1009.1
2024-11-02T05:00,25.4,90,0.0,3.9,43,1009.1
2024-11-02T06:00,26.4,86,0.0,3.5,69,1009.9
2024-11-02T07:00,27.5,81,0.0,5.6,92,1011.1
2024-11-02T08:00,29.9,70,0.0,5.8,92,1011.2
2024-11-02T09:00,31.1,66,0.0,8.5,77,1010.9
2024-11-02T10:00,32.3,60,0.0,8.0,48,1010.7
2024-11-02T11:00,31.5,65,0.7,13.6,22,1010.5
2024-11-02T12:00,29.7,74,3.5,15.1,20,1009.9
2024-11-02T13:00,29.1,74,2.3,12.4,19,1008.8
2024-11-02T14:00,29.3,77,0.9,7.9,349,1008.4
2024-11-02T15:00,29.3,76,0.2,6.5,346,1008.2
2024-11-02T16:00,27.4,82,3.7,5.2,194,1008.5
2024-11-02T17:00,26.6,85,1.2,5.1,148,1008.8
2024-11-02T18:00,25.9,92,0.5,7.4,94,1009.4
2024-11-02T19:00,25.7,93,0.4,5.4,84,1010.2
2024-11-02T20:00,25.7,94,0.1,5.7,143,1010.3
2024-11-02T21:00,25.3,94,0.0,5.1,122,1010.8
2024-11-02T22:00,24.9,95,0.0,4.1,75,1011.1
2024-11-02T23:00,24.8,95,0.0,4.4,120,1011.1
2024-11-03T00:00,24.7,94,1.0,4.7,274,1011.2
2024-11-03T01:00,24.3,94,1.3,3.1,24,1010.3
2024-11-03T02:00,24.1,94,0.4,4.3,312,1010.0
2024-11-03T03:00,24.2,94,0.6,3.1,97,1009.4
2024-11-03T04:00,24.3,94,0.1,1.9,202,1009.5
2024-11-03T05:00,23.9,96,0.0,3.2,196,1009.6
2024-11-03T06:00,24.2,95,0.0,3.3,171,1009.7
2024-11-03T07:00,25.1,91,0.0,1.6,174,1010.5
2024-11-03T08:00,27.6,82,0.0,1.8,270,1011.0
2024-11-03T09:00,29.0,74,0.0,3.3,311,1010.6
2024-11-03T10:00,29.9,72,0.0,7.2,360,1010.5
2024-11-03T11:00,30.4,71,0.1,11.5,358,1010.1
2024-11-03T12:00,27.5,81,8.3,12.9,324,1009.6
2024-11-03T13:00,28.0,78,0.9,9.3,286,1008.8
2024-11-03T14:00,28.0,78,0.1,3.5,201,1008.6
2024-11-03T15:00,26.9,85,0.9,5.9,192,1008.0
2024-11-03T16:00,26.2,90,1.2,6.2,192,1008.0
2024-11-03T17:00,26.0,92,0.7,5.3,125,1007.9
2024-11-03T18:00,25.8,93,0.2,3.1,149,1008.6
2024-11-03T19:00,25.7,93,0.0,2.8,169,1009.5
2024-11-03T20:00,25.2,94,0.1,3.5,189,1010.6
2024-11-03T21:00,25.2,94,0.1,4.1,193,1011.1
2024-11-03T22:00,25.0,94,0.0,3.8,172,1011.1
2024-11-03T23:00,24.9,96,0.0,3.1,173,1010.8
2024-11-04T00:00,25.1,94,0.0,1.5,234,1010.0
2024-11-04T01:00,25.2,92,0.0,1.6,264,1009.2
2024-11-04T02:00,25.1,93,0.0,3.1,306,1009.2
2024-11-04T03:00,24.9,94,0.0,3.8,253,1009.2
2024-11-04T04:00,25.0,93,0.0,5.9,215,1009.2
2024-11-04T05:00,24.4,95,0.0,3.2,214,1009.7
2024-11-04T06:00,25.0,93,0.0,3.4,122,1010.1
2024-11-04T07:00,25.9,90,0.0,5.1,98,1010.7
2024-11-04T08:00,27.0,83,0.0,2.4,99,1011.2
2024-11-04T09:00,27.9,77,0.0,1.9,73,1011.5
2024-11-04T10:00,29.1,73,0.0,4.6,339,1011.5
2024-11-04T11:00,30.1,69,0.0,8.7,338,1010.5
2024-11-04T12:00,29.3,69,1.1,11.7,355,1009.5
2024-11-04T13:00,28.4,76,0.0,10.9,8,1008.2
2024-11-04T14:00,28.6,75,0.1,12.0,347,1007.6
2024-11-04T15:00,28.0,76,0.0,9.2,343,1007.2
2024-11-04T16:00,28.4,74,0.0,4.1,360,1007.2
2024-11-04T17:00,27.7,77,0.1,3.9,28,1007.8
2024-11-04T18:00,27.0,81,0.4,5.1,10,1008.5
2024-11-04T19:00,25.0,93,7.7,6.0,295,1010.1
2024-11-04T20:00,26.3,88,0.3,5.2,192,1009.9
2024-11-04T21:00,26.1,88,0.3,5.2,224,1010.4
2024-11-04T22:00,25.7,91,1.2,5.8,274,1010.7
2024-11-04T23:00,25.2,92,4.6,1.7,212,1010.6
2024-11-05T00:00,25.5,90,0.5,2.2,24,1010.3
2024-11-05T01:00,25.5,90,0.6,1.3,45,1009.7
2024-11-05T02:00,25.3,91,0.6,1.3,180,1009.0
2024-11-05T03:00,25.1,93,0.2,1.3,164,1008.7
2024-11-05T04:00,24.5,94,0.0,3.0,163,1008.8
2024-11-05T05:00,24.7,94,0.0,2.4,144,1009.0
2024-11-05T06:00,25.0,93,0.0,4.0,144,1009.5
2024-11-05T07:00,26.0,88,0.0,4.1,113,1010.5
2024-11-05T08:00,28.3,77,0.0,3.0,76,1010.6
2024-11-05T09:00,30.1,67,0.0,7.3,50,1010.5
2024-11-05T10:00,31.1,61,0.1,9.6,38,1010.0
2024-11-05T11:00,30.5,67,0.5,13.3,16,1009.7
2024-11-05T12:00,26.5,86,6.1,5.7,32,1009.3
2024-11-05T13:00,27.5,82,0.4,6.3,345,1008.2
2024-11-05T14:00,28.9,77,0.2,7.6,338,1007.5
2024-11-05T15:00,28.9,76,0.7,7.4,34,1007.4
2024-11-05T16:00,27.0,83,0.9,2.9,240,1007.2
2024-11-05T17:00,25.7,89,2.1,6.5,204,1007.9
2024-11-05T18:00,25.0,94,0.1,4.9,141,1008.7
2024-11-05T19:00,25.1,92,0.5,2.2,125,1009.2
2024-11-05T20:00,25.1,92,0.1,8.4,149,1009.6
2024-11-05T21:00,24.9,92,0.1,6.0,136,1010.3
2024-11-05T22:00,24.8,91,0.0,3.6,131,1010.4
2024-11-05T23:00,24.5,93,0.0,2.9,137,1010.2
2024-11-06T00:00,24.1,96,0.9,4.1,113,1009.7
2024-11-06T01:00,24.3,93,2.6,5.3,260,1009.4
2024-11-06T02:00,24.1,93,0.5,4.0,141,1008.4
2024-11-06T03:00,24.1,94,0.1,5.2,112,1008.6
2024-11-06T04:00,23.6,96,0.0,3.9,112,1008.9
2024-11-06T05:00,24.0,94,0.0,4.1,124,1009.5
2024-11-06T06:00,24.2,94,0.0,5.1,122,1010.2
2024-11-06T07:00,25.3,88,0.0,5.5,99,1010.6
2024-11-06T08:00,27.5,77,0.0,3.2,90,1011.2
2024-11-06T09:00,28.8,71,0.0,5.9,63,1011.1
2024-11-06T10:00,29.7,69,0.0,8.7,43,1010.6
2024-11-06T11:00,30.2,69,0.0,9.6,30,1010.2
2024-11-06T12:00,30.2,70,0.9,13.8,22,1009.4
2024-11-06T13:00,27.4,85,3.6,17.4,16,1009.0
2024-11-06T14:00,27.2,81,0.3,15.0,19,1008.4
2024-11-06T15:00,28.2,78,0.1,10.9,19,1008.4
2024-11-06T16:00,28.1,78,0.1,9.2,40,1008.0
2024-11-06T17:00,27.5,78,0.3,8.9,66,1008.6
2024-11-06T18:00,25.9,87,0.2,9.4,138,1009.6
2024-11-06T19:00,24.7,92,0.3,6.4,112,1010.8
2024-11-06T20:00,26.8,86,0.0,4.0,117,1010.3
2024-11-06T21:00,26.3,91,0.0,3.5,152,1010.7
2024-11-06T22:00,25.8,95,0.0,3.4,183,1010.9
2024-11-06T23:00,25.6,96,0.0,3.1,208,1010.9
2024-11-07T00:00,25.3,95,0.0,4.0,210,1010.4
2024-11-07T01:00,24.9,96,0.0,3.1,216,1009.9
2024-11-07T02:00,24.5,96,0.0,3.9,214,1009.3
2024-11-07T03:00,24.8,94,0.0,4.9,213,1009.2
2024-11-07T04:00,24.6,93,0.0,6.3,211,1009.3
2024-11-07T05:00,24.7,92,0.0,7.0,271,1009.9
2024-11-07T06:00,24.8,92,0.0,8.9,277,1010.5
2024-11-07T07:00,25.9,87,0.0,8.0,262,1011.2
2024-11-07T08:00,28.4,75,0.0,4.5,263,1011.1
2024-11-07T09:00,30.1,67,0.0,3.2,313,1011.0
2024-11-07T10:00,31.1,63,0.0,4.9,352,1011.0
2024-11-07T11:00,31.5,63,0.0,9.2,359,1010.7
2024-11-07T12:00,31.4,64,0.0,12.7,353,1009.7
2024-11-07T13:00,30.8,65,0.2,13.2,355,1008.8
2024-11-07T14:00,30.1,67,0.4,10.0,339,1007.8
2024-11-07T15:00,30.6,66,0.1,2.8,325,1007.4
2024-11-07T16:00,26.4,84,6.3,9.2,230,1008.4
2024-11-07T17:00,26.2,86,0.2,7.7,192,1008.7
2024-11-07T18:00,25.7,88,0.1,1.5,187,1009.4
2024-11-07T19:00,25.6,88,0.0,2.5,201,1010.1
2024-11-07T20:00,25.2,89,0.3,7.9,180,1010.3
2024-11-07T21:00,25.3,89,0.0,7.2,198,1010.9
2024-11-07T22:00,25.2,91,0.0,5.4,194,1011.1
2024-11-07T23:00,25.0,92,0.0,4.1,146,1011.2
2024-11-08T00:00,24.9,93,0.0,4.0,153,1010.8
2024-11-08T01:00,24.9,93,0.0,5.1,253,1010.3
2024-11-08T02:00,24.4,94,0.0,6.5,251,1010.0
2024-11-08T03:00,24.2,94,0.0,7.3,228,1009.8
2024-11-08T04:00,24.1,94,0.0,4.3,237,1009.7
2024-11-08T05:00,24.0,95,0.0,2.8,255,1010.0
2024-11-08T06:00,24.4,94,0.0,4.9,242,1010.5
2024-11-08T07:00,25.6,90,0.0,3.8,245,1011.0
2024-11-08T08:00,28.5,74,0.0,4.0,252,1011.7
2024-11-08T09:00,30.0,66,0.1,1.2,309,1011.6
2024-11-08T10:00,31.1,60,0.0,1.7,18,1010.9
2024-11-08T11:00,32.0,56,0.0,6.4,11,1010.0
2024-11-08T12:00,32.0,56,0.1,9.8,7,1009.2
2024-11-08T13:00,31.8,58,0.1,10.4,10,1008.3
2024-11-08T14:00,31.7,58,0.0,11.7,5,1007.4
2024-11-08T15:00,31.3,58,0.0,11.9,354,1006.6
2024-11-08T16:00,30.3,64,0.0,13.3,335,1006.6
2024-11-08T17:00,29.8,67,0.0,7.6,315,1006.6
2024-11-08T18:00,28.8,74,0.0,4.0,288,1007.3
2024-11-08T19:00,28.0,84,0.0,4.0,309,1008.3
2024-11-08T20:00,28.7,77,0.0,4.1,29,1008.5
2024-11-08T21:00,28.3,78,0.0,4.4,63,1008.8
2024-11-08T22:00,27.9,80,0.0,6.2,105,1009.3
2024-11-08T23:00,27.2,80,0.0,4.9,129,1009.2
2024-11-09T00:00,26.5,83,0.0,4.2,137,1009.2
2024-11-09T01:00,26.1,87,0.0,5.5,136,1008.8
2024-11-09T02:00,26.2,86,0.0,4.2,149,1008.6
2024-11-09T03:00,26.3,83,0.0,7.0,103,1008.8
2024-11-09T04:00,25.9,84,0.2,7.5,111,1008.7
2024-11-09T05:00,25.4,85,0.0,7.1,114,1008.7
2024-11-09T06:00,25.4,86,0.0,6.8,112,1009.5
2024-11-09T07:00,26.8,81,0.0,5.5,113,1010.2
2024-11-09T08:00,28.5,77,0.0,4.3,156,1010.1
2024-11-09T09:00,30.7,68,0.0,5.1,122,1010.3
2024-11-09T10:00,31.9,62,0.0,4.8,68,1010.0
2024-11-09T11:00,32.4,60,0.0,9.3,34,1009.3
2024-11-09T12:00,32.1,63,0.0,12.5,12,1008.8
2024-11-09T13:00,30.6,70,2.2,9.9,32,1008.3
2024-11-09T14:00,29.9,72,1.3,8.0,40,1007.8
2024-11-09T15:00,29.6,74,0.1,8.1,192,1007.0
2024-11-09T16:00,28.3,78,0.2,12.3,207,1007.2
2024-11-09T17:00,28.3,76,0.0,4.3,228,1007.7
2024-11-09T18:00,27.3,87,0.0,3.4,264,1008.4
2024-11-09T19:00,27.3,86,0.0,2.8,342,1009.2
2024-11-09T20:00,26.3,88,0.0,3.4,205,1009.7
2024-11-09T21:00,26.0,88,0.0,3.4,122,1010.8
2024-11-09T22:00,26.3,86,0.0,6.3,105,1010.9
2024-11-09T23:00,26.4,84,0.0,6.0,87,1010.5
2024-11-10T00:00,26.0,86,0.0,8.7,103,1009.6
2024-11-10T01:00,25.5,87,0.0,7.0,100,1009.2
2024-11-10T02:00,25.3,86,0.0,6.1,118,1008.7
2024-11-10T03:00,24.9,88,0.0,5.6,121,1008.3
2024-11-10T04:00,25.0,88,0.0,5.2,110,1008.5
2024-11-10T05:00,25.2,87,0.0,6.4,115,1008.8
2024-11-10T06:00,25.3,87,0.0,6.8,125,1009.3
2024-11-10T07:00,26.4,83,0.0,6.0,117,1009.8
2024-11-10T08:00,29.2,72,0.0,6.0,99,1010.4
2024-11-10T09:00,30.5,66,0.0,4.5,56,1010.4
2024-11-10T10:00,31.3,64,0.0,6.3,27,1010.0
2024-11-10T11:00,31.9,64,0.0,9.6,16,1009.5
2024-11-10T12:00,29.1,75,7.8,17.2,24,1009.0
2024-11-10T13:00,29.1,77,0.3,11.8,23,1007.6
2024-11-10T14:00,28.1,83,0.9,4.8,34,1007.9
2024-11-10T15:00,29.0,79,0.2,4.0,357,1007.5
2024-11-10T16:00,29.3,76,0.1,3.5,351,1007.4
2024-11-10T17:00,28.0,81,0.3,1.3,90,1007.5
2024-11-10T18:00,27.3,83,0.4,1.9,139,1008.7
2024-11-10T19:00,26.7,90,0.0,2.0,63,1009.7
2024-11-10T20:00,25.9,92,0.0,2.9,223,1010.2
2024-11-10T21:00,26.2,91,0.0,4.9,208,1011.1
2024-11-10T22:00,26.0,92,0.0,4.2,230,1010.8
2024-11-10T23:00,25.6,93,0.0,3.4,186,1010.5
2024-11-11T00:00,25.6,93,0.0,6.0,175,1009.7
2024-11-11T01:00,25.2,92,0.0,4.3,147,1008.7
2024-11-11T02:00,25.0,93,0.0,3.2,164,1008.2
2024-11-11T03:00,25.0,93,0.0,4.1,193,1008.4
2024-11-11T04:00,24.7,94,0.1,5.2,182,1008.6
2024-11-11T05:00,23.7,96,2.5,8.9,242,1009.8
2024-11-11T06:00,23.9,93,2.3,6.0,153,1009.6
2024-11-11T07:00,25.0,89,0.7,1.5,234,1010.8
2024-11-11T08:00,28.2,77,0.0,7.2,248,1010.4
2024-11-11T09:00,30.1,69,0.0,5.6,268,1010.5
2024-11-11T10:00,31.5,64,0.1,4.8,304,1010.0
2024-11-11T11:00,32.0,63,0.0,5.6,335,1009.0
2024-11-11T12:00,30.6,72,5.1,11.2,345,1008.4
2024-11-11T13:00,27.3,84,7.5,9.2,4,1007.9
2024-11-11T14:00,27.5,84,2.0,8.2,251,1007.8
2024-11-11T15:00,27.9,83,0.6,5.6,180,1007.8
2024-11-11T16:00,27.5,84,0.4,7.4,194,1007.4
2024-11-11T17:00,27.7,80,0.1,3.1,135,1007.8
2024-11-11T18:00,26.9,85,0.0,8.9,99,1008.4
2024-11-11T19:00,26.4,88,0.0,10.3,95,1009.1
2024-11-11T20:00,25.3,89,0.0,9.6,93,1009.7
2024-11-11T21:00,25.2,88,0.0,9.9,112,1010.1
2024-11-11T22:00,25.2,89,0.0,8.8,113,1010.1
2024-11-11T23:00,25.2,90,0.0,6.8,107,1009.9
2024-11-12T00:00,25.3,90,0.0,6.3,88,1009.2
2024-11-12T01:00,25.0,91,0.0,5.2,86,1008.5
2024-11-12T02:00,25.0,92,0.0,4.7,90,1007.9
2024-11-12T03:00,24.7,93,0.0,3.5,118,1007.7
2024-11-12T04:00,24.4,95,0.0,3.5,156,1007.9
2024-11-12T05:00,24.3,95,0.0,4.5,157,1008.3
2024-11-12T06:00,24.6,93,0.0,7.7,144,1008.8
2024-11-12T07:00,26.0,86,0.0,7.4,129,1009.5
2024-11-12T08:00,28.0,80,0.0,6.4,119,1009.6
2024-11-12T09:00,29.4,72,0.0,7.6,109,1009.8
2024-11-12T10:00,30.4,67,0.0,8.6,74,1009.4
2024-11-12T11:00,30.5,68,0.1,10.8,47,1008.8
2024-11-12T12:00,30.4,71,0.2,11.2,18,1007.9
2024-11-12T13:00,28.5,80,7.0,8.8,9,1007.0
2024-11-12T14:00,26.9,83,4.8,9.9,10,1007.2
2024-11-12T15:00,27.5,79,0.4,4.9,10,1006.9
2024-11-12T16:00,27.3,82,0.2,8.0,38,1006.9
2024-11-12T17:00,26.9,84,0.1,7.1,96,1007.1
2024-11-12T18:00,26.3,90,0.2,6.3,117,1007.6
2024-11-12T19:00,25.9,94,0.1,3.6,110,1008.5
2024-11-12T20:00,25.9,89,0.0,4.9,204,1008.8
2024-11-12T21:00,26.0,87,0.0,3.0,232,1009.5
2024-11-12T22:00,25.9,88,0.1,3.8,172,1009.2
2024-11-12T23:00,25.9,89,0.0,2.7,266,1009.1
2024-11-13T00:00,25.9,90,0.0,2.6,219,1008.4
2024-11-13T01:00,25.8,91,0.0,4.1,221,1007.7
2024-11-13T02:00,25.4,93,0.0,1.2,207,1006.9
2024-11-13T03:00,25.1,94,0.0,1.8,217,1006.6
2024-11-13T04:00,25.3,94,0.0,2.8,220,1006.9
2024-11-13T05:00,25.1,95,0.0,2.8,235,1007.5
2024-11-13T06:00,25.3,95,0.0,4.4,201,1008.1
2024-11-13T07:00,26.3,93,0.0,3.6,186,1008.8
2024-11-13T08:00,28.3,80,0.0,1.7,103,1009.1
2024-11-13T09:00,29.8,73,0.0,4.8,79,1009.3
2024-11-13T10:00,30.3,72,0.1,6.1,40,1009.1
2024-11-13T11:00,30.9,72,0.1,6.7,8,1008.5
2024-11-13T12:00,28.4,81,6.2,11.7,356,1008.0
2024-11-13T13:00,28.5,83,1.4,7.4,34,1006.9
2024-11-13T14:00,29.2,79,0.1,8.3,24,1006.1
2024-11-13T15:00,28.7,78,0.7,8.2,14,1005.7
2024-11-13T16:00,29.0,78,0.1,4.9,28,1005.7
2024-11-13T17:00,28.1,81,0.8,6.3,51,1006.2
2024-11-13T18:00,27.2,89,0.3,4.4,78,1007.3
2024-11-13T19:00,27.2,90,0.0,1.5,111,1008.2
2024-11-13T20:00,27.1,83,1.2,4.5,140,1008.5
2024-11-13T21:00,27.0,82,0.1,2.2,270,1009.3
2024-11-13T22:00,26.5,86,0.1,4.0,219,1009.7
2024-11-13T23:00,26.1,92,0.1,7.9,253,1009.4
2024-11-14T00:00,25.8,92,0.0,2.9,223,1008.5
2024-11-14T01:00,25.8,92,0.0,3.3,248,1008.0
2024-11-14T02:00,25.6,93,0.0,4.8,239,1007.7
2024-11-14T03:00,25.4,93,0.0,3.4,227,1007.6
2024-11-14T04:00,25.2,93,0.0,3.9,204,1007.8
2024-11-14T05:00,25.1,93,0.0,3.8,191,1007.8
2024-11-14T06:00,25.4,91,0.0,3.2,180,1008.0
2024-11-14T07:00,26.6,89,0.0,1.8,169,1008.8
2024-11-14T08:00,29.1,77,0.0,1.5,144,1009.2
2024-11-14T09:00,30.4,68,0.0,4.2,83,1009.5
2024-11-14T10:00,31.1,66,0.0,5.1,54,1009.1
2024-11-14T11:00,31.6,65,0.0,5.1,10,1008.5
2024-11-14T12:00,31.7,62,0.6,10.5,3,1007.7
2024-11-14T13:00,29.4,74,0.7,3.4,47,1007.3
2024-11-14T14:00,30.4,71,0.2,6.2,26,1006.2
2024-11-14T15:00,30.2,72,0.0,3.0,327,1005.8
2024-11-14T16:00,30.4,70,0.0,4.0,302,1005.7
2024-11-14T17:00,29.9,72,0.1,4.0,275,1006.1
2024-11-14T18:00,29.1,80,0.0,1.7,252,1007.2
2024-11-14T19:00,28.7,81,0.0,1.9,229,1008.2
2024-11-14T20:00,28.3,82,0.0,6.2,244,1008.2
2024-11-14T21:00,27.6,84,0.0,4.1,255,1009.1
2024-11-14T22:00,27.4,85,0.0,3.5,231,1009.3
2024-11-14T23:00,27.2,86,0.0,3.4,227,1009.3
2024-11-15T00:00,27.0,86,0.0,3.5,235,1009.1
2024-11-15T01:00,26.7,88,0.0,3.7,219,1008.5
2024-11-15T02:00,26.5,89,0.0,3.9,202,1007.6
2024-11-15T03:00,26.3,89,0.0,3.5,171,1007.5
2024-11-15T04:00,26.2,89,0.0,3.6,177,1007.7
2024-11-15T05:00,25.9,87,0.8,5.8,126,1008.4
2024-11-15T06:00,25.7,85,1.2,4.6,162,1008.6
2024-11-15T07:00,26.5,85,0.0,4.4,125,1009.2
2024-11-15T08:00,29.0,76,0.0,1.3,74,1009.9
2024-11-15T09:00,30.3,71,0.0,1.7,41,1009.7
2024-11-15T10:00,31.3,65,0.0,3.8,8,1009.4
2024-11-15T11:00,30.6,70,0.1,10.6,15,1009.1
2024-11-15T12:00,30.1,73,0.1,9.7,10,1008.2
2024-11-15T13:00,30.3,71,0.3,9.4,1,1007.0
2024-11-15T14:00,29.9,73,0.3,8.1,3,1006.4
2024-11-15T15:00,29.1,77,0.1,6.0,343,1006.2
2024-11-15T16:00,29.0,76,0.0,3.9,43,1006.3
2024-11-15T17:00,27.9,79,0.8,4.5,146,1007.1
2024-11-15T18:00,26.7,86,2.3,4.0,180,1007.7
2024-11-15T19:00,26.7,86,0.1,4.8,169,1007.9
2024-11-15T20:00,27.7,87,0.1,2.6,219,1007.7
2024-11-15T21:00,27.9,85,0.0,2.3,209,1008.4
2024-11-15T22:00,27.7,88,0.0,0.4,117,1008.5
2024-11-15T23:00,27.1,86,0.5,0.9,101,1008.6
2024-11-16T00:00,27.0,85,0.2,0.5,270,1008.0
2024-11-16T01:00,26.1,89,2.3,9.6,96,1007.7
2024-11-16T02:00,25.5,92,1.4,5.1,222,1006.7
2024-11-16T03:00,25.2,92,0.1,1.0,248,1006.4
2024-11-16T04:00,25.2,91,0.0,1.8,204,1006.4
2024-11-16T05:00,25.2,91,0.0,1.9,146,1006.9
2024-11-16T06:00,25.8,89,0.0,2.2,138,1007.4
2024-11-16T07:00,26.5,86,0.0,2.3,180,1008.1
2024-11-16T08:00,28.7,80,0.0,2.9,184,1008.7
2024-11-16T09:00,29.7,77,0.3,0.5,135,1008.8
2024-11-16T10:00,30.5,74,0.3,4.2,353,1008.6
2024-11-16T11:00,31.0,71,0.2,7.2,357,1007.9
2024-11-16T12:00,30.0,75,0.2,10.5,340,1007.2
2024-11-16T13:00,30.6,70,0.1,7.5,330,1006.5
2024-11-16T14:00,29.5,72,1.3,8.1,332,1005.9
2024-11-16T15:00,29.0,77,0.4,3.4,354,1005.2
2024-11-16T16:00,27.8,82,0.3,6.3,183,1005.2
2024-11-16T17:00,27.2,83,0.2,4.2,121,1005.8
2024-11-16T18:00,27.0,85,0.0,3.5,75,1006.7
2024-11-16T19:00,27.0,85,0.0,3.8,71,1007.4
2024-11-16T20:00,26.9,88,0.1,5.7,125,1007.3
2024-11-16T21:00,26.5,89,0.0,7.2,117,1008.1
2024-11-16T22:00,26.3,89,0.0,5.0,103,1008.2
2024-11-16T23:00,26.2,87,0.0,5.4,105,1007.7
2024-11-17T00:00,26.1,87,0.0,5.1,108,1007.5
2024-11-17T01:00,25.9,88,0.0,5.5,117,1006.8
2024-11-17T02:00,25.7,90,0.0,1.2,63,1006.3
2024-11-17T03:00,25.6,91,0.0,1.5,30,1005.7
2024-11-17T04:00,25.6,91,0.0,1.4,113,1005.7
2024-11-17T05:00,25.4,92,0.0,2.4,153,1006.4
2024-11-17T06:00,25.7,92,0.0,2.8,108,1006.7
2024-11-17T07:00,26.7,87,0.0,1.5,104,1007.6
2024-11-17T08:00,28.8,79,0.0,3.1,28,1007.8
2024-11-17T09:00,29.2,76,0.2,8.9,7,1007.9
2024-11-17T10:00,29.1,73,3.1,9.0,10,1008.0
2024-11-17T11:00,28.4,81,1.4,7.6,5,1007.6
2024-11-17T12:00,29.0,80,0.1,7.7,3,1006.8
2024-11-17T13:00,29.3,77,0.0,7.0,12,1005.7
2024-11-17T14:00,29.4,76,0.0,6.0,357,1004.8
2024-11-17T15:00,29.0,79,0.1,4.2,31,1004.9
2024-11-17T16:00,28.2,83,0.2,5.0,52,1004.6
2024-11-17T17:00,27.8,84,0.0,5.2,131,1005.2
2024-11-17T18:00,26.5,90,0.4,4.0,153,1006.6
2024-11-17T19:00,25.7,91,2.6,6.0,147,1007.7
2024-11-17T20:00,26.2,91,0.5,10.6,136,1007.6
2024-11-17T21:00,25.7,91,0.2,6.2,173,1008.5
2024-11-17T22:00,25.3,91,0.2,5.8,97,1008.5
2024-11-17T23:00,25.1,89,1.0,4.6,159,1007.9
2024-11-18T00:00,25.2,89,1.0,3.1,246,1007.9
2024-11-18T01:00,24.7,91,1.6,1.3,124,1006.9
2024-11-18T02:00,25.0,90,0.0,1.0,45,1006.6
2024-11-18T03:00,25.1,89,0.0,1.1,279,1006.7
2024-11-18T04:00,25.1,89,1.2,4.9,100,1006.9
2024-11-18T05:00,24.9,93,0.1,3.8,109,1007.2
2024-11-18T06:00,24.5,95,0.3,7.2,112,1007.8
2024-11-18T07:00,24.4,94,0.3,6.2,111,1008.2
2024-11-18T08:00,27.0,86,0.0,4.8,53,1008.5
2024-11-18T09:00,28.1,80,0.0,4.3,45,1008.7
2024-11-18T10:00,28.8,77,0.0,8.3,14,1008.5
2024-11-18T11:00,28.6,78,0.4,9.3,25,1007.9
2024-11-18T12:00,28.7,76,0.1,12.1,3,1007.0
2024-11-18T13:00,28.7,79,0.1,10.4,352,1006.8
2024-11-18T14:00,27.8,83,4.0,8.0,354,1006.2
2024-11-18T15:00,28.3,81,0.2,5.8,5,1005.5
2024-11-18T16:00,28.1,81,0.1,2.2,346,1005.7
2024-11-18T17:00,27.9,82,0.1,2.4,297,1005.8
2024-11-18T18:00,26.9,86,0.7,5.7,233,1006.9
2024-11-18T19:00,26.8,88,0.1,0.9,217,1007.6
2024-11-18T20:00,27.9,82,0.0,2.7,184,1008.2
2024-11-18T21:00,27.4,85,0.0,2.6,192,1008.9
2024-11-18T22:00,27.1,87,0.0,2.4,207,1009.0
2024-11-18T23:00,26.9,89,0.0,4.1,209,1008.9
2024-11-19T00:00,26.3,91,0.0,4.1,311,1008.7
2024-11-19T01:00,26.0,90,0.0,5.0,300,1008.5
2024-11-19T02:00,25.9,90,0.1,5.3,260,1007.9
2024-11-19T03:00,25.6,90,0.0,7.5,243,1007.6
2024-11-19T04:00,25.4,90,0.0,5.2,245,1007.4
2024-11-19T05:00,25.2,90,0.0,5.2,241,1007.6
2024-11-19T06:00,25.2,90,0.0,4.9,264,1007.7
2024-11-19T07:00,26.2,87,0.0,4.3,265,1008.6
2024-11-19T08:00,28.0,81,0.0,5.8,250,1008.8
2024-11-19T09:00,29.5,75,0.0,3.6,267,1008.7
2024-11-19T10:00,30.8,68,0.0,2.3,331,1008.6
2024-11-19T11:00,31.4,65,0.0,4.5,360,1008.0
2024-11-19T12:00,31.3,68,0.0,9.3,352,1006.9
2024-11-19T13:00,30.9,71,1.4,9.2,334,1006.2
2024-11-19T14:00,31.1,69,0.2,8.3,340,1005.2
2024-11-19T15:00,30.8,69,0.6,9.8,336,1004.9
2024-11-19T16:00,27.5,83,5.5,4.7,171,1005.8
2024-11-19T17:00,27.5,82,0.1,3.4,148,1005.9
2024-11-19T18:00,27.2,83,0.0,5.0,150,1006.4
2024-11-19T19:00,27.3,85,0.0,4.8,124,1006.9
2024-11-19T20:00,26.6,86,0.0,5.6,165,1007.7
2024-11-19T21:00,26.4,86,0.0,3.7,151,1008.0
2024-11-19T22:00,26.1,88,0.0,2.2,156,1008.3
2024-11-19T23:00,26.0,88,0.0,1.8,204,1008.1
2024-11-20T00:00,25.8,89,0.0,1.9,229,1007.7
2024-11-20T01:00,25.7,90,0.0,3.8,239,1006.9
2024-11-20T02:00,25.5,90,0.0,2.5,266,1006.6
2024-11-20T03:00,25.3,91,0.0,2.4,261,1006.0
2024-11-20T04:00,25.3,91,0.0,2.4,222,1005.7
2024-11-20T05:00,25.3,92,0.0,3.4,245,1006.1
2024-11-20T06:00,25.3,93,0.0,3.5,189,1006.8
2024-11-20T07:00,26.2,90,0.0,2.7,138,1007.6
2024-11-20T08:00,28.3,79,0.0,1.9,202,1007.8
2024-11-20T09:00,30.0,69,0.0,1.1,72,1008.2
2024-11-20T10:00,30.9,65,0.0,3.7,35,1007.8
2024-11-20T11:00,31.4,63,0.0,6.3,15,1007.2
2024-11-20T12:00,31.5,63,0.0,10.9,6,1006.0
2024-11-20T13:00,31.0,63,0.0,12.5,11,1005.3
2024-11-20T14:00,30.7,65,0.0,10.6,349,1004.3
2024-11-20T15:00,30.1,68,0.5,9.8,352,1004.1
2024-11-20T16:00,29.6,73,0.4,5.4,345,1004.5
2024-11-20T17:00,28.6,75,0.9,2.1,308,1005.2
2024-11-20T18:00,27.3,82,1.6,3.7,141,1006.0
2024-11-20T19:00,26.6,87,0.2,6.5,152,1006.5
2024-11-20T20:00,26.7,85,0.0,5.9,145,1007.3
2024-11-20T21:00,26.4,89,0.0,8.0,132,1007.8
2024-11-20T22:00,26.0,88,0.0,7.0,119,1007.8
2024-11-20T23:00,25.8,87,0.0,6.7,124,1007.6
2024-11-21T00:00,25.7,87,0.0,4.6,144,1007.2
2024-11-21T01:00,25.5,87,0.0,3.8,149,1006.5
2024-11-21T02:00,25.5,88,0.0,0.2,360,1006.0
2024-11-21T03:00,25.3,88,0.0,1.2,207,1005.7
2024-11-21T04:00,25.3,88,0.0,2.3,238,1005.6
2024-11-21T05:00,25.3,88,0.0,2.5,240,1006.0
2024-11-21T06:00,25.7,87,0.0,2.9,227,1006.6
2024-11-21T07:00,26.3,86,0.0,4.0,238,1007.3
2024-11-21T08:00,27.9,81,0.0,3.9,246,1007.4
2024-11-21T09:00,29.5,73,0.0,4.3,285,1007.7
2024-11-21T10:00,30.6,68,0.0,4.7,313,1007.4
2024-11-21T11:00,31.6,63,0.0,7.0,348,1006.8
2024-11-21T12:00,31.5,64,0.0,9.3,350,1006.1
2024-11-21T13:00,31.2,64,0.0,11.1,343,1004.9
2024-11-21T14:00,31.1,64,0.0,9.9,351,1004.2
2024-11-21T15:00,30.3,67,1.4,8.1,329,1004.5
2024-11-21T16:00,28.2,78,1.8,6.7,196,1005.1
2024-11-21T17:00,27.4,82,0.2,8.8,189,1005.8
2024-11-21T18:00,26.7,85,0.1,7.9,168,1006.6
2024-11-21T19:00,26.3,87,0.1,4.3,163,1007.1
2024-11-21T20:00,26.7,87,0.0,7.6,137,1007.6
2024-11-21T21:00,26.4,87,0.0,4.3,156,1008.5
2024-11-21T22:00,26.3,87,0.0,2.3,184,1008.9
2024-11-21T23:00,26.2,86,0.0,4.4,249,1008.9
2024-11-22T00:00,24.4,94,2.1,8.7,249,1008.4
2024-11-22T01:00,24.5,92,0.9,5.8,244,1008.3
2024-11-22T02:00,24.5,93,0.6,6.7,246,1007.3
2024-11-22T03:00,24.5,93,0.0,5.1,243,1007.1
2024-11-22T04:00,24.5,92,0.0,3.9,242,1006.9
2024-11-22T05:00,24.2,94,0.0,2.2,222,1006.8
2024-11-22T06:00,24.7,92,0.0,3.5,159,1007.2
2024-11-22T07:00,25.4,91,0.0,0.9,191,1008.3
2024-11-22T08:00,27.5,83,0.0,6.5,264,1008.2
2024-11-22T09:00,29.0,77,0.0,6.4,254,1008.5
2024-11-22T10:00,30.3,70,0.0,6.2,258,1007.9
2024-11-22T11:00,31.4,64,0.0,4.7,277,1007.2
2024-11-22T12:00,32.0,61,0.0,4.5,307,1005.9
2024-11-22T13:00,32.3,60,0.0,5.5,316,1005.1
2024-11-22T14:00,31.7,64,0.0,8.6,331,1004.4
2024-11-22T15:00,30.0,70,5.4,10.8,285,1005.0
2024-11-22T16:00,27.4,81,3.4,6.2,216,1005.4
2024-11-22T17:00,27.0,84,0.2,2.2,222,1005.8
2024-11-22T18:00,27.1,85,0.3,3.1,173,1006.8
2024-11-22T19:00,26.9,88,0.1,6.6,119,1007.9
2024-11-22T20:00,27.6,83,0.0,2.7,203,1007.7
2024-11-22T21:00,27.4,85,0.0,2.7,176,1008.5
2024-11-22T22:00,27.2,88,0.0,1.5,159,1008.7
2024-11-22T23:00,26.9,90,0.0,2.2,145,1008.5
2024-11-23T00:00,26.4,92,0.0,1.9,197,1007.8
2024-11-23T01:00,26.2,91,0.0,2.9,259,1007.3
2024-11-23T02:00,26.0,88,0.0,5.6,264,1006.7
2024-11-23T03:00,25.8,87,0.0,6.8,259,1006.3
2024-11-23T04:00,25.6,87,0.0,7.9,250,1006.4
2024-11-23T05:00,25.6,87,0.0,7.8,251,1007.2
2024-11-23T06:00,25.6,87,0.0,7.2,252,1007.7
2024-11-23T07:00,26.3,85,0.0,6.9,245,1008.4
2024-11-23T08:00,27.8,82,0.0,6.6,229,1008.4
2024-11-23T09:00,29.7,74,0.0,4.8,222,1008.2
2024-11-23T10:00,31.5,64,0.0,3.8,245,1008.0
2024-11-23T11:00,32.4,62,0.0,5.3,298,1007.6
2024-11-23T12:00,32.1,65,0.1,8.9,291,1006.7
2024-11-23T13:00,30.7,71,9.6,7.6,184,1006.3
2024-11-23T14:00,29.4,77,0.6,5.2,256,1005.8
2024-11-23T15:00,29.5,73,1.4,7.0,201,1005.2
2024-11-23T16:00,28.9,78,0.9,6.0,197,1005.2
2024-11-23T17:00,28.4,81,0.1,5.8,171,1006.0
2024-11-23T18:00,27.8,85,0.0,5.3,162,1006.9
2024-11-23T19:00,27.5,87,0.0,2.8,165,1007.3
2024-11-23T20:00,27.4,87,0.0,4.6,225,1007.9
2024-11-23T21:00,27.3,87,0.0,3.7,227,1008.4
2024-11-23T22:00,27.0,88,0.0,3.6,229,1008.2
2024-11-23T23:00,26.7,89,0.0,3.2,223,1007.9
2024-11-24T00:00,26.5,90,0.0,2.7,250,1007.5
2024-11-24T01:00,26.3,90,0.0,3.2,251,1006.9
2024-11-24T02:00,26.0,90,0.0,5.0,255,1006.2
2024-11-24T03:00,25.9,89,0.0,3.8,262,1005.9
2024-11-24T04:00,25.7,88,0.0,4.6,249,1006.2
2024-11-24T05:00,25.4,90,0.0,3.0,245,1006.8
2024-11-24T06:00,25.8,88,0.0,1.9,292,1007.4
2024-11-24T07:00,26.5,86,0.0,2.5,274,1008.7
2024-11-24T08:00,28.3,78,0.0,8.4,259,1008.3
2024-11-24T09:00,30.0,70,0.0,10.5,250,1008.8
2024-11-24T10:00,31.0,66,0.0,9.0,257,1008.5
2024-11-24T11:00,31.9,64,0.0,8.5,276,1007.7
2024-11-24T12:00,32.3,64,0.0,8.8,305,1006.8
2024-11-24T13:00,31.4,65,0.1,12.2,327,1006.1
2024-11-24T14:00,28.3,81,8.9,7.1,322,1006.5
2024-11-24T15:00,27.8,81,0.4,3.9,242,1006.6
2024-11-24T16:00,27.9,81,0.2,4.7,198,1006.3
2024-11-24T17:00,27.5,84,0.1,6.2,168,1006.6
2024-11-24T18:00,26.9,87,0.1,8.0,155,1007.2
2024-11-24T19:00,26.5,86,0.0,5.6,140,1007.9
2024-11-24T20:00,27.4,79,0.0,3.8,115,1008.2
2024-11-24T21:00,26.9,82,0.0,1.9,131,1008.3
2024-11-24T22:00,26.9,86,0.0,1.5,120,1008.6
2024-11-24T23:00,27.1,85,0.0,0.0,270,1008.4
2024-11-25T00:00,26.9,86,0.0,1.3,34,1007.9
2024-11-25T01:00,26.7,86,0.0,1.3,315,1007.1
2024-11-25T02:00,26.4,87,0.0,3.6,261,1006.5
2024-11-25T03:00,25.9,88,0.0,2.6,254,1006.3
2024-11-25T04:00,25.6,89,0.0,1.7,221,1006.7
2024-11-25T05:00,25.8,88,0.0,4.0,265,1006.9
2024-11-25T06:00,25.6,90,0.0,5.2,236,1007.6
2024-11-25T07:00,26.3,89,0.0,3.4,212,1008.4
2024-11-25T08:00,27.8,82,0.0,3.7,235,1008.7
2024-11-25T09:00,29.3,77,0.0,4.0,240,1008.4
2024-11-25T10:00,30.6,72,0.0,4.1,247,1007.9
2024-11-25T11:00,31.4,66,0.1,5.0,251,1007.0
2024-11-25T12:00,31.9,66,0.1,6.0,263,1006.1
2024-11-25T13:00,31.7,68,0.0,5.3,303,1005.1
2024-11-25T14:00,32.1,66,1.0,9.7,331,1004.2
2024-11-25T15:00,28.0,77,14.4,10.6,249,1005.1
2024-11-25T16:00,27.1,85,2.7,2.7,302,1005.2
2024-11-25T17:00,27.4,85,0.3,4.8,243,1005.4
2024-11-25T18:00,27.4,89,0.2,0.6,72,1006.5
2024-11-25T19:00,27.4,88,0.1,1.1,90,1006.9
2024-11-25T20:00,28.4,79,0.0,5.5,253,1006.7
2024-11-25T21:00,28.1,81,0.0,4.9,253,1007.2
2024-11-25T22:00,27.8,82,0.0,4.3,246,1007.8
2024-11-25T23:00,27.6,84,0.0,3.1,216,1007.6
2024-11-26T00:00,27.3,87,0.0,1.8,174,1007.0
2024-11-26T01:00,27.1,88,0.0,2.3,141,1006.3
2024-11-26T02:00,26.9,89,0.0,1.3,135,1005.6
2024-11-26T03:00,26.9,88,0.0,3.7,104,1005.5
2024-11-26T04:00,26.6,87,0.0,4.5,104,1005.5
2024-11-26T05:00,26.3,88,0.0,4.4,117,1005.7
2024-11-26T06:00,26.2,88,0.0,3.1,103,1006.4
2024-11-26T07:00,26.9,86,0.0,2.8,72,1007.0
2024-11-26T08:00,29.6,76,0.0,1.1,351,1007.6
2024-11-26T09:00,30.9,65,0.0,2.9,356,1007.8
2024-11-26T10:00,31.4,64,0.0,4.2,355,1006.9
2024-11-26T11:00,31.6,64,0.0,7.7,357,1006.2
2024-11-26T12:00,31.8,65,0.0,11.1,353,1005.1
2024-11-26T13:00,31.7,63,0.8,11.9,342,1004.3
2024-11-26T14:00,30.3,72,1.9,9.9,341,1003.9
2024-11-26T15:00,30.3,71,0.4,6.3,301,1003.4
2024-11-26T16:00,28.5,79,2.9,10.2,217,1003.5
2024-11-26T17:00,28.2,78,0.0,3.6,200,1004.1
2024-11-26T18:00,28.0,80,0.0,2.2,228,1005.0
2024-11-26T19:00,28.0,83,0.0,1.1,351,1006.3
2024-11-26T20:00,27.2,82,0.0,2.0,45,1006.8
2024-11-26T21:00,27.1,86,0.0,1.2,39,1007.7
2024-11-26T22:00,27.0,85,0.0,1.7,108,1007.8
2024-11-26T23:00,26.9,87,0.0,2.2,114,1007.6
2024-11-27T00:00,26.4,90,0.0,2.1,142,1007.0
2024-11-27T01:00,26.0,93,0.0,1.5,150,1006.0
2024-11-27T02:00,25.7,94,0.0,1.5,159,1005.7
2024-11-27T03:00,25.8,93,0.0,2.5,240,1005.5
2024-11-27T04:00,25.7,91,0.0,3.5,208,1005.8
2024-11-27T05:00,25.4,91,0.0,1.0,211,1006.3
2024-11-27T06:00,25.8,89,0.0,3.4,254,1007.5
2024-11-27T07:00,26.6,86,0.0,3.0,287,1008.0
2024-11-27T08:00,28.1,80,0.0,1.6,276,1008.1
2024-11-27T09:00,29.5,75,0.0,2.1,308,1008.2
2024-11-27T10:00,30.2,72,0.1,4.2,313,1008.1
2024-11-27T11:00,30.6,69,0.2,6.3,321,1007.6
2024-11-27T12:00,31.1,67,0.1,7.7,309,1006.6
2024-11-27T13:00,31.7,63,1.1,11.0,310,1005.9
2024-11-27T14:00,28.5,78,7.0,6.1,282,1005.6
2024-11-27T15:00,28.2,78,0.3,6.2,282,1005.3
2024-11-27T16:00,28.0,80,0.1,6.0,277,1004.9
2024-11-27T17:00,28.0,81,0.0,5.8,272,1005.0
2024-11-27T18:00,27.5,85,0.0,3.0,253,1005.8
2024-11-27T19:00,27.4,85,0.0,5.0,283,1006.9
2024-11-27T20:00,25.9,90,0.1,5.2,214,1008.1
2024-11-27T21:00,25.9,89,0.0,3.9,208,1008.5
2024-11-27T22:00,25.9,89,0.0,1.8,225,1008.3
2024-11-27T23:00,25.9,89,0.0,1.7,238,1007.9
2024-11-28T00:00,25.9,88,0.0,3.4,252,1007.1
2024-11-28T01:00,25.7,88,0.0,5.5,259,1006.8
2024-11-28T02:00,25.5,88,0.0,6.2,248,1006.6
2024-11-28T03:00,25.5,88,0.0,5.3,246,1006.5
2024-11-28T04:00,25.5,87,0.0,4.9,260,1006.1
2024-11-28T05:00,25.4,87,0.0,4.7,252,1006.3
2024-11-28T06:00,25.5,86,0.0,4.4,238,1007.2
2024-11-28T07:00,26.3,85,0.0,4.8,211,1008.2
2024-11-28T08:00,27.9,83,0.0,3.5,242,1008.3
2024-11-28T09:00,29.6,73,0.0,5.3,252,1008.7
2024-11-28T10:00,30.7,64,0.0,7.0,252,1008.5
2024-11-28T11:00,31.9,58,0.0,7.1,264,1008.2
2024-11-28T12:00,32.1,57,0.0,7.8,274,1007.4
2024-11-28T13:00,30.9,62,0.0,14.2,258,1006.8
2024-11-28T14:00,29.3,73,0.1,12.1,235,1006.5
2024-11-28T15:00,29.3,73,0.0,8.9,208,1005.9
2024-11-28T16:00,28.6,73,0.0,8.5,201,1006.0
2024-11-28T17:00,28.3,75,0.0,5.9,232,1006.3
2024-11-28T18:00,27.8,80,0.0,4.8,257,1006.9
2024-11-28T19:00,27.5,84,0.0,2.5,266,1008.0
2024-11-28T20:00,28.1,82,0.0,5.2,221,1007.9
2024-11-28T21:00,27.6,83,0.0,5.1,212,1009.1
2024-11-28T22:00,27.3,83,0.0,3.7,215,1009.4
2024-11-28T23:00,26.9,85,0.0,2.0,190,1009.2
2024-11-29T00:00,27.0,84,0.0,0.8,225,1008.5
2024-11-29T01:00,26.7,83,0.0,3.5,279,1007.7
2024-11-29T02:00,26.4,83,0.0,5.3,282,1007.0
2024-11-29T03:00,25.9,81,0.0,6.9,263,1006.8
2024-11-29T04:00,25.6,83,0.0,6.3,243,1006.8
2024-11-29T05:00,25.6,84,0.0,5.3,242,1006.8
2024-11-29T06:00,25.7,84,0.0,2.7,233,1007.3
2024-11-29T07:00,26.0,83,0.0,1.1,198,1008.4
2024-11-29T08:00,27.3,79,0.0,8.8,239,1007.8
2024-11-29T09:00,28.9,71,0.0,12.0,230,1008.2
2024-11-29T10:00,30.3,58,0.0,12.8,242,1008.3
2024-11-29T11:00,31.8,54,0.0,12.9,243,1007.6
2024-11-29T12:00,32.4,53,0.0,13.0,256,1006.8
2024-11-29T13:00,32.8,54,0.0,14.5,259,1006.1
2024-11-29T14:00,31.8,58,0.0,16.8,260,1005.6
2024-11-29T15:00,30.6,64,0.0,17.8,252,1005.6
2024-11-29T16:00,29.9,68,0.0,16.4,246,1005.6
2024-11-29T17:00,29.0,74,0.0,13.3,252,1006.6
2024-11-29T18:00,28.0,78,0.0,12.8,253,1007.4
2024-11-29T19:00,27.6,80,0.0,12.3,252,1007.8
2024-11-29T20:00,27.4,78,0.0,11.7,257,1008.5
2024-11-29T21:00,27.3,79,0.0,9.4,247,1008.8
2024-11-29T22:00,27.0,80,0.0,8.6,250,1009.0
2024-11-29T23:00,26.8,79,0.0,10.7,247,1008.4
2024-11-30T00:00,26.6,80,0.0,9.4,240,1007.8
2024-11-30T01:00,26.4,81,0.0,9.6,240,1007.0
2024-11-30T02:00,26.3,82,0.0,10.2,240,1006.2
2024-11-30T03:00,26.2,83,0.0,9.1,245,1005.8
2024-11-30T04:00,26.0,85,0.3,7.1,236,1006.1
2024-11-30T05:00,25.8,86,0.9,6.1,227,1006.4
2024-11-30T06:00,26.0,85,0.1,7.8,257,1007.0
2024-11-30T07:00,26.9,83,0.0,8.0,254,1007.9
2024-11-30T08:00,29.3,68,0.0,11.9,248,1008.2
2024-11-30T09:00,30.3,59,0.0,13.6,244,1008.4
2024-11-30T10:00,31.6,55,0.0,13.3,251,1008.3
2024-11-30T11:00,32.7,53,0.0,12.9,263,1007.1
2024-11-30T12:00,33.6,50,0.0,12.6,268,1006.1
2024-11-30T13:00,34.0,50,0.0,14.7,276,1005.1
2024-11-30T14:00,32.8,56,1.1,11.6,263,1004.5
2024-11-30T15:00,31.4,63,0.5,10.0,216,1004.4
2024-11-30T16:00,31.8,63,0.0,9.4,222,1004.3
2024-11-30T17:00,31.4,63,0.0,10.3,232,1004.5
2024-11-30T18:00,30.5,66,0.0,10.4,250,1005.6
2024-11-30T19:00,29.5,68,0.0,10.8,252,1006.5
2024-11-30T20:00,29.3,67,0.0,12.4,248,1006.8
2024-11-30T21:00,28.8,69,0.0,8.5,235,1007.9
2024-11-30T22:00,28.5,72,0.0,7.0,224,1008.0
2024-11-30T23:00,28.1,74,0.0,6.2,229,1007.7
2024-12-01T00:00,27.7,75,0.0,6.8,248,1007.2
2024-12-01T01:00,27.4,76,0.0,7.1,240,1006.4
2024-12-01T02:00,27.0,78,0.0,8.4,236,1005.8
2024-12-01T03:00,26.7,80,0.0,7.1,232,1005.8
2024-12-01T04:00,26.3,82,0.0,6.8,235,1005.9
2024-12-01T05:00,26.1,82,0.0,6.9,240,1005.9
2024-12-01T06:00,26.2,82,0.0,7.2,235,1006.5
2024-12-01T07:00,27.3,77,0.0,6.3,235,1007.3
2024-12-01T08:00,28.7,72,0.0,8.7,227,1007.4
2024-12-01T09:00,30.6,64,0.0,7.2,231,1007.6
2024-12-01T10:00,32.6,55,0.0,8.6,254,1007.5
2024-12-01T11:00,33.9,50,0.0,12.6,253,1006.9
2024-12-01T12:00,35.1,47,0.0,13.1,261,1005.5
2024-12-01T13:00,33.9,47,0.4,19.2,253,1005.0
2024-12-01T14:00,30.6,68,3.3,12.0,249,1004.9
2024-12-01T15:00,30.5,66,0.3,13.1,236,1004.2
2024-12-01T16:00,31.1,64,0.1,11.6,240,1004.1
2024-12-01T17:00,30.5,66,0.0,10.4,234,1004.7
2024-12-01T18:00,29.8,72,0.0,7.1,236,1005.5
2024-12-01T19:00,29.2,74,0.0,9.9,260,1006.6
2024-12-01T20:00,27.2,79,0.2,10.3,237,1007.6
2024-12-01T21:00,26.8,82,1.8,9.6,237,1008.4
2024-12-01T22:00,26.2,88,2.3,10.5,245,1008.2
2024-12-01T23:00,25.7,91,2.2,9.3,245,1008.3
2024-12-02T00:00,25.6,90,2.5,11.4,252,1007.9
2024-12-02T01:00,25.6,88,0.4,13.3,261,1007.0
2024-12-02T02:00,25.7,87,0.7,14.0,261,1006.2
2024-12-02T03:00,25.7,86,0.0,11.9,260,1005.8
2024-12-02T04:00,25.6,85,0.0,10.1,253,1005.7
2024-12-02T05:00,25.7,84,0.0,10.8,252,1006.1
2024-12-02T06:00,25.9,82,0.3,11.2,251,1007.2
2024-12-02T07:00,26.1,80,0.3,13.7,248,1008.0
2024-12-02T08:00,28.9,72,0.0,10.9,243,1007.7
2024-12-02T09:00,30.6,65,0.0,13.9,239,1007.6
2024-12-02T10:00,31.9,61,0.0,15.8,246,1007.1
2024-12-02T11:00,33.1,55,0.0,14.5,243,1006.4
2024-12-02T12:00,31.7,58,0.4,19.4,260,1006.5
2024-12-02T13:00,31.3,62,0.1,19.9,256,1005.9
2024-12-02T14:00,30.3,66,0.3,20.2,245,1005.7
2024-12-02T15:00,29.5,70,0.3,18.3,238,1005.2
2024-12-02T16:00,28.6,74,0.1,18.0,227,1005.9
2024-12-02T17:00,27.5,78,0.3,16.0,225,1006.6
2024-12-02T18:00,26.7,81,0.5,13.7,224,1007.5
2024-12-02T19:00,26.0,85,1.1,17.6,252,1007.9
2024-12-02T20:00,25.6,92,0.7,14.4,239,1008.3
2024-12-02T21:00,25.7,89,0.1,16.0,234,1008.6
2024-12-02T22:00,25.6,86,0.0,16.1,235,1008.9
2024-12-02T23:00,25.8,83,0.0,17.1,233,1008.7
2024-12-03T00:00,25.8,81,0.0,17.5,233,1008.2
2024-12-03T01:00,25.5,79,0.4,16.7,227,1008.2
2024-12-03T02:00,25.3,80,0.2,15.9,237,1007.3
2024-12-03T03:00,25.2,84,0.2,12.3,239,1007.1
2024-12-03T04:00,25.3,85,0.1,13.8,230,1006.7
2024-12-03T05:00,25.5,86,0.0,12.2,245,1007.2
2024-12-03T06:00,25.8,85,0.0,12.6,251,1007.8
2024-12-03T07:00,26.6,82,0.0,13.0,246,1008.4
2024-12-03T08:00,26.8,82,0.0,12.4,242,1008.6
2024-12-03T09:00,28.7,77,0.1,14.4,247,1009.4
2024-12-03T10:00,28.6,76,1.5,17.4,244,1009.0
2024-12-03T11:00,27.6,79,2.3,17.8,247,1008.9
2024-12-03T12:00,26.9,81,1.1,17.4,252,1008.4
2024-12-03T13:00,26.1,86,1.6,15.2,246,1008.1
2024-12-03T14:00,26.1,90,2.0,17.1,248,1007.2
2024-12-03T15:00,26.3,87,0.6,17.5,244,1006.3
2024-12-03T16:00,26.3,87,0.5,16.1,242,1006.8
2024-12-03T17:00,26.1,86,0.4,16.8,242,1007.1
2024-12-03T18:00,25.5,88,0.7,16.8,247,1007.8
2024-12-03T19:00,25.1,90,1.0,15.8,249,1008.6
2024-12-03T20:00,25.5,87,0.3,16.3,243,1008.5
2024-12-03T21:00,25.3,87,0.8,14.6,244,1008.9
2024-12-03T22:00,25.0,89,0.9,15.6,247,1008.8
2024-12-03T23:00,25.0,89,0.2,14.0,254,1008.7
2024-12-04T00:00,25.1,88,0.1,15.2,247,1008.1
2024-12-04T01:00,25.0,87,0.0,14.4,248,1007.5
2024-12-04T02:00,25.0,87,0.1,12.6,242,1007.2
2024-12-04T03:00,24.9,88,1.3,13.0,243,1007.3
2024-12-04T04:00,24.8,88,0.1,13.7,245,1007.0
2024-12-04T05:00,24.8,88,0.0,13.2,246,1007.1
2024-12-04T06:00,25.0,87,0.0,12.7,247,1007.7
2024-12-04T07:00,25.8,84,0.0,13.4,239,1008.0
2024-12-04T08:00,25.8,88,0.5,14.3,247,1008.6
2024-12-04T09:00,26.3,87,2.3,14.2,243,1008.8
2024-12-04T10:00,26.2,88,3.3,13.2,242,1008.8
2024-12-04T11:00,26.5,87,1.3,11.9,248,1008.5
2024-12-04T12:00,26.8,86,0.8,13.0,246,1007.8
2024-12-04T13:00,26.7,84,0.7,14.6,241,1007.1
2024-12-04T14:00,26.7,84,0.5,13.8,229,1006.3
2024-12-04T15:00,26.7,85,0.4,13.1,234,1005.6
2024-12-04T16:00,26.8,84,0.3,14.4,236,1005.4
2024-12-04T17:00,26.7,84,0.1,14.4,238,1005.7
2024-12-04T18:00,26.0,86,0.0,15.5,241,1006.4
2024-12-04T19:00,25.7,87,0.0,14.4,244,1006.9
2024-12-04T20:00,25.1,88,2.7,14.8,237,1007.7
2024-12-04T21:00,25.1,89,0.8,13.0,250,1007.9
2024-12-04T22:00,24.9,90,0.9,12.7,245,1007.9
2024-12-04T23:00,24.9,91,0.8,13.5,251,1007.8
2024-12-05T00:00,24.8,92,0.5,14.4,247,1007.3
2024-12-05T01:00,24.6,93,0.2,14.3,251,1006.7
2024-12-05T02:00,24.4,94,0.1,12.6,246,1006.3
2024-12-05T03:00,24.4,94,0.1,12.9,249,1005.9
2024-12-05T04:00,24.3,94,0.1,13.1,252,1005.7
2024-12-05T05:00,24.2,94,0.0,11.8,251,1005.9
2024-12-05T06:00,24.3,94,0.0,12.1,247,1006.2
2024-12-05T07:00,25.0,91,0.0,11.0,245,1007.0
2024-12-05T08:00,26.8,85,0.0,9.8,250,1007.1
2024-12-05T09:00,28.2,78,0.1,13.7,268,1007.5
2024-12-05T10:00,28.4,78,0.2,11.5,284,1007.3
2024-12-05T11:00,27.9,84,0.5,12.0,261,1006.8
2024-12-05T12:00,26.7,85,1.2,9.8,234,1006.4
2024-12-05T13:00,26.6,88,0.5,8.9,243,1005.5
2024-12-05T14:00,28.9,81,0.3,11.5,270,1004.7
2024-12-05T15:00,28.8,76,1.4,12.5,266,1004.4
2024-12-05T16:00,27.5,81,0.1,11.9,256,1004.6
2024-12-05T17:00,27.5,82,0.1,11.7,252,1005.1
2024-12-05T18:00,26.9,85,0.0,10.2,260,1005.7
2024-12-05T19:00,26.4,88,0.0,9.6,250,1006.1
2024-12-05T20:00,26.5,85,0.1,13.2,268,1006.8
2024-12-05T21:00,26.4,85,0.1,12.6,260,1007.1
2024-12-05T22:00,26.2,84,0.1,13.0,260,1007.7
2024-12-05T23:00,25.6,86,0.5,12.1,264,1007.9
2024-12-06T00:00,25.3,87,0.9,11.7,260,1007.5
2024-12-06T01:00,25.2,90,1.3,14.2,277,1006.8
2024-12-06T02:00,25.0,90,0.7,16.2,271,1006.1
2024-12-06T03:00,24.9,91,0.6,12.5,263,1006.1
2024-12-06T04:00,24.7,93,0.7,11.3,263,1006.0
2024-12-06T05:00,24.8,92,0.6,10.6,256,1006.2
2024-12-06T06:00,24.7,92,0.5,11.4,255,1007.0
2024-12-06T07:00,25.2,91,0.2,10.1,251,1007.5
2024-12-06T08:00,26.1,89,0.1,8.2,248,1007.9
2024-12-06T09:00,26.6,86,0.2,8.1,264,1007.8
2024-12-06T10:00,26.7,86,0.5,6.4,262,1008.0
2024-12-06T11:00,27.0,83,0.8,5.4,278,1007.6
2024-12-06T12:00,26.7,84,1.4,7.6,295,1007.1
2024-12-06T13:00,26.7,86,0.9,8.3,303,1006.5
2024-12-06T14:00,27.0,85,0.3,6.5,293,1005.6
2024-12-06T15:00,27.2,83,0.1,4.8,295,1005.0
2024-12-06T16:00,27.2,83,0.0,2.7,270,1005.1
2024-12-06T17:00,26.9,86,0.1,3.5,305,1005.8
2024-12-06T18:00,26.3,91,0.1,1.7,288,1006.1
2024-12-06T19:00,26.2,91,0.1,2.1,255,1006.7
2024-12-06T20:00,27.0,89,0.0,4.0,207,1006.4
2024-12-06T21:00,26.6,91,0.0,6.7,199,1006.6
2024-12-06T22:00,26.4,90,0.0,4.3,195,1006.4
2024-12-06T23:00,26.5,89,0.0,3.6,225,1006.7
2024-12-07T00:00,26.4,89,0.0,4.0,219,1006.3
2024-12-07T01:00,26.2,89,0.0,5.1,216,1005.5
2024-12-07T02:00,25.7,91,0.0,6.8,357,1005.7
2024-12-07T03:00,25.5,92,0.1,8.5,358,1005.7
2024-12-07T04:00,25.0,93,3.0,2.3,274,1006.2
2024-12-07T05:00,25.0,93,0.1,3.7,247,1006.0
2024-12-07T06:00,25.1,93,0.0,2.0,265,1006.9
2024-12-07T07:00,25.6,90,2.1,4.5,284,1007.7
2024-12-07T08:00,26.5,86,1.0,6.7,357,1007.9
2024-12-07T09:00,27.1,84,0.2,4.7,351,1008.5
2024-12-07T10:00,28.1,80,0.3,5.5,349,1008.0
2024-12-07T11:00,28.4,81,0.3,5.6,353,1007.5
2024-12-07T12:00,28.7,81,0.2,6.7,357,1006.8
2024-12-07T13:00,28.4,81,0.1,3.6,357,1006.0
2024-12-07T14:00,28.7,78,0.1,6.1,3,1005.3
2024-12-07T15:00,28.7,78,0.0,7.8,8,1004.5
2024-12-07T16:00,28.5,79,0.0,6.3,358,1004.7
2024-12-07T17:00,28.0,81,0.0,6.3,3,1005.5
2024-12-07T18:00,27.5,85,0.0,4.4,322,1006.8
2024-12-07T19:00,27.0,88,0.3,7.0,312,1007.6
2024-12-07T20:00,28.2,84,0.0,0.5,315,1007.2
2024-12-07T21:00,27.8,85,0.0,1.5,104,1007.6
2024-12-07T22:00,27.3,88,0.0,2.4,99,1007.3
2024-12-07T23:00,26.7,92,0.0,2.2,215,1007.2
2024-12-08T00:00,25.3,92,4.5,12.3,330,1007.2
2024-12-08T01:00,25.4,92,0.3,7.9,291,1007.0
2024-12-08T02:00,25.2,94,0.2,5.7,259,1006.7
2024-12-08T03:00,24.8,95,0.1,5.1,198,1006.3
2024-12-08T04:00,24.6,95,0.1,5.2,207,1006.7
2024-12-08T05:00,24.7,94,0.2,3.1,216,1007.2
2024-12-08T06:00,24.9,92,0.1,2.3,129,1007.5
2024-12-08T07:00,25.4,92,0.0,3.7,169,1008.5
2024-12-08T08:00,27.0,84,0.4,2.0,315,1008.5
2024-12-08T09:00,27.7,83,0.2,3.1,257,1008.2
2024-12-08T10:00,28.6,82,0.2,2.9,259,1007.8
2024-12-08T11:00,29.3,79,0.2,6.6,327,1007.1
2024-12-08T12:00,27.6,82,7.9,10.5,356,1006.8
2024-12-08T13:00,26.6,89,1.0,3.6,340,1005.9
2024-12-08T14:00,28.1,84,0.0,2.8,349,1005.4
2024-12-08T15:00,28.8,82,0.0,4.9,343,1004.7
2024-12-08T16:00,28.6,84,0.0,3.5,351,1004.4
2024-12-08T17:00,28.5,85,0.0,2.4,9,1004.9
2024-12-08T18:00,27.9,90,0.0,1.5,7,1005.8
2024-12-08T19:00,27.8,89,0.0,3.4,302,1006.7
2024-12-08T20:00,27.9,86,0.0,6.5,247,1006.8
2024-12-08T21:00,27.7,85,0.0,4.9,274,1007.5
2024-12-08T22:00,27.0,90,0.0,6.6,292,1007.2
2024-12-08T23:00,26.8,91,0.0,8.2,320,1006.9
2024-12-09T00:00,26.8,90,0.3,5.9,325,1006.6
2024-12-09T01:00,26.7,91,0.5,7.2,309,1006.4
2024-12-09T02:00,25.5,92,3.4,10.5,297,1006.5
2024-12-09T03:00,25.3,92,2.4,10.3,281,1007.2
2024-12-09T04:00,25.1,95,1.5,7.6,297,1007.1
2024-12-09T05:00,24.9,96,2.8,7.6,265,1007.5
2024-12-09T06:00,24.9,95,1.0,6.1,268,1007.5
2024-12-09T07:00,25.2,93,0.9,9.8,263,1008.3
2024-12-09T08:00,27.0,89,0.1,5.6,277,1008.0
2024-12-09T09:00,28.0,84,0.0,4.8,326,1008.1
2024-12-09T10:00,28.3,82,0.1,6.2,330,1008.1
2024-12-09T11:00,28.7,81,0.1,6.9,315,1007.2
2024-12-09T12:00,29.4,80,0.1,6.7,329,1006.6
2024-12-09T13:00,29.2,79,0.2,8.1,302,1006.1
2024-12-09T14:00,28.3,83,1.2,7.2,273,1005.0
2024-12-09T15:00,28.7,81,0.9,7.1,260,1004.0
2024-12-09T16:00,29.0,78,0.1,10.1,250,1003.8
2024-12-09T17:00,28.3,81,0.0,11.1,238,1004.2
2024-12-09T18:00,27.6,84,0.0,9.1,243,1004.5
2024-12-09T19:00,27.3,85,0.0,9.5,245,1005.9
2024-12-09T20:00,26.2,89,0.0,7.5,217,1006.8
2024-12-09T21:00,26.2,89,0.0,6.4,209,1007.1
2024-12-09T22:00,26.3,86,0.0,7.6,234,1007.4
2024-12-09T23:00,26.2,84,0.0,9.4,235,1006.8
2024-12-10T00:00,25.9,87,0.0,9.8,234,1006.4
2024-12-10T01:00,25.8,89,0.0,10.1,239,1005.7
2024-12-10T02:00,25.7,90,0.0,12.3,235,1005.2
2024-12-10T03:00,25.8,88,0.0,12.8,242,1005.1
2024-12-10T04:00,25.1,88,0.0,13.8,250,1005.1
2024-12-10T05:00,25.1,88,0.0,13.9,246,1005.2
2024-12-10T06:00,25.3,89,0.0,14.3,241,1005.6
2024-12-10T07:00,26.2,86,0.0,10.6,246,1006.4
2024-12-10T08:00,27.3,84,0.0,13.6,241,1006.7
2024-12-10T09:00,27.2,84,0.0,12.0,235,1006.9
2024-12-10T10:00,28.0,82,0.0,12.7,245,1006.9
2024-12-10T11:00,29.5,77,0.1,14.7,251,1006.0
2024-12-10T12:00,30.1,76,0.1,14.8,252,1005.2
2024-12-10T13:00,30.6,70,0.1,15.8,262,1004.5
2024-12-10T14:00,28.4,79,2.2,16.9,246,1004.2
2024-12-10T15:00,26.9,86,0.3,12.7,239,1003.8
2024-12-10T16:00,27.9,83,0.4,13.3,238,1003.7
2024-12-10T17:00,27.3,85,0.1,13.0,243,1004.2
2024-12-10T18:00,26.7,87,0.0,13.6,242,1005.0
2024-12-10T19:00,26.1,87,0.0,13.6,238,1005.6
2024-12-10T20:00,25.9,89,0.1,13.1,237,1006.1
2024-12-10T21:00,25.9,88,0.0,13.5,236,1007.0
2024-12-10T22:00,25.8,88,0.0,13.9,236,1007.2
2024-12-10T23:00,25.7,88,0.0,14.3,234,1006.8
2024-12-11T00:00,25.6,90,0.0,13.3,240,1006.1
2024-12-11T01:00,25.4,90,0.0,13.9,240,1005.6
2024-12-11T02:00,25.2,90,0.0,14.5,242,1004.8
2024-12-11T03:00,25.0,89,0.0,15.5,239,1004.8
2024-12-11T04:00,24.9,89,0.0,13.6,240,1004.9
2024-12-11T05:00,25.1,89,0.0,13.3,234,1005.0
2024-12-11T06:00,25.3,89,0.0,12.9,233,1005.5
2024-12-11T07:00,26.3,86,0.0,11.2,238,1006.1
2024-12-11T08:00,27.8,83,0.0,8.7,236,1006.7
2024-12-11T09:00,29.3,74,0.0,10.6,249,1006.8
2024-12-11T10:00,30.6,68,0.0,11.7,259,1006.5
2024-12-11T11:00,30.9,67,0.0,11.7,288,1006.1
2024-12-11T12:00,28.4,79,3.4,17.0,301,1006.0
2024-12-11T13:00,28.9,76,4.1,11.6,318,1005.1
2024-12-11T14:00,28.9,76,0.0,11.2,322,1004.7
2024-12-11T15:00,27.7,82,0.4,12.4,304,1004.3
2024-12-11T16:00,27.9,82,0.0,6.3,272,1004.3
2024-12-11T17:00,27.4,83,0.6,7.4,225,1004.5
2024-12-11T18:00,26.8,86,0.1,8.1,212,1004.9
2024-12-11T19:00,26.4,87,0.0,3.2,223,1005.6
2024-12-11T20:00,27.5,81,0.0,8.0,239,1006.0
2024-12-11T21:00,27.0,83,0.0,11.9,232,1006.6
2024-12-11T22:00,26.6,83,0.0,13.0,231,1007.1
2024-12-11T23:00,26.1,86,0.0,13.2,236,1007.0
2024-12-12T00:00,26.0,87,0.1,12.6,245,1006.9
2024-12-12T01:00,25.9,87,0.1,13.4,250,1006.3
2024-12-12T02:00,25.8,82,0.0,17.1,248,1005.9
2024-12-12T03:00,25.1,86,0.5,15.9,254,1005.1
2024-12-12T04:00,24.8,90,0.6,11.1,241,1005.1
2024-12-12T05:00,24.9,91,0.1,12.7,235,1005.4
2024-12-12T06:00,24.9,90,0.3,13.3,232,1005.7
2024-12-12T07:00,25.8,86,0.0,14.0,234,1006.3
2024-12-12T08:00,27.4,83,0.0,11.6,227,1006.8
2024-12-12T09:00,28.6,78,0.0,11.9,231,1006.8
2024-12-12T10:00,29.9,68,0.0,13.9,245,1006.5
2024-12-12T11:00,30.9,62,0.0,13.8,246,1005.9
2024-12-12T12:00,31.3,60,0.0,17.3,266,1005.5
2024-12-12T13:00,31.9,54,0.0,17.5,270,1004.7
2024-12-12T14:00,32.1,52,0.0,18.1,275,1003.8
2024-12-12T15:00,31.9,54,0.0,17.5,266,1003.1
2024-12-12T16:00,31.0,58,0.0,16.0,256,1003.5
2024-12-12T17:00,29.7,66,0.0,14.3,245,1004.3
2024-12-12T18:00,28.5,71,0.0,13.0,236,1005.2
2024-12-12T19:00,27.7,76,0.0,14.4,233,1006.2
2024-12-12T20:00,27.7,76,0.0,12.6,223,1006.9
2024-12-12T21:00,27.6,75,0.0,14.5,227,1007.3
2024-12-12T22:00,27.2,78,0.0,11.5,228,1007.5
2024-12-12T23:00,27.1,80,0.0,8.8,223,1007.5
2024-12-13T00:00,26.8,81,0.0,8.3,236,1007.0
2024-12-13T01:00,26.6,83,0.0,9.7,230,1006.3
2024-12-13T02:00,26.2,85,0.0,10.2,236,1005.9
2024-12-13T03:00,26.0,86,0.5,10.7,234,1005.8
2024-12-13T04:00,25.6,86,0.0,11.6,227,1005.6
2024-12-13T05:00,25.4,85,0.1,8.8,227,1005.9
2024-12-13T06:00,25.3,85,0.0,8.3,237,1006.5
2024-12-13T07:00,25.9,83,0.0,7.0,238,1007.3
2024-12-13T08:00,28.8,75,0.0,5.7,238,1007.1
2024-12-13T09:00,30.1,70,0.0,6.5,251,1007.3
2024-12-13T10:00,30.6,66,0.2,8.2,296,1006.9
2024-12-13T11:00,30.7,65,0.1,10.7,295,1006.7
2024-12-13T12:00,31.2,63,0.1,12.0,313,1005.8
2024-12-13T13:00,31.3,61,0.1,14.1,321,1004.8
2024-12-13T14:00,31.3,59,0.1,15.7,306,1004.2
2024-12-13T15:00,29.8,63,0.2,18.0,277,1004.2
2024-12-13T16:00,29.2,70,0.1,9.7,270,1003.9
2024-12-13T17:00,28.1,77,1.1,13.2,235,1004.6
2024-12-13T18:00,26.8,84,0.1,8.8,208,1005.3
2024-12-13T19:00,26.4,86,0.0,11.2,226,1006.4
2024-12-13T20:00,27.0,83,0.0,11.1,219,1006.2
2024-12-13T21:00,27.0,82,0.0,9.8,229,1007.3
2024-12-13T22:00,26.9,82,0.0,11.3,234,1007.5
2024-12-13T23:00,26.4,84,0.0,12.8,232,1007.4
2024-12-14T00:00,26.2,85,0.0,12.0,240,1006.7
2024-12-14T01:00,26.0,87,0.0,13.6,231,1006.5
2024-12-14T02:00,25.8,86,0.0,13.3,232,1006.2
2024-12-14T03:00,25.7,85,0.0,13.4,239,1006.2
2024-12-14T04:00,25.4,85,0.0,12.9,233,1006.2
2024-12-14T05:00,25.3,85,0.0,12.8,231,1006.8
2024-12-14T06:00,24.7,90,0.2,14.5,225,1007.6
2024-12-14T07:00,24.5,93,0.5,14.4,224,1008.4
2024-12-14T08:00,27.2,82,0.0,11.2,233,1008.7
2024-12-14T09:00,28.2,78,0.0,10.7,234,1009.0
2024-12-14T10:00,28.4,77,0.2,11.7,227,1009.0
2024-12-14T11:00,29.7,73,0.1,8.9,246,1008.4
2024-12-14T12:00,30.5,69,0.0,11.7,259,1007.2
2024-12-14T13:00,30.7,69,0.0,11.4,277,1006.3
2024-12-14T14:00,29.4,73,1.5,13.2,250,1006.0
2024-12-14T15:00,28.2,77,1.3,12.6,241,1005.3
2024-12-14T16:00,28.2,78,0.0,13.1,241,1005.6
2024-12-14T17:00,27.5,80,0.0,13.4,239,1006.3
2024-12-14T18:00,26.6,83,0.0,13.8,249,1007.0
2024-12-14T19:00,26.5,83,0.0,12.2,245,1007.3
2024-12-14T20:00,26.6,82,0.0,12.9,237,1007.6
2024-12-14T21:00,26.8,81,0.0,11.7,238,1008.5
2024-12-14T22:00,26.4,83,0.5,12.6,233,1009.0
2024-12-14T23:00,25.9,87,0.2,11.5,228,1008.8
2024-12-15T00:00,25.7,88,0.1,12.1,235,1007.9
2024-12-15T01:00,25.6,88,0.0,11.1,230,1007.2
2024-12-15T02:00,25.6,88,0.0,10.7,224,1006.9
2024-12-15T03:00,25.5,88,0.0,10.3,230,1007.0
2024-12-15T04:00,25.4,89,0.2,11.7,232,1007.0
2024-12-15T05:00,25.3,90,0.1,12.1,230,1007.2
2024-12-15T06:00,25.1,90,0.0,10.5,243,1008.2
2024-12-15T07:00,25.3,89,1.1,11.2,242,1009.0
2024-12-15T08:00,27.3,82,0.3,8.3,240,1009.8
2024-12-15T09:00,27.3,83,0.2,8.1,295,1010.0
2024-12-15T10:00,26.0,89,14.1,11.9,301,1010.3
2024-12-15T11:00,26.3,87,0.6,12.6,299,1009.8
2024-12-15T12:00,26.9,86,2.2,9.5,289,1009.2
2024-12-15T13:00,27.5,83,0.3,8.1,294,1008.3
2024-12-15T14:00,27.8,81,0.2,7.7,288,1007.4
2024-12-15T15:00,27.8,80,0.2,7.3,286,1006.7
2024-12-15T16:00,27.3,80,0.4,8.1,298,1006.6
2024-12-15T17:00,26.1,90,1.9,8.6,250,1007.3
2024-12-15T18:00,25.7,91,0.1,7.6,243,1007.8
2024-12-15T19:00,25.5,92,0.1,6.6,229,1008.2
2024-12-15T20:00,25.4,90,0.9,8.2,218,1008.9
2024-12-15T21:00,25.3,91,0.2,9.0,232,1009.5
2024-12-15T22:00,25.1,91,0.2,9.1,231,1009.6
2024-12-15T23:00,25.1,91,0.3,10.0,244,1009.4
2024-12-16T00:00,25.0,93,1.7,8.7,238,1008.9
2024-12-16T01:00,24.7,95,1.4,9.5,241,1008.3
2024-12-16T02:00,24.7,94,0.7,8.9,245,1007.8
2024-12-16T03:00,24.6,94,0.3,8.5,242,1007.5
2024-12-16T04:00,24.5,95,0.7,7.6,243,1007.2
2024-12-16T05:00,24.5,95,0.9,8.8,239,1007.3
2024-12-16T06:00,24.6,94,2.1,8.7,246,1008.0
2024-12-16T07:00,25.3,92,0.0,8.2,241,1008.5
2024-12-16T08:00,27.2,89,0.1,6.2,232,1009.6
2024-12-16T09:00,27.5,85,0.0,9.8,278,1009.9
2024-12-16T10:00,28.3,83,0.2,10.9,277,1009.6
2024-12-16T11:00,30.1,72,0.4,10.8,298,1008.8
2024-12-16T12:00,27.2,81,3.7,13.1,257,1008.9
2024-12-16T13:00,27.4,82,0.1,8.1,267,1007.9
2024-12-16T14:00,28.7,79,0.1,8.1,288,1006.7
2024-12-16T15:00,28.0,78,0.5,8.1,275,1006.4
2024-12-16T16:00,27.6,82,0.0,6.3,235,1006.3
2024-12-16T17:00,27.2,82,0.0,6.6,225,1006.6
2024-12-16T18:00,26.7,84,0.0,4.7,220,1007.1
2024-12-16T19:00,26.4,86,0.0,5.4,266,1007.9
2024-12-16T20:00,27.1,83,0.0,7.4,248,1009.2
2024-12-16T21:00,26.6,84,0.0,10.0,244,1009.5
2024-12-16T22:00,26.1,86,0.0,8.9,246,1009.7
2024-12-16T23:00,25.8,87,0.0,7.3,250,1009.9
2024-12-17T00:00,25.6,88,0.0,7.5,233,1008.9
2024-12-17T01:00,25.4,88,0.0,5.8,265,1008.8
2024-12-17T02:00,25.3,89,0.0,4.8,283,1008.0
2024-12-17T03:00,24.9,91,0.8,7.3,279,1008.0
2024-12-17T04:00,23.8,96,6.9,9.1,243,1008.0
2024-12-17T05:00,24.1,95,0.2,7.3,250,1008.4
2024-12-17T06:00,24.4,94,0.2,8.4,260,1008.6
2024-12-17T07:00,24.9,93,0.5,9.7,246,1009.2
2024-12-17T08:00,25.9,91,0.2,6.6,253,1010.4
2024-12-17T09:00,26.4,88,0.8,6.9,247,1010.6
2024-12-17T10:00,27.5,83,0.4,7.3,253,1009.8
2024-12-17T11:00,28.4,77,0.2,8.4,285,1009.3
2024-12-17T12:00,28.9,74,0.2,8.9,298,1008.4
2024-12-17T13:00,29.6,71,0.1,10.0,304,1007.4
2024-12-17T14:00,29.2,72,0.0,10.4,314,1006.3
2024-12-17T15:00,29.0,74,0.2,10.7,314,1005.9
2024-12-17T16:00,28.9,75,0.1,8.9,298,1005.8
2024-12-17T17:00,28.5,78,0.1,8.3,309,1006.2
2024-12-17T18:00,27.7,84,0.0,8.0,324,1007.0
2024-12-17T19:00,27.4,87,0.0,6.0,307,1008.1
2024-12-17T20:00,27.8,81,0.0,7.3,240,1008.3
2024-12-17T21:00,27.3,77,0.0,9.5,251,1008.8
2024-12-17T22:00,27.0,78,0.0,9.1,260,1009.0
2024-12-17T23:00,26.9,79,0.0,11.0,256,1008.7
2024-12-18T00:00,26.8,81,0.0,11.0,255,1008.2
2024-12-18T01:00,26.5,83,0.0,13.0,256,1007.4
2024-12-18T02:00,26.2,84,0.0,13.1,257,1006.5
2024-12-18T03:00,26.1,84,0.0,12.7,262,1006.6
2024-12-18T04:00,25.9,85,0.0,12.5,259,1006.8
2024-12-18T05:00,25.9,85,0.0,13.9,260,1007.6
2024-12-18T06:00,25.9,86,0.0,12.4,256,1008.0
2024-12-18T07:00,26.8,84,0.0,10.1,250,1008.7
2024-12-18T08:00,28.4,79,0.0,10.6,242,1009.1
2024-12-18T09:00,29.5,73,0.0,12.3,240,1009.0
2024-12-18T10:00,30.4,70,0.0,12.4,257,1008.7
2024-12-18T11:00,30.3,66,0.1,14.6,251,1007.8
2024-12-18T12:00,31.3,66,0.1,14.2,261,1007.0
2024-12-18T13:00,29.5,71,6.1,19.2,264,1006.9
2024-12-18T14:00,28.7,76,1.0,15.5,273,1006.0
2024-12-18T15:00,29.1,74,0.1,15.5,261,1005.6
2024-12-18T16:00,29.0,74,0.0,16.2,258,1005.7
2024-12-18T17:00,28.1,79,0.0,13.1,249,1005.9
2024-12-18T18:00,27.4,82,0.0,12.0,249,1006.4
2024-12-18T19:00,27.0,83,0.0,12.1,245,1007.2
2024-12-18T20:00,25.8,83,0.0,14.4,232,1008.0
2024-12-18T21:00,25.8,83,0.0,14.0,235,1008.0
2024-12-18T22:00,25.7,84,0.0,13.8,250,1007.8
2024-12-18T23:00,25.4,86,0.4,13.0,250,1007.8
2024-12-19T00:00,25.1,88,0.1,13.0,252,1007.6
2024-12-19T01:00,25.0,89,0.0,12.9,243,1007.1
2024-12-19T02:00,25.0,90,0.0,11.2,249,1006.7
2024-12-19T03:00,24.9,91,0.0,11.6,251,1006.3
2024-12-19T04:00,25.0,91,0.0,11.7,245,1006.3
2024-12-19T05:00,25.0,91,0.0,10.2,249,1006.7
2024-12-19T06:00,24.9,92,0.0,10.2,244,1007.7
2024-12-19T07:00,25.2,91,0.0,10.3,239,1008.4
2024-12-19T08:00,27.0,83,0.0,13.4,259,1008.6
2024-12-19T09:00,28.0,81,0.0,11.8,264,1008.8
2024-12-19T10:00,28.7,78,0.0,13.4,287,1008.6
2024-12-19T11:00,28.5,77,0.2,13.3,286,1008.2
2024-12-19T12:00,28.0,78,0.6,11.5,278,1007.8
2024-12-19T13:00,29.0,73,0.1,9.1,279,1006.7
2024-12-19T14:00,28.9,75,0.6,13.4,296,1006.0
2024-12-19T15:00,27.4,82,1.8,8.0,243,1005.8
2024-12-19T16:00,27.9,78,0.2,9.5,284,1005.8
2024-12-19T17:00,27.3,82,0.5,10.4,253,1006.1
2024-12-19T18:00,26.5,86,0.2,10.8,252,1006.6
2024-12-19T19:00,26.5,86,0.0,7.6,270,1007.6
2024-12-19T20:00,25.4,95,6.2,8.2,256,1008.6
2024-12-19T21:00,25.3,96,4.1,6.8,248,1008.7
2024-12-19T22:00,25.4,93,0.6,6.6,259,1008.8
2024-12-19T23:00,25.2,91,0.4,10.3,272,1008.6
2024-12-20T00:00,25.1,93,0.6,10.8,265,1008.2
2024-12-20T01:00,24.8,94,0.1,12.3,239,1007.6
2024-12-20T02:00,24.4,94,0.1,11.0,242,1007.1
2024-12-20T03:00,24.2,94,0.0,10.8,242,1006.7
2024-12-20T04:00,24.1,94,0.0,9.7,246,1006.7
2024-12-20T05:00,24.1,94,0.0,9.7,242,1007.2
2024-12-20T06:00,24.4,93,0.0,9.5,243,1007.7
2024-12-20T07:00,25.3,89,0.0,10.1,245,1008.2
2024-12-20T08:00,27.1,85,0.0,7.0,241,1008.5
2024-12-20T09:00,28.0,80,0.0,8.0,284,1008.6
2024-12-20T10:00,29.0,76,0.0,10.6,291,1008.4
2024-12-20T11:00,29.7,72,0.0,11.6,296,1008.0
2024-12-20T12:00,30.5,66,0.0,13.5,300,1007.4
2024-12-20T13:00,29.4,71,0.1,11.7,279,1006.8
2024-12-20T14:00,28.9,74,0.4,9.1,262,1006.5
2024-12-20T15:00,29.5,71,0.1,6.3,267,1005.8
2024-12-20T16:00,27.9,80,3.5,10.9,254,1005.7
2024-12-20T17:00,27.0,82,0.4,10.2,238,1006.6
2024-12-20T18:00,26.8,85,0.1,9.4,238,1007.0
2024-12-20T19:00,26.3,88,0.0,8.8,247,1007.8
2024-12-20T20:00,26.3,87,0.2,8.4,228,1008.4
2024-12-20T21:00,25.7,90,0.5,9.4,306,1009.1
2024-12-20T22:00,25.7,91,0.2,9.8,287,1009.0
2024-12-20T23:00,25.3,90,0.2,12.5,285,1009.3
2024-12-21T00:00,24.9,91,0.2,11.0,275,1008.9
2024-12-21T01:00,24.3,94,2.2,11.2,244,1008.4
2024-12-21T02:00,24.0,95,0.5,7.7,229,1007.7
2024-12-21T03:00,23.8,95,0.9,5.5,234,1007.4
2024-12-21T04:00,24.1,94,1.4,4.9,219,1007.2
2024-12-21T05:00,24.3,93,0.2,3.0,237,1007.4
2024-12-21T06:00,24.5,93,0.2,5.5,226,1007.9
2024-12-21T07:00,25.0,92,0.2,5.2,245,1008.7
2024-12-21T08:00,26.8,85,0.2,11.9,284,1008.7
2024-12-21T09:00,28.1,77,0.2,14.7,297,1008.9
2024-12-21T10:00,28.9,72,0.1,16.4,301,1008.7
2024-12-21T11:00,28.8,75,0.6,16.7,308,1008.4
2024-12-21T12:00,28.9,75,0.3,16.8,313,1008.0
2024-12-21T13:00,29.1,74,0.2,15.3,312,1007.4
2024-12-21T14:00,28.8,74,0.1,13.4,305,1006.3
2024-12-21T15:00,29.3,74,0.1,11.8,309,1006.0
2024-12-21T16:00,27.9,78,1.1,11.0,296,1005.8
2024-12-21T17:00,28.1,78,0.1,9.5,303,1006.5
2024-12-21T18:00,27.7,83,0.0,5.6,277,1007.3
2024-12-21T19:00,27.4,85,0.0,4.5,277,1008.2
2024-12-21T20:00,27.3,87,0.0,3.4,270,1008.5
2024-12-21T21:00,26.9,90,0.0,2.5,262,1009.3
2024-12-21T22:00,26.7,90,0.1,9.8,330,1009.9
2024-12-21T23:00,25.4,93,3.0,7.2,292,1009.8
2024-12-22T00:00,25.1,94,0.3,6.2,322,1009.4
2024-12-22T01:00,24.9,94,1.2,6.2,334,1009.2
2024-12-22T02:00,24.7,94,1.5,8.9,294,1008.9
2024-12-22T03:00,25.1,92,0.2,5.9,284,1008.3
2024-12-22T04:00,25.0,93,0.2,6.8,272,1008.1
2024-12-22T05:00,24.8,94,0.2,7.4,263,1008.5
2024-12-22T06:00,24.5,94,0.1,9.6,227,1009.0
2024-12-22T07:00,24.5,93,0.0,6.6,215,1009.5
2024-12-22T08:00,26.7,87,0.0,4.3,287,1010.1
2024-12-22T09:00,27.7,82,0.2,6.5,304,1010.4
2024-12-22T10:00,28.5,79,0.1,11.2,312,1010.0
2024-12-22T11:00,27.5,82,3.7,11.6,313,1009.5
2024-12-22T12:00,28.6,78,0.1,9.8,316,1008.7
2024-12-22T13:00,29.2,77,0.2,9.4,330,1007.7
2024-12-22T14:00,29.3,75,0.1,8.7,323,1006.9
2024-12-22T15:00,29.1,75,0.2,7.7,332,1006.1
2024-12-22T16:00,29.0,75,0.1,6.6,347,1006.4
2024-12-22T17:00,28.6,77,0.0,3.6,9,1006.4
2024-12-22T18:00,27.9,82,0.0,4.0,352,1007.2
2024-12-22T19:00,27.6,84,0.0,3.6,6,1008.1
2024-12-22T20:00,28.0,86,0.1,2.0,350,1008.3
2024-12-22T21:00,27.9,87,0.0,1.4,247,1009.0
2024-12-22T22:00,27.4,88,0.0,2.7,242,1009.1
2024-12-22T23:00,27.0,89,0.0,1.9,326,1008.5
2024-12-23T00:00,26.4,92,0.0,1.6,276,1007.9
2024-12-23T01:00,25.6,94,1.1,7.8,263,1007.7
2024-12-23T02:00,25.2,94,0.0,4.2,245,1007.2
2024-12-23T03:00,25.1,94,0.0,4.4,251,1007.4
2024-12-23T04:00,24.7,94,1.2,7.3,277,1007.9
2024-12-23T05:00,24.8,94,0.6,4.0,280,1008.1
2024-12-23T06:00,24.7,94,0.0,4.1,272,1008.7
2024-12-23T07:00,25.3,92,0.0,3.7,247,1009.0
2024-12-23T08:00,28.5,80,0.0,6.9,329,1009.3
2024-12-23T09:00,26.9,85,2.3,12.2,303,1009.6
2024-12-23T10:00,27.5,80,0.1,10.5,301,1009.6
2024-12-23T11:00,28.6,79,0.3,10.2,309,1009.0
2024-12-23T12:00,29.2,77,0.1,9.7,315,1008.2
2024-12-23T13:00,29.1,76,0.4,11.1,324,1007.3
2024-12-23T14:00,28.4,78,1.4,7.5,294,1006.6
2024-12-23T15:00,27.4,83,0.4,5.8,279,1006.4
2024-12-23T16:00,27.7,83,0.3,5.8,254,1006.2
2024-12-23T17:00,27.6,84,0.1,4.9,274,1006.8
2024-12-23T18:00,27.3,85,0.1,2.2,261,1006.9
2024-12-23T19:00,26.9,88,0.0,2.6,254,1007.8
2024-12-23T20:00,26.9,89,0.0,4.0,252,1009.0
2024-12-23T21:00,26.8,89,0.0,3.9,227,1009.2
2024-12-23T22:00,26.5,90,0.0,4.4,249,1009.1
2024-12-23T23:00,25.6,93,0.3,7.2,271,1009.2
2024-12-24T00:00,24.7,93,7.6,7.8,261,1009.2
2024-12-24T01:00,24.7,93,1.1,7.3,247,1008.1
2024-12-24T02:00,24.9,93,0.1,6.0,275,1007.6
2024-12-24T03:00,24.9,93,0.0,7.0,260,1007.4
2024-12-24T04:00,24.8,92,0.0,6.5,256,1007.5
2024-12-24T05:00,24.8,92,0.0,7.4,257,1008.1
2024-12-24T06:00,24.3,93,1.9,10.3,259,1008.9
2024-12-24T07:00,24.1,95,3.3,5.5,203,1009.5
2024-12-24T08:00,26.1,89,0.0,5.1,234,1009.4
2024-12-24T09:00,26.3,88,0.1,5.0,249,1010.0
2024-12-24T10:00,27.5,84,0.2,6.2,291,1009.8
2024-12-24T11:00,27.5,82,0.4,9.8,311,1009.1
2024-12-24T12:00,27.1,84,3.5,8.2,320,1008.7
2024-12-24T13:00,27.3,83,0.2,5.8,321,1008.2
2024-12-24T14:00,27.6,82,0.2,5.0,319,1007.5
2024-12-24T15:00,27.8,80,0.2,4.2,317,1007.0
2024-12-24T16:00,27.4,81,0.2,3.2,341,1007.1
2024-12-24T17:00,26.6,83,0.8,4.9,264,1007.7
2024-12-24T18:00,26.0,90,0.2,4.8,222,1008.0
2024-12-24T19:00,25.7,91,0.1,4.1,209,1008.4
2024-12-24T20:00,26.5,87,0.0,5.0,210,1009.6
2024-12-24T21:00,26.2,86,0.0,6.5,219,1010.0
2024-12-24T22:00,25.8,85,0.0,5.5,229,1010.1
2024-12-24T23:00,25.4,85,0.0,6.5,246,1009.8
2024-12-25T00:00,25.2,86,0.0,6.6,241,1009.4
2024-12-25T01:00,25.1,87,0.0,5.3,242,1008.9
2024-12-25T02:00,25.0,88,0.0,6.5,257,1008.7
2024-12-25T03:00,25.0,89,0.1,6.7,272,1008.5
2024-12-25T04:00,24.9,90,0.1,5.1,262,1008.3
2024-12-25T05:00,24.8,90,0.0,4.9,276,1008.7
2024-12-25T06:00,24.7,90,0.0,5.6,255,1009.3
2024-12-25T07:00,25.5,88,0.0,2.8,215,1009.6
2024-12-25T08:00,26.0,89,0.4,3.1,246,1010.8
2024-12-25T09:00,26.7,86,0.1,3.6,270,1010.7
2024-12-25T10:00,27.8,82,0.1,6.8,305,1010.3
2024-12-25T11:00,28.6,81,0.1,8.7,315,1009.9
2024-12-25T12:00,28.8,75,0.8,12.5,317,1009.2
2024-12-25T13:00,28.9,76,0.3,12.8,326,1008.3
2024-12-25T14:00,28.1,79,0.8,9.1,328,1007.8
2024-12-25T15:00,28.9,77,0.1,7.7,335,1007.6
2024-12-25T16:00,27.9,79,4.1,7.5,307,1007.7
2024-12-25T17:00,26.8,85,0.0,5.1,197,1008.4
2024-12-25T18:00,25.9,90,0.1,4.7,203,1009.0
2024-12-25T19:00,25.9,91,0.0,2.4,216,1009.6
2024-12-25T20:00,26.5,89,0.0,4.4,218,1010.9
2024-12-25T21:00,26.3,90,0.0,4.4,201,1011.3
2024-12-25T22:00,26.0,91,0.1,4.8,211,1011.4
2024-12-25T23:00,25.9,91,0.1,2.3,209,1011.4
2024-12-26T00:00,25.7,91,0.0,1.9,197,1010.8
2024-12-26T01:00,25.6,91,0.0,1.3,254,1010.1
2024-12-26T02:00,25.6,91,0.0,2.3,238,1009.8
2024-12-26T03:00,25.4,93,0.0,1.8,259,1009.7
2024-12-26T04:00,25.6,91,0.1,3.2,273,1009.6
2024-12-26T05:00,25.2,92,1.5,2.6,286,1010.2
2024-12-26T06:00,25.3,94,0.5,2.7,247,1010.6
2024-12-26T07:00,25.5,91,0.3,4.1,241,1011.2
2024-12-26T08:00,27.6,84,0.2,7.6,256,1011.6
2024-12-26T09:00,28.1,83,0.0,7.0,249,1012.0
2024-12-26T10:00,28.7,78,0.0,6.7,256,1012.0
2024-12-26T11:00,29.4,71,0.0,6.3,273,1011.4
2024-12-26T12:00,29.9,67,0.0,9.1,285,1010.8
2024-12-26T13:00,29.8,67,0.0,11.1,283,1009.7
2024-12-26T14:00,29.4,71,0.3,14.1,256,1009.1
2024-12-26T15:00,29.1,73,0.1,12.0,279,1008.0
2024-12-26T16:00,29.0,74,0.0,12.0,284,1008.7
2024-12-26T17:00,28.4,77,0.1,10.5,286,1009.1
2024-12-26T18:00,27.7,82,0.0,8.6,285,1009.5
2024-12-26T19:00,27.5,83,0.0,7.9,297,1010.4
2024-12-26T20:00,27.6,78,0.0,10.0,284,1010.6
2024-12-26T21:00,27.4,78,0.0,9.7,272,1011.2
2024-12-26T22:00,27.1,79,0.0,7.8,261,1011.7
2024-12-26T23:00,26.8,80,0.0,6.0,253,1012.0
2024-12-27T00:00,26.6,80,0.0,8.0,265,1011.2
2024-12-27T01:00,26.5,81,0.0,7.7,267,1010.5
2024-12-27T02:00,26.3,82,0.1,8.3,281,1010.1
2024-12-27T03:00,26.3,82,0.0,5.9,268,1009.9
2024-12-27T04:00,26.3,83,0.0,6.0,280,1009.9
2024-12-27T05:00,26.2,85,0.0,4.7,274,1010.2
2024-12-27T06:00,26.2,86,0.1,3.9,283,1010.7
2024-12-27T07:00,26.6,89,0.1,4.8,283,1011.5
2024-12-27T08:00,27.3,82,0.0,4.4,251,1012.3
2024-12-27T09:00,28.6,76,0.0,4.1,268,1012.4
2024-12-27T10:00,29.6,71,0.0,5.3,280,1011.9
2024-12-27T11:00,30.5,65,0.0,6.7,286,1011.1
2024-12-27T12:00,31.2,63,0.0,7.5,310,1010.1
2024-12-27T13:00,31.1,63,0.0,10.7,318,1009.3
2024-12-27T14:00,30.8,66,0.2,11.8,320,1008.7
2024-12-27T15:00,30.0,72,0.6,10.9,321,1008.0
2024-12-27T16:00,29.7,74,0.0,9.2,317,1008.0
2024-12-27T17:00,29.2,78,0.0,7.8,314,1008.4
2024-12-27T18:00,28.6,82,0.0,8.1,313,1009.0
2024-12-27T19:00,28.2,85,0.0,7.7,306,1009.6
2024-12-27T20:00,28.3,85,0.0,6.7,297,1010.2
2024-12-27T21:00,28.0,84,0.0,5.4,274,1010.9
2024-12-27T22:00,27.5,83,0.0,5.5,253,1010.9
2024-12-27T23:00,27.2,84,0.0,6.8,238,1010.3
2024-12-28T00:00,26.9,85,0.0,6.5,238,1010.0
2024-12-28T01:00,26.5,85,0.0,6.0,245,1009.5
2024-12-28T02:00,26.3,83,0.0,6.6,244,1009.0
2024-12-28T03:00,26.1,80,0.0,8.1,239,1008.6
2024-12-28T04:00,26.1,74,0.0,9.8,230,1008.5
2024-12-28T05:00,26.1,61,0.0,13.8,227,1009.0
2024-12-28T06:00,25.6,62,0.0,8.4,227,1009.7
2024-12-28T07:00,26.4,62,0.0,7.0,247,1010.3
2024-12-28T08:00,28.4,77,0.0,6.5,256,1011.0
2024-12-28T09:00,30.0,67,0.0,8.4,259,1010.8
2024-12-28T10:00,31.1,60,0.0,9.0,273,1010.5
2024-12-28T11:00,31.8,56,0.0,10.3,285,1009.9
2024-12-28T12:00,31.9,56,0.0,11.5,302,1009.0
2024-12-28T13:00,32.0,56,0.0,13.6,304,1008.3
2024-12-28T14:00,32.1,56,0.1,13.4,306,1007.5
2024-12-28T15:00,31.5,61,0.0,11.1,316,1007.0
2024-12-28T16:00,31.3,60,0.0,10.6,305,1006.9
2024-12-28T17:00,30.6,59,0.0,8.3,290,1007.5
2024-12-28T18:00,29.5,60,0.0,9.0,280,1008.3
2024-12-28T19:00,28.5,64,0.0,9.2,276,1009.3
2024-12-28T20:00,28.4,74,0.0,7.9,258,1009.5
2024-12-28T21:00,27.7,79,0.0,5.5,232,1010.0
2024-12-28T22:00,27.3,83,0.0,4.0,249,1010.2
2024-12-28T23:00,26.9,86,0.0,2.9,248,1009.9
2024-12-29T00:00,26.7,86,0.0,2.5,274,1009.5
2024-12-29T01:00,26.6,85,0.0,2.7,262,1009.1
2024-12-29T02:00,26.4,83,0.0,5.2,254,1008.8
2024-12-29T03:00,26.1,82,0.0,7.1,246,1008.4
2024-12-29T04:00,25.8,83,0.0,6.9,237,1008.5
2024-12-29T05:00,25.5,84,0.0,6.4,238,1008.7
2024-12-29T06:00,25.4,84,0.0,4.8,255,1009.3
2024-12-29T07:00,26.6,81,0.0,5.4,318,1010.2
2024-12-29T08:00,27.8,81,0.0,6.5,298,1010.7
2024-12-29T09:00,28.7,76,0.0,10.0,296,1011.1
2024-12-29T10:00,28.5,73,0.4,9.3,285,1010.8
2024-12-29T11:00,29.6,71,0.1,6.9,300,1010.0
2024-12-29T12:00,30.4,69,0.1,7.9,311,1009.0
2024-12-29T13:00,31.1,64,0.1,10.2,309,1008.0
2024-12-29T14:00,31.3,61,0.0,11.8,313,1007.4
2024-12-29T15:00,29.6,71,0.2,13.1,318,1007.3
2024-12-29T16:00,28.6,78,0.0,10.2,309,1007.2
2024-12-29T17:00,28.3,76,1.2,9.2,281,1007.8
2024-12-29T18:00,27.6,81,0.1,6.3,270,1008.1
2024-12-29T19:00,27.4,82,0.0,6.0,286,1008.8
2024-12-29T20:00,27.6,87,0.0,8.9,318,1009.2
2024-12-29T21:00,27.4,87,0.0,6.5,298,1009.9
2024-12-29T22:00,27.5,82,0.0,8.0,275,1010.5
2024-12-29T23:00,27.3,79,0.0,9.3,262,1010.0
2024-12-30T00:00,27.2,77,0.0,11.8,245,1009.5
2024-12-30T01:00,26.9,77,0.0,11.4,254,1008.9
2024-12-30T02:00,26.8,79,0.0,13.5,254,1008.8
2024-12-30T03:00,26.2,83,0.0,14.2,252,1008.8
2024-12-30T04:00,25.6,86,0.3,15.0,240,1008.6
2024-12-30T05:00,25.3,88,0.6,11.3,245,1009.5
2024-12-30T06:00,24.9,91,0.5,11.3,243,1010.1
2024-12-30T07:00,25.6,89,0.0,9.2,253,1010.6
2024-12-30T08:00,25.8,88,3.3,10.8,234,1011.4
2024-12-30T09:00,26.8,83,0.1,12.6,257,1011.5
2024-12-30T10:00,27.1,81,1.1,13.3,267,1011.6
2024-12-30T11:00,27.8,77,0.1,14.9,268,1010.9
2024-12-30T12:00,28.0,75,0.0,15.3,267,1010.1
2024-12-30T13:00,28.6,70,0.0,16.7,268,1009.1
2024-12-30T14:00,30.2,63,0.0,17.9,276,1008.4
2024-12-30T15:00,29.7,58,0.0,18.4,270,1008.1
2024-12-30T16:00,29.5,59,0.0,17.7,265,1007.9
2024-12-30T17:00,29.0,61,0.0,14.6,252,1008.5
2024-12-30T18:00,27.5,69,0.0,12.3,235,1009.0
2024-12-30T19:00,26.3,73,0.0,13.0,227,1009.6
2024-12-30T20:00,26.6,75,0.0,13.5,245,1010.2
2024-12-30T21:00,25.8,81,0.0,13.8,248,1010.7
2024-12-30T22:00,25.6,83,0.3,12.8,254,1011.0
2024-12-30T23:00,25.6,84,0.0,12.8,253,1010.8
2024-12-31T00:00,25.8,83,0.0,14.7,253,1010.3
2024-12-31T01:00,25.6,84,0.0,14.4,255,1009.5
2024-12-31T02:00,25.3,86,0.0,14.7,252,1008.9
2024-12-31T03:00,24.9,89,0.0,14.6,244,1008.5
2024-12-31T04:00,24.7,87,0.0,14.6,243,1008.2
2024-12-31T05:00,24.7,86,0.0,13.0,241,1008.6
2024-12-31T06:00,24.7,85,0.0,12.9,238,1008.8
2024-12-31T07:00,25.5,82,0.0,10.4,240,1009.5
2024-12-31T08:00,27.3,80,0.0,7.0,249,1010.0
2024-12-31T09:00,28.6,72,0.1,12.4,286,1010.4
2024-12-31T10:00,29.3,66,0.2,15.9,288,1010.4
2024-12-31T11:00,30.2,62,0.2,17.0,288,1009.8
2024-12-31T12:00,30.8,61,0.1,15.6,294,1008.8
2024-12-31T13:00,30.9,62,0.1,15.1,301,1007.8
2024-12-31T14:00,31.1,61,0.0,14.5,301,1006.7
2024-12-31T15:00,30.3,65,0.0,14.3,303,1006.4
2024-12-31T16:00,30.0,66,0.0,14.9,298,1006.8
2024-12-31T17:00,27.9,76,0.6,13.2,300,1007.6
2024-12-31T18:00,28.1,76,0.0,10.4,293,1007.3
2024-12-31T19:00,27.7,77,0.0,10.8,288,1008.0
2024-12-31T20:00,28.0,81,0.0,8.3,297,1008.1
2024-12-31T21:00,27.5,83,0.1,11.1,302,1009.3
2024-12-31T22:00,27.2,83,0.0,10.9,279,1009.6
2024-12-31T23:00,26.7,83,0.1,10.8,281,1009.9
